ISO-10303-21;
HEADER;
/* Generated by software containing ST-Developer
 * from STEP Tools, Inc. (www.steptools.com) 
 */

FILE_DESCRIPTION(
/* description */ (''),
/* implementation_level */ '2;1');

FILE_NAME(
/* name */ 'DELTA v25.step',
/* time_stamp */ '2025-10-26T13:28:31+05:30',
/* author */ (''),
/* organization */ (''),
/* preprocessor_version */ 'ST-DEVELOPER v20.1',
/* originating_system */ 'Autodesk Translation Framework v14.17.0.0',
/* authorisation */ '');

FILE_SCHEMA (('AUTOMOTIVE_DESIGN { 1 0 10303 214 3 1 1 }'));
ENDSEC;

DATA;
#10=MECHANICAL_DESIGN_GEOMETRIC_PRESENTATION_REPRESENTATION('',(#147,#148,
#149,#150,#151,#152,#153,#154,#155,#156,#157,#158,#159,#160,#161,#162,#163,
#164),#15807);
#11=CONTEXT_DEPENDENT_OVER_RIDING_STYLED_ITEM('',(#15941),#15873,#164,(#76));
#12=CONTEXT_DEPENDENT_OVER_RIDING_STYLED_ITEM('',(#15940),#15866,#164,(#72));
#13=CONTEXT_DEPENDENT_OVER_RIDING_STYLED_ITEM('',(#15940),#15867,#164,(#73));
#14=CONTEXT_DEPENDENT_OVER_RIDING_STYLED_ITEM('',(#15940),#15868,#164,(#74));
#15=MAPPED_ITEM('',#16,#10262);
#16=REPRESENTATION_MAP(#10262,#15865);
#17=B_SPLINE_CURVE_WITH_KNOTS('',1,(#14392,#14393),.UNSPECIFIED.,.F.,.F.,
(2,2),(-2.33751995663459,8.24804584583966E-16),.UNSPECIFIED.);
#18=B_SPLINE_CURVE_WITH_KNOTS('',1,(#14420,#14421),.UNSPECIFIED.,.F.,.F.,
(2,2),(-2.34329756033097,8.24804584583966E-16),.UNSPECIFIED.);
#19=B_SPLINE_CURVE_WITH_KNOTS('',1,(#14457,#14458),.UNSPECIFIED.,.F.,.F.,
(2,2),(-2.34329756033096,4.00662886442385E-18),.UNSPECIFIED.);
#20=B_SPLINE_CURVE_WITH_KNOTS('',1,(#14485,#14486),.UNSPECIFIED.,.F.,.F.,
(2,2),(-2.33751995663458,4.00662886442385E-18),.UNSPECIFIED.);
#21=B_SPLINE_CURVE_WITH_KNOTS('',1,(#14551,#14552),.UNSPECIFIED.,.F.,.F.,
(2,2),(-2.33751995663457,1.40020009820818E-15),.UNSPECIFIED.);
#22=B_SPLINE_CURVE_WITH_KNOTS('',1,(#14579,#14580),.UNSPECIFIED.,.F.,.F.,
(2,2),(-2.34329756033095,3.34072415885954E-16),.UNSPECIFIED.);
#23=(
BOUNDED_SURFACE()
B_SPLINE_SURFACE(1,2,((#14371,#14372,#14373,#14374,#14375,#14376,#14377,
#14378,#14379),(#14380,#14381,#14382,#14383,#14384,#14385,#14386,#14387,
#14388)),.UNSPECIFIED.,.F.,.T.,.F.)
B_SPLINE_SURFACE_WITH_KNOTS((2,2),(3,2,2,2,3),(-8.24804584583966E-16,2.49234015343018),
(-3.14159265358979,-1.5707963267949,0.,1.5707963267949,3.14159265358979),
 .UNSPECIFIED.)
GEOMETRIC_REPRESENTATION_ITEM()
RATIONAL_B_SPLINE_SURFACE(((1.,0.707106781186548,1.,0.707106781186548,1.,
0.707106781186548,1.,0.707106781186548,1.),(1.,0.707106781186548,1.,0.707106781186548,
1.,0.707106781186548,1.,0.707106781186548,1.)))
REPRESENTATION_ITEM('')
SURFACE()
);
#24=(
BOUNDED_SURFACE()
B_SPLINE_SURFACE(1,2,((#14399,#14400,#14401,#14402,#14403,#14404,#14405,
#14406,#14407),(#14408,#14409,#14410,#14411,#14412,#14413,#14414,#14415,
#14416)),.UNSPECIFIED.,.F.,.T.,.F.)
B_SPLINE_SURFACE_WITH_KNOTS((2,2),(3,2,2,2,3),(-8.24804584583966E-16,2.49811775712655),
(-3.14159265358979,-1.5707963267949,0.,1.5707963267949,3.14159265358979),
 .UNSPECIFIED.)
GEOMETRIC_REPRESENTATION_ITEM()
RATIONAL_B_SPLINE_SURFACE(((1.,0.707106781186548,1.,0.707106781186548,1.,
0.707106781186548,1.,0.707106781186548,1.),(1.,0.707106781186548,1.,0.707106781186548,
1.,0.707106781186548,1.,0.707106781186548,1.)))
REPRESENTATION_ITEM('')
SURFACE()
);
#25=(
BOUNDED_SURFACE()
B_SPLINE_SURFACE(1,2,((#14436,#14437,#14438,#14439,#14440,#14441,#14442,
#14443,#14444),(#14445,#14446,#14447,#14448,#14449,#14450,#14451,#14452,
#14453)),.UNSPECIFIED.,.F.,.T.,.F.)
B_SPLINE_SURFACE_WITH_KNOTS((2,2),(3,2,2,2,3),(-4.00662886442385E-18,2.49811775712656),
(-3.14159265358979,-1.5707963267949,0.,1.5707963267949,3.14159265358979),
 .UNSPECIFIED.)
GEOMETRIC_REPRESENTATION_ITEM()
RATIONAL_B_SPLINE_SURFACE(((1.,0.707106781186548,1.,0.707106781186548,1.,
0.707106781186548,1.,0.707106781186548,1.),(1.,0.707106781186548,1.,0.707106781186548,
1.,0.707106781186548,1.,0.707106781186548,1.)))
REPRESENTATION_ITEM('')
SURFACE()
);
#26=(
BOUNDED_SURFACE()
B_SPLINE_SURFACE(1,2,((#14464,#14465,#14466,#14467,#14468,#14469,#14470,
#14471,#14472),(#14473,#14474,#14475,#14476,#14477,#14478,#14479,#14480,
#14481)),.UNSPECIFIED.,.F.,.T.,.F.)
B_SPLINE_SURFACE_WITH_KNOTS((2,2),(3,2,2,2,3),(-4.00662886442385E-18,2.49234015343018),
(-3.14159265358979,-1.5707963267949,0.,1.5707963267949,3.14159265358979),
 .UNSPECIFIED.)
GEOMETRIC_REPRESENTATION_ITEM()
RATIONAL_B_SPLINE_SURFACE(((1.,0.707106781186548,1.,0.707106781186548,1.,
0.707106781186548,1.,0.707106781186548,1.),(1.,0.707106781186548,1.,0.707106781186548,
1.,0.707106781186548,1.,0.707106781186548,1.)))
REPRESENTATION_ITEM('')
SURFACE()
);
#27=(
BOUNDED_SURFACE()
B_SPLINE_SURFACE(1,2,((#14530,#14531,#14532,#14533,#14534,#14535,#14536,
#14537,#14538),(#14539,#14540,#14541,#14542,#14543,#14544,#14545,#14546,
#14547)),.UNSPECIFIED.,.F.,.T.,.F.)
B_SPLINE_SURFACE_WITH_KNOTS((2,2),(3,2,2,2,3),(-1.40020009820818E-15,2.49234015343019),
(-3.14159265358979,-1.5707963267949,0.,1.5707963267949,3.14159265358979),
 .UNSPECIFIED.)
GEOMETRIC_REPRESENTATION_ITEM()
RATIONAL_B_SPLINE_SURFACE(((1.,0.707106781186548,1.,0.707106781186548,1.,
0.707106781186548,1.,0.707106781186548,1.),(1.,0.707106781186548,1.,0.707106781186548,
1.,0.707106781186548,1.,0.707106781186548,1.)))
REPRESENTATION_ITEM('')
SURFACE()
);
#28=(
BOUNDED_SURFACE()
B_SPLINE_SURFACE(1,2,((#14558,#14559,#14560,#14561,#14562,#14563,#14564,
#14565,#14566),(#14567,#14568,#14569,#14570,#14571,#14572,#14573,#14574,
#14575)),.UNSPECIFIED.,.F.,.T.,.F.)
B_SPLINE_SURFACE_WITH_KNOTS((2,2),(3,2,2,2,3),(-3.34072415885954E-16,2.49811775712657),
(-3.14159265358979,-1.5707963267949,0.,1.5707963267949,3.14159265358979),
 .UNSPECIFIED.)
GEOMETRIC_REPRESENTATION_ITEM()
RATIONAL_B_SPLINE_SURFACE(((1.,0.707106781186548,1.,0.707106781186548,1.,
0.707106781186548,1.,0.707106781186548,1.),(1.,0.707106781186548,1.,0.707106781186548,
1.,0.707106781186548,1.,0.707106781186548,1.)))
REPRESENTATION_ITEM('')
SURFACE()
);
#29=ITEM_DEFINED_TRANSFORMATION($,$,#9315,#9465);
#30=ITEM_DEFINED_TRANSFORMATION($,$,#9316,#9466);
#31=ITEM_DEFINED_TRANSFORMATION($,$,#9317,#9467);
#32=ITEM_DEFINED_TRANSFORMATION($,$,#9315,#9468);
#33=ITEM_DEFINED_TRANSFORMATION($,$,#9316,#9469);
#34=ITEM_DEFINED_TRANSFORMATION($,$,#9317,#9470);
#35=ITEM_DEFINED_TRANSFORMATION($,$,#9315,#9471);
#36=ITEM_DEFINED_TRANSFORMATION($,$,#9316,#9472);
#37=ITEM_DEFINED_TRANSFORMATION($,$,#9317,#9473);
#38=ITEM_DEFINED_TRANSFORMATION($,$,#9568,#9635);
#39=ITEM_DEFINED_TRANSFORMATION($,$,#9589,#9636);
#40=ITEM_DEFINED_TRANSFORMATION($,$,#9614,#9637);
#41=ITEM_DEFINED_TRANSFORMATION($,$,#9568,#9638);
#42=ITEM_DEFINED_TRANSFORMATION($,$,#9589,#9639);
#43=ITEM_DEFINED_TRANSFORMATION($,$,#9614,#9640);
#44=ITEM_DEFINED_TRANSFORMATION($,$,#9568,#9667);
#45=ITEM_DEFINED_TRANSFORMATION($,$,#9589,#9668);
#46=ITEM_DEFINED_TRANSFORMATION($,$,#9614,#9669);
#47=ITEM_DEFINED_TRANSFORMATION($,$,#9312,#10255);
#48=ITEM_DEFINED_TRANSFORMATION($,$,#9313,#10256);
#49=ITEM_DEFINED_TRANSFORMATION($,$,#9314,#10257);
#50=ITEM_DEFINED_TRANSFORMATION($,$,#9474,#10258);
#51=ITEM_DEFINED_TRANSFORMATION($,$,#9501,#10259);
#52=ITEM_DEFINED_TRANSFORMATION($,$,#9540,#10260);
#53=ITEM_DEFINED_TRANSFORMATION($,$,#9567,#10261);
#54=(
REPRESENTATION_RELATIONSHIP($,$,#15869,#15866)
REPRESENTATION_RELATIONSHIP_WITH_TRANSFORMATION(#29)
SHAPE_REPRESENTATION_RELATIONSHIP()
);
#55=(
REPRESENTATION_RELATIONSHIP($,$,#15870,#15866)
REPRESENTATION_RELATIONSHIP_WITH_TRANSFORMATION(#30)
SHAPE_REPRESENTATION_RELATIONSHIP()
);
#56=(
REPRESENTATION_RELATIONSHIP($,$,#15871,#15866)
REPRESENTATION_RELATIONSHIP_WITH_TRANSFORMATION(#31)
SHAPE_REPRESENTATION_RELATIONSHIP()
);
#57=(
REPRESENTATION_RELATIONSHIP($,$,#15869,#15867)
REPRESENTATION_RELATIONSHIP_WITH_TRANSFORMATION(#32)
SHAPE_REPRESENTATION_RELATIONSHIP()
);
#58=(
REPRESENTATION_RELATIONSHIP($,$,#15870,#15867)
REPRESENTATION_RELATIONSHIP_WITH_TRANSFORMATION(#33)
SHAPE_REPRESENTATION_RELATIONSHIP()
);
#59=(
REPRESENTATION_RELATIONSHIP($,$,#15871,#15867)
REPRESENTATION_RELATIONSHIP_WITH_TRANSFORMATION(#34)
SHAPE_REPRESENTATION_RELATIONSHIP()
);
#60=(
REPRESENTATION_RELATIONSHIP($,$,#15869,#15868)
REPRESENTATION_RELATIONSHIP_WITH_TRANSFORMATION(#35)
SHAPE_REPRESENTATION_RELATIONSHIP()
);
#61=(
REPRESENTATION_RELATIONSHIP($,$,#15870,#15868)
REPRESENTATION_RELATIONSHIP_WITH_TRANSFORMATION(#36)
SHAPE_REPRESENTATION_RELATIONSHIP()
);
#62=(
REPRESENTATION_RELATIONSHIP($,$,#15871,#15868)
REPRESENTATION_RELATIONSHIP_WITH_TRANSFORMATION(#37)
SHAPE_REPRESENTATION_RELATIONSHIP()
);
#63=(
REPRESENTATION_RELATIONSHIP($,$,#15876,#15872)
REPRESENTATION_RELATIONSHIP_WITH_TRANSFORMATION(#38)
SHAPE_REPRESENTATION_RELATIONSHIP()
);
#64=(
REPRESENTATION_RELATIONSHIP($,$,#15877,#15872)
REPRESENTATION_RELATIONSHIP_WITH_TRANSFORMATION(#39)
SHAPE_REPRESENTATION_RELATIONSHIP()
);
#65=(
REPRESENTATION_RELATIONSHIP($,$,#15878,#15872)
REPRESENTATION_RELATIONSHIP_WITH_TRANSFORMATION(#40)
SHAPE_REPRESENTATION_RELATIONSHIP()
);
#66=(
REPRESENTATION_RELATIONSHIP($,$,#15876,#15874)
REPRESENTATION_RELATIONSHIP_WITH_TRANSFORMATION(#41)
SHAPE_REPRESENTATION_RELATIONSHIP()
);
#67=(
REPRESENTATION_RELATIONSHIP($,$,#15877,#15874)
REPRESENTATION_RELATIONSHIP_WITH_TRANSFORMATION(#42)
SHAPE_REPRESENTATION_RELATIONSHIP()
);
#68=(
REPRESENTATION_RELATIONSHIP($,$,#15878,#15874)
REPRESENTATION_RELATIONSHIP_WITH_TRANSFORMATION(#43)
SHAPE_REPRESENTATION_RELATIONSHIP()
);
#69=(
REPRESENTATION_RELATIONSHIP($,$,#15876,#15875)
REPRESENTATION_RELATIONSHIP_WITH_TRANSFORMATION(#44)
SHAPE_REPRESENTATION_RELATIONSHIP()
);
#70=(
REPRESENTATION_RELATIONSHIP($,$,#15877,#15875)
REPRESENTATION_RELATIONSHIP_WITH_TRANSFORMATION(#45)
SHAPE_REPRESENTATION_RELATIONSHIP()
);
#71=(
REPRESENTATION_RELATIONSHIP($,$,#15878,#15875)
REPRESENTATION_RELATIONSHIP_WITH_TRANSFORMATION(#46)
SHAPE_REPRESENTATION_RELATIONSHIP()
);
#72=(
REPRESENTATION_RELATIONSHIP($,$,#15866,#15865)
REPRESENTATION_RELATIONSHIP_WITH_TRANSFORMATION(#47)
SHAPE_REPRESENTATION_RELATIONSHIP()
);
#73=(
REPRESENTATION_RELATIONSHIP($,$,#15867,#15865)
REPRESENTATION_RELATIONSHIP_WITH_TRANSFORMATION(#48)
SHAPE_REPRESENTATION_RELATIONSHIP()
);
#74=(
REPRESENTATION_RELATIONSHIP($,$,#15868,#15865)
REPRESENTATION_RELATIONSHIP_WITH_TRANSFORMATION(#49)
SHAPE_REPRESENTATION_RELATIONSHIP()
);
#75=(
REPRESENTATION_RELATIONSHIP($,$,#15872,#15865)
REPRESENTATION_RELATIONSHIP_WITH_TRANSFORMATION(#50)
SHAPE_REPRESENTATION_RELATIONSHIP()
);
#76=(
REPRESENTATION_RELATIONSHIP($,$,#15873,#15865)
REPRESENTATION_RELATIONSHIP_WITH_TRANSFORMATION(#51)
SHAPE_REPRESENTATION_RELATIONSHIP()
);
#77=(
REPRESENTATION_RELATIONSHIP($,$,#15874,#15865)
REPRESENTATION_RELATIONSHIP_WITH_TRANSFORMATION(#52)
SHAPE_REPRESENTATION_RELATIONSHIP()
);
#78=(
REPRESENTATION_RELATIONSHIP($,$,#15875,#15865)
REPRESENTATION_RELATIONSHIP_WITH_TRANSFORMATION(#53)
SHAPE_REPRESENTATION_RELATIONSHIP()
);
#79=CONTEXT_DEPENDENT_SHAPE_REPRESENTATION(#54,#15833);
#80=CONTEXT_DEPENDENT_SHAPE_REPRESENTATION(#55,#15834);
#81=CONTEXT_DEPENDENT_SHAPE_REPRESENTATION(#56,#15835);
#82=CONTEXT_DEPENDENT_SHAPE_REPRESENTATION(#57,#15836);
#83=CONTEXT_DEPENDENT_SHAPE_REPRESENTATION(#58,#15837);
#84=CONTEXT_DEPENDENT_SHAPE_REPRESENTATION(#59,#15838);
#85=CONTEXT_DEPENDENT_SHAPE_REPRESENTATION(#60,#15839);
#86=CONTEXT_DEPENDENT_SHAPE_REPRESENTATION(#61,#15840);
#87=CONTEXT_DEPENDENT_SHAPE_REPRESENTATION(#62,#15841);
#88=CONTEXT_DEPENDENT_SHAPE_REPRESENTATION(#63,#15849);
#89=CONTEXT_DEPENDENT_SHAPE_REPRESENTATION(#64,#15850);
#90=CONTEXT_DEPENDENT_SHAPE_REPRESENTATION(#65,#15851);
#91=CONTEXT_DEPENDENT_SHAPE_REPRESENTATION(#66,#15852);
#92=CONTEXT_DEPENDENT_SHAPE_REPRESENTATION(#67,#15853);
#93=CONTEXT_DEPENDENT_SHAPE_REPRESENTATION(#68,#15854);
#94=CONTEXT_DEPENDENT_SHAPE_REPRESENTATION(#69,#15855);
#95=CONTEXT_DEPENDENT_SHAPE_REPRESENTATION(#70,#15856);
#96=CONTEXT_DEPENDENT_SHAPE_REPRESENTATION(#71,#15857);
#97=CONTEXT_DEPENDENT_SHAPE_REPRESENTATION(#72,#15858);
#98=CONTEXT_DEPENDENT_SHAPE_REPRESENTATION(#73,#15859);
#99=CONTEXT_DEPENDENT_SHAPE_REPRESENTATION(#74,#15860);
#100=CONTEXT_DEPENDENT_SHAPE_REPRESENTATION(#75,#15861);
#101=CONTEXT_DEPENDENT_SHAPE_REPRESENTATION(#76,#15862);
#102=CONTEXT_DEPENDENT_SHAPE_REPRESENTATION(#77,#15863);
#103=CONTEXT_DEPENDENT_SHAPE_REPRESENTATION(#78,#15864);
#104=NEXT_ASSEMBLY_USAGE_OCCURRENCE('Connector:1','Connector:1',
'Connector:1',#15881,#15884,'Connector:1');
#105=NEXT_ASSEMBLY_USAGE_OCCURRENCE('Servo Body:1','Servo Body:1',
'Servo Body:1',#15881,#15885,'Servo Body:1');
#106=NEXT_ASSEMBLY_USAGE_OCCURRENCE('Rubber Feet:1','Rubber Feet:1',
'Rubber Feet:1',#15881,#15886,'Rubber Feet:1');
#107=NEXT_ASSEMBLY_USAGE_OCCURRENCE('Connector:1','Connector:1',
'Connector:1',#15882,#15884,'Connector:1');
#108=NEXT_ASSEMBLY_USAGE_OCCURRENCE('Servo Body:1','Servo Body:1',
'Servo Body:1',#15882,#15885,'Servo Body:1');
#109=NEXT_ASSEMBLY_USAGE_OCCURRENCE('Rubber Feet:1','Rubber Feet:1',
'Rubber Feet:1',#15882,#15886,'Rubber Feet:1');
#110=NEXT_ASSEMBLY_USAGE_OCCURRENCE('Connector:1','Connector:1',
'Connector:1',#15883,#15884,'Connector:1');
#111=NEXT_ASSEMBLY_USAGE_OCCURRENCE('Servo Body:1','Servo Body:1',
'Servo Body:1',#15883,#15885,'Servo Body:1');
#112=NEXT_ASSEMBLY_USAGE_OCCURRENCE('Rubber Feet:1','Rubber Feet:1',
'Rubber Feet:1',#15883,#15886,'Rubber Feet:1');
#113=NEXT_ASSEMBLY_USAGE_OCCURRENCE('Component1:1','Component1:1',
'Component1:1',#15887,#15891,'Component1:1');
#114=NEXT_ASSEMBLY_USAGE_OCCURRENCE('Component2:1','Component2:1',
'Component2:1',#15887,#15892,'Component2:1');
#115=NEXT_ASSEMBLY_USAGE_OCCURRENCE('Component1(Mirror):1',
'Component1(Mirror):1','Component1(Mirror):1',#15887,#15893,
'Component1(Mirror):1');
#116=NEXT_ASSEMBLY_USAGE_OCCURRENCE('Component1:1','Component1:1',
'Component1:1',#15889,#15891,'Component1:1');
#117=NEXT_ASSEMBLY_USAGE_OCCURRENCE('Component2:1','Component2:1',
'Component2:1',#15889,#15892,'Component2:1');
#118=NEXT_ASSEMBLY_USAGE_OCCURRENCE('Component1(Mirror):1',
'Component1(Mirror):1','Component1(Mirror):1',#15889,#15893,
'Component1(Mirror):1');
#119=NEXT_ASSEMBLY_USAGE_OCCURRENCE('Component1:1','Component1:1',
'Component1:1',#15890,#15891,'Component1:1');
#120=NEXT_ASSEMBLY_USAGE_OCCURRENCE('Component2:1','Component2:1',
'Component2:1',#15890,#15892,'Component2:1');
#121=NEXT_ASSEMBLY_USAGE_OCCURRENCE('Component1(Mirror):1',
'Component1(Mirror):1','Component1(Mirror):1',#15890,#15893,
'Component1(Mirror):1');
#122=NEXT_ASSEMBLY_USAGE_OCCURRENCE('mg992 v2:1','mg992 v2:1',
'mg992 v2:1',#15880,#15881,'mg992 v2:1');
#123=NEXT_ASSEMBLY_USAGE_OCCURRENCE('mg992 v2:2','mg992 v2:2',
'mg992 v2:2',#15880,#15882,'mg992 v2:2');
#124=NEXT_ASSEMBLY_USAGE_OCCURRENCE('mg992 v2:3','mg992 v2:3',
'mg992 v2:3',#15880,#15883,'mg992 v2:3');
#125=NEXT_ASSEMBLY_USAGE_OCCURRENCE('h1 v7:2','h1 v7:2','h1 v7:2',#15880,
#15887,'h1 v7:2');
#126=NEXT_ASSEMBLY_USAGE_OCCURRENCE('forefactor v6:2','forefactor v6:2',
'forefactor v6:2',#15880,#15888,'forefactor v6:2');
#127=NEXT_ASSEMBLY_USAGE_OCCURRENCE('h1 v7:3','h1 v7:3','h1 v7:3',#15880,
#15889,'h1 v7:3');
#128=NEXT_ASSEMBLY_USAGE_OCCURRENCE('h1 v7:4','h1 v7:4','h1 v7:4',#15880,
#15890,'h1 v7:4');
#129=SHAPE_REPRESENTATION_RELATIONSHIP('SRR','None',#15871,#138);
#130=SHAPE_REPRESENTATION_RELATIONSHIP('SRR','None',#15873,#139);
#131=SHAPE_REPRESENTATION_RELATIONSHIP('SRR','None',#15876,#140);
#132=SHAPE_REPRESENTATION_RELATIONSHIP('SRR','None',#15877,#141);
#133=SHAPE_REPRESENTATION_RELATIONSHIP('SRR','None',#15878,#142);
#134=SHAPE_REPRESENTATION_RELATIONSHIP('SRR','None',#15872,#143);
#135=SHAPE_REPRESENTATION_RELATIONSHIP('SRR','None',#15874,#144);
#136=SHAPE_REPRESENTATION_RELATIONSHIP('SRR','None',#15875,#145);
#137=SHAPE_REPRESENTATION_RELATIONSHIP('SRR','None',#15865,#146);
#138=ADVANCED_BREP_SHAPE_REPRESENTATION('',(#165),#15799);
#139=ADVANCED_BREP_SHAPE_REPRESENTATION('',(#167),#15801);
#140=ADVANCED_BREP_SHAPE_REPRESENTATION('',(#169),#15804);
#141=ADVANCED_BREP_SHAPE_REPRESENTATION('',(#170),#15805);
#142=ADVANCED_BREP_SHAPE_REPRESENTATION('',(#171),#15806);
#143=ADVANCED_BREP_SHAPE_REPRESENTATION('',(#166),#15800);
#144=ADVANCED_BREP_SHAPE_REPRESENTATION('',(#168),#15802);
#145=ADVANCED_BREP_SHAPE_REPRESENTATION('',(#172),#15803);
#146=ADVANCED_BREP_SHAPE_REPRESENTATION('',(#173,#174,#175,#176,#177,#178,
#179,#180,#181),#15793);
#147=STYLED_ITEM('',(#15940),#165);
#148=STYLED_ITEM('',(#15945),#166);
#149=STYLED_ITEM('',(#15939),#167);
#150=STYLED_ITEM('',(#15945),#168);
#151=STYLED_ITEM('',(#15946),#169);
#152=STYLED_ITEM('',(#15945),#170);
#153=STYLED_ITEM('',(#15946),#171);
#154=STYLED_ITEM('',(#15945),#172);
#155=STYLED_ITEM('',(#15942),#173);
#156=STYLED_ITEM('',(#15943),#174);
#157=STYLED_ITEM('',(#15944),#175);
#158=STYLED_ITEM('',(#15944),#176);
#159=STYLED_ITEM('',(#15943),#177);
#160=STYLED_ITEM('',(#15944),#178);
#161=STYLED_ITEM('',(#15944),#179);
#162=STYLED_ITEM('',(#15943),#180);
#163=STYLED_ITEM('',(#15943),#181);
#164=STYLED_ITEM('',(#15947),#15);
#165=MANIFOLD_SOLID_BREP('Body3',#9216);
#166=MANIFOLD_SOLID_BREP('Body1',#9217);
#167=MANIFOLD_SOLID_BREP('Body1',#9218);
#168=MANIFOLD_SOLID_BREP('Body1',#9219);
#169=MANIFOLD_SOLID_BREP('Body1',#9220);
#170=MANIFOLD_SOLID_BREP('Body1',#9221);
#171=MANIFOLD_SOLID_BREP('Body1',#9222);
#172=MANIFOLD_SOLID_BREP('Body1',#9223);
#173=MANIFOLD_SOLID_BREP('Body2',#9224);
#174=MANIFOLD_SOLID_BREP('Body3',#9225);
#175=MANIFOLD_SOLID_BREP('Body8',#9226);
#176=MANIFOLD_SOLID_BREP('Body9',#9227);
#177=MANIFOLD_SOLID_BREP('this',#9228);
#178=MANIFOLD_SOLID_BREP('Body17',#9229);
#179=MANIFOLD_SOLID_BREP('Body18',#9230);
#180=MANIFOLD_SOLID_BREP('this (1)',#9231);
#181=MANIFOLD_SOLID_BREP('this (2)',#9232);
#182=ELLIPSE('',#9350,0.707106781186546,0.5);
#183=ELLIPSE('',#9351,0.707106781186546,0.5);
#184=ELLIPSE('',#9353,0.707106781186546,0.5);
#185=ELLIPSE('',#9354,0.707106781186546,0.5);
#186=ELLIPSE('',#9356,0.707106781186548,0.5);
#187=ELLIPSE('',#9358,0.707106781186548,0.5);
#188=ELLIPSE('',#9360,0.707106781186549,0.5);
#189=ELLIPSE('',#9361,0.707106781186548,0.5);
#190=ELLIPSE('',#9363,0.707106781186548,0.5);
#191=ELLIPSE('',#9364,0.707106781186548,0.5);
#192=ELLIPSE('',#9366,0.707106781186546,0.5);
#193=ELLIPSE('',#9369,0.707106781186548,0.5);
#194=ELLIPSE('',#9381,0.707106781186546,0.5);
#195=ELLIPSE('',#9382,0.707106781186546,0.5);
#196=ELLIPSE('',#9384,0.707106781186546,0.5);
#197=ELLIPSE('',#9385,0.707106781186546,0.5);
#198=ELLIPSE('',#9387,0.707106781186548,0.5);
#199=ELLIPSE('',#9389,0.707106781186548,0.5);
#200=ELLIPSE('',#9391,0.707106781186549,0.5);
#201=ELLIPSE('',#9392,0.707106781186548,0.5);
#202=ELLIPSE('',#9394,0.707106781186547,0.5);
#203=ELLIPSE('',#9396,0.707106781186548,0.5);
#204=ELLIPSE('',#9398,0.707106781186546,0.5);
#205=ELLIPSE('',#9400,0.707106781186548,0.5);
#206=ELLIPSE('',#9504,2.01132840317803,1.74186149250536);
#207=ELLIPSE('',#9506,2.01132840317803,1.74186149250536);
#208=ELLIPSE('',#9515,2.01132840317803,1.74186149250536);
#209=ELLIPSE('',#9517,2.01132840317803,1.74186149250536);
#210=ELLIPSE('',#9524,2.01132840317803,1.74186149250536);
#211=ELLIPSE('',#9528,2.01132840317803,1.74186149250536);
#212=ELLIPSE('',#9769,1.8103095436625,1.8);
#213=ELLIPSE('',#9770,1.80550111456619,1.8);
#214=ELLIPSE('',#9771,1.80550111456619,1.8);
#215=ELLIPSE('',#9772,1.80550111456619,1.8);
#216=ELLIPSE('',#9773,1.8103095436625,1.8);
#217=ELLIPSE('',#9774,1.80550111456619,1.8);
#218=ELLIPSE('',#9775,1.80550111456619,1.8);
#219=ELLIPSE('',#9776,1.80550111456619,1.8);
#220=ELLIPSE('',#9786,1.8103095436625,1.8);
#221=ELLIPSE('',#9787,1.80550111456619,1.8);
#222=ELLIPSE('',#9788,1.80550111456619,1.8);
#223=ELLIPSE('',#9789,1.80550111456619,1.8);
#224=ELLIPSE('',#9790,1.8103095436625,1.8);
#225=ELLIPSE('',#9791,1.80550111456619,1.8);
#226=ELLIPSE('',#9792,1.80550111456619,1.8);
#227=ELLIPSE('',#9793,1.80550111456619,1.8);
#228=ELLIPSE('',#9817,1.8103095436625,1.8);
#229=ELLIPSE('',#9818,1.80550111456619,1.8);
#230=ELLIPSE('',#9819,1.80550111456619,1.8);
#231=ELLIPSE('',#9820,1.80550111456619,1.8);
#232=ELLIPSE('',#9821,1.8103095436625,1.8);
#233=ELLIPSE('',#9822,1.80550111456619,1.8);
#234=ELLIPSE('',#9823,1.80550111456619,1.8);
#235=ELLIPSE('',#9824,1.80550111456619,1.8);
#236=FACE_BOUND('',#1125,.T.);
#237=FACE_BOUND('',#1128,.T.);
#238=FACE_BOUND('',#1131,.T.);
#239=FACE_BOUND('',#1171,.T.);
#240=FACE_BOUND('',#1179,.T.);
#241=FACE_BOUND('',#1194,.T.);
#242=FACE_BOUND('',#1196,.T.);
#243=FACE_BOUND('',#1198,.T.);
#244=FACE_BOUND('',#1201,.T.);
#245=FACE_BOUND('',#1203,.T.);
#246=FACE_BOUND('',#1205,.T.);
#247=FACE_BOUND('',#1208,.T.);
#248=FACE_BOUND('',#1210,.T.);
#249=FACE_BOUND('',#1212,.T.);
#250=FACE_BOUND('',#1216,.T.);
#251=FACE_BOUND('',#1218,.T.);
#252=FACE_BOUND('',#1221,.T.);
#253=FACE_BOUND('',#1225,.T.);
#254=FACE_BOUND('',#1228,.T.);
#255=FACE_BOUND('',#1238,.T.);
#256=FACE_BOUND('',#1241,.T.);
#257=FACE_BOUND('',#1247,.T.);
#258=FACE_BOUND('',#1250,.T.);
#259=FACE_BOUND('',#1256,.T.);
#260=FACE_BOUND('',#1258,.T.);
#261=FACE_BOUND('',#1262,.T.);
#262=FACE_BOUND('',#1263,.T.);
#263=FACE_BOUND('',#1266,.T.);
#264=FACE_BOUND('',#1267,.T.);
#265=FACE_BOUND('',#1270,.T.);
#266=FACE_BOUND('',#1271,.T.);
#267=FACE_BOUND('',#1274,.T.);
#268=FACE_BOUND('',#1277,.T.);
#269=FACE_BOUND('',#1281,.T.);
#270=FACE_BOUND('',#1284,.T.);
#271=FACE_BOUND('',#1296,.T.);
#272=FACE_BOUND('',#1297,.T.);
#273=FACE_BOUND('',#1303,.T.);
#274=FACE_BOUND('',#1304,.T.);
#275=FACE_BOUND('',#1308,.T.);
#276=FACE_BOUND('',#1311,.T.);
#277=FACE_BOUND('',#1316,.T.);
#278=FACE_BOUND('',#1320,.T.);
#279=FACE_BOUND('',#1326,.T.);
#280=FACE_BOUND('',#1327,.T.);
#281=FACE_BOUND('',#1333,.T.);
#282=FACE_BOUND('',#1334,.T.);
#283=FACE_BOUND('',#1336,.T.);
#284=FACE_BOUND('',#1339,.T.);
#285=FACE_BOUND('',#1343,.T.);
#286=FACE_BOUND('',#1346,.T.);
#287=FACE_BOUND('',#1354,.T.);
#288=FACE_BOUND('',#1355,.T.);
#289=FACE_BOUND('',#1357,.T.);
#290=FACE_BOUND('',#1360,.T.);
#291=FACE_BOUND('',#1361,.T.);
#292=FACE_BOUND('',#1364,.T.);
#293=FACE_BOUND('',#1365,.T.);
#294=FACE_BOUND('',#1367,.T.);
#295=FACE_BOUND('',#1383,.T.);
#296=FACE_BOUND('',#1384,.T.);
#297=FACE_BOUND('',#1385,.T.);
#298=FACE_BOUND('',#1386,.T.);
#299=FACE_BOUND('',#1387,.T.);
#300=FACE_BOUND('',#1388,.T.);
#301=FACE_BOUND('',#1389,.T.);
#302=FACE_BOUND('',#1399,.T.);
#303=FACE_BOUND('',#1400,.T.);
#304=FACE_BOUND('',#1401,.T.);
#305=FACE_BOUND('',#1402,.T.);
#306=FACE_BOUND('',#1409,.T.);
#307=FACE_BOUND('',#1414,.T.);
#308=FACE_BOUND('',#1418,.T.);
#309=FACE_BOUND('',#1430,.T.);
#310=FACE_BOUND('',#1439,.T.);
#311=FACE_BOUND('',#1442,.T.);
#312=FACE_BOUND('',#1443,.T.);
#313=FACE_BOUND('',#1445,.T.);
#314=FACE_BOUND('',#1449,.T.);
#315=FACE_BOUND('',#1466,.T.);
#316=FACE_BOUND('',#1467,.T.);
#317=FACE_BOUND('',#1471,.T.);
#318=FACE_BOUND('',#1472,.T.);
#319=FACE_BOUND('',#1475,.T.);
#320=FACE_BOUND('',#1476,.T.);
#321=FACE_BOUND('',#1478,.T.);
#322=FACE_BOUND('',#1479,.T.);
#323=FACE_BOUND('',#1481,.T.);
#324=FACE_BOUND('',#1482,.T.);
#325=FACE_BOUND('',#1504,.T.);
#326=FACE_BOUND('',#1505,.T.);
#327=FACE_BOUND('',#1506,.T.);
#328=FACE_BOUND('',#1507,.T.);
#329=FACE_BOUND('',#1508,.T.);
#330=FACE_BOUND('',#1509,.T.);
#331=FACE_BOUND('',#1510,.T.);
#332=FACE_BOUND('',#1520,.T.);
#333=FACE_BOUND('',#1521,.T.);
#334=FACE_BOUND('',#1522,.T.);
#335=FACE_BOUND('',#1523,.T.);
#336=FACE_BOUND('',#1524,.T.);
#337=FACE_BOUND('',#1525,.T.);
#338=FACE_BOUND('',#1526,.T.);
#339=FACE_BOUND('',#1528,.T.);
#340=FACE_BOUND('',#1531,.T.);
#341=FACE_BOUND('',#1534,.T.);
#342=FACE_BOUND('',#1537,.T.);
#343=FACE_BOUND('',#1543,.T.);
#344=FACE_BOUND('',#1544,.T.);
#345=FACE_BOUND('',#1545,.T.);
#346=FACE_BOUND('',#1546,.T.);
#347=FACE_BOUND('',#1559,.T.);
#348=FACE_BOUND('',#1564,.T.);
#349=FACE_BOUND('',#1565,.T.);
#350=FACE_BOUND('',#1570,.T.);
#351=FACE_BOUND('',#1580,.T.);
#352=FACE_BOUND('',#1604,.T.);
#353=FACE_BOUND('',#1607,.T.);
#354=FACE_BOUND('',#1610,.T.);
#355=FACE_BOUND('',#1613,.T.);
#356=FACE_BOUND('',#1619,.T.);
#357=FACE_BOUND('',#1620,.T.);
#358=FACE_BOUND('',#1621,.T.);
#359=FACE_BOUND('',#1622,.T.);
#360=FACE_BOUND('',#1635,.T.);
#361=FACE_BOUND('',#1640,.T.);
#362=FACE_BOUND('',#1641,.T.);
#363=FACE_BOUND('',#1646,.T.);
#364=FACE_BOUND('',#1656,.T.);
#365=FACE_BOUND('',#1683,.T.);
#366=FACE_BOUND('',#1684,.T.);
#367=FACE_BOUND('',#1685,.T.);
#368=FACE_BOUND('',#1686,.T.);
#369=FACE_BOUND('',#1699,.T.);
#370=FACE_BOUND('',#1704,.T.);
#371=FACE_BOUND('',#1705,.T.);
#372=FACE_BOUND('',#1710,.T.);
#373=FACE_BOUND('',#1720,.T.);
#374=PLANE('',#9321);
#375=PLANE('',#9330);
#376=PLANE('',#9334);
#377=PLANE('',#9335);
#378=PLANE('',#9338);
#379=PLANE('',#9339);
#380=PLANE('',#9340);
#381=PLANE('',#9341);
#382=PLANE('',#9342);
#383=PLANE('',#9343);
#384=PLANE('',#9344);
#385=PLANE('',#9373);
#386=PLANE('',#9374);
#387=PLANE('',#9377);
#388=PLANE('',#9378);
#389=PLANE('',#9379);
#390=PLANE('',#9404);
#391=PLANE('',#9406);
#392=PLANE('',#9407);
#393=PLANE('',#9410);
#394=PLANE('',#9411);
#395=PLANE('',#9412);
#396=PLANE('',#9416);
#397=PLANE('',#9422);
#398=PLANE('',#9423);
#399=PLANE('',#9427);
#400=PLANE('',#9428);
#401=PLANE('',#9432);
#402=PLANE('',#9433);
#403=PLANE('',#9437);
#404=PLANE('',#9438);
#405=PLANE('',#9439);
#406=PLANE('',#9440);
#407=PLANE('',#9441);
#408=PLANE('',#9448);
#409=PLANE('',#9449);
#410=PLANE('',#9456);
#411=PLANE('',#9457);
#412=PLANE('',#9464);
#413=PLANE('',#9475);
#414=PLANE('',#9481);
#415=PLANE('',#9485);
#416=PLANE('',#9486);
#417=PLANE('',#9487);
#418=PLANE('',#9491);
#419=PLANE('',#9498);
#420=PLANE('',#9500);
#421=PLANE('',#9508);
#422=PLANE('',#9509);
#423=PLANE('',#9510);
#424=PLANE('',#9511);
#425=PLANE('',#9512);
#426=PLANE('',#9519);
#427=PLANE('',#9520);
#428=PLANE('',#9521);
#429=PLANE('',#9522);
#430=PLANE('',#9529);
#431=PLANE('',#9530);
#432=PLANE('',#9531);
#433=PLANE('',#9532);
#434=PLANE('',#9533);
#435=PLANE('',#9534);
#436=PLANE('',#9535);
#437=PLANE('',#9536);
#438=PLANE('',#9537);
#439=PLANE('',#9538);
#440=PLANE('',#9539);
#441=PLANE('',#9541);
#442=PLANE('',#9547);
#443=PLANE('',#9551);
#444=PLANE('',#9552);
#445=PLANE('',#9553);
#446=PLANE('',#9557);
#447=PLANE('',#9564);
#448=PLANE('',#9566);
#449=PLANE('',#9578);
#450=PLANE('',#9579);
#451=PLANE('',#9584);
#452=PLANE('',#9585);
#453=PLANE('',#9588);
#454=PLANE('',#9593);
#455=PLANE('',#9594);
#456=PLANE('',#9599);
#457=PLANE('',#9607);
#458=PLANE('',#9608);
#459=PLANE('',#9613);
#460=PLANE('',#9624);
#461=PLANE('',#9625);
#462=PLANE('',#9630);
#463=PLANE('',#9631);
#464=PLANE('',#9634);
#465=PLANE('',#9641);
#466=PLANE('',#9647);
#467=PLANE('',#9651);
#468=PLANE('',#9652);
#469=PLANE('',#9653);
#470=PLANE('',#9657);
#471=PLANE('',#9664);
#472=PLANE('',#9666);
#473=PLANE('',#9670);
#474=PLANE('',#9673);
#475=PLANE('',#9677);
#476=PLANE('',#9678);
#477=PLANE('',#9681);
#478=PLANE('',#9682);
#479=PLANE('',#9685);
#480=PLANE('',#9688);
#481=PLANE('',#9716);
#482=PLANE('',#9718);
#483=PLANE('',#9720);
#484=PLANE('',#9725);
#485=PLANE('',#9733);
#486=PLANE('',#9734);
#487=PLANE('',#9735);
#488=PLANE('',#9736);
#489=PLANE('',#9737);
#490=PLANE('',#9738);
#491=PLANE('',#9739);
#492=PLANE('',#9740);
#493=PLANE('',#9741);
#494=PLANE('',#9746);
#495=PLANE('',#9747);
#496=PLANE('',#9748);
#497=PLANE('',#9749);
#498=PLANE('',#9750);
#499=PLANE('',#9751);
#500=PLANE('',#9753);
#501=PLANE('',#9754);
#502=PLANE('',#9755);
#503=PLANE('',#9756);
#504=PLANE('',#9760);
#505=PLANE('',#9761);
#506=PLANE('',#9762);
#507=PLANE('',#9766);
#508=PLANE('',#9767);
#509=PLANE('',#9768);
#510=PLANE('',#9777);
#511=PLANE('',#9778);
#512=PLANE('',#9785);
#513=PLANE('',#9794);
#514=PLANE('',#9795);
#515=PLANE('',#9802);
#516=PLANE('',#9803);
#517=PLANE('',#9804);
#518=PLANE('',#9807);
#519=PLANE('',#9811);
#520=PLANE('',#9812);
#521=PLANE('',#9813);
#522=PLANE('',#9825);
#523=PLANE('',#9826);
#524=PLANE('',#9846);
#525=PLANE('',#9849);
#526=PLANE('',#9850);
#527=PLANE('',#9851);
#528=PLANE('',#9852);
#529=PLANE('',#9853);
#530=PLANE('',#9854);
#531=PLANE('',#9855);
#532=PLANE('',#9856);
#533=PLANE('',#9861);
#534=PLANE('',#9862);
#535=PLANE('',#9885);
#536=PLANE('',#9887);
#537=PLANE('',#9899);
#538=PLANE('',#9903);
#539=PLANE('',#9913);
#540=PLANE('',#9914);
#541=PLANE('',#9919);
#542=PLANE('',#9922);
#543=PLANE('',#9927);
#544=PLANE('',#9930);
#545=PLANE('',#9931);
#546=PLANE('',#9932);
#547=PLANE('',#9933);
#548=PLANE('',#9953);
#549=PLANE('',#9966);
#550=PLANE('',#9967);
#551=PLANE('',#9968);
#552=PLANE('',#9969);
#553=PLANE('',#9970);
#554=PLANE('',#9971);
#555=PLANE('',#9972);
#556=PLANE('',#9978);
#557=PLANE('',#9981);
#558=PLANE('',#9984);
#559=PLANE('',#9985);
#560=PLANE('',#9987);
#561=PLANE('',#9998);
#562=PLANE('',#9999);
#563=PLANE('',#10000);
#564=PLANE('',#10002);
#565=PLANE('',#10009);
#566=PLANE('',#10010);
#567=PLANE('',#10011);
#568=PLANE('',#10015);
#569=PLANE('',#10016);
#570=PLANE('',#10017);
#571=PLANE('',#10023);
#572=PLANE('',#10026);
#573=PLANE('',#10028);
#574=PLANE('',#10032);
#575=PLANE('',#10033);
#576=PLANE('',#10038);
#577=PLANE('',#10041);
#578=PLANE('',#10046);
#579=PLANE('',#10049);
#580=PLANE('',#10050);
#581=PLANE('',#10051);
#582=PLANE('',#10052);
#583=PLANE('',#10072);
#584=PLANE('',#10085);
#585=PLANE('',#10086);
#586=PLANE('',#10087);
#587=PLANE('',#10088);
#588=PLANE('',#10089);
#589=PLANE('',#10090);
#590=PLANE('',#10091);
#591=PLANE('',#10097);
#592=PLANE('',#10100);
#593=PLANE('',#10103);
#594=PLANE('',#10104);
#595=PLANE('',#10106);
#596=PLANE('',#10117);
#597=PLANE('',#10118);
#598=PLANE('',#10119);
#599=PLANE('',#10121);
#600=PLANE('',#10128);
#601=PLANE('',#10129);
#602=PLANE('',#10130);
#603=PLANE('',#10134);
#604=PLANE('',#10135);
#605=PLANE('',#10136);
#606=PLANE('',#10142);
#607=PLANE('',#10145);
#608=PLANE('',#10147);
#609=PLANE('',#10151);
#610=PLANE('',#10152);
#611=PLANE('',#10153);
#612=PLANE('',#10154);
#613=PLANE('',#10155);
#614=PLANE('',#10175);
#615=PLANE('',#10188);
#616=PLANE('',#10189);
#617=PLANE('',#10190);
#618=PLANE('',#10191);
#619=PLANE('',#10192);
#620=PLANE('',#10193);
#621=PLANE('',#10194);
#622=PLANE('',#10200);
#623=PLANE('',#10203);
#624=PLANE('',#10206);
#625=PLANE('',#10207);
#626=PLANE('',#10209);
#627=PLANE('',#10220);
#628=PLANE('',#10221);
#629=PLANE('',#10222);
#630=PLANE('',#10224);
#631=PLANE('',#10231);
#632=PLANE('',#10232);
#633=PLANE('',#10233);
#634=PLANE('',#10237);
#635=PLANE('',#10238);
#636=PLANE('',#10239);
#637=PLANE('',#10245);
#638=PLANE('',#10248);
#639=PLANE('',#10250);
#640=PLANE('',#10254);
#641=FACE_OUTER_BOUND('',#1123,.T.);
#642=FACE_OUTER_BOUND('',#1124,.T.);
#643=FACE_OUTER_BOUND('',#1126,.T.);
#644=FACE_OUTER_BOUND('',#1127,.T.);
#645=FACE_OUTER_BOUND('',#1129,.T.);
#646=FACE_OUTER_BOUND('',#1130,.T.);
#647=FACE_OUTER_BOUND('',#1132,.T.);
#648=FACE_OUTER_BOUND('',#1133,.T.);
#649=FACE_OUTER_BOUND('',#1134,.T.);
#650=FACE_OUTER_BOUND('',#1135,.T.);
#651=FACE_OUTER_BOUND('',#1136,.T.);
#652=FACE_OUTER_BOUND('',#1137,.T.);
#653=FACE_OUTER_BOUND('',#1138,.T.);
#654=FACE_OUTER_BOUND('',#1139,.T.);
#655=FACE_OUTER_BOUND('',#1140,.T.);
#656=FACE_OUTER_BOUND('',#1141,.T.);
#657=FACE_OUTER_BOUND('',#1142,.T.);
#658=FACE_OUTER_BOUND('',#1143,.T.);
#659=FACE_OUTER_BOUND('',#1144,.T.);
#660=FACE_OUTER_BOUND('',#1145,.T.);
#661=FACE_OUTER_BOUND('',#1146,.T.);
#662=FACE_OUTER_BOUND('',#1147,.T.);
#663=FACE_OUTER_BOUND('',#1148,.T.);
#664=FACE_OUTER_BOUND('',#1149,.T.);
#665=FACE_OUTER_BOUND('',#1150,.T.);
#666=FACE_OUTER_BOUND('',#1151,.T.);
#667=FACE_OUTER_BOUND('',#1152,.T.);
#668=FACE_OUTER_BOUND('',#1153,.T.);
#669=FACE_OUTER_BOUND('',#1154,.T.);
#670=FACE_OUTER_BOUND('',#1155,.T.);
#671=FACE_OUTER_BOUND('',#1156,.T.);
#672=FACE_OUTER_BOUND('',#1157,.T.);
#673=FACE_OUTER_BOUND('',#1158,.T.);
#674=FACE_OUTER_BOUND('',#1159,.T.);
#675=FACE_OUTER_BOUND('',#1160,.T.);
#676=FACE_OUTER_BOUND('',#1161,.T.);
#677=FACE_OUTER_BOUND('',#1162,.T.);
#678=FACE_OUTER_BOUND('',#1163,.T.);
#679=FACE_OUTER_BOUND('',#1164,.T.);
#680=FACE_OUTER_BOUND('',#1165,.T.);
#681=FACE_OUTER_BOUND('',#1166,.T.);
#682=FACE_OUTER_BOUND('',#1167,.T.);
#683=FACE_OUTER_BOUND('',#1168,.T.);
#684=FACE_OUTER_BOUND('',#1169,.T.);
#685=FACE_OUTER_BOUND('',#1170,.T.);
#686=FACE_OUTER_BOUND('',#1172,.T.);
#687=FACE_OUTER_BOUND('',#1173,.T.);
#688=FACE_OUTER_BOUND('',#1174,.T.);
#689=FACE_OUTER_BOUND('',#1175,.T.);
#690=FACE_OUTER_BOUND('',#1176,.T.);
#691=FACE_OUTER_BOUND('',#1177,.T.);
#692=FACE_OUTER_BOUND('',#1178,.T.);
#693=FACE_OUTER_BOUND('',#1180,.T.);
#694=FACE_OUTER_BOUND('',#1181,.T.);
#695=FACE_OUTER_BOUND('',#1182,.T.);
#696=FACE_OUTER_BOUND('',#1183,.T.);
#697=FACE_OUTER_BOUND('',#1184,.T.);
#698=FACE_OUTER_BOUND('',#1185,.T.);
#699=FACE_OUTER_BOUND('',#1186,.T.);
#700=FACE_OUTER_BOUND('',#1187,.T.);
#701=FACE_OUTER_BOUND('',#1188,.T.);
#702=FACE_OUTER_BOUND('',#1189,.T.);
#703=FACE_OUTER_BOUND('',#1190,.T.);
#704=FACE_OUTER_BOUND('',#1191,.T.);
#705=FACE_OUTER_BOUND('',#1192,.T.);
#706=FACE_OUTER_BOUND('',#1193,.T.);
#707=FACE_OUTER_BOUND('',#1195,.T.);
#708=FACE_OUTER_BOUND('',#1197,.T.);
#709=FACE_OUTER_BOUND('',#1199,.T.);
#710=FACE_OUTER_BOUND('',#1200,.T.);
#711=FACE_OUTER_BOUND('',#1202,.T.);
#712=FACE_OUTER_BOUND('',#1204,.T.);
#713=FACE_OUTER_BOUND('',#1206,.T.);
#714=FACE_OUTER_BOUND('',#1207,.T.);
#715=FACE_OUTER_BOUND('',#1209,.T.);
#716=FACE_OUTER_BOUND('',#1211,.T.);
#717=FACE_OUTER_BOUND('',#1213,.T.);
#718=FACE_OUTER_BOUND('',#1214,.T.);
#719=FACE_OUTER_BOUND('',#1215,.T.);
#720=FACE_OUTER_BOUND('',#1217,.T.);
#721=FACE_OUTER_BOUND('',#1219,.T.);
#722=FACE_OUTER_BOUND('',#1220,.T.);
#723=FACE_OUTER_BOUND('',#1222,.T.);
#724=FACE_OUTER_BOUND('',#1223,.T.);
#725=FACE_OUTER_BOUND('',#1224,.T.);
#726=FACE_OUTER_BOUND('',#1226,.T.);
#727=FACE_OUTER_BOUND('',#1227,.T.);
#728=FACE_OUTER_BOUND('',#1229,.T.);
#729=FACE_OUTER_BOUND('',#1230,.T.);
#730=FACE_OUTER_BOUND('',#1231,.T.);
#731=FACE_OUTER_BOUND('',#1232,.T.);
#732=FACE_OUTER_BOUND('',#1233,.T.);
#733=FACE_OUTER_BOUND('',#1234,.T.);
#734=FACE_OUTER_BOUND('',#1235,.T.);
#735=FACE_OUTER_BOUND('',#1236,.T.);
#736=FACE_OUTER_BOUND('',#1237,.T.);
#737=FACE_OUTER_BOUND('',#1239,.T.);
#738=FACE_OUTER_BOUND('',#1240,.T.);
#739=FACE_OUTER_BOUND('',#1242,.T.);
#740=FACE_OUTER_BOUND('',#1243,.T.);
#741=FACE_OUTER_BOUND('',#1244,.T.);
#742=FACE_OUTER_BOUND('',#1245,.T.);
#743=FACE_OUTER_BOUND('',#1246,.T.);
#744=FACE_OUTER_BOUND('',#1248,.T.);
#745=FACE_OUTER_BOUND('',#1249,.T.);
#746=FACE_OUTER_BOUND('',#1251,.T.);
#747=FACE_OUTER_BOUND('',#1252,.T.);
#748=FACE_OUTER_BOUND('',#1253,.T.);
#749=FACE_OUTER_BOUND('',#1254,.T.);
#750=FACE_OUTER_BOUND('',#1255,.T.);
#751=FACE_OUTER_BOUND('',#1257,.T.);
#752=FACE_OUTER_BOUND('',#1259,.T.);
#753=FACE_OUTER_BOUND('',#1260,.T.);
#754=FACE_OUTER_BOUND('',#1261,.T.);
#755=FACE_OUTER_BOUND('',#1264,.T.);
#756=FACE_OUTER_BOUND('',#1265,.T.);
#757=FACE_OUTER_BOUND('',#1268,.T.);
#758=FACE_OUTER_BOUND('',#1269,.T.);
#759=FACE_OUTER_BOUND('',#1272,.T.);
#760=FACE_OUTER_BOUND('',#1273,.T.);
#761=FACE_OUTER_BOUND('',#1275,.T.);
#762=FACE_OUTER_BOUND('',#1276,.T.);
#763=FACE_OUTER_BOUND('',#1278,.T.);
#764=FACE_OUTER_BOUND('',#1279,.T.);
#765=FACE_OUTER_BOUND('',#1280,.T.);
#766=FACE_OUTER_BOUND('',#1282,.T.);
#767=FACE_OUTER_BOUND('',#1283,.T.);
#768=FACE_OUTER_BOUND('',#1285,.T.);
#769=FACE_OUTER_BOUND('',#1286,.T.);
#770=FACE_OUTER_BOUND('',#1287,.T.);
#771=FACE_OUTER_BOUND('',#1288,.T.);
#772=FACE_OUTER_BOUND('',#1289,.T.);
#773=FACE_OUTER_BOUND('',#1290,.T.);
#774=FACE_OUTER_BOUND('',#1291,.T.);
#775=FACE_OUTER_BOUND('',#1292,.T.);
#776=FACE_OUTER_BOUND('',#1293,.T.);
#777=FACE_OUTER_BOUND('',#1294,.T.);
#778=FACE_OUTER_BOUND('',#1295,.T.);
#779=FACE_OUTER_BOUND('',#1298,.T.);
#780=FACE_OUTER_BOUND('',#1299,.T.);
#781=FACE_OUTER_BOUND('',#1300,.T.);
#782=FACE_OUTER_BOUND('',#1301,.T.);
#783=FACE_OUTER_BOUND('',#1302,.T.);
#784=FACE_OUTER_BOUND('',#1305,.T.);
#785=FACE_OUTER_BOUND('',#1306,.T.);
#786=FACE_OUTER_BOUND('',#1307,.T.);
#787=FACE_OUTER_BOUND('',#1309,.T.);
#788=FACE_OUTER_BOUND('',#1310,.T.);
#789=FACE_OUTER_BOUND('',#1312,.T.);
#790=FACE_OUTER_BOUND('',#1313,.T.);
#791=FACE_OUTER_BOUND('',#1314,.T.);
#792=FACE_OUTER_BOUND('',#1315,.T.);
#793=FACE_OUTER_BOUND('',#1317,.T.);
#794=FACE_OUTER_BOUND('',#1318,.T.);
#795=FACE_OUTER_BOUND('',#1319,.T.);
#796=FACE_OUTER_BOUND('',#1321,.T.);
#797=FACE_OUTER_BOUND('',#1322,.T.);
#798=FACE_OUTER_BOUND('',#1323,.T.);
#799=FACE_OUTER_BOUND('',#1324,.T.);
#800=FACE_OUTER_BOUND('',#1325,.T.);
#801=FACE_OUTER_BOUND('',#1328,.T.);
#802=FACE_OUTER_BOUND('',#1329,.T.);
#803=FACE_OUTER_BOUND('',#1330,.T.);
#804=FACE_OUTER_BOUND('',#1331,.T.);
#805=FACE_OUTER_BOUND('',#1332,.T.);
#806=FACE_OUTER_BOUND('',#1335,.T.);
#807=FACE_OUTER_BOUND('',#1337,.T.);
#808=FACE_OUTER_BOUND('',#1338,.T.);
#809=FACE_OUTER_BOUND('',#1340,.T.);
#810=FACE_OUTER_BOUND('',#1341,.T.);
#811=FACE_OUTER_BOUND('',#1342,.T.);
#812=FACE_OUTER_BOUND('',#1344,.T.);
#813=FACE_OUTER_BOUND('',#1345,.T.);
#814=FACE_OUTER_BOUND('',#1347,.T.);
#815=FACE_OUTER_BOUND('',#1348,.T.);
#816=FACE_OUTER_BOUND('',#1349,.T.);
#817=FACE_OUTER_BOUND('',#1350,.T.);
#818=FACE_OUTER_BOUND('',#1351,.T.);
#819=FACE_OUTER_BOUND('',#1352,.T.);
#820=FACE_OUTER_BOUND('',#1353,.T.);
#821=FACE_OUTER_BOUND('',#1356,.T.);
#822=FACE_OUTER_BOUND('',#1358,.T.);
#823=FACE_OUTER_BOUND('',#1359,.T.);
#824=FACE_OUTER_BOUND('',#1362,.T.);
#825=FACE_OUTER_BOUND('',#1363,.T.);
#826=FACE_OUTER_BOUND('',#1366,.T.);
#827=FACE_OUTER_BOUND('',#1368,.T.);
#828=FACE_OUTER_BOUND('',#1369,.T.);
#829=FACE_OUTER_BOUND('',#1370,.T.);
#830=FACE_OUTER_BOUND('',#1371,.T.);
#831=FACE_OUTER_BOUND('',#1372,.T.);
#832=FACE_OUTER_BOUND('',#1373,.T.);
#833=FACE_OUTER_BOUND('',#1374,.T.);
#834=FACE_OUTER_BOUND('',#1375,.T.);
#835=FACE_OUTER_BOUND('',#1376,.T.);
#836=FACE_OUTER_BOUND('',#1377,.T.);
#837=FACE_OUTER_BOUND('',#1378,.T.);
#838=FACE_OUTER_BOUND('',#1379,.T.);
#839=FACE_OUTER_BOUND('',#1380,.T.);
#840=FACE_OUTER_BOUND('',#1381,.T.);
#841=FACE_OUTER_BOUND('',#1382,.T.);
#842=FACE_OUTER_BOUND('',#1390,.T.);
#843=FACE_OUTER_BOUND('',#1391,.T.);
#844=FACE_OUTER_BOUND('',#1392,.T.);
#845=FACE_OUTER_BOUND('',#1393,.T.);
#846=FACE_OUTER_BOUND('',#1394,.T.);
#847=FACE_OUTER_BOUND('',#1395,.T.);
#848=FACE_OUTER_BOUND('',#1396,.T.);
#849=FACE_OUTER_BOUND('',#1397,.T.);
#850=FACE_OUTER_BOUND('',#1398,.T.);
#851=FACE_OUTER_BOUND('',#1403,.T.);
#852=FACE_OUTER_BOUND('',#1404,.T.);
#853=FACE_OUTER_BOUND('',#1405,.T.);
#854=FACE_OUTER_BOUND('',#1406,.T.);
#855=FACE_OUTER_BOUND('',#1407,.T.);
#856=FACE_OUTER_BOUND('',#1408,.T.);
#857=FACE_OUTER_BOUND('',#1410,.T.);
#858=FACE_OUTER_BOUND('',#1411,.T.);
#859=FACE_OUTER_BOUND('',#1412,.T.);
#860=FACE_OUTER_BOUND('',#1413,.T.);
#861=FACE_OUTER_BOUND('',#1415,.T.);
#862=FACE_OUTER_BOUND('',#1416,.T.);
#863=FACE_OUTER_BOUND('',#1417,.T.);
#864=FACE_OUTER_BOUND('',#1419,.T.);
#865=FACE_OUTER_BOUND('',#1420,.T.);
#866=FACE_OUTER_BOUND('',#1421,.T.);
#867=FACE_OUTER_BOUND('',#1422,.T.);
#868=FACE_OUTER_BOUND('',#1423,.T.);
#869=FACE_OUTER_BOUND('',#1424,.T.);
#870=FACE_OUTER_BOUND('',#1425,.T.);
#871=FACE_OUTER_BOUND('',#1426,.T.);
#872=FACE_OUTER_BOUND('',#1427,.T.);
#873=FACE_OUTER_BOUND('',#1428,.T.);
#874=FACE_OUTER_BOUND('',#1429,.T.);
#875=FACE_OUTER_BOUND('',#1431,.T.);
#876=FACE_OUTER_BOUND('',#1432,.T.);
#877=FACE_OUTER_BOUND('',#1433,.T.);
#878=FACE_OUTER_BOUND('',#1434,.T.);
#879=FACE_OUTER_BOUND('',#1435,.T.);
#880=FACE_OUTER_BOUND('',#1436,.T.);
#881=FACE_OUTER_BOUND('',#1437,.T.);
#882=FACE_OUTER_BOUND('',#1438,.T.);
#883=FACE_OUTER_BOUND('',#1440,.T.);
#884=FACE_OUTER_BOUND('',#1441,.T.);
#885=FACE_OUTER_BOUND('',#1444,.T.);
#886=FACE_OUTER_BOUND('',#1446,.T.);
#887=FACE_OUTER_BOUND('',#1447,.T.);
#888=FACE_OUTER_BOUND('',#1448,.T.);
#889=FACE_OUTER_BOUND('',#1450,.T.);
#890=FACE_OUTER_BOUND('',#1451,.T.);
#891=FACE_OUTER_BOUND('',#1452,.T.);
#892=FACE_OUTER_BOUND('',#1453,.T.);
#893=FACE_OUTER_BOUND('',#1454,.T.);
#894=FACE_OUTER_BOUND('',#1455,.T.);
#895=FACE_OUTER_BOUND('',#1456,.T.);
#896=FACE_OUTER_BOUND('',#1457,.T.);
#897=FACE_OUTER_BOUND('',#1458,.T.);
#898=FACE_OUTER_BOUND('',#1459,.T.);
#899=FACE_OUTER_BOUND('',#1460,.T.);
#900=FACE_OUTER_BOUND('',#1461,.T.);
#901=FACE_OUTER_BOUND('',#1462,.T.);
#902=FACE_OUTER_BOUND('',#1463,.T.);
#903=FACE_OUTER_BOUND('',#1464,.T.);
#904=FACE_OUTER_BOUND('',#1465,.T.);
#905=FACE_OUTER_BOUND('',#1468,.T.);
#906=FACE_OUTER_BOUND('',#1469,.T.);
#907=FACE_OUTER_BOUND('',#1470,.T.);
#908=FACE_OUTER_BOUND('',#1473,.T.);
#909=FACE_OUTER_BOUND('',#1474,.T.);
#910=FACE_OUTER_BOUND('',#1477,.T.);
#911=FACE_OUTER_BOUND('',#1480,.T.);
#912=FACE_OUTER_BOUND('',#1483,.T.);
#913=FACE_OUTER_BOUND('',#1484,.T.);
#914=FACE_OUTER_BOUND('',#1485,.T.);
#915=FACE_OUTER_BOUND('',#1486,.T.);
#916=FACE_OUTER_BOUND('',#1487,.T.);
#917=FACE_OUTER_BOUND('',#1488,.T.);
#918=FACE_OUTER_BOUND('',#1489,.T.);
#919=FACE_OUTER_BOUND('',#1490,.T.);
#920=FACE_OUTER_BOUND('',#1491,.T.);
#921=FACE_OUTER_BOUND('',#1492,.T.);
#922=FACE_OUTER_BOUND('',#1493,.T.);
#923=FACE_OUTER_BOUND('',#1494,.T.);
#924=FACE_OUTER_BOUND('',#1495,.T.);
#925=FACE_OUTER_BOUND('',#1496,.T.);
#926=FACE_OUTER_BOUND('',#1497,.T.);
#927=FACE_OUTER_BOUND('',#1498,.T.);
#928=FACE_OUTER_BOUND('',#1499,.T.);
#929=FACE_OUTER_BOUND('',#1500,.T.);
#930=FACE_OUTER_BOUND('',#1501,.T.);
#931=FACE_OUTER_BOUND('',#1502,.T.);
#932=FACE_OUTER_BOUND('',#1503,.T.);
#933=FACE_OUTER_BOUND('',#1511,.T.);
#934=FACE_OUTER_BOUND('',#1512,.T.);
#935=FACE_OUTER_BOUND('',#1513,.T.);
#936=FACE_OUTER_BOUND('',#1514,.T.);
#937=FACE_OUTER_BOUND('',#1515,.T.);
#938=FACE_OUTER_BOUND('',#1516,.T.);
#939=FACE_OUTER_BOUND('',#1517,.T.);
#940=FACE_OUTER_BOUND('',#1518,.T.);
#941=FACE_OUTER_BOUND('',#1519,.T.);
#942=FACE_OUTER_BOUND('',#1527,.T.);
#943=FACE_OUTER_BOUND('',#1529,.T.);
#944=FACE_OUTER_BOUND('',#1530,.T.);
#945=FACE_OUTER_BOUND('',#1532,.T.);
#946=FACE_OUTER_BOUND('',#1533,.T.);
#947=FACE_OUTER_BOUND('',#1535,.T.);
#948=FACE_OUTER_BOUND('',#1536,.T.);
#949=FACE_OUTER_BOUND('',#1538,.T.);
#950=FACE_OUTER_BOUND('',#1539,.T.);
#951=FACE_OUTER_BOUND('',#1540,.T.);
#952=FACE_OUTER_BOUND('',#1541,.T.);
#953=FACE_OUTER_BOUND('',#1542,.T.);
#954=FACE_OUTER_BOUND('',#1547,.T.);
#955=FACE_OUTER_BOUND('',#1548,.T.);
#956=FACE_OUTER_BOUND('',#1549,.T.);
#957=FACE_OUTER_BOUND('',#1550,.T.);
#958=FACE_OUTER_BOUND('',#1551,.T.);
#959=FACE_OUTER_BOUND('',#1552,.T.);
#960=FACE_OUTER_BOUND('',#1553,.T.);
#961=FACE_OUTER_BOUND('',#1554,.T.);
#962=FACE_OUTER_BOUND('',#1555,.T.);
#963=FACE_OUTER_BOUND('',#1556,.T.);
#964=FACE_OUTER_BOUND('',#1557,.T.);
#965=FACE_OUTER_BOUND('',#1558,.T.);
#966=FACE_OUTER_BOUND('',#1560,.T.);
#967=FACE_OUTER_BOUND('',#1561,.T.);
#968=FACE_OUTER_BOUND('',#1562,.T.);
#969=FACE_OUTER_BOUND('',#1563,.T.);
#970=FACE_OUTER_BOUND('',#1566,.T.);
#971=FACE_OUTER_BOUND('',#1567,.T.);
#972=FACE_OUTER_BOUND('',#1568,.T.);
#973=FACE_OUTER_BOUND('',#1569,.T.);
#974=FACE_OUTER_BOUND('',#1571,.T.);
#975=FACE_OUTER_BOUND('',#1572,.T.);
#976=FACE_OUTER_BOUND('',#1573,.T.);
#977=FACE_OUTER_BOUND('',#1574,.T.);
#978=FACE_OUTER_BOUND('',#1575,.T.);
#979=FACE_OUTER_BOUND('',#1576,.T.);
#980=FACE_OUTER_BOUND('',#1577,.T.);
#981=FACE_OUTER_BOUND('',#1578,.T.);
#982=FACE_OUTER_BOUND('',#1579,.T.);
#983=FACE_OUTER_BOUND('',#1581,.T.);
#984=FACE_OUTER_BOUND('',#1582,.T.);
#985=FACE_OUTER_BOUND('',#1583,.T.);
#986=FACE_OUTER_BOUND('',#1584,.T.);
#987=FACE_OUTER_BOUND('',#1585,.T.);
#988=FACE_OUTER_BOUND('',#1586,.T.);
#989=FACE_OUTER_BOUND('',#1587,.T.);
#990=FACE_OUTER_BOUND('',#1588,.T.);
#991=FACE_OUTER_BOUND('',#1589,.T.);
#992=FACE_OUTER_BOUND('',#1590,.T.);
#993=FACE_OUTER_BOUND('',#1591,.T.);
#994=FACE_OUTER_BOUND('',#1592,.T.);
#995=FACE_OUTER_BOUND('',#1593,.T.);
#996=FACE_OUTER_BOUND('',#1594,.T.);
#997=FACE_OUTER_BOUND('',#1595,.T.);
#998=FACE_OUTER_BOUND('',#1596,.T.);
#999=FACE_OUTER_BOUND('',#1597,.T.);
#1000=FACE_OUTER_BOUND('',#1598,.T.);
#1001=FACE_OUTER_BOUND('',#1599,.T.);
#1002=FACE_OUTER_BOUND('',#1600,.T.);
#1003=FACE_OUTER_BOUND('',#1601,.T.);
#1004=FACE_OUTER_BOUND('',#1602,.T.);
#1005=FACE_OUTER_BOUND('',#1603,.T.);
#1006=FACE_OUTER_BOUND('',#1605,.T.);
#1007=FACE_OUTER_BOUND('',#1606,.T.);
#1008=FACE_OUTER_BOUND('',#1608,.T.);
#1009=FACE_OUTER_BOUND('',#1609,.T.);
#1010=FACE_OUTER_BOUND('',#1611,.T.);
#1011=FACE_OUTER_BOUND('',#1612,.T.);
#1012=FACE_OUTER_BOUND('',#1614,.T.);
#1013=FACE_OUTER_BOUND('',#1615,.T.);
#1014=FACE_OUTER_BOUND('',#1616,.T.);
#1015=FACE_OUTER_BOUND('',#1617,.T.);
#1016=FACE_OUTER_BOUND('',#1618,.T.);
#1017=FACE_OUTER_BOUND('',#1623,.T.);
#1018=FACE_OUTER_BOUND('',#1624,.T.);
#1019=FACE_OUTER_BOUND('',#1625,.T.);
#1020=FACE_OUTER_BOUND('',#1626,.T.);
#1021=FACE_OUTER_BOUND('',#1627,.T.);
#1022=FACE_OUTER_BOUND('',#1628,.T.);
#1023=FACE_OUTER_BOUND('',#1629,.T.);
#1024=FACE_OUTER_BOUND('',#1630,.T.);
#1025=FACE_OUTER_BOUND('',#1631,.T.);
#1026=FACE_OUTER_BOUND('',#1632,.T.);
#1027=FACE_OUTER_BOUND('',#1633,.T.);
#1028=FACE_OUTER_BOUND('',#1634,.T.);
#1029=FACE_OUTER_BOUND('',#1636,.T.);
#1030=FACE_OUTER_BOUND('',#1637,.T.);
#1031=FACE_OUTER_BOUND('',#1638,.T.);
#1032=FACE_OUTER_BOUND('',#1639,.T.);
#1033=FACE_OUTER_BOUND('',#1642,.T.);
#1034=FACE_OUTER_BOUND('',#1643,.T.);
#1035=FACE_OUTER_BOUND('',#1644,.T.);
#1036=FACE_OUTER_BOUND('',#1645,.T.);
#1037=FACE_OUTER_BOUND('',#1647,.T.);
#1038=FACE_OUTER_BOUND('',#1648,.T.);
#1039=FACE_OUTER_BOUND('',#1649,.T.);
#1040=FACE_OUTER_BOUND('',#1650,.T.);
#1041=FACE_OUTER_BOUND('',#1651,.T.);
#1042=FACE_OUTER_BOUND('',#1652,.T.);
#1043=FACE_OUTER_BOUND('',#1653,.T.);
#1044=FACE_OUTER_BOUND('',#1654,.T.);
#1045=FACE_OUTER_BOUND('',#1655,.T.);
#1046=FACE_OUTER_BOUND('',#1657,.T.);
#1047=FACE_OUTER_BOUND('',#1658,.T.);
#1048=FACE_OUTER_BOUND('',#1659,.T.);
#1049=FACE_OUTER_BOUND('',#1660,.T.);
#1050=FACE_OUTER_BOUND('',#1661,.T.);
#1051=FACE_OUTER_BOUND('',#1662,.T.);
#1052=FACE_OUTER_BOUND('',#1663,.T.);
#1053=FACE_OUTER_BOUND('',#1664,.T.);
#1054=FACE_OUTER_BOUND('',#1665,.T.);
#1055=FACE_OUTER_BOUND('',#1666,.T.);
#1056=FACE_OUTER_BOUND('',#1667,.T.);
#1057=FACE_OUTER_BOUND('',#1668,.T.);
#1058=FACE_OUTER_BOUND('',#1669,.T.);
#1059=FACE_OUTER_BOUND('',#1670,.T.);
#1060=FACE_OUTER_BOUND('',#1671,.T.);
#1061=FACE_OUTER_BOUND('',#1672,.T.);
#1062=FACE_OUTER_BOUND('',#1673,.T.);
#1063=FACE_OUTER_BOUND('',#1674,.T.);
#1064=FACE_OUTER_BOUND('',#1675,.T.);
#1065=FACE_OUTER_BOUND('',#1676,.T.);
#1066=FACE_OUTER_BOUND('',#1677,.T.);
#1067=FACE_OUTER_BOUND('',#1678,.T.);
#1068=FACE_OUTER_BOUND('',#1679,.T.);
#1069=FACE_OUTER_BOUND('',#1680,.T.);
#1070=FACE_OUTER_BOUND('',#1681,.T.);
#1071=FACE_OUTER_BOUND('',#1682,.T.);
#1072=FACE_OUTER_BOUND('',#1687,.T.);
#1073=FACE_OUTER_BOUND('',#1688,.T.);
#1074=FACE_OUTER_BOUND('',#1689,.T.);
#1075=FACE_OUTER_BOUND('',#1690,.T.);
#1076=FACE_OUTER_BOUND('',#1691,.T.);
#1077=FACE_OUTER_BOUND('',#1692,.T.);
#1078=FACE_OUTER_BOUND('',#1693,.T.);
#1079=FACE_OUTER_BOUND('',#1694,.T.);
#1080=FACE_OUTER_BOUND('',#1695,.T.);
#1081=FACE_OUTER_BOUND('',#1696,.T.);
#1082=FACE_OUTER_BOUND('',#1697,.T.);
#1083=FACE_OUTER_BOUND('',#1698,.T.);
#1084=FACE_OUTER_BOUND('',#1700,.T.);
#1085=FACE_OUTER_BOUND('',#1701,.T.);
#1086=FACE_OUTER_BOUND('',#1702,.T.);
#1087=FACE_OUTER_BOUND('',#1703,.T.);
#1088=FACE_OUTER_BOUND('',#1706,.T.);
#1089=FACE_OUTER_BOUND('',#1707,.T.);
#1090=FACE_OUTER_BOUND('',#1708,.T.);
#1091=FACE_OUTER_BOUND('',#1709,.T.);
#1092=FACE_OUTER_BOUND('',#1711,.T.);
#1093=FACE_OUTER_BOUND('',#1712,.T.);
#1094=FACE_OUTER_BOUND('',#1713,.T.);
#1095=FACE_OUTER_BOUND('',#1714,.T.);
#1096=FACE_OUTER_BOUND('',#1715,.T.);
#1097=FACE_OUTER_BOUND('',#1716,.T.);
#1098=FACE_OUTER_BOUND('',#1717,.T.);
#1099=FACE_OUTER_BOUND('',#1718,.T.);
#1100=FACE_OUTER_BOUND('',#1719,.T.);
#1101=FACE_OUTER_BOUND('',#1721,.T.);
#1102=FACE_OUTER_BOUND('',#1722,.T.);
#1103=FACE_OUTER_BOUND('',#1723,.T.);
#1104=FACE_OUTER_BOUND('',#1724,.T.);
#1105=FACE_OUTER_BOUND('',#1725,.T.);
#1106=FACE_OUTER_BOUND('',#1726,.T.);
#1107=FACE_OUTER_BOUND('',#1727,.T.);
#1108=FACE_OUTER_BOUND('',#1728,.T.);
#1109=FACE_OUTER_BOUND('',#1729,.T.);
#1110=FACE_OUTER_BOUND('',#1730,.T.);
#1111=FACE_OUTER_BOUND('',#1731,.T.);
#1112=FACE_OUTER_BOUND('',#1732,.T.);
#1113=FACE_OUTER_BOUND('',#1733,.T.);
#1114=FACE_OUTER_BOUND('',#1734,.T.);
#1115=FACE_OUTER_BOUND('',#1735,.T.);
#1116=FACE_OUTER_BOUND('',#1736,.T.);
#1117=FACE_OUTER_BOUND('',#1737,.T.);
#1118=FACE_OUTER_BOUND('',#1738,.T.);
#1119=FACE_OUTER_BOUND('',#1739,.T.);
#1120=FACE_OUTER_BOUND('',#1740,.T.);
#1121=FACE_OUTER_BOUND('',#1741,.T.);
#1122=FACE_OUTER_BOUND('',#1742,.T.);
#1123=EDGE_LOOP('',(#5951,#5952,#5953,#5954));
#1124=EDGE_LOOP('',(#5955));
#1125=EDGE_LOOP('',(#5956));
#1126=EDGE_LOOP('',(#5957,#5958,#5959,#5960,#5961,#5962,#5963,#5964,#5965,
#5966,#5967,#5968));
#1127=EDGE_LOOP('',(#5969));
#1128=EDGE_LOOP('',(#5970));
#1129=EDGE_LOOP('',(#5971,#5972,#5973,#5974));
#1130=EDGE_LOOP('',(#5975));
#1131=EDGE_LOOP('',(#5976));
#1132=EDGE_LOOP('',(#5977,#5978,#5979,#5980,#5981,#5982,#5983,#5984,#5985,
#5986));
#1133=EDGE_LOOP('',(#5987,#5988,#5989,#5990));
#1134=EDGE_LOOP('',(#5991,#5992,#5993,#5994));
#1135=EDGE_LOOP('',(#5995,#5996,#5997,#5998));
#1136=EDGE_LOOP('',(#5999,#6000,#6001,#6002));
#1137=EDGE_LOOP('',(#6003,#6004,#6005,#6006));
#1138=EDGE_LOOP('',(#6007,#6008,#6009,#6010));
#1139=EDGE_LOOP('',(#6011,#6012,#6013,#6014,#6015,#6016,#6017,#6018));
#1140=EDGE_LOOP('',(#6019,#6020,#6021,#6022));
#1141=EDGE_LOOP('',(#6023,#6024,#6025,#6026));
#1142=EDGE_LOOP('',(#6027,#6028,#6029,#6030));
#1143=EDGE_LOOP('',(#6031,#6032,#6033,#6034));
#1144=EDGE_LOOP('',(#6035,#6036,#6037,#6038));
#1145=EDGE_LOOP('',(#6039,#6040,#6041,#6042));
#1146=EDGE_LOOP('',(#6043,#6044,#6045,#6046));
#1147=EDGE_LOOP('',(#6047,#6048,#6049,#6050));
#1148=EDGE_LOOP('',(#6051,#6052,#6053,#6054));
#1149=EDGE_LOOP('',(#6055,#6056,#6057,#6058));
#1150=EDGE_LOOP('',(#6059,#6060,#6061,#6062));
#1151=EDGE_LOOP('',(#6063,#6064,#6065,#6066));
#1152=EDGE_LOOP('',(#6067,#6068,#6069,#6070));
#1153=EDGE_LOOP('',(#6071,#6072,#6073,#6074));
#1154=EDGE_LOOP('',(#6075,#6076,#6077,#6078,#6079,#6080,#6081,#6082,#6083,
#6084));
#1155=EDGE_LOOP('',(#6085,#6086,#6087,#6088));
#1156=EDGE_LOOP('',(#6089,#6090,#6091,#6092));
#1157=EDGE_LOOP('',(#6093,#6094,#6095,#6096,#6097,#6098,#6099,#6100,#6101,
#6102,#6103,#6104));
#1158=EDGE_LOOP('',(#6105,#6106,#6107,#6108));
#1159=EDGE_LOOP('',(#6109,#6110,#6111,#6112));
#1160=EDGE_LOOP('',(#6113,#6114,#6115,#6116));
#1161=EDGE_LOOP('',(#6117,#6118,#6119,#6120));
#1162=EDGE_LOOP('',(#6121,#6122,#6123,#6124));
#1163=EDGE_LOOP('',(#6125,#6126,#6127,#6128));
#1164=EDGE_LOOP('',(#6129,#6130,#6131,#6132));
#1165=EDGE_LOOP('',(#6133,#6134,#6135,#6136));
#1166=EDGE_LOOP('',(#6137,#6138,#6139,#6140));
#1167=EDGE_LOOP('',(#6141,#6142,#6143,#6144));
#1168=EDGE_LOOP('',(#6145,#6146,#6147,#6148));
#1169=EDGE_LOOP('',(#6149,#6150,#6151,#6152));
#1170=EDGE_LOOP('',(#6153,#6154,#6155,#6156));
#1171=EDGE_LOOP('',(#6157));
#1172=EDGE_LOOP('',(#6158,#6159,#6160,#6161));
#1173=EDGE_LOOP('',(#6162,#6163,#6164,#6165,#6166,#6167,#6168,#6169));
#1174=EDGE_LOOP('',(#6170,#6171,#6172,#6173,#6174,#6175,#6176,#6177,#6178,
#6179,#6180,#6181));
#1175=EDGE_LOOP('',(#6182,#6183,#6184,#6185));
#1176=EDGE_LOOP('',(#6186));
#1177=EDGE_LOOP('',(#6187,#6188,#6189,#6190));
#1178=EDGE_LOOP('',(#6191));
#1179=EDGE_LOOP('',(#6192));
#1180=EDGE_LOOP('',(#6193,#6194,#6195,#6196));
#1181=EDGE_LOOP('',(#6197,#6198,#6199,#6200));
#1182=EDGE_LOOP('',(#6201,#6202,#6203,#6204));
#1183=EDGE_LOOP('',(#6205,#6206,#6207,#6208));
#1184=EDGE_LOOP('',(#6209,#6210,#6211,#6212));
#1185=EDGE_LOOP('',(#6213,#6214,#6215,#6216));
#1186=EDGE_LOOP('',(#6217,#6218,#6219,#6220));
#1187=EDGE_LOOP('',(#6221,#6222,#6223,#6224));
#1188=EDGE_LOOP('',(#6225,#6226,#6227,#6228));
#1189=EDGE_LOOP('',(#6229,#6230,#6231,#6232));
#1190=EDGE_LOOP('',(#6233,#6234,#6235,#6236));
#1191=EDGE_LOOP('',(#6237,#6238,#6239,#6240));
#1192=EDGE_LOOP('',(#6241,#6242,#6243,#6244));
#1193=EDGE_LOOP('',(#6245,#6246,#6247,#6248,#6249,#6250,#6251,#6252,#6253,
#6254,#6255,#6256));
#1194=EDGE_LOOP('',(#6257));
#1195=EDGE_LOOP('',(#6258,#6259,#6260,#6261,#6262,#6263,#6264,#6265,#6266,
#6267,#6268,#6269));
#1196=EDGE_LOOP('',(#6270));
#1197=EDGE_LOOP('',(#6271));
#1198=EDGE_LOOP('',(#6272));
#1199=EDGE_LOOP('',(#6273,#6274,#6275,#6276));
#1200=EDGE_LOOP('',(#6277,#6278,#6279,#6280));
#1201=EDGE_LOOP('',(#6281,#6282,#6283,#6284));
#1202=EDGE_LOOP('',(#6285));
#1203=EDGE_LOOP('',(#6286));
#1204=EDGE_LOOP('',(#6287));
#1205=EDGE_LOOP('',(#6288));
#1206=EDGE_LOOP('',(#6289,#6290,#6291,#6292));
#1207=EDGE_LOOP('',(#6293,#6294,#6295,#6296));
#1208=EDGE_LOOP('',(#6297,#6298,#6299,#6300));
#1209=EDGE_LOOP('',(#6301));
#1210=EDGE_LOOP('',(#6302));
#1211=EDGE_LOOP('',(#6303));
#1212=EDGE_LOOP('',(#6304));
#1213=EDGE_LOOP('',(#6305,#6306,#6307,#6308));
#1214=EDGE_LOOP('',(#6309,#6310,#6311,#6312,#6313,#6314,#6315,#6316,#6317,
#6318,#6319,#6320));
#1215=EDGE_LOOP('',(#6321));
#1216=EDGE_LOOP('',(#6322));
#1217=EDGE_LOOP('',(#6323,#6324,#6325,#6326,#6327,#6328));
#1218=EDGE_LOOP('',(#6329));
#1219=EDGE_LOOP('',(#6330,#6331,#6332,#6333));
#1220=EDGE_LOOP('',(#6334,#6335,#6336,#6337,#6338,#6339,#6340,#6341));
#1221=EDGE_LOOP('',(#6342));
#1222=EDGE_LOOP('',(#6343,#6344,#6345,#6346));
#1223=EDGE_LOOP('',(#6347,#6348,#6349,#6350));
#1224=EDGE_LOOP('',(#6351,#6352,#6353,#6354,#6355,#6356));
#1225=EDGE_LOOP('',(#6357));
#1226=EDGE_LOOP('',(#6358,#6359,#6360,#6361));
#1227=EDGE_LOOP('',(#6362,#6363,#6364,#6365,#6366,#6367,#6368,#6369));
#1228=EDGE_LOOP('',(#6370));
#1229=EDGE_LOOP('',(#6371,#6372,#6373,#6374));
#1230=EDGE_LOOP('',(#6375,#6376,#6377,#6378));
#1231=EDGE_LOOP('',(#6379,#6380,#6381,#6382));
#1232=EDGE_LOOP('',(#6383,#6384,#6385,#6386));
#1233=EDGE_LOOP('',(#6387,#6388,#6389,#6390));
#1234=EDGE_LOOP('',(#6391,#6392,#6393,#6394));
#1235=EDGE_LOOP('',(#6395,#6396,#6397,#6398));
#1236=EDGE_LOOP('',(#6399,#6400,#6401,#6402));
#1237=EDGE_LOOP('',(#6403,#6404,#6405,#6406));
#1238=EDGE_LOOP('',(#6407));
#1239=EDGE_LOOP('',(#6408,#6409,#6410,#6411));
#1240=EDGE_LOOP('',(#6412,#6413,#6414,#6415));
#1241=EDGE_LOOP('',(#6416));
#1242=EDGE_LOOP('',(#6417,#6418,#6419,#6420,#6421,#6422,#6423,#6424,#6425,
#6426,#6427,#6428,#6429,#6430,#6431,#6432,#6433,#6434));
#1243=EDGE_LOOP('',(#6435,#6436,#6437,#6438));
#1244=EDGE_LOOP('',(#6439,#6440,#6441,#6442));
#1245=EDGE_LOOP('',(#6443,#6444,#6445,#6446));
#1246=EDGE_LOOP('',(#6447,#6448,#6449,#6450));
#1247=EDGE_LOOP('',(#6451));
#1248=EDGE_LOOP('',(#6452,#6453,#6454,#6455));
#1249=EDGE_LOOP('',(#6456,#6457,#6458,#6459));
#1250=EDGE_LOOP('',(#6460));
#1251=EDGE_LOOP('',(#6461,#6462,#6463,#6464));
#1252=EDGE_LOOP('',(#6465,#6466,#6467,#6468));
#1253=EDGE_LOOP('',(#6469,#6470,#6471,#6472));
#1254=EDGE_LOOP('',(#6473,#6474,#6475,#6476));
#1255=EDGE_LOOP('',(#6477,#6478,#6479,#6480));
#1256=EDGE_LOOP('',(#6481));
#1257=EDGE_LOOP('',(#6482,#6483,#6484,#6485));
#1258=EDGE_LOOP('',(#6486));
#1259=EDGE_LOOP('',(#6487,#6488,#6489,#6490,#6491,#6492,#6493,#6494,#6495,
#6496,#6497,#6498,#6499,#6500,#6501,#6502,#6503,#6504));
#1260=EDGE_LOOP('',(#6505,#6506,#6507,#6508));
#1261=EDGE_LOOP('',(#6509,#6510,#6511,#6512));
#1262=EDGE_LOOP('',(#6513));
#1263=EDGE_LOOP('',(#6514));
#1264=EDGE_LOOP('',(#6515,#6516,#6517,#6518));
#1265=EDGE_LOOP('',(#6519,#6520,#6521,#6522));
#1266=EDGE_LOOP('',(#6523));
#1267=EDGE_LOOP('',(#6524));
#1268=EDGE_LOOP('',(#6525,#6526,#6527,#6528));
#1269=EDGE_LOOP('',(#6529,#6530,#6531,#6532));
#1270=EDGE_LOOP('',(#6533));
#1271=EDGE_LOOP('',(#6534));
#1272=EDGE_LOOP('',(#6535,#6536,#6537,#6538));
#1273=EDGE_LOOP('',(#6539,#6540,#6541,#6542,#6543,#6544));
#1274=EDGE_LOOP('',(#6545));
#1275=EDGE_LOOP('',(#6546,#6547,#6548,#6549));
#1276=EDGE_LOOP('',(#6550,#6551,#6552,#6553,#6554,#6555,#6556,#6557));
#1277=EDGE_LOOP('',(#6558));
#1278=EDGE_LOOP('',(#6559,#6560,#6561,#6562));
#1279=EDGE_LOOP('',(#6563,#6564,#6565,#6566));
#1280=EDGE_LOOP('',(#6567,#6568,#6569,#6570,#6571,#6572));
#1281=EDGE_LOOP('',(#6573));
#1282=EDGE_LOOP('',(#6574,#6575,#6576,#6577));
#1283=EDGE_LOOP('',(#6578,#6579,#6580,#6581,#6582,#6583,#6584,#6585));
#1284=EDGE_LOOP('',(#6586));
#1285=EDGE_LOOP('',(#6587,#6588,#6589,#6590));
#1286=EDGE_LOOP('',(#6591,#6592,#6593,#6594));
#1287=EDGE_LOOP('',(#6595,#6596,#6597,#6598));
#1288=EDGE_LOOP('',(#6599,#6600,#6601,#6602));
#1289=EDGE_LOOP('',(#6603,#6604,#6605,#6606));
#1290=EDGE_LOOP('',(#6607,#6608,#6609,#6610));
#1291=EDGE_LOOP('',(#6611,#6612,#6613,#6614));
#1292=EDGE_LOOP('',(#6615,#6616,#6617,#6618));
#1293=EDGE_LOOP('',(#6619,#6620,#6621,#6622));
#1294=EDGE_LOOP('',(#6623,#6624,#6625,#6626));
#1295=EDGE_LOOP('',(#6627,#6628,#6629,#6630,#6631,#6632));
#1296=EDGE_LOOP('',(#6633));
#1297=EDGE_LOOP('',(#6634));
#1298=EDGE_LOOP('',(#6635,#6636,#6637,#6638));
#1299=EDGE_LOOP('',(#6639,#6640,#6641,#6642));
#1300=EDGE_LOOP('',(#6643,#6644,#6645,#6646));
#1301=EDGE_LOOP('',(#6647,#6648,#6649,#6650));
#1302=EDGE_LOOP('',(#6651,#6652,#6653,#6654,#6655,#6656));
#1303=EDGE_LOOP('',(#6657));
#1304=EDGE_LOOP('',(#6658));
#1305=EDGE_LOOP('',(#6659,#6660,#6661,#6662));
#1306=EDGE_LOOP('',(#6663,#6664,#6665,#6666));
#1307=EDGE_LOOP('',(#6667,#6668,#6669,#6670,#6671,#6672));
#1308=EDGE_LOOP('',(#6673));
#1309=EDGE_LOOP('',(#6674,#6675,#6676,#6677));
#1310=EDGE_LOOP('',(#6678,#6679,#6680,#6681,#6682,#6683));
#1311=EDGE_LOOP('',(#6684));
#1312=EDGE_LOOP('',(#6685,#6686,#6687,#6688));
#1313=EDGE_LOOP('',(#6689,#6690,#6691,#6692));
#1314=EDGE_LOOP('',(#6693,#6694,#6695,#6696));
#1315=EDGE_LOOP('',(#6697,#6698,#6699,#6700,#6701,#6702));
#1316=EDGE_LOOP('',(#6703));
#1317=EDGE_LOOP('',(#6704,#6705,#6706,#6707));
#1318=EDGE_LOOP('',(#6708,#6709,#6710,#6711));
#1319=EDGE_LOOP('',(#6712,#6713,#6714,#6715,#6716,#6717));
#1320=EDGE_LOOP('',(#6718));
#1321=EDGE_LOOP('',(#6719,#6720,#6721,#6722));
#1322=EDGE_LOOP('',(#6723,#6724,#6725,#6726));
#1323=EDGE_LOOP('',(#6727,#6728,#6729,#6730));
#1324=EDGE_LOOP('',(#6731,#6732,#6733,#6734));
#1325=EDGE_LOOP('',(#6735,#6736,#6737,#6738,#6739,#6740));
#1326=EDGE_LOOP('',(#6741));
#1327=EDGE_LOOP('',(#6742));
#1328=EDGE_LOOP('',(#6743,#6744,#6745,#6746));
#1329=EDGE_LOOP('',(#6747,#6748,#6749,#6750));
#1330=EDGE_LOOP('',(#6751,#6752,#6753,#6754));
#1331=EDGE_LOOP('',(#6755,#6756,#6757,#6758));
#1332=EDGE_LOOP('',(#6759,#6760,#6761,#6762,#6763,#6764));
#1333=EDGE_LOOP('',(#6765));
#1334=EDGE_LOOP('',(#6766));
#1335=EDGE_LOOP('',(#6767,#6768,#6769,#6770,#6771,#6772));
#1336=EDGE_LOOP('',(#6773));
#1337=EDGE_LOOP('',(#6774,#6775,#6776,#6777));
#1338=EDGE_LOOP('',(#6778,#6779,#6780,#6781,#6782,#6783,#6784,#6785));
#1339=EDGE_LOOP('',(#6786));
#1340=EDGE_LOOP('',(#6787,#6788,#6789,#6790));
#1341=EDGE_LOOP('',(#6791,#6792,#6793,#6794));
#1342=EDGE_LOOP('',(#6795,#6796,#6797,#6798,#6799,#6800));
#1343=EDGE_LOOP('',(#6801));
#1344=EDGE_LOOP('',(#6802,#6803,#6804,#6805));
#1345=EDGE_LOOP('',(#6806,#6807,#6808,#6809,#6810,#6811,#6812,#6813));
#1346=EDGE_LOOP('',(#6814));
#1347=EDGE_LOOP('',(#6815,#6816,#6817,#6818));
#1348=EDGE_LOOP('',(#6819,#6820,#6821,#6822));
#1349=EDGE_LOOP('',(#6823,#6824,#6825,#6826));
#1350=EDGE_LOOP('',(#6827,#6828,#6829,#6830));
#1351=EDGE_LOOP('',(#6831,#6832,#6833,#6834));
#1352=EDGE_LOOP('',(#6835,#6836,#6837,#6838));
#1353=EDGE_LOOP('',(#6839,#6840,#6841,#6842));
#1354=EDGE_LOOP('',(#6843));
#1355=EDGE_LOOP('',(#6844));
#1356=EDGE_LOOP('',(#6845,#6846,#6847,#6848,#6849,#6850,#6851,#6852,#6853,
#6854,#6855,#6856,#6857));
#1357=EDGE_LOOP('',(#6858));
#1358=EDGE_LOOP('',(#6859,#6860,#6861,#6862));
#1359=EDGE_LOOP('',(#6863,#6864,#6865,#6866));
#1360=EDGE_LOOP('',(#6867));
#1361=EDGE_LOOP('',(#6868));
#1362=EDGE_LOOP('',(#6869,#6870,#6871,#6872));
#1363=EDGE_LOOP('',(#6873,#6874,#6875,#6876));
#1364=EDGE_LOOP('',(#6877));
#1365=EDGE_LOOP('',(#6878));
#1366=EDGE_LOOP('',(#6879,#6880,#6881,#6882,#6883,#6884,#6885,#6886,#6887,
#6888,#6889,#6890,#6891,#6892));
#1367=EDGE_LOOP('',(#6893));
#1368=EDGE_LOOP('',(#6894,#6895,#6896,#6897));
#1369=EDGE_LOOP('',(#6898,#6899,#6900,#6901));
#1370=EDGE_LOOP('',(#6902,#6903,#6904,#6905));
#1371=EDGE_LOOP('',(#6906,#6907,#6908,#6909));
#1372=EDGE_LOOP('',(#6910,#6911,#6912,#6913));
#1373=EDGE_LOOP('',(#6914,#6915,#6916,#6917));
#1374=EDGE_LOOP('',(#6918,#6919,#6920,#6921));
#1375=EDGE_LOOP('',(#6922,#6923,#6924,#6925));
#1376=EDGE_LOOP('',(#6926,#6927,#6928,#6929));
#1377=EDGE_LOOP('',(#6930,#6931,#6932,#6933));
#1378=EDGE_LOOP('',(#6934,#6935,#6936,#6937));
#1379=EDGE_LOOP('',(#6938,#6939,#6940,#6941));
#1380=EDGE_LOOP('',(#6942,#6943,#6944,#6945));
#1381=EDGE_LOOP('',(#6946,#6947,#6948,#6949,#6950,#6951,#6952,#6953,#6954,
#6955,#6956,#6957,#6958,#6959,#6960,#6961));
#1382=EDGE_LOOP('',(#6962));
#1383=EDGE_LOOP('',(#6963));
#1384=EDGE_LOOP('',(#6964));
#1385=EDGE_LOOP('',(#6965));
#1386=EDGE_LOOP('',(#6966));
#1387=EDGE_LOOP('',(#6967));
#1388=EDGE_LOOP('',(#6968));
#1389=EDGE_LOOP('',(#6969));
#1390=EDGE_LOOP('',(#6970,#6971,#6972));
#1391=EDGE_LOOP('',(#6973,#6974,#6975,#6976));
#1392=EDGE_LOOP('',(#6977,#6978,#6979,#6980));
#1393=EDGE_LOOP('',(#6981,#6982,#6983,#6984,#6985));
#1394=EDGE_LOOP('',(#6986,#6987,#6988));
#1395=EDGE_LOOP('',(#6989,#6990,#6991,#6992));
#1396=EDGE_LOOP('',(#6993,#6994,#6995,#6996));
#1397=EDGE_LOOP('',(#6997,#6998,#6999,#7000,#7001));
#1398=EDGE_LOOP('',(#7002,#7003,#7004,#7005,#7006,#7007,#7008,#7009,#7010,
#7011,#7012,#7013,#7014,#7015,#7016,#7017,#7018,#7019,#7020,#7021,#7022,
#7023,#7024,#7025,#7026,#7027,#7028,#7029,#7030,#7031,#7032,#7033,#7034));
#1399=EDGE_LOOP('',(#7035));
#1400=EDGE_LOOP('',(#7036));
#1401=EDGE_LOOP('',(#7037));
#1402=EDGE_LOOP('',(#7038));
#1403=EDGE_LOOP('',(#7039,#7040,#7041));
#1404=EDGE_LOOP('',(#7042,#7043,#7044,#7045));
#1405=EDGE_LOOP('',(#7046,#7047,#7048,#7049));
#1406=EDGE_LOOP('',(#7050,#7051,#7052,#7053,#7054));
#1407=EDGE_LOOP('',(#7055,#7056,#7057,#7058));
#1408=EDGE_LOOP('',(#7059,#7060,#7061,#7062,#7063,#7064,#7065,#7066,#7067,
#7068,#7069,#7070,#7071,#7072));
#1409=EDGE_LOOP('',(#7073));
#1410=EDGE_LOOP('',(#7074,#7075,#7076,#7077));
#1411=EDGE_LOOP('',(#7078,#7079,#7080,#7081));
#1412=EDGE_LOOP('',(#7082,#7083,#7084,#7085));
#1413=EDGE_LOOP('',(#7086,#7087,#7088,#7089,#7090,#7091,#7092,#7093,#7094,
#7095,#7096));
#1414=EDGE_LOOP('',(#7097,#7098,#7099,#7100));
#1415=EDGE_LOOP('',(#7101,#7102,#7103,#7104));
#1416=EDGE_LOOP('',(#7105,#7106,#7107,#7108));
#1417=EDGE_LOOP('',(#7109,#7110,#7111,#7112,#7113,#7114,#7115,#7116,#7117,
#7118,#7119));
#1418=EDGE_LOOP('',(#7120,#7121,#7122,#7123));
#1419=EDGE_LOOP('',(#7124,#7125,#7126,#7127,#7128,#7129));
#1420=EDGE_LOOP('',(#7130,#7131,#7132,#7133));
#1421=EDGE_LOOP('',(#7134,#7135,#7136,#7137));
#1422=EDGE_LOOP('',(#7138,#7139,#7140,#7141,#7142,#7143));
#1423=EDGE_LOOP('',(#7144,#7145,#7146,#7147,#7148,#7149));
#1424=EDGE_LOOP('',(#7150));
#1425=EDGE_LOOP('',(#7151));
#1426=EDGE_LOOP('',(#7152,#7153,#7154,#7155));
#1427=EDGE_LOOP('',(#7156,#7157,#7158,#7159));
#1428=EDGE_LOOP('',(#7160,#7161,#7162,#7163));
#1429=EDGE_LOOP('',(#7164,#7165,#7166,#7167,#7168,#7169,#7170,#7171));
#1430=EDGE_LOOP('',(#7172,#7173,#7174,#7175));
#1431=EDGE_LOOP('',(#7176,#7177,#7178,#7179,#7180,#7181));
#1432=EDGE_LOOP('',(#7182,#7183,#7184,#7185,#7186,#7187));
#1433=EDGE_LOOP('',(#7188,#7189,#7190,#7191,#7192,#7193,#7194,#7195));
#1434=EDGE_LOOP('',(#7196));
#1435=EDGE_LOOP('',(#7197,#7198,#7199,#7200));
#1436=EDGE_LOOP('',(#7201,#7202,#7203,#7204));
#1437=EDGE_LOOP('',(#7205,#7206,#7207,#7208));
#1438=EDGE_LOOP('',(#7209,#7210,#7211,#7212,#7213,#7214,#7215,#7216));
#1439=EDGE_LOOP('',(#7217,#7218,#7219,#7220));
#1440=EDGE_LOOP('',(#7221));
#1441=EDGE_LOOP('',(#7222,#7223,#7224,#7225));
#1442=EDGE_LOOP('',(#7226));
#1443=EDGE_LOOP('',(#7227));
#1444=EDGE_LOOP('',(#7228,#7229,#7230,#7231,#7232,#7233,#7234,#7235,#7236));
#1445=EDGE_LOOP('',(#7237,#7238,#7239,#7240));
#1446=EDGE_LOOP('',(#7241,#7242,#7243,#7244));
#1447=EDGE_LOOP('',(#7245,#7246,#7247,#7248));
#1448=EDGE_LOOP('',(#7249,#7250,#7251,#7252,#7253,#7254,#7255,#7256,#7257,
#7258));
#1449=EDGE_LOOP('',(#7259,#7260,#7261,#7262));
#1450=EDGE_LOOP('',(#7263,#7264,#7265,#7266,#7267,#7268));
#1451=EDGE_LOOP('',(#7269,#7270,#7271,#7272,#7273,#7274));
#1452=EDGE_LOOP('',(#7275));
#1453=EDGE_LOOP('',(#7276));
#1454=EDGE_LOOP('',(#7277,#7278,#7279,#7280));
#1455=EDGE_LOOP('',(#7281,#7282,#7283,#7284));
#1456=EDGE_LOOP('',(#7285,#7286,#7287,#7288));
#1457=EDGE_LOOP('',(#7289,#7290,#7291,#7292));
#1458=EDGE_LOOP('',(#7293,#7294,#7295,#7296,#7297,#7298));
#1459=EDGE_LOOP('',(#7299,#7300,#7301,#7302));
#1460=EDGE_LOOP('',(#7303,#7304,#7305,#7306,#7307,#7308));
#1461=EDGE_LOOP('',(#7309,#7310,#7311,#7312));
#1462=EDGE_LOOP('',(#7313,#7314,#7315,#7316,#7317,#7318));
#1463=EDGE_LOOP('',(#7319,#7320,#7321,#7322));
#1464=EDGE_LOOP('',(#7323,#7324,#7325,#7326,#7327,#7328));
#1465=EDGE_LOOP('',(#7329,#7330,#7331,#7332));
#1466=EDGE_LOOP('',(#7333));
#1467=EDGE_LOOP('',(#7334));
#1468=EDGE_LOOP('',(#7335,#7336,#7337,#7338));
#1469=EDGE_LOOP('',(#7339,#7340,#7341,#7342));
#1470=EDGE_LOOP('',(#7343,#7344,#7345,#7346));
#1471=EDGE_LOOP('',(#7347));
#1472=EDGE_LOOP('',(#7348));
#1473=EDGE_LOOP('',(#7349,#7350,#7351,#7352));
#1474=EDGE_LOOP('',(#7353,#7354,#7355,#7356));
#1475=EDGE_LOOP('',(#7357));
#1476=EDGE_LOOP('',(#7358));
#1477=EDGE_LOOP('',(#7359,#7360,#7361,#7362,#7363,#7364));
#1478=EDGE_LOOP('',(#7365));
#1479=EDGE_LOOP('',(#7366));
#1480=EDGE_LOOP('',(#7367,#7368,#7369,#7370));
#1481=EDGE_LOOP('',(#7371));
#1482=EDGE_LOOP('',(#7372));
#1483=EDGE_LOOP('',(#7373,#7374,#7375,#7376));
#1484=EDGE_LOOP('',(#7377,#7378,#7379,#7380));
#1485=EDGE_LOOP('',(#7381,#7382,#7383,#7384,#7385,#7386));
#1486=EDGE_LOOP('',(#7387,#7388,#7389,#7390));
#1487=EDGE_LOOP('',(#7391,#7392,#7393,#7394,#7395,#7396));
#1488=EDGE_LOOP('',(#7397,#7398,#7399,#7400));
#1489=EDGE_LOOP('',(#7401,#7402,#7403,#7404));
#1490=EDGE_LOOP('',(#7405,#7406,#7407,#7408));
#1491=EDGE_LOOP('',(#7409,#7410,#7411,#7412));
#1492=EDGE_LOOP('',(#7413,#7414,#7415,#7416));
#1493=EDGE_LOOP('',(#7417,#7418,#7419,#7420));
#1494=EDGE_LOOP('',(#7421,#7422,#7423,#7424));
#1495=EDGE_LOOP('',(#7425,#7426,#7427,#7428));
#1496=EDGE_LOOP('',(#7429,#7430,#7431,#7432));
#1497=EDGE_LOOP('',(#7433,#7434,#7435,#7436));
#1498=EDGE_LOOP('',(#7437,#7438,#7439,#7440));
#1499=EDGE_LOOP('',(#7441,#7442,#7443,#7444));
#1500=EDGE_LOOP('',(#7445,#7446,#7447,#7448));
#1501=EDGE_LOOP('',(#7449,#7450,#7451,#7452));
#1502=EDGE_LOOP('',(#7453,#7454));
#1503=EDGE_LOOP('',(#7455,#7456,#7457,#7458,#7459,#7460,#7461));
#1504=EDGE_LOOP('',(#7462));
#1505=EDGE_LOOP('',(#7463));
#1506=EDGE_LOOP('',(#7464));
#1507=EDGE_LOOP('',(#7465));
#1508=EDGE_LOOP('',(#7466));
#1509=EDGE_LOOP('',(#7467));
#1510=EDGE_LOOP('',(#7468));
#1511=EDGE_LOOP('',(#7469,#7470,#7471,#7472));
#1512=EDGE_LOOP('',(#7473,#7474));
#1513=EDGE_LOOP('',(#7475,#7476,#7477,#7478));
#1514=EDGE_LOOP('',(#7479,#7480));
#1515=EDGE_LOOP('',(#7481,#7482,#7483,#7484));
#1516=EDGE_LOOP('',(#7485,#7486,#7487,#7488));
#1517=EDGE_LOOP('',(#7489,#7490,#7491,#7492));
#1518=EDGE_LOOP('',(#7493,#7494,#7495,#7496,#7497,#7498,#7499,#7500,#7501,
#7502,#7503,#7504,#7505,#7506,#7507,#7508));
#1519=EDGE_LOOP('',(#7509));
#1520=EDGE_LOOP('',(#7510));
#1521=EDGE_LOOP('',(#7511));
#1522=EDGE_LOOP('',(#7512));
#1523=EDGE_LOOP('',(#7513));
#1524=EDGE_LOOP('',(#7514));
#1525=EDGE_LOOP('',(#7515));
#1526=EDGE_LOOP('',(#7516));
#1527=EDGE_LOOP('',(#7517));
#1528=EDGE_LOOP('',(#7518));
#1529=EDGE_LOOP('',(#7519,#7520,#7521,#7522));
#1530=EDGE_LOOP('',(#7523));
#1531=EDGE_LOOP('',(#7524));
#1532=EDGE_LOOP('',(#7525,#7526,#7527,#7528));
#1533=EDGE_LOOP('',(#7529));
#1534=EDGE_LOOP('',(#7530));
#1535=EDGE_LOOP('',(#7531,#7532,#7533,#7534));
#1536=EDGE_LOOP('',(#7535));
#1537=EDGE_LOOP('',(#7536));
#1538=EDGE_LOOP('',(#7537,#7538,#7539,#7540));
#1539=EDGE_LOOP('',(#7541,#7542,#7543,#7544));
#1540=EDGE_LOOP('',(#7545,#7546,#7547,#7548));
#1541=EDGE_LOOP('',(#7549,#7550,#7551,#7552,#7553,#7554));
#1542=EDGE_LOOP('',(#7555,#7556,#7557,#7558,#7559,#7560,#7561,#7562,#7563,
#7564,#7565,#7566,#7567,#7568,#7569,#7570,#7571));
#1543=EDGE_LOOP('',(#7572,#7573,#7574,#7575,#7576,#7577));
#1544=EDGE_LOOP('',(#7578,#7579,#7580,#7581,#7582,#7583));
#1545=EDGE_LOOP('',(#7584));
#1546=EDGE_LOOP('',(#7585));
#1547=EDGE_LOOP('',(#7586,#7587,#7588,#7589,#7590));
#1548=EDGE_LOOP('',(#7591,#7592,#7593,#7594));
#1549=EDGE_LOOP('',(#7595,#7596,#7597,#7598));
#1550=EDGE_LOOP('',(#7599,#7600,#7601,#7602));
#1551=EDGE_LOOP('',(#7603,#7604,#7605,#7606));
#1552=EDGE_LOOP('',(#7607,#7608,#7609,#7610));
#1553=EDGE_LOOP('',(#7611,#7612,#7613,#7614));
#1554=EDGE_LOOP('',(#7615,#7616,#7617,#7618,#7619));
#1555=EDGE_LOOP('',(#7620,#7621,#7622,#7623));
#1556=EDGE_LOOP('',(#7624,#7625,#7626,#7627));
#1557=EDGE_LOOP('',(#7628,#7629,#7630,#7631,#7632,#7633,#7634,#7635));
#1558=EDGE_LOOP('',(#7636,#7637,#7638,#7639,#7640,#7641));
#1559=EDGE_LOOP('',(#7642));
#1560=EDGE_LOOP('',(#7643,#7644,#7645,#7646));
#1561=EDGE_LOOP('',(#7647,#7648,#7649,#7650));
#1562=EDGE_LOOP('',(#7651,#7652,#7653,#7654));
#1563=EDGE_LOOP('',(#7655,#7656,#7657,#7658,#7659,#7660,#7661,#7662,#7663,
#7664,#7665,#7666,#7667,#7668));
#1564=EDGE_LOOP('',(#7669));
#1565=EDGE_LOOP('',(#7670));
#1566=EDGE_LOOP('',(#7671,#7672,#7673,#7674,#7675,#7676,#7677));
#1567=EDGE_LOOP('',(#7678,#7679,#7680,#7681));
#1568=EDGE_LOOP('',(#7682,#7683,#7684,#7685));
#1569=EDGE_LOOP('',(#7686,#7687,#7688,#7689,#7690,#7691,#7692,#7693,#7694,
#7695,#7696,#7697,#7698,#7699,#7700,#7701,#7702,#7703,#7704,#7705,#7706,
#7707,#7708,#7709,#7710));
#1570=EDGE_LOOP('',(#7711));
#1571=EDGE_LOOP('',(#7712,#7713,#7714,#7715));
#1572=EDGE_LOOP('',(#7716,#7717,#7718,#7719,#7720));
#1573=EDGE_LOOP('',(#7721,#7722,#7723,#7724,#7725,#7726));
#1574=EDGE_LOOP('',(#7727,#7728,#7729,#7730));
#1575=EDGE_LOOP('',(#7731,#7732,#7733,#7734));
#1576=EDGE_LOOP('',(#7735,#7736,#7737,#7738));
#1577=EDGE_LOOP('',(#7739,#7740,#7741,#7742));
#1578=EDGE_LOOP('',(#7743,#7744,#7745,#7746));
#1579=EDGE_LOOP('',(#7747,#7748,#7749,#7750,#7751,#7752,#7753,#7754,#7755,
#7756,#7757,#7758));
#1580=EDGE_LOOP('',(#7759));
#1581=EDGE_LOOP('',(#7760,#7761,#7762,#7763,#7764,#7765));
#1582=EDGE_LOOP('',(#7766,#7767,#7768,#7769,#7770,#7771));
#1583=EDGE_LOOP('',(#7772,#7773,#7774,#7775));
#1584=EDGE_LOOP('',(#7776,#7777,#7778,#7779));
#1585=EDGE_LOOP('',(#7780,#7781,#7782,#7783));
#1586=EDGE_LOOP('',(#7784,#7785,#7786,#7787,#7788,#7789));
#1587=EDGE_LOOP('',(#7790,#7791,#7792,#7793,#7794,#7795));
#1588=EDGE_LOOP('',(#7796,#7797,#7798,#7799,#7800,#7801));
#1589=EDGE_LOOP('',(#7802,#7803,#7804,#7805));
#1590=EDGE_LOOP('',(#7806,#7807,#7808,#7809));
#1591=EDGE_LOOP('',(#7810,#7811,#7812,#7813));
#1592=EDGE_LOOP('',(#7814,#7815,#7816,#7817));
#1593=EDGE_LOOP('',(#7818,#7819,#7820,#7821));
#1594=EDGE_LOOP('',(#7822,#7823,#7824,#7825,#7826,#7827));
#1595=EDGE_LOOP('',(#7828,#7829,#7830,#7831));
#1596=EDGE_LOOP('',(#7832,#7833,#7834,#7835));
#1597=EDGE_LOOP('',(#7836,#7837,#7838,#7839,#7840,#7841));
#1598=EDGE_LOOP('',(#7842,#7843,#7844,#7845));
#1599=EDGE_LOOP('',(#7846,#7847,#7848,#7849,#7850,#7851));
#1600=EDGE_LOOP('',(#7852,#7853,#7854,#7855));
#1601=EDGE_LOOP('',(#7856,#7857,#7858,#7859));
#1602=EDGE_LOOP('',(#7860));
#1603=EDGE_LOOP('',(#7861));
#1604=EDGE_LOOP('',(#7862));
#1605=EDGE_LOOP('',(#7863,#7864,#7865,#7866));
#1606=EDGE_LOOP('',(#7867));
#1607=EDGE_LOOP('',(#7868));
#1608=EDGE_LOOP('',(#7869,#7870,#7871,#7872));
#1609=EDGE_LOOP('',(#7873));
#1610=EDGE_LOOP('',(#7874));
#1611=EDGE_LOOP('',(#7875,#7876,#7877,#7878));
#1612=EDGE_LOOP('',(#7879));
#1613=EDGE_LOOP('',(#7880));
#1614=EDGE_LOOP('',(#7881,#7882,#7883,#7884));
#1615=EDGE_LOOP('',(#7885,#7886,#7887,#7888));
#1616=EDGE_LOOP('',(#7889,#7890,#7891,#7892));
#1617=EDGE_LOOP('',(#7893,#7894,#7895,#7896,#7897,#7898));
#1618=EDGE_LOOP('',(#7899,#7900,#7901,#7902,#7903,#7904,#7905,#7906,#7907,
#7908,#7909,#7910,#7911,#7912,#7913,#7914,#7915));
#1619=EDGE_LOOP('',(#7916,#7917,#7918,#7919,#7920,#7921));
#1620=EDGE_LOOP('',(#7922,#7923,#7924,#7925,#7926,#7927));
#1621=EDGE_LOOP('',(#7928));
#1622=EDGE_LOOP('',(#7929));
#1623=EDGE_LOOP('',(#7930,#7931,#7932,#7933,#7934));
#1624=EDGE_LOOP('',(#7935,#7936,#7937,#7938));
#1625=EDGE_LOOP('',(#7939,#7940,#7941,#7942));
#1626=EDGE_LOOP('',(#7943,#7944,#7945,#7946));
#1627=EDGE_LOOP('',(#7947,#7948,#7949,#7950));
#1628=EDGE_LOOP('',(#7951,#7952,#7953,#7954));
#1629=EDGE_LOOP('',(#7955,#7956,#7957,#7958));
#1630=EDGE_LOOP('',(#7959,#7960,#7961,#7962,#7963));
#1631=EDGE_LOOP('',(#7964,#7965,#7966,#7967));
#1632=EDGE_LOOP('',(#7968,#7969,#7970,#7971));
#1633=EDGE_LOOP('',(#7972,#7973,#7974,#7975,#7976,#7977,#7978,#7979));
#1634=EDGE_LOOP('',(#7980,#7981,#7982,#7983,#7984,#7985));
#1635=EDGE_LOOP('',(#7986));
#1636=EDGE_LOOP('',(#7987,#7988,#7989,#7990));
#1637=EDGE_LOOP('',(#7991,#7992,#7993,#7994));
#1638=EDGE_LOOP('',(#7995,#7996,#7997,#7998));
#1639=EDGE_LOOP('',(#7999,#8000,#8001,#8002,#8003,#8004,#8005,#8006,#8007,
#8008,#8009,#8010,#8011,#8012));
#1640=EDGE_LOOP('',(#8013));
#1641=EDGE_LOOP('',(#8014));
#1642=EDGE_LOOP('',(#8015,#8016,#8017,#8018,#8019,#8020,#8021));
#1643=EDGE_LOOP('',(#8022,#8023,#8024,#8025));
#1644=EDGE_LOOP('',(#8026,#8027,#8028,#8029));
#1645=EDGE_LOOP('',(#8030,#8031,#8032,#8033,#8034,#8035,#8036,#8037,#8038,
#8039,#8040,#8041,#8042,#8043,#8044,#8045,#8046,#8047,#8048,#8049,#8050,
#8051,#8052,#8053,#8054));
#1646=EDGE_LOOP('',(#8055));
#1647=EDGE_LOOP('',(#8056,#8057,#8058,#8059));
#1648=EDGE_LOOP('',(#8060,#8061,#8062,#8063,#8064));
#1649=EDGE_LOOP('',(#8065,#8066,#8067,#8068,#8069,#8070));
#1650=EDGE_LOOP('',(#8071,#8072,#8073,#8074));
#1651=EDGE_LOOP('',(#8075,#8076,#8077,#8078));
#1652=EDGE_LOOP('',(#8079,#8080,#8081,#8082));
#1653=EDGE_LOOP('',(#8083,#8084,#8085,#8086));
#1654=EDGE_LOOP('',(#8087,#8088,#8089,#8090));
#1655=EDGE_LOOP('',(#8091,#8092,#8093,#8094,#8095,#8096,#8097,#8098,#8099,
#8100,#8101,#8102));
#1656=EDGE_LOOP('',(#8103));
#1657=EDGE_LOOP('',(#8104,#8105,#8106,#8107,#8108,#8109));
#1658=EDGE_LOOP('',(#8110,#8111,#8112,#8113,#8114,#8115));
#1659=EDGE_LOOP('',(#8116,#8117,#8118,#8119));
#1660=EDGE_LOOP('',(#8120,#8121,#8122,#8123));
#1661=EDGE_LOOP('',(#8124,#8125,#8126,#8127));
#1662=EDGE_LOOP('',(#8128,#8129,#8130,#8131,#8132,#8133));
#1663=EDGE_LOOP('',(#8134,#8135,#8136,#8137,#8138,#8139));
#1664=EDGE_LOOP('',(#8140,#8141,#8142,#8143,#8144,#8145));
#1665=EDGE_LOOP('',(#8146,#8147,#8148,#8149));
#1666=EDGE_LOOP('',(#8150,#8151,#8152,#8153));
#1667=EDGE_LOOP('',(#8154,#8155,#8156,#8157));
#1668=EDGE_LOOP('',(#8158,#8159,#8160,#8161));
#1669=EDGE_LOOP('',(#8162,#8163,#8164,#8165));
#1670=EDGE_LOOP('',(#8166,#8167,#8168,#8169,#8170,#8171));
#1671=EDGE_LOOP('',(#8172,#8173,#8174,#8175));
#1672=EDGE_LOOP('',(#8176,#8177,#8178,#8179));
#1673=EDGE_LOOP('',(#8180,#8181,#8182,#8183,#8184,#8185));
#1674=EDGE_LOOP('',(#8186,#8187,#8188,#8189));
#1675=EDGE_LOOP('',(#8190,#8191,#8192,#8193,#8194,#8195));
#1676=EDGE_LOOP('',(#8196,#8197,#8198,#8199));
#1677=EDGE_LOOP('',(#8200,#8201,#8202,#8203));
#1678=EDGE_LOOP('',(#8204));
#1679=EDGE_LOOP('',(#8205,#8206,#8207,#8208));
#1680=EDGE_LOOP('',(#8209,#8210,#8211,#8212));
#1681=EDGE_LOOP('',(#8213,#8214,#8215,#8216,#8217,#8218));
#1682=EDGE_LOOP('',(#8219,#8220,#8221,#8222,#8223,#8224,#8225,#8226,#8227,
#8228,#8229,#8230,#8231,#8232,#8233,#8234,#8235));
#1683=EDGE_LOOP('',(#8236,#8237,#8238,#8239,#8240,#8241));
#1684=EDGE_LOOP('',(#8242,#8243,#8244,#8245,#8246,#8247));
#1685=EDGE_LOOP('',(#8248));
#1686=EDGE_LOOP('',(#8249));
#1687=EDGE_LOOP('',(#8250,#8251,#8252,#8253,#8254));
#1688=EDGE_LOOP('',(#8255,#8256,#8257,#8258));
#1689=EDGE_LOOP('',(#8259,#8260,#8261,#8262));
#1690=EDGE_LOOP('',(#8263,#8264,#8265,#8266));
#1691=EDGE_LOOP('',(#8267,#8268,#8269,#8270));
#1692=EDGE_LOOP('',(#8271,#8272,#8273,#8274));
#1693=EDGE_LOOP('',(#8275,#8276,#8277,#8278));
#1694=EDGE_LOOP('',(#8279,#8280,#8281,#8282,#8283));
#1695=EDGE_LOOP('',(#8284,#8285,#8286,#8287));
#1696=EDGE_LOOP('',(#8288,#8289,#8290,#8291));
#1697=EDGE_LOOP('',(#8292,#8293,#8294,#8295,#8296,#8297,#8298,#8299));
#1698=EDGE_LOOP('',(#8300,#8301,#8302,#8303,#8304,#8305));
#1699=EDGE_LOOP('',(#8306));
#1700=EDGE_LOOP('',(#8307,#8308,#8309,#8310));
#1701=EDGE_LOOP('',(#8311,#8312,#8313,#8314));
#1702=EDGE_LOOP('',(#8315,#8316,#8317,#8318));
#1703=EDGE_LOOP('',(#8319,#8320,#8321,#8322,#8323,#8324,#8325,#8326,#8327,
#8328,#8329,#8330,#8331,#8332));
#1704=EDGE_LOOP('',(#8333));
#1705=EDGE_LOOP('',(#8334));
#1706=EDGE_LOOP('',(#8335,#8336,#8337,#8338,#8339,#8340,#8341));
#1707=EDGE_LOOP('',(#8342,#8343,#8344,#8345));
#1708=EDGE_LOOP('',(#8346,#8347,#8348,#8349));
#1709=EDGE_LOOP('',(#8350,#8351,#8352,#8353,#8354,#8355,#8356,#8357,#8358,
#8359,#8360,#8361,#8362,#8363,#8364,#8365,#8366,#8367,#8368,#8369,#8370,
#8371,#8372,#8373,#8374));
#1710=EDGE_LOOP('',(#8375));
#1711=EDGE_LOOP('',(#8376,#8377,#8378,#8379));
#1712=EDGE_LOOP('',(#8380,#8381,#8382,#8383,#8384));
#1713=EDGE_LOOP('',(#8385,#8386,#8387,#8388,#8389,#8390));
#1714=EDGE_LOOP('',(#8391,#8392,#8393,#8394));
#1715=EDGE_LOOP('',(#8395,#8396,#8397,#8398));
#1716=EDGE_LOOP('',(#8399,#8400,#8401,#8402));
#1717=EDGE_LOOP('',(#8403,#8404,#8405,#8406));
#1718=EDGE_LOOP('',(#8407,#8408,#8409,#8410));
#1719=EDGE_LOOP('',(#8411,#8412,#8413,#8414,#8415,#8416,#8417,#8418,#8419,
#8420,#8421,#8422));
#1720=EDGE_LOOP('',(#8423));
#1721=EDGE_LOOP('',(#8424,#8425,#8426,#8427,#8428,#8429));
#1722=EDGE_LOOP('',(#8430,#8431,#8432,#8433,#8434,#8435));
#1723=EDGE_LOOP('',(#8436,#8437,#8438,#8439));
#1724=EDGE_LOOP('',(#8440,#8441,#8442,#8443));
#1725=EDGE_LOOP('',(#8444,#8445,#8446,#8447));
#1726=EDGE_LOOP('',(#8448,#8449,#8450,#8451,#8452,#8453));
#1727=EDGE_LOOP('',(#8454,#8455,#8456,#8457,#8458,#8459));
#1728=EDGE_LOOP('',(#8460,#8461,#8462,#8463,#8464,#8465));
#1729=EDGE_LOOP('',(#8466,#8467,#8468,#8469));
#1730=EDGE_LOOP('',(#8470,#8471,#8472,#8473));
#1731=EDGE_LOOP('',(#8474,#8475,#8476,#8477));
#1732=EDGE_LOOP('',(#8478,#8479,#8480,#8481));
#1733=EDGE_LOOP('',(#8482,#8483,#8484,#8485));
#1734=EDGE_LOOP('',(#8486,#8487,#8488,#8489,#8490,#8491));
#1735=EDGE_LOOP('',(#8492,#8493,#8494,#8495));
#1736=EDGE_LOOP('',(#8496,#8497,#8498,#8499));
#1737=EDGE_LOOP('',(#8500,#8501,#8502,#8503,#8504,#8505));
#1738=EDGE_LOOP('',(#8506,#8507,#8508,#8509));
#1739=EDGE_LOOP('',(#8510,#8511,#8512,#8513,#8514,#8515));
#1740=EDGE_LOOP('',(#8516,#8517,#8518,#8519));
#1741=EDGE_LOOP('',(#8520,#8521,#8522,#8523));
#1742=EDGE_LOOP('',(#8524));
#1743=LINE('',#13023,#2588);
#1744=LINE('',#13032,#2589);
#1745=LINE('',#13036,#2590);
#1746=LINE('',#13040,#2591);
#1747=LINE('',#13045,#2592);
#1748=LINE('',#13053,#2593);
#1749=LINE('',#13057,#2594);
#1750=LINE('',#13059,#2595);
#1751=LINE('',#13061,#2596);
#1752=LINE('',#13063,#2597);
#1753=LINE('',#13065,#2598);
#1754=LINE('',#13070,#2599);
#1755=LINE('',#13073,#2600);
#1756=LINE('',#13074,#2601);
#1757=LINE('',#13077,#2602);
#1758=LINE('',#13078,#2603);
#1759=LINE('',#13081,#2604);
#1760=LINE('',#13083,#2605);
#1761=LINE('',#13084,#2606);
#1762=LINE('',#13088,#2607);
#1763=LINE('',#13090,#2608);
#1764=LINE('',#13092,#2609);
#1765=LINE('',#13093,#2610);
#1766=LINE('',#13097,#2611);
#1767=LINE('',#13099,#2612);
#1768=LINE('',#13101,#2613);
#1769=LINE('',#13102,#2614);
#1770=LINE('',#13106,#2615);
#1771=LINE('',#13108,#2616);
#1772=LINE('',#13110,#2617);
#1773=LINE('',#13111,#2618);
#1774=LINE('',#13116,#2619);
#1775=LINE('',#13118,#2620);
#1776=LINE('',#13119,#2621);
#1777=LINE('',#13122,#2622);
#1778=LINE('',#13127,#2623);
#1779=LINE('',#13130,#2624);
#1780=LINE('',#13134,#2625);
#1781=LINE('',#13138,#2626);
#1782=LINE('',#13142,#2627);
#1783=LINE('',#13147,#2628);
#1784=LINE('',#13151,#2629);
#1785=LINE('',#13154,#2630);
#1786=LINE('',#13159,#2631);
#1787=LINE('',#13163,#2632);
#1788=LINE('',#13167,#2633);
#1789=LINE('',#13169,#2634);
#1790=LINE('',#13172,#2635);
#1791=LINE('',#13173,#2636);
#1792=LINE('',#13175,#2637);
#1793=LINE('',#13177,#2638);
#1794=LINE('',#13180,#2639);
#1795=LINE('',#13182,#2640);
#1796=LINE('',#13184,#2641);
#1797=LINE('',#13185,#2642);
#1798=LINE('',#13188,#2643);
#1799=LINE('',#13189,#2644);
#1800=LINE('',#13195,#2645);
#1801=LINE('',#13196,#2646);
#1802=LINE('',#13199,#2647);
#1803=LINE('',#13200,#2648);
#1804=LINE('',#13203,#2649);
#1805=LINE('',#13204,#2650);
#1806=LINE('',#13209,#2651);
#1807=LINE('',#13212,#2652);
#1808=LINE('',#13218,#2653);
#1809=LINE('',#13222,#2654);
#1810=LINE('',#13227,#2655);
#1811=LINE('',#13231,#2656);
#1812=LINE('',#13234,#2657);
#1813=LINE('',#13238,#2658);
#1814=LINE('',#13240,#2659);
#1815=LINE('',#13243,#2660);
#1816=LINE('',#13247,#2661);
#1817=LINE('',#13251,#2662);
#1818=LINE('',#13254,#2663);
#1819=LINE('',#13256,#2664);
#1820=LINE('',#13258,#2665);
#1821=LINE('',#13259,#2666);
#1822=LINE('',#13261,#2667);
#1823=LINE('',#13267,#2668);
#1824=LINE('',#13277,#2669);
#1825=LINE('',#13282,#2670);
#1826=LINE('',#13288,#2671);
#1827=LINE('',#13291,#2672);
#1828=LINE('',#13294,#2673);
#1829=LINE('',#13296,#2674);
#1830=LINE('',#13297,#2675);
#1831=LINE('',#13300,#2676);
#1832=LINE('',#13302,#2677);
#1833=LINE('',#13303,#2678);
#1834=LINE('',#13309,#2679);
#1835=LINE('',#13312,#2680);
#1836=LINE('',#13314,#2681);
#1837=LINE('',#13315,#2682);
#1838=LINE('',#13318,#2683);
#1839=LINE('',#13320,#2684);
#1840=LINE('',#13321,#2685);
#1841=LINE('',#13327,#2686);
#1842=LINE('',#13330,#2687);
#1843=LINE('',#13332,#2688);
#1844=LINE('',#13333,#2689);
#1845=LINE('',#13336,#2690);
#1846=LINE('',#13338,#2691);
#1847=LINE('',#13339,#2692);
#1848=LINE('',#13345,#2693);
#1849=LINE('',#13348,#2694);
#1850=LINE('',#13350,#2695);
#1851=LINE('',#13351,#2696);
#1852=LINE('',#13353,#2697);
#1853=LINE('',#13354,#2698);
#1854=LINE('',#13365,#2699);
#1855=LINE('',#13369,#2700);
#1856=LINE('',#13379,#2701);
#1857=LINE('',#13383,#2702);
#1858=LINE('',#13393,#2703);
#1859=LINE('',#13397,#2704);
#1860=LINE('',#13398,#2705);
#1861=LINE('',#13415,#2706);
#1862=LINE('',#13419,#2707);
#1863=LINE('',#13421,#2708);
#1864=LINE('',#13422,#2709);
#1865=LINE('',#13427,#2710);
#1866=LINE('',#13430,#2711);
#1867=LINE('',#13433,#2712);
#1868=LINE('',#13437,#2713);
#1869=LINE('',#13441,#2714);
#1870=LINE('',#13442,#2715);
#1871=LINE('',#13447,#2716);
#1872=LINE('',#13448,#2717);
#1873=LINE('',#13451,#2718);
#1874=LINE('',#13453,#2719);
#1875=LINE('',#13454,#2720);
#1876=LINE('',#13457,#2721);
#1877=LINE('',#13460,#2722);
#1878=LINE('',#13464,#2723);
#1879=LINE('',#13465,#2724);
#1880=LINE('',#13470,#2725);
#1881=LINE('',#13475,#2726);
#1882=LINE('',#13477,#2727);
#1883=LINE('',#13479,#2728);
#1884=LINE('',#13482,#2729);
#1885=LINE('',#13489,#2730);
#1886=LINE('',#13495,#2731);
#1887=LINE('',#13500,#2732);
#1888=LINE('',#13502,#2733);
#1889=LINE('',#13504,#2734);
#1890=LINE('',#13505,#2735);
#1891=LINE('',#13508,#2736);
#1892=LINE('',#13510,#2737);
#1893=LINE('',#13511,#2738);
#1894=LINE('',#13514,#2739);
#1895=LINE('',#13516,#2740);
#1896=LINE('',#13517,#2741);
#1897=LINE('',#13520,#2742);
#1898=LINE('',#13522,#2743);
#1899=LINE('',#13524,#2744);
#1900=LINE('',#13526,#2745);
#1901=LINE('',#13528,#2746);
#1902=LINE('',#13530,#2747);
#1903=LINE('',#13532,#2748);
#1904=LINE('',#13534,#2749);
#1905=LINE('',#13536,#2750);
#1906=LINE('',#13538,#2751);
#1907=LINE('',#13540,#2752);
#1908=LINE('',#13542,#2753);
#1909=LINE('',#13544,#2754);
#1910=LINE('',#13546,#2755);
#1911=LINE('',#13547,#2756);
#1912=LINE('',#13550,#2757);
#1913=LINE('',#13551,#2758);
#1914=LINE('',#13556,#2759);
#1915=LINE('',#13562,#2760);
#1916=LINE('',#13567,#2761);
#1917=LINE('',#13568,#2762);
#1918=LINE('',#13569,#2763);
#1919=LINE('',#13572,#2764);
#1920=LINE('',#13573,#2765);
#1921=LINE('',#13576,#2766);
#1922=LINE('',#13577,#2767);
#1923=LINE('',#13580,#2768);
#1924=LINE('',#13581,#2769);
#1925=LINE('',#13586,#2770);
#1926=LINE('',#13592,#2771);
#1927=LINE('',#13597,#2772);
#1928=LINE('',#13598,#2773);
#1929=LINE('',#13599,#2774);
#1930=LINE('',#13602,#2775);
#1931=LINE('',#13603,#2776);
#1932=LINE('',#13606,#2777);
#1933=LINE('',#13607,#2778);
#1934=LINE('',#13610,#2779);
#1935=LINE('',#13611,#2780);
#1936=LINE('',#13613,#2781);
#1937=LINE('',#13615,#2782);
#1938=LINE('',#13616,#2783);
#1939=LINE('',#13618,#2784);
#1940=LINE('',#13619,#2785);
#1941=LINE('',#13621,#2786);
#1942=LINE('',#13624,#2787);
#1943=LINE('',#13627,#2788);
#1944=LINE('',#13629,#2789);
#1945=LINE('',#13637,#2790);
#1946=LINE('',#13641,#2791);
#1947=LINE('',#13643,#2792);
#1948=LINE('',#13644,#2793);
#1949=LINE('',#13649,#2794);
#1950=LINE('',#13652,#2795);
#1951=LINE('',#13655,#2796);
#1952=LINE('',#13659,#2797);
#1953=LINE('',#13663,#2798);
#1954=LINE('',#13664,#2799);
#1955=LINE('',#13669,#2800);
#1956=LINE('',#13670,#2801);
#1957=LINE('',#13673,#2802);
#1958=LINE('',#13675,#2803);
#1959=LINE('',#13676,#2804);
#1960=LINE('',#13679,#2805);
#1961=LINE('',#13682,#2806);
#1962=LINE('',#13686,#2807);
#1963=LINE('',#13687,#2808);
#1964=LINE('',#13692,#2809);
#1965=LINE('',#13697,#2810);
#1966=LINE('',#13699,#2811);
#1967=LINE('',#13701,#2812);
#1968=LINE('',#13704,#2813);
#1969=LINE('',#13712,#2814);
#1970=LINE('',#13718,#2815);
#1971=LINE('',#13725,#2816);
#1972=LINE('',#13728,#2817);
#1973=LINE('',#13731,#2818);
#1974=LINE('',#13733,#2819);
#1975=LINE('',#13734,#2820);
#1976=LINE('',#13737,#2821);
#1977=LINE('',#13741,#2822);
#1978=LINE('',#13747,#2823);
#1979=LINE('',#13748,#2824);
#1980=LINE('',#13751,#2825);
#1981=LINE('',#13752,#2826);
#1982=LINE('',#13754,#2827);
#1983=LINE('',#13764,#2828);
#1984=LINE('',#13767,#2829);
#1985=LINE('',#13770,#2830);
#1986=LINE('',#13772,#2831);
#1987=LINE('',#13773,#2832);
#1988=LINE('',#13776,#2833);
#1989=LINE('',#13778,#2834);
#1990=LINE('',#13780,#2835);
#1991=LINE('',#13786,#2836);
#1992=LINE('',#13792,#2837);
#1993=LINE('',#13795,#2838);
#1994=LINE('',#13801,#2839);
#1995=LINE('',#13805,#2840);
#1996=LINE('',#13808,#2841);
#1997=LINE('',#13809,#2842);
#1998=LINE('',#13812,#2843);
#1999=LINE('',#13817,#2844);
#2000=LINE('',#13819,#2845);
#2001=LINE('',#13826,#2846);
#2002=LINE('',#13832,#2847);
#2003=LINE('',#13839,#2848);
#2004=LINE('',#13842,#2849);
#2005=LINE('',#13845,#2850);
#2006=LINE('',#13847,#2851);
#2007=LINE('',#13848,#2852);
#2008=LINE('',#13853,#2853);
#2009=LINE('',#13856,#2854);
#2010=LINE('',#13861,#2855);
#2011=LINE('',#13862,#2856);
#2012=LINE('',#13865,#2857);
#2013=LINE('',#13866,#2858);
#2014=LINE('',#13868,#2859);
#2015=LINE('',#13883,#2860);
#2016=LINE('',#13887,#2861);
#2017=LINE('',#13889,#2862);
#2018=LINE('',#13890,#2863);
#2019=LINE('',#13895,#2864);
#2020=LINE('',#13898,#2865);
#2021=LINE('',#13901,#2866);
#2022=LINE('',#13905,#2867);
#2023=LINE('',#13909,#2868);
#2024=LINE('',#13910,#2869);
#2025=LINE('',#13915,#2870);
#2026=LINE('',#13916,#2871);
#2027=LINE('',#13919,#2872);
#2028=LINE('',#13921,#2873);
#2029=LINE('',#13922,#2874);
#2030=LINE('',#13925,#2875);
#2031=LINE('',#13928,#2876);
#2032=LINE('',#13932,#2877);
#2033=LINE('',#13933,#2878);
#2034=LINE('',#13938,#2879);
#2035=LINE('',#13943,#2880);
#2036=LINE('',#13945,#2881);
#2037=LINE('',#13947,#2882);
#2038=LINE('',#13950,#2883);
#2039=LINE('',#13958,#2884);
#2040=LINE('',#13960,#2885);
#2041=LINE('',#13962,#2886);
#2042=LINE('',#13963,#2887);
#2043=LINE('',#13970,#2888);
#2044=LINE('',#13972,#2889);
#2045=LINE('',#13974,#2890);
#2046=LINE('',#13976,#2891);
#2047=LINE('',#13978,#2892);
#2048=LINE('',#13980,#2893);
#2049=LINE('',#13986,#2894);
#2050=LINE('',#13988,#2895);
#2051=LINE('',#13990,#2896);
#2052=LINE('',#13991,#2897);
#2053=LINE('',#13996,#2898);
#2054=LINE('',#13997,#2899);
#2055=LINE('',#14001,#2900);
#2056=LINE('',#14003,#2901);
#2057=LINE('',#14005,#2902);
#2058=LINE('',#14006,#2903);
#2059=LINE('',#14013,#2904);
#2060=LINE('',#14015,#2905);
#2061=LINE('',#14016,#2906);
#2062=LINE('',#14020,#2907);
#2063=LINE('',#14022,#2908);
#2064=LINE('',#14024,#2909);
#2065=LINE('',#14025,#2910);
#2066=LINE('',#14032,#2911);
#2067=LINE('',#14034,#2912);
#2068=LINE('',#14036,#2913);
#2069=LINE('',#14038,#2914);
#2070=LINE('',#14040,#2915);
#2071=LINE('',#14042,#2916);
#2072=LINE('',#14044,#2917);
#2073=LINE('',#14046,#2918);
#2074=LINE('',#14050,#2919);
#2075=LINE('',#14052,#2920);
#2076=LINE('',#14054,#2921);
#2077=LINE('',#14055,#2922);
#2078=LINE('',#14060,#2923);
#2079=LINE('',#14061,#2924);
#2080=LINE('',#14067,#2925);
#2081=LINE('',#14070,#2926);
#2082=LINE('',#14076,#2927);
#2083=LINE('',#14079,#2928);
#2084=LINE('',#14085,#2929);
#2085=LINE('',#14088,#2930);
#2086=LINE('',#14094,#2931);
#2087=LINE('',#14097,#2932);
#2088=LINE('',#14103,#2933);
#2089=LINE('',#14106,#2934);
#2090=LINE('',#14112,#2935);
#2091=LINE('',#14115,#2936);
#2092=LINE('',#14121,#2937);
#2093=LINE('',#14124,#2938);
#2094=LINE('',#14130,#2939);
#2095=LINE('',#14133,#2940);
#2096=LINE('',#14139,#2941);
#2097=LINE('',#14142,#2942);
#2098=LINE('',#14147,#2943);
#2099=LINE('',#14148,#2944);
#2100=LINE('',#14153,#2945);
#2101=LINE('',#14154,#2946);
#2102=LINE('',#14159,#2947);
#2103=LINE('',#14160,#2948);
#2104=LINE('',#14164,#2949);
#2105=LINE('',#14165,#2950);
#2106=LINE('',#14167,#2951);
#2107=LINE('',#14170,#2952);
#2108=LINE('',#14171,#2953);
#2109=LINE('',#14172,#2954);
#2110=LINE('',#14173,#2955);
#2111=LINE('',#14192,#2956);
#2112=LINE('',#14194,#2957);
#2113=LINE('',#14195,#2958);
#2114=LINE('',#14199,#2959);
#2115=LINE('',#14201,#2960);
#2116=LINE('',#14203,#2961);
#2117=LINE('',#14204,#2962);
#2118=LINE('',#14207,#2963);
#2119=LINE('',#14209,#2964);
#2120=LINE('',#14210,#2965);
#2121=LINE('',#14212,#2966);
#2122=LINE('',#14213,#2967);
#2123=LINE('',#14217,#2968);
#2124=LINE('',#14219,#2969);
#2125=LINE('',#14220,#2970);
#2126=LINE('',#14223,#2971);
#2127=LINE('',#14225,#2972);
#2128=LINE('',#14226,#2973);
#2129=LINE('',#14228,#2974);
#2130=LINE('',#14229,#2975);
#2131=LINE('',#14231,#2976);
#2132=LINE('',#14234,#2977);
#2133=LINE('',#14236,#2978);
#2134=LINE('',#14238,#2979);
#2135=LINE('',#14240,#2980);
#2136=LINE('',#14242,#2981);
#2137=LINE('',#14243,#2982);
#2138=LINE('',#14244,#2983);
#2139=LINE('',#14246,#2984);
#2140=LINE('',#14248,#2985);
#2141=LINE('',#14250,#2986);
#2142=LINE('',#14252,#2987);
#2143=LINE('',#14254,#2988);
#2144=LINE('',#14255,#2989);
#2145=LINE('',#14257,#2990);
#2146=LINE('',#14259,#2991);
#2147=LINE('',#14261,#2992);
#2148=LINE('',#14263,#2993);
#2149=LINE('',#14265,#2994);
#2150=LINE('',#14267,#2995);
#2151=LINE('',#14269,#2996);
#2152=LINE('',#14270,#2997);
#2153=LINE('',#14272,#2998);
#2154=LINE('',#14273,#2999);
#2155=LINE('',#14284,#3000);
#2156=LINE('',#14286,#3001);
#2157=LINE('',#14287,#3002);
#2158=LINE('',#14289,#3003);
#2159=LINE('',#14290,#3004);
#2160=LINE('',#14292,#3005);
#2161=LINE('',#14293,#3006);
#2162=LINE('',#14297,#3007);
#2163=LINE('',#14299,#3008);
#2164=LINE('',#14300,#3009);
#2165=LINE('',#14303,#3010);
#2166=LINE('',#14305,#3011);
#2167=LINE('',#14307,#3012);
#2168=LINE('',#14309,#3013);
#2169=LINE('',#14310,#3014);
#2170=LINE('',#14311,#3015);
#2171=LINE('',#14313,#3016);
#2172=LINE('',#14314,#3017);
#2173=LINE('',#14318,#3018);
#2174=LINE('',#14319,#3019);
#2175=LINE('',#14323,#3020);
#2176=LINE('',#14325,#3021);
#2177=LINE('',#14327,#3022);
#2178=LINE('',#14328,#3023);
#2179=LINE('',#14331,#3024);
#2180=LINE('',#14333,#3025);
#2181=LINE('',#14334,#3026);
#2182=LINE('',#14336,#3027);
#2183=LINE('',#14343,#3028);
#2184=LINE('',#14345,#3029);
#2185=LINE('',#14347,#3030);
#2186=LINE('',#14348,#3031);
#2187=LINE('',#14351,#3032);
#2188=LINE('',#14353,#3033);
#2189=LINE('',#14354,#3034);
#2190=LINE('',#14356,#3035);
#2191=LINE('',#14361,#3036);
#2192=LINE('',#14364,#3037);
#2193=LINE('',#14366,#3038);
#2194=LINE('',#14367,#3039);
#2195=LINE('',#14369,#3040);
#2196=LINE('',#14370,#3041);
#2197=LINE('',#14493,#3042);
#2198=LINE('',#14504,#3043);
#2199=LINE('',#14505,#3044);
#2200=LINE('',#14512,#3045);
#2201=LINE('',#14514,#3046);
#2202=LINE('',#14520,#3047);
#2203=LINE('',#14522,#3048);
#2204=LINE('',#14523,#3049);
#2205=LINE('',#14525,#3050);
#2206=LINE('',#14595,#3051);
#2207=LINE('',#14598,#3052);
#2208=LINE('',#14603,#3053);
#2209=LINE('',#14606,#3054);
#2210=LINE('',#14610,#3055);
#2211=LINE('',#14614,#3056);
#2212=LINE('',#14618,#3057);
#2213=LINE('',#14622,#3058);
#2214=LINE('',#14624,#3059);
#2215=LINE('',#14631,#3060);
#2216=LINE('',#14634,#3061);
#2217=LINE('',#14637,#3062);
#2218=LINE('',#14639,#3063);
#2219=LINE('',#14642,#3064);
#2220=LINE('',#14644,#3065);
#2221=LINE('',#14646,#3066);
#2222=LINE('',#14648,#3067);
#2223=LINE('',#14652,#3068);
#2224=LINE('',#14654,#3069);
#2225=LINE('',#14656,#3070);
#2226=LINE('',#14658,#3071);
#2227=LINE('',#14660,#3072);
#2228=LINE('',#14662,#3073);
#2229=LINE('',#14664,#3074);
#2230=LINE('',#14669,#3075);
#2231=LINE('',#14675,#3076);
#2232=LINE('',#14681,#3077);
#2233=LINE('',#14687,#3078);
#2234=LINE('',#14694,#3079);
#2235=LINE('',#14697,#3080);
#2236=LINE('',#14720,#3081);
#2237=LINE('',#14723,#3082);
#2238=LINE('',#14728,#3083);
#2239=LINE('',#14731,#3084);
#2240=LINE('',#14737,#3085);
#2241=LINE('',#14741,#3086);
#2242=LINE('',#14745,#3087);
#2243=LINE('',#14748,#3088);
#2244=LINE('',#14758,#3089);
#2245=LINE('',#14764,#3090);
#2246=LINE('',#14772,#3091);
#2247=LINE('',#14778,#3092);
#2248=LINE('',#14782,#3093);
#2249=LINE('',#14784,#3094);
#2250=LINE('',#14786,#3095);
#2251=LINE('',#14787,#3096);
#2252=LINE('',#14790,#3097);
#2253=LINE('',#14792,#3098);
#2254=LINE('',#14793,#3099);
#2255=LINE('',#14796,#3100);
#2256=LINE('',#14798,#3101);
#2257=LINE('',#14800,#3102);
#2258=LINE('',#14802,#3103);
#2259=LINE('',#14803,#3104);
#2260=LINE('',#14808,#3105);
#2261=LINE('',#14812,#3106);
#2262=LINE('',#14818,#3107);
#2263=LINE('',#14822,#3108);
#2264=LINE('',#14830,#3109);
#2265=LINE('',#14834,#3110);
#2266=LINE('',#14842,#3111);
#2267=LINE('',#14846,#3112);
#2268=LINE('',#14854,#3113);
#2269=LINE('',#14863,#3114);
#2270=LINE('',#14870,#3115);
#2271=LINE('',#14873,#3116);
#2272=LINE('',#14875,#3117);
#2273=LINE('',#14879,#3118);
#2274=LINE('',#14884,#3119);
#2275=LINE('',#14889,#3120);
#2276=LINE('',#14894,#3121);
#2277=LINE('',#14896,#3122);
#2278=LINE('',#14898,#3123);
#2279=LINE('',#14899,#3124);
#2280=LINE('',#14903,#3125);
#2281=LINE('',#14905,#3126);
#2282=LINE('',#14907,#3127);
#2283=LINE('',#14908,#3128);
#2284=LINE('',#14911,#3129);
#2285=LINE('',#14913,#3130);
#2286=LINE('',#14915,#3131);
#2287=LINE('',#14916,#3132);
#2288=LINE('',#14919,#3133);
#2289=LINE('',#14921,#3134);
#2290=LINE('',#14922,#3135);
#2291=LINE('',#14926,#3136);
#2292=LINE('',#14928,#3137);
#2293=LINE('',#14930,#3138);
#2294=LINE('',#14931,#3139);
#2295=LINE('',#14933,#3140);
#2296=LINE('',#14934,#3141);
#2297=LINE('',#14935,#3142);
#2298=LINE('',#14940,#3143);
#2299=LINE('',#14947,#3144);
#2300=LINE('',#14950,#3145);
#2301=LINE('',#14953,#3146);
#2302=LINE('',#14955,#3147);
#2303=LINE('',#14956,#3148);
#2304=LINE('',#14962,#3149);
#2305=LINE('',#14963,#3150);
#2306=LINE('',#14965,#3151);
#2307=LINE('',#14966,#3152);
#2308=LINE('',#14971,#3153);
#2309=LINE('',#14973,#3154);
#2310=LINE('',#14975,#3155);
#2311=LINE('',#14976,#3156);
#2312=LINE('',#14978,#3157);
#2313=LINE('',#14982,#3158);
#2314=LINE('',#14990,#3159);
#2315=LINE('',#14992,#3160);
#2316=LINE('',#15000,#3161);
#2317=LINE('',#15002,#3162);
#2318=LINE('',#15007,#3163);
#2319=LINE('',#15009,#3164);
#2320=LINE('',#15011,#3165);
#2321=LINE('',#15015,#3166);
#2322=LINE('',#15018,#3167);
#2323=LINE('',#15020,#3168);
#2324=LINE('',#15021,#3169);
#2325=LINE('',#15023,#3170);
#2326=LINE('',#15026,#3171);
#2327=LINE('',#15027,#3172);
#2328=LINE('',#15029,#3173);
#2329=LINE('',#15032,#3174);
#2330=LINE('',#15034,#3175);
#2331=LINE('',#15038,#3176);
#2332=LINE('',#15042,#3177);
#2333=LINE('',#15044,#3178);
#2334=LINE('',#15048,#3179);
#2335=LINE('',#15050,#3180);
#2336=LINE('',#15051,#3181);
#2337=LINE('',#15052,#3182);
#2338=LINE('',#15054,#3183);
#2339=LINE('',#15055,#3184);
#2340=LINE('',#15056,#3185);
#2341=LINE('',#15058,#3186);
#2342=LINE('',#15059,#3187);
#2343=LINE('',#15061,#3188);
#2344=LINE('',#15063,#3189);
#2345=LINE('',#15065,#3190);
#2346=LINE('',#15068,#3191);
#2347=LINE('',#15069,#3192);
#2348=LINE('',#15071,#3193);
#2349=LINE('',#15072,#3194);
#2350=LINE('',#15074,#3195);
#2351=LINE('',#15077,#3196);
#2352=LINE('',#15078,#3197);
#2353=LINE('',#15080,#3198);
#2354=LINE('',#15082,#3199);
#2355=LINE('',#15084,#3200);
#2356=LINE('',#15088,#3201);
#2357=LINE('',#15089,#3202);
#2358=LINE('',#15093,#3203);
#2359=LINE('',#15098,#3204);
#2360=LINE('',#15107,#3205);
#2361=LINE('',#15113,#3206);
#2362=LINE('',#15121,#3207);
#2363=LINE('',#15127,#3208);
#2364=LINE('',#15131,#3209);
#2365=LINE('',#15133,#3210);
#2366=LINE('',#15135,#3211);
#2367=LINE('',#15136,#3212);
#2368=LINE('',#15139,#3213);
#2369=LINE('',#15141,#3214);
#2370=LINE('',#15142,#3215);
#2371=LINE('',#15145,#3216);
#2372=LINE('',#15147,#3217);
#2373=LINE('',#15149,#3218);
#2374=LINE('',#15151,#3219);
#2375=LINE('',#15152,#3220);
#2376=LINE('',#15157,#3221);
#2377=LINE('',#15161,#3222);
#2378=LINE('',#15167,#3223);
#2379=LINE('',#15171,#3224);
#2380=LINE('',#15179,#3225);
#2381=LINE('',#15183,#3226);
#2382=LINE('',#15191,#3227);
#2383=LINE('',#15195,#3228);
#2384=LINE('',#15203,#3229);
#2385=LINE('',#15212,#3230);
#2386=LINE('',#15219,#3231);
#2387=LINE('',#15222,#3232);
#2388=LINE('',#15224,#3233);
#2389=LINE('',#15228,#3234);
#2390=LINE('',#15233,#3235);
#2391=LINE('',#15238,#3236);
#2392=LINE('',#15243,#3237);
#2393=LINE('',#15245,#3238);
#2394=LINE('',#15247,#3239);
#2395=LINE('',#15248,#3240);
#2396=LINE('',#15252,#3241);
#2397=LINE('',#15254,#3242);
#2398=LINE('',#15256,#3243);
#2399=LINE('',#15257,#3244);
#2400=LINE('',#15260,#3245);
#2401=LINE('',#15262,#3246);
#2402=LINE('',#15264,#3247);
#2403=LINE('',#15265,#3248);
#2404=LINE('',#15268,#3249);
#2405=LINE('',#15270,#3250);
#2406=LINE('',#15271,#3251);
#2407=LINE('',#15275,#3252);
#2408=LINE('',#15277,#3253);
#2409=LINE('',#15279,#3254);
#2410=LINE('',#15280,#3255);
#2411=LINE('',#15282,#3256);
#2412=LINE('',#15283,#3257);
#2413=LINE('',#15284,#3258);
#2414=LINE('',#15289,#3259);
#2415=LINE('',#15296,#3260);
#2416=LINE('',#15299,#3261);
#2417=LINE('',#15302,#3262);
#2418=LINE('',#15304,#3263);
#2419=LINE('',#15305,#3264);
#2420=LINE('',#15311,#3265);
#2421=LINE('',#15312,#3266);
#2422=LINE('',#15314,#3267);
#2423=LINE('',#15315,#3268);
#2424=LINE('',#15320,#3269);
#2425=LINE('',#15322,#3270);
#2426=LINE('',#15324,#3271);
#2427=LINE('',#15325,#3272);
#2428=LINE('',#15327,#3273);
#2429=LINE('',#15331,#3274);
#2430=LINE('',#15339,#3275);
#2431=LINE('',#15341,#3276);
#2432=LINE('',#15349,#3277);
#2433=LINE('',#15351,#3278);
#2434=LINE('',#15356,#3279);
#2435=LINE('',#15358,#3280);
#2436=LINE('',#15360,#3281);
#2437=LINE('',#15364,#3282);
#2438=LINE('',#15367,#3283);
#2439=LINE('',#15369,#3284);
#2440=LINE('',#15370,#3285);
#2441=LINE('',#15372,#3286);
#2442=LINE('',#15375,#3287);
#2443=LINE('',#15376,#3288);
#2444=LINE('',#15378,#3289);
#2445=LINE('',#15381,#3290);
#2446=LINE('',#15383,#3291);
#2447=LINE('',#15387,#3292);
#2448=LINE('',#15391,#3293);
#2449=LINE('',#15393,#3294);
#2450=LINE('',#15397,#3295);
#2451=LINE('',#15399,#3296);
#2452=LINE('',#15400,#3297);
#2453=LINE('',#15401,#3298);
#2454=LINE('',#15403,#3299);
#2455=LINE('',#15404,#3300);
#2456=LINE('',#15405,#3301);
#2457=LINE('',#15407,#3302);
#2458=LINE('',#15408,#3303);
#2459=LINE('',#15410,#3304);
#2460=LINE('',#15412,#3305);
#2461=LINE('',#15414,#3306);
#2462=LINE('',#15417,#3307);
#2463=LINE('',#15418,#3308);
#2464=LINE('',#15420,#3309);
#2465=LINE('',#15421,#3310);
#2466=LINE('',#15423,#3311);
#2467=LINE('',#15426,#3312);
#2468=LINE('',#15427,#3313);
#2469=LINE('',#15429,#3314);
#2470=LINE('',#15431,#3315);
#2471=LINE('',#15433,#3316);
#2472=LINE('',#15437,#3317);
#2473=LINE('',#15438,#3318);
#2474=LINE('',#15442,#3319);
#2475=LINE('',#15447,#3320);
#2476=LINE('',#15452,#3321);
#2477=LINE('',#15454,#3322);
#2478=LINE('',#15456,#3323);
#2479=LINE('',#15457,#3324);
#2480=LINE('',#15460,#3325);
#2481=LINE('',#15462,#3326);
#2482=LINE('',#15463,#3327);
#2483=LINE('',#15466,#3328);
#2484=LINE('',#15468,#3329);
#2485=LINE('',#15470,#3330);
#2486=LINE('',#15472,#3331);
#2487=LINE('',#15473,#3332);
#2488=LINE('',#15478,#3333);
#2489=LINE('',#15482,#3334);
#2490=LINE('',#15488,#3335);
#2491=LINE('',#15492,#3336);
#2492=LINE('',#15500,#3337);
#2493=LINE('',#15504,#3338);
#2494=LINE('',#15512,#3339);
#2495=LINE('',#15516,#3340);
#2496=LINE('',#15524,#3341);
#2497=LINE('',#15533,#3342);
#2498=LINE('',#15540,#3343);
#2499=LINE('',#15543,#3344);
#2500=LINE('',#15545,#3345);
#2501=LINE('',#15549,#3346);
#2502=LINE('',#15554,#3347);
#2503=LINE('',#15559,#3348);
#2504=LINE('',#15564,#3349);
#2505=LINE('',#15566,#3350);
#2506=LINE('',#15568,#3351);
#2507=LINE('',#15569,#3352);
#2508=LINE('',#15573,#3353);
#2509=LINE('',#15575,#3354);
#2510=LINE('',#15577,#3355);
#2511=LINE('',#15578,#3356);
#2512=LINE('',#15581,#3357);
#2513=LINE('',#15583,#3358);
#2514=LINE('',#15585,#3359);
#2515=LINE('',#15586,#3360);
#2516=LINE('',#15589,#3361);
#2517=LINE('',#15591,#3362);
#2518=LINE('',#15592,#3363);
#2519=LINE('',#15596,#3364);
#2520=LINE('',#15598,#3365);
#2521=LINE('',#15600,#3366);
#2522=LINE('',#15601,#3367);
#2523=LINE('',#15603,#3368);
#2524=LINE('',#15604,#3369);
#2525=LINE('',#15605,#3370);
#2526=LINE('',#15610,#3371);
#2527=LINE('',#15617,#3372);
#2528=LINE('',#15620,#3373);
#2529=LINE('',#15623,#3374);
#2530=LINE('',#15625,#3375);
#2531=LINE('',#15626,#3376);
#2532=LINE('',#15632,#3377);
#2533=LINE('',#15633,#3378);
#2534=LINE('',#15635,#3379);
#2535=LINE('',#15636,#3380);
#2536=LINE('',#15641,#3381);
#2537=LINE('',#15643,#3382);
#2538=LINE('',#15645,#3383);
#2539=LINE('',#15646,#3384);
#2540=LINE('',#15648,#3385);
#2541=LINE('',#15652,#3386);
#2542=LINE('',#15660,#3387);
#2543=LINE('',#15662,#3388);
#2544=LINE('',#15670,#3389);
#2545=LINE('',#15672,#3390);
#2546=LINE('',#15677,#3391);
#2547=LINE('',#15679,#3392);
#2548=LINE('',#15681,#3393);
#2549=LINE('',#15685,#3394);
#2550=LINE('',#15688,#3395);
#2551=LINE('',#15690,#3396);
#2552=LINE('',#15691,#3397);
#2553=LINE('',#15693,#3398);
#2554=LINE('',#15696,#3399);
#2555=LINE('',#15697,#3400);
#2556=LINE('',#15699,#3401);
#2557=LINE('',#15702,#3402);
#2558=LINE('',#15704,#3403);
#2559=LINE('',#15708,#3404);
#2560=LINE('',#15712,#3405);
#2561=LINE('',#15714,#3406);
#2562=LINE('',#15718,#3407);
#2563=LINE('',#15720,#3408);
#2564=LINE('',#15721,#3409);
#2565=LINE('',#15722,#3410);
#2566=LINE('',#15724,#3411);
#2567=LINE('',#15725,#3412);
#2568=LINE('',#15726,#3413);
#2569=LINE('',#15728,#3414);
#2570=LINE('',#15729,#3415);
#2571=LINE('',#15731,#3416);
#2572=LINE('',#15733,#3417);
#2573=LINE('',#15735,#3418);
#2574=LINE('',#15738,#3419);
#2575=LINE('',#15739,#3420);
#2576=LINE('',#15741,#3421);
#2577=LINE('',#15742,#3422);
#2578=LINE('',#15744,#3423);
#2579=LINE('',#15747,#3424);
#2580=LINE('',#15748,#3425);
#2581=LINE('',#15750,#3426);
#2582=LINE('',#15752,#3427);
#2583=LINE('',#15754,#3428);
#2584=LINE('',#15758,#3429);
#2585=LINE('',#15759,#3430);
#2586=LINE('',#15763,#3431);
#2587=LINE('',#15768,#3432);
#2588=VECTOR('',#10281,4.35);
#2589=VECTOR('',#10292,3.);
#2590=VECTOR('',#10295,10.);
#2591=VECTOR('',#10298,3.);
#2592=VECTOR('',#10303,10.);
#2593=VECTOR('',#10314,1.625);
#2594=VECTOR('',#10319,10.);
#2595=VECTOR('',#10320,10.);
#2596=VECTOR('',#10321,10.);
#2597=VECTOR('',#10322,10.);
#2598=VECTOR('',#10323,10.);
#2599=VECTOR('',#10328,10.);
#2600=VECTOR('',#10331,10.);
#2601=VECTOR('',#10332,10.);
#2602=VECTOR('',#10335,10.);
#2603=VECTOR('',#10336,10.);
#2604=VECTOR('',#10339,10.);
#2605=VECTOR('',#10340,10.);
#2606=VECTOR('',#10341,10.);
#2607=VECTOR('',#10344,10.);
#2608=VECTOR('',#10345,10.);
#2609=VECTOR('',#10346,10.);
#2610=VECTOR('',#10347,10.);
#2611=VECTOR('',#10350,10.);
#2612=VECTOR('',#10351,10.);
#2613=VECTOR('',#10352,10.);
#2614=VECTOR('',#10353,10.);
#2615=VECTOR('',#10356,10.);
#2616=VECTOR('',#10357,10.);
#2617=VECTOR('',#10358,10.);
#2618=VECTOR('',#10359,10.);
#2619=VECTOR('',#10366,10.);
#2620=VECTOR('',#10367,10.);
#2621=VECTOR('',#10368,10.);
#2622=VECTOR('',#10371,2.9);
#2623=VECTOR('',#10376,10.);
#2624=VECTOR('',#10379,10.);
#2625=VECTOR('',#10384,10.);
#2626=VECTOR('',#10387,10.);
#2627=VECTOR('',#10392,10.);
#2628=VECTOR('',#10399,10.);
#2629=VECTOR('',#10402,10.);
#2630=VECTOR('',#10405,10.);
#2631=VECTOR('',#10410,10.);
#2632=VECTOR('',#10413,10.);
#2633=VECTOR('',#10418,10.);
#2634=VECTOR('',#10419,10.);
#2635=VECTOR('',#10424,10.);
#2636=VECTOR('',#10425,10.);
#2637=VECTOR('',#10428,10.);
#2638=VECTOR('',#10429,10.);
#2639=VECTOR('',#10434,10.);
#2640=VECTOR('',#10437,10.);
#2641=VECTOR('',#10440,10.);
#2642=VECTOR('',#10441,10.);
#2643=VECTOR('',#10444,10.);
#2644=VECTOR('',#10445,10.);
#2645=VECTOR('',#10452,10.);
#2646=VECTOR('',#10453,10.);
#2647=VECTOR('',#10456,10.);
#2648=VECTOR('',#10457,10.);
#2649=VECTOR('',#10460,10.);
#2650=VECTOR('',#10461,10.);
#2651=VECTOR('',#10466,10.);
#2652=VECTOR('',#10469,10.);
#2653=VECTOR('',#10476,10.);
#2654=VECTOR('',#10481,10.);
#2655=VECTOR('',#10488,10.);
#2656=VECTOR('',#10491,10.);
#2657=VECTOR('',#10494,10.);
#2658=VECTOR('',#10499,10.);
#2659=VECTOR('',#10502,10.);
#2660=VECTOR('',#10505,10.);
#2661=VECTOR('',#10510,10.);
#2662=VECTOR('',#10515,10.);
#2663=VECTOR('',#10520,10.);
#2664=VECTOR('',#10523,10.);
#2665=VECTOR('',#10526,10.);
#2666=VECTOR('',#10527,10.);
#2667=VECTOR('',#10530,10.);
#2668=VECTOR('',#10539,10.);
#2669=VECTOR('',#10554,6.5);
#2670=VECTOR('',#10561,2.9);
#2671=VECTOR('',#10566,10.);
#2672=VECTOR('',#10569,10.);
#2673=VECTOR('',#10572,10.);
#2674=VECTOR('',#10573,10.);
#2675=VECTOR('',#10574,10.);
#2676=VECTOR('',#10577,10.);
#2677=VECTOR('',#10578,10.);
#2678=VECTOR('',#10579,10.);
#2679=VECTOR('',#10586,10.);
#2680=VECTOR('',#10589,10.);
#2681=VECTOR('',#10590,10.);
#2682=VECTOR('',#10591,10.);
#2683=VECTOR('',#10594,10.);
#2684=VECTOR('',#10595,10.);
#2685=VECTOR('',#10596,10.);
#2686=VECTOR('',#10603,10.);
#2687=VECTOR('',#10606,10.);
#2688=VECTOR('',#10607,10.);
#2689=VECTOR('',#10608,10.);
#2690=VECTOR('',#10611,10.);
#2691=VECTOR('',#10612,10.);
#2692=VECTOR('',#10613,10.);
#2693=VECTOR('',#10620,10.);
#2694=VECTOR('',#10623,10.);
#2695=VECTOR('',#10624,10.);
#2696=VECTOR('',#10625,10.);
#2697=VECTOR('',#10628,10.);
#2698=VECTOR('',#10629,10.);
#2699=VECTOR('',#10644,1.625);
#2700=VECTOR('',#10649,3.);
#2701=VECTOR('',#10662,1.625);
#2702=VECTOR('',#10667,3.);
#2703=VECTOR('',#10680,1.625);
#2704=VECTOR('',#10685,3.);
#2705=VECTOR('',#10686,3.);
#2706=VECTOR('',#10713,10.);
#2707=VECTOR('',#10716,10.);
#2708=VECTOR('',#10717,10.);
#2709=VECTOR('',#10718,10.);
#2710=VECTOR('',#10723,10.);
#2711=VECTOR('',#10726,10.);
#2712=VECTOR('',#10729,10.);
#2713=VECTOR('',#10732,10.);
#2714=VECTOR('',#10735,10.);
#2715=VECTOR('',#10736,10.);
#2716=VECTOR('',#10741,10.);
#2717=VECTOR('',#10742,10.);
#2718=VECTOR('',#10745,10.);
#2719=VECTOR('',#10746,10.);
#2720=VECTOR('',#10747,10.);
#2721=VECTOR('',#10750,10.);
#2722=VECTOR('',#10753,10.);
#2723=VECTOR('',#10758,10.);
#2724=VECTOR('',#10759,10.);
#2725=VECTOR('',#10764,10.);
#2726=VECTOR('',#10771,10.);
#2727=VECTOR('',#10774,10.);
#2728=VECTOR('',#10777,1.75);
#2729=VECTOR('',#10782,1.75);
#2730=VECTOR('',#10791,1.74186149250536);
#2731=VECTOR('',#10798,1.74186149250536);
#2732=VECTOR('',#10803,11.495);
#2733=VECTOR('',#10804,11.495);
#2734=VECTOR('',#10805,11.495);
#2735=VECTOR('',#10806,11.495);
#2736=VECTOR('',#10809,11.495);
#2737=VECTOR('',#10810,11.495);
#2738=VECTOR('',#10811,11.495);
#2739=VECTOR('',#10814,11.495);
#2740=VECTOR('',#10815,11.495);
#2741=VECTOR('',#10816,11.495);
#2742=VECTOR('',#10819,11.495);
#2743=VECTOR('',#10820,11.495);
#2744=VECTOR('',#10821,11.495);
#2745=VECTOR('',#10822,11.495);
#2746=VECTOR('',#10823,11.495);
#2747=VECTOR('',#10824,11.495);
#2748=VECTOR('',#10825,11.495);
#2749=VECTOR('',#10826,11.495);
#2750=VECTOR('',#10827,11.495);
#2751=VECTOR('',#10828,11.495);
#2752=VECTOR('',#10829,11.495);
#2753=VECTOR('',#10830,11.495);
#2754=VECTOR('',#10831,11.495);
#2755=VECTOR('',#10832,11.495);
#2756=VECTOR('',#10833,11.495);
#2757=VECTOR('',#10836,11.495);
#2758=VECTOR('',#10837,11.495);
#2759=VECTOR('',#10842,1.74186149250536);
#2760=VECTOR('',#10849,1.74186149250536);
#2761=VECTOR('',#10854,11.495);
#2762=VECTOR('',#10855,11.495);
#2763=VECTOR('',#10856,11.495);
#2764=VECTOR('',#10859,11.495);
#2765=VECTOR('',#10860,11.495);
#2766=VECTOR('',#10863,11.495);
#2767=VECTOR('',#10864,11.495);
#2768=VECTOR('',#10867,11.495);
#2769=VECTOR('',#10868,11.495);
#2770=VECTOR('',#10873,1.74186149250536);
#2771=VECTOR('',#10880,1.74186149250536);
#2772=VECTOR('',#10885,11.495);
#2773=VECTOR('',#10886,11.495);
#2774=VECTOR('',#10887,11.495);
#2775=VECTOR('',#10890,11.495);
#2776=VECTOR('',#10891,11.495);
#2777=VECTOR('',#10894,11.495);
#2778=VECTOR('',#10895,11.495);
#2779=VECTOR('',#10898,11.495);
#2780=VECTOR('',#10899,11.495);
#2781=VECTOR('',#10900,11.495);
#2782=VECTOR('',#10901,11.495);
#2783=VECTOR('',#10902,11.495);
#2784=VECTOR('',#10903,11.495);
#2785=VECTOR('',#10904,11.495);
#2786=VECTOR('',#10907,11.495);
#2787=VECTOR('',#10912,11.495);
#2788=VECTOR('',#10917,11.495);
#2789=VECTOR('',#10920,11.495);
#2790=VECTOR('',#10929,10.);
#2791=VECTOR('',#10932,10.);
#2792=VECTOR('',#10933,10.);
#2793=VECTOR('',#10934,10.);
#2794=VECTOR('',#10939,10.);
#2795=VECTOR('',#10942,10.);
#2796=VECTOR('',#10945,10.);
#2797=VECTOR('',#10948,10.);
#2798=VECTOR('',#10951,10.);
#2799=VECTOR('',#10952,10.);
#2800=VECTOR('',#10957,10.);
#2801=VECTOR('',#10958,10.);
#2802=VECTOR('',#10961,10.);
#2803=VECTOR('',#10962,10.);
#2804=VECTOR('',#10963,10.);
#2805=VECTOR('',#10966,10.);
#2806=VECTOR('',#10969,10.);
#2807=VECTOR('',#10974,10.);
#2808=VECTOR('',#10975,10.);
#2809=VECTOR('',#10980,10.);
#2810=VECTOR('',#10987,10.);
#2811=VECTOR('',#10990,10.);
#2812=VECTOR('',#10993,1.75);
#2813=VECTOR('',#10998,1.75);
#2814=VECTOR('',#11009,2.);
#2815=VECTOR('',#11016,2.);
#2816=VECTOR('',#11023,10.);
#2817=VECTOR('',#11026,10.);
#2818=VECTOR('',#11029,10.);
#2819=VECTOR('',#11030,10.);
#2820=VECTOR('',#11031,10.);
#2821=VECTOR('',#11034,10.);
#2822=VECTOR('',#11037,10.);
#2823=VECTOR('',#11044,10.);
#2824=VECTOR('',#11045,10.);
#2825=VECTOR('',#11048,10.);
#2826=VECTOR('',#11049,10.);
#2827=VECTOR('',#11052,10.);
#2828=VECTOR('',#11065,10.);
#2829=VECTOR('',#11068,10.);
#2830=VECTOR('',#11071,10.);
#2831=VECTOR('',#11072,10.);
#2832=VECTOR('',#11073,10.);
#2833=VECTOR('',#11076,10.);
#2834=VECTOR('',#11077,10.);
#2835=VECTOR('',#11078,10.);
#2836=VECTOR('',#11085,10.);
#2837=VECTOR('',#11092,10.);
#2838=VECTOR('',#11095,10.);
#2839=VECTOR('',#11102,1.75000000000001);
#2840=VECTOR('',#11107,10.);
#2841=VECTOR('',#11110,10.);
#2842=VECTOR('',#11111,10.);
#2843=VECTOR('',#11114,10.);
#2844=VECTOR('',#11121,10.);
#2845=VECTOR('',#11124,2.);
#2846=VECTOR('',#11133,2.);
#2847=VECTOR('',#11140,2.);
#2848=VECTOR('',#11147,10.);
#2849=VECTOR('',#11150,10.);
#2850=VECTOR('',#11153,10.);
#2851=VECTOR('',#11154,10.);
#2852=VECTOR('',#11155,10.);
#2853=VECTOR('',#11160,10.);
#2854=VECTOR('',#11163,10.);
#2855=VECTOR('',#11168,10.);
#2856=VECTOR('',#11169,10.);
#2857=VECTOR('',#11172,10.);
#2858=VECTOR('',#11173,10.);
#2859=VECTOR('',#11176,10.);
#2860=VECTOR('',#11199,10.);
#2861=VECTOR('',#11202,10.);
#2862=VECTOR('',#11203,10.);
#2863=VECTOR('',#11204,10.);
#2864=VECTOR('',#11209,10.);
#2865=VECTOR('',#11212,10.);
#2866=VECTOR('',#11215,10.);
#2867=VECTOR('',#11218,10.);
#2868=VECTOR('',#11221,10.);
#2869=VECTOR('',#11222,10.);
#2870=VECTOR('',#11227,10.);
#2871=VECTOR('',#11228,10.);
#2872=VECTOR('',#11231,10.);
#2873=VECTOR('',#11232,10.);
#2874=VECTOR('',#11233,10.);
#2875=VECTOR('',#11236,10.);
#2876=VECTOR('',#11239,10.);
#2877=VECTOR('',#11244,10.);
#2878=VECTOR('',#11245,10.);
#2879=VECTOR('',#11250,10.);
#2880=VECTOR('',#11257,10.);
#2881=VECTOR('',#11260,10.);
#2882=VECTOR('',#11263,1.75);
#2883=VECTOR('',#11268,1.75);
#2884=VECTOR('',#11279,10.);
#2885=VECTOR('',#11280,10.);
#2886=VECTOR('',#11281,10.);
#2887=VECTOR('',#11282,10.);
#2888=VECTOR('',#11289,10.);
#2889=VECTOR('',#11290,10.);
#2890=VECTOR('',#11291,10.);
#2891=VECTOR('',#11292,10.);
#2892=VECTOR('',#11293,10.);
#2893=VECTOR('',#11294,10.);
#2894=VECTOR('',#11299,10.);
#2895=VECTOR('',#11300,10.);
#2896=VECTOR('',#11301,10.);
#2897=VECTOR('',#11302,10.);
#2898=VECTOR('',#11307,10.);
#2899=VECTOR('',#11308,10.);
#2900=VECTOR('',#11311,10.);
#2901=VECTOR('',#11312,10.);
#2902=VECTOR('',#11313,10.);
#2903=VECTOR('',#11314,10.);
#2904=VECTOR('',#11321,10.);
#2905=VECTOR('',#11322,10.);
#2906=VECTOR('',#11323,10.);
#2907=VECTOR('',#11326,10.);
#2908=VECTOR('',#11327,10.);
#2909=VECTOR('',#11328,10.);
#2910=VECTOR('',#11329,10.);
#2911=VECTOR('',#11336,10.);
#2912=VECTOR('',#11337,10.);
#2913=VECTOR('',#11338,10.);
#2914=VECTOR('',#11339,10.);
#2915=VECTOR('',#11340,10.);
#2916=VECTOR('',#11341,10.);
#2917=VECTOR('',#11342,10.);
#2918=VECTOR('',#11343,10.);
#2919=VECTOR('',#11346,10.);
#2920=VECTOR('',#11347,10.);
#2921=VECTOR('',#11348,10.);
#2922=VECTOR('',#11349,10.);
#2923=VECTOR('',#11354,10.);
#2924=VECTOR('',#11355,10.);
#2925=VECTOR('',#11360,10.);
#2926=VECTOR('',#11363,10.);
#2927=VECTOR('',#11368,10.);
#2928=VECTOR('',#11371,10.);
#2929=VECTOR('',#11376,10.);
#2930=VECTOR('',#11379,10.);
#2931=VECTOR('',#11384,10.);
#2932=VECTOR('',#11387,10.);
#2933=VECTOR('',#11392,10.);
#2934=VECTOR('',#11395,10.);
#2935=VECTOR('',#11400,10.);
#2936=VECTOR('',#11403,10.);
#2937=VECTOR('',#11408,130.);
#2938=VECTOR('',#11411,10.);
#2939=VECTOR('',#11416,130.);
#2940=VECTOR('',#11419,10.);
#2941=VECTOR('',#11424,130.);
#2942=VECTOR('',#11427,10.);
#2943=VECTOR('',#11432,10.);
#2944=VECTOR('',#11433,10.);
#2945=VECTOR('',#11438,10.);
#2946=VECTOR('',#11439,10.);
#2947=VECTOR('',#11444,10.);
#2948=VECTOR('',#11445,10.);
#2949=VECTOR('',#11450,45.);
#2950=VECTOR('',#11451,10.);
#2951=VECTOR('',#11452,10.);
#2952=VECTOR('',#11455,10.);
#2953=VECTOR('',#11456,10.);
#2954=VECTOR('',#11457,10.);
#2955=VECTOR('',#11458,10.);
#2956=VECTOR('',#11477,10.);
#2957=VECTOR('',#11478,10.);
#2958=VECTOR('',#11479,10.);
#2959=VECTOR('',#11482,10.);
#2960=VECTOR('',#11483,10.);
#2961=VECTOR('',#11484,10.);
#2962=VECTOR('',#11485,10.);
#2963=VECTOR('',#11488,10.);
#2964=VECTOR('',#11489,10.);
#2965=VECTOR('',#11490,10.);
#2966=VECTOR('',#11493,10.);
#2967=VECTOR('',#11494,10.);
#2968=VECTOR('',#11497,10.);
#2969=VECTOR('',#11498,10.);
#2970=VECTOR('',#11499,10.);
#2971=VECTOR('',#11502,10.);
#2972=VECTOR('',#11503,10.);
#2973=VECTOR('',#11504,10.);
#2974=VECTOR('',#11507,10.);
#2975=VECTOR('',#11508,10.);
#2976=VECTOR('',#11511,10.);
#2977=VECTOR('',#11514,10.);
#2978=VECTOR('',#11515,10.);
#2979=VECTOR('',#11516,10.);
#2980=VECTOR('',#11517,10.);
#2981=VECTOR('',#11518,10.);
#2982=VECTOR('',#11519,10.);
#2983=VECTOR('',#11520,10.);
#2984=VECTOR('',#11521,10.);
#2985=VECTOR('',#11522,10.);
#2986=VECTOR('',#11523,10.);
#2987=VECTOR('',#11524,10.);
#2988=VECTOR('',#11525,10.);
#2989=VECTOR('',#11526,10.);
#2990=VECTOR('',#11527,10.);
#2991=VECTOR('',#11528,10.);
#2992=VECTOR('',#11529,10.);
#2993=VECTOR('',#11530,10.);
#2994=VECTOR('',#11531,10.);
#2995=VECTOR('',#11532,10.);
#2996=VECTOR('',#11533,10.);
#2997=VECTOR('',#11534,10.);
#2998=VECTOR('',#11535,10.);
#2999=VECTOR('',#11536,10.);
#3000=VECTOR('',#11547,10.);
#3001=VECTOR('',#11548,10.);
#3002=VECTOR('',#11549,10.);
#3003=VECTOR('',#11552,10.);
#3004=VECTOR('',#11553,10.);
#3005=VECTOR('',#11556,10.);
#3006=VECTOR('',#11557,10.);
#3007=VECTOR('',#11562,10.);
#3008=VECTOR('',#11563,10.);
#3009=VECTOR('',#11564,10.);
#3010=VECTOR('',#11567,10.);
#3011=VECTOR('',#11568,10.);
#3012=VECTOR('',#11569,10.);
#3013=VECTOR('',#11570,10.);
#3014=VECTOR('',#11571,10.);
#3015=VECTOR('',#11572,10.);
#3016=VECTOR('',#11573,10.);
#3017=VECTOR('',#11574,10.);
#3018=VECTOR('',#11579,10.);
#3019=VECTOR('',#11580,10.);
#3020=VECTOR('',#11583,10.);
#3021=VECTOR('',#11584,10.);
#3022=VECTOR('',#11585,10.);
#3023=VECTOR('',#11586,10.);
#3024=VECTOR('',#11589,10.);
#3025=VECTOR('',#11590,10.);
#3026=VECTOR('',#11591,10.);
#3027=VECTOR('',#11594,10.);
#3028=VECTOR('',#11603,10.);
#3029=VECTOR('',#11604,10.);
#3030=VECTOR('',#11605,10.);
#3031=VECTOR('',#11606,10.);
#3032=VECTOR('',#11609,10.);
#3033=VECTOR('',#11610,10.);
#3034=VECTOR('',#11611,10.);
#3035=VECTOR('',#11614,10.);
#3036=VECTOR('',#11623,10.);
#3037=VECTOR('',#11626,10.);
#3038=VECTOR('',#11627,10.);
#3039=VECTOR('',#11628,10.);
#3040=VECTOR('',#11631,10.);
#3041=VECTOR('',#11632,10.);
#3042=VECTOR('',#11685,10.);
#3043=VECTOR('',#11706,10.);
#3044=VECTOR('',#11707,10.);
#3045=VECTOR('',#11714,10.);
#3046=VECTOR('',#11715,10.);
#3047=VECTOR('',#11724,10.);
#3048=VECTOR('',#11725,10.);
#3049=VECTOR('',#11726,10.);
#3050=VECTOR('',#11729,10.);
#3051=VECTOR('',#11768,1.8);
#3052=VECTOR('',#11773,1.8);
#3053=VECTOR('',#11778,1.8);
#3054=VECTOR('',#11783,1.8);
#3055=VECTOR('',#11788,1.8);
#3056=VECTOR('',#11793,1.8);
#3057=VECTOR('',#11798,1.8);
#3058=VECTOR('',#11803,1.8);
#3059=VECTOR('',#11806,10.);
#3060=VECTOR('',#11815,10.);
#3061=VECTOR('',#11820,10.);
#3062=VECTOR('',#11825,10.);
#3063=VECTOR('',#11828,10.);
#3064=VECTOR('',#11833,1.8);
#3065=VECTOR('',#11836,1.8);
#3066=VECTOR('',#11839,1.8);
#3067=VECTOR('',#11842,1.8);
#3068=VECTOR('',#11849,2.);
#3069=VECTOR('',#11852,2.);
#3070=VECTOR('',#11855,2.);
#3071=VECTOR('',#11858,2.);
#3072=VECTOR('',#11861,1.8);
#3073=VECTOR('',#11864,1.8);
#3074=VECTOR('',#11867,1.8);
#3075=VECTOR('',#11872,2.);
#3076=VECTOR('',#11879,2.);
#3077=VECTOR('',#11886,2.);
#3078=VECTOR('',#11893,2.);
#3079=VECTOR('',#11900,10.);
#3080=VECTOR('',#11903,10.);
#3081=VECTOR('',#11930,10.);
#3082=VECTOR('',#11933,10.);
#3083=VECTOR('',#11940,10.);
#3084=VECTOR('',#11943,10.);
#3085=VECTOR('',#11952,1.8);
#3086=VECTOR('',#11957,1.8);
#3087=VECTOR('',#11962,1.8);
#3088=VECTOR('',#11965,45.);
#3089=VECTOR('',#11978,4.);
#3090=VECTOR('',#11987,11.);
#3091=VECTOR('',#11996,3.99999999999999);
#3092=VECTOR('',#12005,11.);
#3093=VECTOR('',#12008,10.);
#3094=VECTOR('',#12009,10.);
#3095=VECTOR('',#12010,10.);
#3096=VECTOR('',#12011,10.);
#3097=VECTOR('',#12014,10.);
#3098=VECTOR('',#12015,10.);
#3099=VECTOR('',#12016,10.);
#3100=VECTOR('',#12019,10.);
#3101=VECTOR('',#12020,10.);
#3102=VECTOR('',#12021,10.);
#3103=VECTOR('',#12022,10.);
#3104=VECTOR('',#12023,10.);
#3105=VECTOR('',#12028,10.);
#3106=VECTOR('',#12031,10.);
#3107=VECTOR('',#12036,10.);
#3108=VECTOR('',#12039,10.);
#3109=VECTOR('',#12046,10.);
#3110=VECTOR('',#12049,10.);
#3111=VECTOR('',#12056,10.);
#3112=VECTOR('',#12059,10.);
#3113=VECTOR('',#12066,10.);
#3114=VECTOR('',#12075,10.);
#3115=VECTOR('',#12082,10.);
#3116=VECTOR('',#12085,10.);
#3117=VECTOR('',#12086,10.);
#3118=VECTOR('',#12091,1.97736932777628);
#3119=VECTOR('',#12098,1.64999999999999);
#3120=VECTOR('',#12103,1.64999999999999);
#3121=VECTOR('',#12108,10.);
#3122=VECTOR('',#12109,10.);
#3123=VECTOR('',#12110,10.);
#3124=VECTOR('',#12111,10.);
#3125=VECTOR('',#12114,10.);
#3126=VECTOR('',#12115,10.);
#3127=VECTOR('',#12116,10.);
#3128=VECTOR('',#12117,10.);
#3129=VECTOR('',#12120,10.);
#3130=VECTOR('',#12121,10.);
#3131=VECTOR('',#12122,10.);
#3132=VECTOR('',#12123,10.);
#3133=VECTOR('',#12126,10.);
#3134=VECTOR('',#12127,10.);
#3135=VECTOR('',#12128,10.);
#3136=VECTOR('',#12131,10.);
#3137=VECTOR('',#12132,10.);
#3138=VECTOR('',#12133,10.);
#3139=VECTOR('',#12134,10.);
#3140=VECTOR('',#12137,10.);
#3141=VECTOR('',#12138,10.);
#3142=VECTOR('',#12139,10.);
#3143=VECTOR('',#12144,10.);
#3144=VECTOR('',#12151,40.);
#3145=VECTOR('',#12154,10.);
#3146=VECTOR('',#12157,9.);
#3147=VECTOR('',#12158,10.);
#3148=VECTOR('',#12159,10.);
#3149=VECTOR('',#12168,10.);
#3150=VECTOR('',#12169,10.);
#3151=VECTOR('',#12170,10.);
#3152=VECTOR('',#12171,10.);
#3153=VECTOR('',#12176,10.);
#3154=VECTOR('',#12177,10.);
#3155=VECTOR('',#12178,10.);
#3156=VECTOR('',#12179,10.);
#3157=VECTOR('',#12182,10.);
#3158=VECTOR('',#12187,10.);
#3159=VECTOR('',#12194,10.);
#3160=VECTOR('',#12195,10.);
#3161=VECTOR('',#12202,10.);
#3162=VECTOR('',#12203,10.);
#3163=VECTOR('',#12208,10.);
#3164=VECTOR('',#12209,10.);
#3165=VECTOR('',#12210,10.);
#3166=VECTOR('',#12213,10.);
#3167=VECTOR('',#12218,10.);
#3168=VECTOR('',#12219,10.);
#3169=VECTOR('',#12220,10.);
#3170=VECTOR('',#12223,10.);
#3171=VECTOR('',#12228,9.);
#3172=VECTOR('',#12229,9.);
#3173=VECTOR('',#12232,10.);
#3174=VECTOR('',#12235,10.);
#3175=VECTOR('',#12236,10.);
#3176=VECTOR('',#12241,10.);
#3177=VECTOR('',#12246,10.);
#3178=VECTOR('',#12247,10.);
#3179=VECTOR('',#12252,10.);
#3180=VECTOR('',#12253,10.);
#3181=VECTOR('',#12254,10.);
#3182=VECTOR('',#12255,10.);
#3183=VECTOR('',#12256,10.);
#3184=VECTOR('',#12257,10.);
#3185=VECTOR('',#12258,10.);
#3186=VECTOR('',#12261,10.);
#3187=VECTOR('',#12262,10.);
#3188=VECTOR('',#12265,10.);
#3189=VECTOR('',#12268,10.);
#3190=VECTOR('',#12271,10.);
#3191=VECTOR('',#12276,10.);
#3192=VECTOR('',#12277,10.);
#3193=VECTOR('',#12280,10.);
#3194=VECTOR('',#12281,10.);
#3195=VECTOR('',#12284,10.);
#3196=VECTOR('',#12289,10.);
#3197=VECTOR('',#12290,10.);
#3198=VECTOR('',#12293,10.);
#3199=VECTOR('',#12296,10.);
#3200=VECTOR('',#12299,10.);
#3201=VECTOR('',#12306,10.);
#3202=VECTOR('',#12307,10.);
#3203=VECTOR('',#12314,10.);
#3204=VECTOR('',#12321,3.25);
#3205=VECTOR('',#12332,4.);
#3206=VECTOR('',#12341,11.);
#3207=VECTOR('',#12350,4.);
#3208=VECTOR('',#12359,11.);
#3209=VECTOR('',#12362,10.);
#3210=VECTOR('',#12363,10.);
#3211=VECTOR('',#12364,10.);
#3212=VECTOR('',#12365,10.);
#3213=VECTOR('',#12368,10.);
#3214=VECTOR('',#12369,10.);
#3215=VECTOR('',#12370,10.);
#3216=VECTOR('',#12373,10.);
#3217=VECTOR('',#12374,10.);
#3218=VECTOR('',#12375,10.);
#3219=VECTOR('',#12376,10.);
#3220=VECTOR('',#12377,10.);
#3221=VECTOR('',#12382,10.);
#3222=VECTOR('',#12385,10.);
#3223=VECTOR('',#12390,10.);
#3224=VECTOR('',#12393,10.);
#3225=VECTOR('',#12400,10.);
#3226=VECTOR('',#12403,10.);
#3227=VECTOR('',#12410,10.);
#3228=VECTOR('',#12413,10.);
#3229=VECTOR('',#12420,10.);
#3230=VECTOR('',#12429,10.);
#3231=VECTOR('',#12436,10.);
#3232=VECTOR('',#12439,10.);
#3233=VECTOR('',#12440,10.);
#3234=VECTOR('',#12445,1.97736932777628);
#3235=VECTOR('',#12452,1.64999999999999);
#3236=VECTOR('',#12457,1.64999999999999);
#3237=VECTOR('',#12462,10.);
#3238=VECTOR('',#12463,10.);
#3239=VECTOR('',#12464,10.);
#3240=VECTOR('',#12465,10.);
#3241=VECTOR('',#12468,10.);
#3242=VECTOR('',#12469,10.);
#3243=VECTOR('',#12470,10.);
#3244=VECTOR('',#12471,10.);
#3245=VECTOR('',#12474,10.);
#3246=VECTOR('',#12475,10.);
#3247=VECTOR('',#12476,10.);
#3248=VECTOR('',#12477,10.);
#3249=VECTOR('',#12480,10.);
#3250=VECTOR('',#12481,10.);
#3251=VECTOR('',#12482,10.);
#3252=VECTOR('',#12485,10.);
#3253=VECTOR('',#12486,10.);
#3254=VECTOR('',#12487,10.);
#3255=VECTOR('',#12488,10.);
#3256=VECTOR('',#12491,10.);
#3257=VECTOR('',#12492,10.);
#3258=VECTOR('',#12493,10.);
#3259=VECTOR('',#12498,10.);
#3260=VECTOR('',#12505,40.);
#3261=VECTOR('',#12508,10.);
#3262=VECTOR('',#12511,9.);
#3263=VECTOR('',#12512,10.);
#3264=VECTOR('',#12513,10.);
#3265=VECTOR('',#12522,10.);
#3266=VECTOR('',#12523,10.);
#3267=VECTOR('',#12524,10.);
#3268=VECTOR('',#12525,10.);
#3269=VECTOR('',#12530,10.);
#3270=VECTOR('',#12531,10.);
#3271=VECTOR('',#12532,10.);
#3272=VECTOR('',#12533,10.);
#3273=VECTOR('',#12536,10.);
#3274=VECTOR('',#12541,10.);
#3275=VECTOR('',#12548,10.);
#3276=VECTOR('',#12549,10.);
#3277=VECTOR('',#12556,10.);
#3278=VECTOR('',#12557,10.);
#3279=VECTOR('',#12562,10.);
#3280=VECTOR('',#12563,10.);
#3281=VECTOR('',#12564,10.);
#3282=VECTOR('',#12567,10.);
#3283=VECTOR('',#12572,10.);
#3284=VECTOR('',#12573,10.);
#3285=VECTOR('',#12574,10.);
#3286=VECTOR('',#12577,10.);
#3287=VECTOR('',#12582,9.);
#3288=VECTOR('',#12583,9.);
#3289=VECTOR('',#12586,10.);
#3290=VECTOR('',#12589,10.);
#3291=VECTOR('',#12590,10.);
#3292=VECTOR('',#12595,10.);
#3293=VECTOR('',#12600,10.);
#3294=VECTOR('',#12601,10.);
#3295=VECTOR('',#12606,10.);
#3296=VECTOR('',#12607,10.);
#3297=VECTOR('',#12608,10.);
#3298=VECTOR('',#12609,10.);
#3299=VECTOR('',#12610,10.);
#3300=VECTOR('',#12611,10.);
#3301=VECTOR('',#12612,10.);
#3302=VECTOR('',#12615,10.);
#3303=VECTOR('',#12616,10.);
#3304=VECTOR('',#12619,10.);
#3305=VECTOR('',#12622,10.);
#3306=VECTOR('',#12625,10.);
#3307=VECTOR('',#12630,10.);
#3308=VECTOR('',#12631,10.);
#3309=VECTOR('',#12634,10.);
#3310=VECTOR('',#12635,10.);
#3311=VECTOR('',#12638,10.);
#3312=VECTOR('',#12643,10.);
#3313=VECTOR('',#12644,10.);
#3314=VECTOR('',#12647,10.);
#3315=VECTOR('',#12650,10.);
#3316=VECTOR('',#12653,10.);
#3317=VECTOR('',#12660,10.);
#3318=VECTOR('',#12661,10.);
#3319=VECTOR('',#12668,10.);
#3320=VECTOR('',#12675,3.25);
#3321=VECTOR('',#12680,10.);
#3322=VECTOR('',#12681,10.);
#3323=VECTOR('',#12682,10.);
#3324=VECTOR('',#12683,10.);
#3325=VECTOR('',#12686,10.);
#3326=VECTOR('',#12687,10.);
#3327=VECTOR('',#12688,10.);
#3328=VECTOR('',#12691,10.);
#3329=VECTOR('',#12692,10.);
#3330=VECTOR('',#12693,10.);
#3331=VECTOR('',#12694,10.);
#3332=VECTOR('',#12695,10.);
#3333=VECTOR('',#12700,10.);
#3334=VECTOR('',#12703,10.);
#3335=VECTOR('',#12708,10.);
#3336=VECTOR('',#12711,10.);
#3337=VECTOR('',#12718,10.);
#3338=VECTOR('',#12721,10.);
#3339=VECTOR('',#12728,10.);
#3340=VECTOR('',#12731,10.);
#3341=VECTOR('',#12738,10.);
#3342=VECTOR('',#12747,10.);
#3343=VECTOR('',#12754,10.);
#3344=VECTOR('',#12757,10.);
#3345=VECTOR('',#12758,10.);
#3346=VECTOR('',#12763,1.97736932777628);
#3347=VECTOR('',#12770,1.64999999999999);
#3348=VECTOR('',#12775,1.64999999999999);
#3349=VECTOR('',#12780,10.);
#3350=VECTOR('',#12781,10.);
#3351=VECTOR('',#12782,10.);
#3352=VECTOR('',#12783,10.);
#3353=VECTOR('',#12786,10.);
#3354=VECTOR('',#12787,10.);
#3355=VECTOR('',#12788,10.);
#3356=VECTOR('',#12789,10.);
#3357=VECTOR('',#12792,10.);
#3358=VECTOR('',#12793,10.);
#3359=VECTOR('',#12794,10.);
#3360=VECTOR('',#12795,10.);
#3361=VECTOR('',#12798,10.);
#3362=VECTOR('',#12799,10.);
#3363=VECTOR('',#12800,10.);
#3364=VECTOR('',#12803,10.);
#3365=VECTOR('',#12804,10.);
#3366=VECTOR('',#12805,10.);
#3367=VECTOR('',#12806,10.);
#3368=VECTOR('',#12809,10.);
#3369=VECTOR('',#12810,10.);
#3370=VECTOR('',#12811,10.);
#3371=VECTOR('',#12816,10.);
#3372=VECTOR('',#12823,40.);
#3373=VECTOR('',#12826,10.);
#3374=VECTOR('',#12829,9.);
#3375=VECTOR('',#12830,10.);
#3376=VECTOR('',#12831,10.);
#3377=VECTOR('',#12840,10.);
#3378=VECTOR('',#12841,10.);
#3379=VECTOR('',#12842,10.);
#3380=VECTOR('',#12843,10.);
#3381=VECTOR('',#12848,10.);
#3382=VECTOR('',#12849,10.);
#3383=VECTOR('',#12850,10.);
#3384=VECTOR('',#12851,10.);
#3385=VECTOR('',#12854,10.);
#3386=VECTOR('',#12859,10.);
#3387=VECTOR('',#12866,10.);
#3388=VECTOR('',#12867,10.);
#3389=VECTOR('',#12874,10.);
#3390=VECTOR('',#12875,10.);
#3391=VECTOR('',#12880,10.);
#3392=VECTOR('',#12881,10.);
#3393=VECTOR('',#12882,10.);
#3394=VECTOR('',#12885,10.);
#3395=VECTOR('',#12890,10.);
#3396=VECTOR('',#12891,10.);
#3397=VECTOR('',#12892,10.);
#3398=VECTOR('',#12895,10.);
#3399=VECTOR('',#12900,9.);
#3400=VECTOR('',#12901,9.);
#3401=VECTOR('',#12904,10.);
#3402=VECTOR('',#12907,10.);
#3403=VECTOR('',#12908,10.);
#3404=VECTOR('',#12913,10.);
#3405=VECTOR('',#12918,10.);
#3406=VECTOR('',#12919,10.);
#3407=VECTOR('',#12924,10.);
#3408=VECTOR('',#12925,10.);
#3409=VECTOR('',#12926,10.);
#3410=VECTOR('',#12927,10.);
#3411=VECTOR('',#12928,10.);
#3412=VECTOR('',#12929,10.);
#3413=VECTOR('',#12930,10.);
#3414=VECTOR('',#12933,10.);
#3415=VECTOR('',#12934,10.);
#3416=VECTOR('',#12937,10.);
#3417=VECTOR('',#12940,10.);
#3418=VECTOR('',#12943,10.);
#3419=VECTOR('',#12948,10.);
#3420=VECTOR('',#12949,10.);
#3421=VECTOR('',#12952,10.);
#3422=VECTOR('',#12953,10.);
#3423=VECTOR('',#12956,10.);
#3424=VECTOR('',#12961,10.);
#3425=VECTOR('',#12962,10.);
#3426=VECTOR('',#12965,10.);
#3427=VECTOR('',#12968,10.);
#3428=VECTOR('',#12971,10.);
#3429=VECTOR('',#12978,10.);
#3430=VECTOR('',#12979,10.);
#3431=VECTOR('',#12986,10.);
#3432=VECTOR('',#12993,3.25);
#3433=CIRCLE('',#9319,4.35);
#3434=CIRCLE('',#9320,4.35);
#3435=CIRCLE('',#9322,2.9);
#3436=CIRCLE('',#9324,3.);
#3437=CIRCLE('',#9325,3.);
#3438=CIRCLE('',#9326,3.);
#3439=CIRCLE('',#9327,3.);
#3440=CIRCLE('',#9328,3.);
#3441=CIRCLE('',#9329,3.);
#3442=CIRCLE('',#9331,1.625);
#3443=CIRCLE('',#9333,1.625);
#3444=CIRCLE('',#9336,3.);
#3445=CIRCLE('',#9337,3.);
#3446=CIRCLE('',#9345,3.);
#3447=CIRCLE('',#9346,3.);
#3448=CIRCLE('',#9348,2.9);
#3449=CIRCLE('',#9375,3.);
#3450=CIRCLE('',#9376,3.);
#3451=CIRCLE('',#9405,6.5);
#3452=CIRCLE('',#9408,3.);
#3453=CIRCLE('',#9409,3.);
#3454=CIRCLE('',#9413,2.9);
#3455=CIRCLE('',#9415,6.5);
#3456=CIRCLE('',#9418,2.9);
#3457=CIRCLE('',#9420,2.3712736061);
#3458=CIRCLE('',#9421,2.3712736061);
#3459=CIRCLE('',#9425,2.37127360614289);
#3460=CIRCLE('',#9426,2.37127360614289);
#3461=CIRCLE('',#9430,2.3712736061);
#3462=CIRCLE('',#9431,2.3712736061);
#3463=CIRCLE('',#9435,2.37127360614289);
#3464=CIRCLE('',#9436,2.37127360614289);
#3465=CIRCLE('',#9442,3.);
#3466=CIRCLE('',#9443,1.625);
#3467=CIRCLE('',#9445,1.625);
#3468=CIRCLE('',#9447,3.);
#3469=CIRCLE('',#9450,3.);
#3470=CIRCLE('',#9451,1.625);
#3471=CIRCLE('',#9453,1.625);
#3472=CIRCLE('',#9455,3.);
#3473=CIRCLE('',#9458,3.);
#3474=CIRCLE('',#9459,1.625);
#3475=CIRCLE('',#9461,1.625);
#3476=CIRCLE('',#9463,3.);
#3477=CIRCLE('',#9476,3.);
#3478=CIRCLE('',#9477,3.);
#3479=CIRCLE('',#9478,1.75);
#3480=CIRCLE('',#9480,3.);
#3481=CIRCLE('',#9482,9.);
#3482=CIRCLE('',#9483,9.);
#3483=CIRCLE('',#9484,1.75);
#3484=CIRCLE('',#9488,3.);
#3485=CIRCLE('',#9489,1.75);
#3486=CIRCLE('',#9492,9.);
#3487=CIRCLE('',#9493,9.);
#3488=CIRCLE('',#9494,1.75);
#3489=CIRCLE('',#9503,1.74186149250536);
#3490=CIRCLE('',#9507,1.74186149250536);
#3491=CIRCLE('',#9514,1.74186149250536);
#3492=CIRCLE('',#9518,1.74186149250536);
#3493=CIRCLE('',#9525,1.74186149250536);
#3494=CIRCLE('',#9527,1.74186149250536);
#3495=CIRCLE('',#9542,3.);
#3496=CIRCLE('',#9543,3.);
#3497=CIRCLE('',#9544,1.75);
#3498=CIRCLE('',#9546,3.);
#3499=CIRCLE('',#9548,9.);
#3500=CIRCLE('',#9549,9.);
#3501=CIRCLE('',#9550,1.75);
#3502=CIRCLE('',#9554,3.);
#3503=CIRCLE('',#9555,1.75);
#3504=CIRCLE('',#9558,9.);
#3505=CIRCLE('',#9559,9.);
#3506=CIRCLE('',#9560,1.75);
#3507=CIRCLE('',#9570,2.);
#3508=CIRCLE('',#9571,2.);
#3509=CIRCLE('',#9573,2.);
#3510=CIRCLE('',#9574,2.);
#3511=CIRCLE('',#9576,9.);
#3512=CIRCLE('',#9577,9.);
#3513=CIRCLE('',#9580,10.);
#3514=CIRCLE('',#9581,10.);
#3515=CIRCLE('',#9583,10.);
#3516=CIRCLE('',#9587,10.);
#3517=CIRCLE('',#9591,3.);
#3518=CIRCLE('',#9592,3.);
#3519=CIRCLE('',#9595,3.);
#3520=CIRCLE('',#9596,1.75000000000001);
#3521=CIRCLE('',#9598,3.);
#3522=CIRCLE('',#9600,9.);
#3523=CIRCLE('',#9601,7.);
#3524=CIRCLE('',#9602,2.);
#3525=CIRCLE('',#9604,1.75000000000001);
#3526=CIRCLE('',#9606,9.);
#3527=CIRCLE('',#9609,7.);
#3528=CIRCLE('',#9610,2.);
#3529=CIRCLE('',#9616,2.);
#3530=CIRCLE('',#9617,2.);
#3531=CIRCLE('',#9619,2.);
#3532=CIRCLE('',#9620,2.);
#3533=CIRCLE('',#9622,9.);
#3534=CIRCLE('',#9623,9.);
#3535=CIRCLE('',#9626,10.);
#3536=CIRCLE('',#9627,10.);
#3537=CIRCLE('',#9629,10.);
#3538=CIRCLE('',#9633,10.);
#3539=CIRCLE('',#9642,3.);
#3540=CIRCLE('',#9643,3.);
#3541=CIRCLE('',#9644,1.75);
#3542=CIRCLE('',#9646,3.);
#3543=CIRCLE('',#9648,9.);
#3544=CIRCLE('',#9649,9.);
#3545=CIRCLE('',#9650,1.75);
#3546=CIRCLE('',#9654,3.);
#3547=CIRCLE('',#9655,1.75);
#3548=CIRCLE('',#9658,9.);
#3549=CIRCLE('',#9659,9.);
#3550=CIRCLE('',#9660,1.75);
#3551=CIRCLE('',#9671,1.8);
#3552=CIRCLE('',#9672,1.8);
#3553=CIRCLE('',#9674,45.);
#3554=CIRCLE('',#9675,45.);
#3555=CIRCLE('',#9676,1.8);
#3556=CIRCLE('',#9679,1.8);
#3557=CIRCLE('',#9680,1.8);
#3558=CIRCLE('',#9683,1.8);
#3559=CIRCLE('',#9684,1.8);
#3560=CIRCLE('',#9686,45.);
#3561=CIRCLE('',#9687,1.8);
#3562=CIRCLE('',#9690,5.5);
#3563=CIRCLE('',#9691,5.5);
#3564=CIRCLE('',#9693,5.5);
#3565=CIRCLE('',#9694,5.5);
#3566=CIRCLE('',#9696,5.5);
#3567=CIRCLE('',#9697,5.5);
#3568=CIRCLE('',#9699,5.5);
#3569=CIRCLE('',#9700,5.5);
#3570=CIRCLE('',#9702,5.5);
#3571=CIRCLE('',#9703,5.5);
#3572=CIRCLE('',#9705,5.322);
#3573=CIRCLE('',#9706,5.322);
#3574=CIRCLE('',#9708,130.);
#3575=CIRCLE('',#9709,130.);
#3576=CIRCLE('',#9711,130.);
#3577=CIRCLE('',#9712,130.);
#3578=CIRCLE('',#9714,130.);
#3579=CIRCLE('',#9715,130.);
#3580=CIRCLE('',#9717,45.);
#3581=CIRCLE('',#9719,45.);
#3582=CIRCLE('',#9721,45.);
#3583=CIRCLE('',#9723,45.);
#3584=CIRCLE('',#9724,45.);
#3585=CIRCLE('',#9726,2.);
#3586=CIRCLE('',#9727,2.);
#3587=CIRCLE('',#9728,2.);
#3588=CIRCLE('',#9729,2.);
#3589=CIRCLE('',#9730,1.8);
#3590=CIRCLE('',#9731,1.8);
#3591=CIRCLE('',#9732,1.8);
#3592=CIRCLE('',#9742,2.);
#3593=CIRCLE('',#9743,2.);
#3594=CIRCLE('',#9744,2.);
#3595=CIRCLE('',#9745,2.);
#3596=CIRCLE('',#9752,1.8);
#3597=CIRCLE('',#9757,15.);
#3598=CIRCLE('',#9758,11.25);
#3599=CIRCLE('',#9759,11.25);
#3600=CIRCLE('',#9763,15.);
#3601=CIRCLE('',#9764,11.25);
#3602=CIRCLE('',#9765,11.25);
#3603=CIRCLE('',#9780,11.25);
#3604=CIRCLE('',#9782,11.25);
#3605=CIRCLE('',#9784,15.);
#3606=CIRCLE('',#9797,11.25);
#3607=CIRCLE('',#9799,11.25);
#3608=CIRCLE('',#9801,15.);
#3609=CIRCLE('',#9805,1.8);
#3610=CIRCLE('',#9806,1.8);
#3611=CIRCLE('',#9808,15.);
#3612=CIRCLE('',#9809,11.25);
#3613=CIRCLE('',#9810,11.25);
#3614=CIRCLE('',#9814,15.);
#3615=CIRCLE('',#9815,11.25);
#3616=CIRCLE('',#9816,11.25);
#3617=CIRCLE('',#9831,1.8);
#3618=CIRCLE('',#9832,1.8);
#3619=CIRCLE('',#9835,1.8);
#3620=CIRCLE('',#9836,1.8);
#3621=CIRCLE('',#9839,1.8);
#3622=CIRCLE('',#9841,1.8);
#3623=CIRCLE('',#9843,1.8);
#3624=CIRCLE('',#9845,1.8);
#3625=CIRCLE('',#9847,1.8);
#3626=CIRCLE('',#9848,1.8);
#3627=CIRCLE('',#9871,2.);
#3628=CIRCLE('',#9872,2.);
#3629=CIRCLE('',#9874,2.);
#3630=CIRCLE('',#9875,2.);
#3631=CIRCLE('',#9877,2.);
#3632=CIRCLE('',#9878,2.);
#3633=CIRCLE('',#9880,2.);
#3634=CIRCLE('',#9881,2.);
#3635=CIRCLE('',#9883,25.359924588478);
#3636=CIRCLE('',#9884,25.359924588478);
#3637=CIRCLE('',#9886,45.);
#3638=CIRCLE('',#9888,45.);
#3639=CIRCLE('',#9889,25.359924588478);
#3640=CIRCLE('',#9890,45.);
#3641=CIRCLE('',#9891,25.359924588478);
#3642=CIRCLE('',#9892,45.);
#3643=CIRCLE('',#9893,45.);
#3644=CIRCLE('',#9894,1.8);
#3645=CIRCLE('',#9895,1.8);
#3646=CIRCLE('',#9896,1.8);
#3647=CIRCLE('',#9898,25.359924588478);
#3648=CIRCLE('',#9900,45.);
#3649=CIRCLE('',#9902,25.359924588478);
#3650=CIRCLE('',#9904,45.);
#3651=CIRCLE('',#9906,1.8);
#3652=CIRCLE('',#9908,1.8);
#3653=CIRCLE('',#9910,1.8);
#3654=CIRCLE('',#9912,45.);
#3655=CIRCLE('',#9915,11.);
#3656=CIRCLE('',#9916,4.);
#3657=CIRCLE('',#9918,4.);
#3658=CIRCLE('',#9920,11.);
#3659=CIRCLE('',#9923,11.);
#3660=CIRCLE('',#9924,4.);
#3661=CIRCLE('',#9926,4.);
#3662=CIRCLE('',#9928,11.);
#3663=CIRCLE('',#9934,19.285961324651);
#3664=CIRCLE('',#9935,9.);
#3665=CIRCLE('',#9936,19.285961324651);
#3666=CIRCLE('',#9937,3.57127360614289);
#3667=CIRCLE('',#9938,15.);
#3668=CIRCLE('',#9939,3.57127360614289);
#3669=CIRCLE('',#9940,19.285961324651);
#3670=CIRCLE('',#9941,3.57127360610001);
#3671=CIRCLE('',#9942,15.);
#3672=CIRCLE('',#9943,3.57127360614288);
#3673=CIRCLE('',#9944,19.285961324651);
#3674=CIRCLE('',#9945,3.57127360614288);
#3675=CIRCLE('',#9946,15.);
#3676=CIRCLE('',#9947,3.57127360610001);
#3677=CIRCLE('',#9948,19.285961324651);
#3678=CIRCLE('',#9949,3.57127360610001);
#3679=CIRCLE('',#9950,15.);
#3680=CIRCLE('',#9951,1.64999999999999);
#3681=CIRCLE('',#9952,1.97736932777628);
#3682=CIRCLE('',#9954,3.57127360610001);
#3683=CIRCLE('',#9955,19.285961324651);
#3684=CIRCLE('',#9956,3.57127360614289);
#3685=CIRCLE('',#9958,15.);
#3686=CIRCLE('',#9960,1.97736932777628);
#3687=CIRCLE('',#9962,1.64999999999999);
#3688=CIRCLE('',#9964,1.64999999999999);
#3689=CIRCLE('',#9965,1.64999999999999);
#3690=CIRCLE('',#9973,9.00000000000001);
#3691=CIRCLE('',#9974,19.0262979636856);
#3692=CIRCLE('',#9976,40.);
#3693=CIRCLE('',#9977,40.);
#3694=CIRCLE('',#9980,9.00000000000001);
#3695=CIRCLE('',#9982,19.0262979636856);
#3696=CIRCLE('',#9983,3.25);
#3697=CIRCLE('',#9988,3.57127360614288);
#3698=CIRCLE('',#9989,19.285961324651);
#3699=CIRCLE('',#9990,3.57127360614288);
#3700=CIRCLE('',#9991,3.57127360610001);
#3701=CIRCLE('',#9992,19.285961324651);
#3702=CIRCLE('',#9993,3.57127360610001);
#3703=CIRCLE('',#9994,3.57127360614289);
#3704=CIRCLE('',#9995,19.285961324651);
#3705=CIRCLE('',#9996,9.);
#3706=CIRCLE('',#9997,19.285961324651);
#3707=CIRCLE('',#10004,15.);
#3708=CIRCLE('',#10006,15.);
#3709=CIRCLE('',#10008,15.);
#3710=CIRCLE('',#10031,3.25);
#3711=CIRCLE('',#10034,11.);
#3712=CIRCLE('',#10035,4.);
#3713=CIRCLE('',#10037,4.);
#3714=CIRCLE('',#10039,11.);
#3715=CIRCLE('',#10042,11.);
#3716=CIRCLE('',#10043,4.);
#3717=CIRCLE('',#10045,4.);
#3718=CIRCLE('',#10047,11.);
#3719=CIRCLE('',#10053,19.285961324651);
#3720=CIRCLE('',#10054,9.);
#3721=CIRCLE('',#10055,19.285961324651);
#3722=CIRCLE('',#10056,3.57127360614289);
#3723=CIRCLE('',#10057,15.);
#3724=CIRCLE('',#10058,3.57127360614289);
#3725=CIRCLE('',#10059,19.285961324651);
#3726=CIRCLE('',#10060,3.57127360610001);
#3727=CIRCLE('',#10061,15.);
#3728=CIRCLE('',#10062,3.57127360614289);
#3729=CIRCLE('',#10063,19.285961324651);
#3730=CIRCLE('',#10064,3.57127360614289);
#3731=CIRCLE('',#10065,15.);
#3732=CIRCLE('',#10066,3.57127360610001);
#3733=CIRCLE('',#10067,19.285961324651);
#3734=CIRCLE('',#10068,3.57127360610001);
#3735=CIRCLE('',#10069,15.);
#3736=CIRCLE('',#10070,1.64999999999999);
#3737=CIRCLE('',#10071,1.97736932777628);
#3738=CIRCLE('',#10073,3.57127360610001);
#3739=CIRCLE('',#10074,19.285961324651);
#3740=CIRCLE('',#10075,3.57127360614289);
#3741=CIRCLE('',#10077,15.);
#3742=CIRCLE('',#10079,1.97736932777628);
#3743=CIRCLE('',#10081,1.64999999999999);
#3744=CIRCLE('',#10083,1.64999999999999);
#3745=CIRCLE('',#10084,1.64999999999999);
#3746=CIRCLE('',#10092,9.00000000000001);
#3747=CIRCLE('',#10093,19.0262979636856);
#3748=CIRCLE('',#10095,40.);
#3749=CIRCLE('',#10096,40.);
#3750=CIRCLE('',#10099,9.00000000000001);
#3751=CIRCLE('',#10101,19.0262979636856);
#3752=CIRCLE('',#10102,3.25);
#3753=CIRCLE('',#10107,3.57127360614289);
#3754=CIRCLE('',#10108,19.285961324651);
#3755=CIRCLE('',#10109,3.57127360614289);
#3756=CIRCLE('',#10110,3.57127360610001);
#3757=CIRCLE('',#10111,19.285961324651);
#3758=CIRCLE('',#10112,3.57127360610001);
#3759=CIRCLE('',#10113,3.57127360614289);
#3760=CIRCLE('',#10114,19.285961324651);
#3761=CIRCLE('',#10115,9.);
#3762=CIRCLE('',#10116,19.285961324651);
#3763=CIRCLE('',#10123,15.);
#3764=CIRCLE('',#10125,15.);
#3765=CIRCLE('',#10127,15.);
#3766=CIRCLE('',#10150,3.25);
#3767=CIRCLE('',#10156,19.285961324651);
#3768=CIRCLE('',#10157,9.);
#3769=CIRCLE('',#10158,19.285961324651);
#3770=CIRCLE('',#10159,3.57127360614289);
#3771=CIRCLE('',#10160,15.);
#3772=CIRCLE('',#10161,3.57127360614289);
#3773=CIRCLE('',#10162,19.285961324651);
#3774=CIRCLE('',#10163,3.57127360610001);
#3775=CIRCLE('',#10164,15.);
#3776=CIRCLE('',#10165,3.57127360614288);
#3777=CIRCLE('',#10166,19.285961324651);
#3778=CIRCLE('',#10167,3.57127360614288);
#3779=CIRCLE('',#10168,15.);
#3780=CIRCLE('',#10169,3.57127360610001);
#3781=CIRCLE('',#10170,19.285961324651);
#3782=CIRCLE('',#10171,3.57127360610001);
#3783=CIRCLE('',#10172,15.);
#3784=CIRCLE('',#10173,1.64999999999999);
#3785=CIRCLE('',#10174,1.97736932777628);
#3786=CIRCLE('',#10176,3.57127360610001);
#3787=CIRCLE('',#10177,19.285961324651);
#3788=CIRCLE('',#10178,3.57127360614289);
#3789=CIRCLE('',#10180,15.);
#3790=CIRCLE('',#10182,1.97736932777628);
#3791=CIRCLE('',#10184,1.64999999999999);
#3792=CIRCLE('',#10186,1.64999999999999);
#3793=CIRCLE('',#10187,1.64999999999999);
#3794=CIRCLE('',#10195,9.00000000000001);
#3795=CIRCLE('',#10196,19.0262979636856);
#3796=CIRCLE('',#10198,40.);
#3797=CIRCLE('',#10199,40.);
#3798=CIRCLE('',#10202,9.00000000000001);
#3799=CIRCLE('',#10204,19.0262979636856);
#3800=CIRCLE('',#10205,3.25);
#3801=CIRCLE('',#10210,3.57127360614288);
#3802=CIRCLE('',#10211,19.285961324651);
#3803=CIRCLE('',#10212,3.57127360614288);
#3804=CIRCLE('',#10213,3.57127360610001);
#3805=CIRCLE('',#10214,19.285961324651);
#3806=CIRCLE('',#10215,3.57127360610001);
#3807=CIRCLE('',#10216,3.57127360614289);
#3808=CIRCLE('',#10217,19.285961324651);
#3809=CIRCLE('',#10218,9.);
#3810=CIRCLE('',#10219,19.285961324651);
#3811=CIRCLE('',#10226,15.);
#3812=CIRCLE('',#10228,15.);
#3813=CIRCLE('',#10230,15.);
#3814=CIRCLE('',#10253,3.25);
#3815=VERTEX_POINT('',#13020);
#3816=VERTEX_POINT('',#13022);
#3817=VERTEX_POINT('',#13026);
#3818=VERTEX_POINT('',#13029);
#3819=VERTEX_POINT('',#13031);
#3820=VERTEX_POINT('',#13033);
#3821=VERTEX_POINT('',#13035);
#3822=VERTEX_POINT('',#13037);
#3823=VERTEX_POINT('',#13039);
#3824=VERTEX_POINT('',#13042);
#3825=VERTEX_POINT('',#13044);
#3826=VERTEX_POINT('',#13048);
#3827=VERTEX_POINT('',#13051);
#3828=VERTEX_POINT('',#13056);
#3829=VERTEX_POINT('',#13058);
#3830=VERTEX_POINT('',#13060);
#3831=VERTEX_POINT('',#13062);
#3832=VERTEX_POINT('',#13064);
#3833=VERTEX_POINT('',#13066);
#3834=VERTEX_POINT('',#13068);
#3835=VERTEX_POINT('',#13072);
#3836=VERTEX_POINT('',#13076);
#3837=VERTEX_POINT('',#13080);
#3838=VERTEX_POINT('',#13082);
#3839=VERTEX_POINT('',#13086);
#3840=VERTEX_POINT('',#13087);
#3841=VERTEX_POINT('',#13089);
#3842=VERTEX_POINT('',#13091);
#3843=VERTEX_POINT('',#13095);
#3844=VERTEX_POINT('',#13096);
#3845=VERTEX_POINT('',#13098);
#3846=VERTEX_POINT('',#13100);
#3847=VERTEX_POINT('',#13104);
#3848=VERTEX_POINT('',#13105);
#3849=VERTEX_POINT('',#13107);
#3850=VERTEX_POINT('',#13109);
#3851=VERTEX_POINT('',#13115);
#3852=VERTEX_POINT('',#13117);
#3853=VERTEX_POINT('',#13121);
#3854=VERTEX_POINT('',#13125);
#3855=VERTEX_POINT('',#13126);
#3856=VERTEX_POINT('',#13129);
#3857=VERTEX_POINT('',#13133);
#3858=VERTEX_POINT('',#13135);
#3859=VERTEX_POINT('',#13137);
#3860=VERTEX_POINT('',#13141);
#3861=VERTEX_POINT('',#13145);
#3862=VERTEX_POINT('',#13149);
#3863=VERTEX_POINT('',#13150);
#3864=VERTEX_POINT('',#13152);
#3865=VERTEX_POINT('',#13157);
#3866=VERTEX_POINT('',#13158);
#3867=VERTEX_POINT('',#13160);
#3868=VERTEX_POINT('',#13162);
#3869=VERTEX_POINT('',#13166);
#3870=VERTEX_POINT('',#13168);
#3871=VERTEX_POINT('',#13176);
#3872=VERTEX_POINT('',#13187);
#3873=VERTEX_POINT('',#13191);
#3874=VERTEX_POINT('',#13194);
#3875=VERTEX_POINT('',#13198);
#3876=VERTEX_POINT('',#13202);
#3877=VERTEX_POINT('',#13207);
#3878=VERTEX_POINT('',#13208);
#3879=VERTEX_POINT('',#13211);
#3880=VERTEX_POINT('',#13215);
#3881=VERTEX_POINT('',#13217);
#3882=VERTEX_POINT('',#13221);
#3883=VERTEX_POINT('',#13225);
#3884=VERTEX_POINT('',#13229);
#3885=VERTEX_POINT('',#13230);
#3886=VERTEX_POINT('',#13232);
#3887=VERTEX_POINT('',#13237);
#3888=VERTEX_POINT('',#13242);
#3889=VERTEX_POINT('',#13246);
#3890=VERTEX_POINT('',#13250);
#3891=VERTEX_POINT('',#13262);
#3892=VERTEX_POINT('',#13272);
#3893=VERTEX_POINT('',#13275);
#3894=VERTEX_POINT('',#13280);
#3895=VERTEX_POINT('',#13284);
#3896=VERTEX_POINT('',#13285);
#3897=VERTEX_POINT('',#13287);
#3898=VERTEX_POINT('',#13289);
#3899=VERTEX_POINT('',#13293);
#3900=VERTEX_POINT('',#13295);
#3901=VERTEX_POINT('',#13299);
#3902=VERTEX_POINT('',#13301);
#3903=VERTEX_POINT('',#13305);
#3904=VERTEX_POINT('',#13307);
#3905=VERTEX_POINT('',#13311);
#3906=VERTEX_POINT('',#13313);
#3907=VERTEX_POINT('',#13317);
#3908=VERTEX_POINT('',#13319);
#3909=VERTEX_POINT('',#13323);
#3910=VERTEX_POINT('',#13325);
#3911=VERTEX_POINT('',#13329);
#3912=VERTEX_POINT('',#13331);
#3913=VERTEX_POINT('',#13335);
#3914=VERTEX_POINT('',#13337);
#3915=VERTEX_POINT('',#13341);
#3916=VERTEX_POINT('',#13343);
#3917=VERTEX_POINT('',#13347);
#3918=VERTEX_POINT('',#13349);
#3919=VERTEX_POINT('',#13358);
#3920=VERTEX_POINT('',#13360);
#3921=VERTEX_POINT('',#13363);
#3922=VERTEX_POINT('',#13367);
#3923=VERTEX_POINT('',#13372);
#3924=VERTEX_POINT('',#13374);
#3925=VERTEX_POINT('',#13377);
#3926=VERTEX_POINT('',#13381);
#3927=VERTEX_POINT('',#13386);
#3928=VERTEX_POINT('',#13388);
#3929=VERTEX_POINT('',#13391);
#3930=VERTEX_POINT('',#13395);
#3931=VERTEX_POINT('',#13411);
#3932=VERTEX_POINT('',#13412);
#3933=VERTEX_POINT('',#13414);
#3934=VERTEX_POINT('',#13416);
#3935=VERTEX_POINT('',#13418);
#3936=VERTEX_POINT('',#13420);
#3937=VERTEX_POINT('',#13423);
#3938=VERTEX_POINT('',#13426);
#3939=VERTEX_POINT('',#13428);
#3940=VERTEX_POINT('',#13432);
#3941=VERTEX_POINT('',#13434);
#3942=VERTEX_POINT('',#13436);
#3943=VERTEX_POINT('',#13438);
#3944=VERTEX_POINT('',#13440);
#3945=VERTEX_POINT('',#13443);
#3946=VERTEX_POINT('',#13446);
#3947=VERTEX_POINT('',#13450);
#3948=VERTEX_POINT('',#13452);
#3949=VERTEX_POINT('',#13456);
#3950=VERTEX_POINT('',#13458);
#3951=VERTEX_POINT('',#13461);
#3952=VERTEX_POINT('',#13467);
#3953=VERTEX_POINT('',#13469);
#3954=VERTEX_POINT('',#13472);
#3955=VERTEX_POINT('',#13486);
#3956=VERTEX_POINT('',#13488);
#3957=VERTEX_POINT('',#13492);
#3958=VERTEX_POINT('',#13494);
#3959=VERTEX_POINT('',#13498);
#3960=VERTEX_POINT('',#13499);
#3961=VERTEX_POINT('',#13501);
#3962=VERTEX_POINT('',#13503);
#3963=VERTEX_POINT('',#13507);
#3964=VERTEX_POINT('',#13509);
#3965=VERTEX_POINT('',#13513);
#3966=VERTEX_POINT('',#13515);
#3967=VERTEX_POINT('',#13519);
#3968=VERTEX_POINT('',#13521);
#3969=VERTEX_POINT('',#13523);
#3970=VERTEX_POINT('',#13525);
#3971=VERTEX_POINT('',#13527);
#3972=VERTEX_POINT('',#13529);
#3973=VERTEX_POINT('',#13531);
#3974=VERTEX_POINT('',#13533);
#3975=VERTEX_POINT('',#13535);
#3976=VERTEX_POINT('',#13537);
#3977=VERTEX_POINT('',#13539);
#3978=VERTEX_POINT('',#13541);
#3979=VERTEX_POINT('',#13543);
#3980=VERTEX_POINT('',#13545);
#3981=VERTEX_POINT('',#13549);
#3982=VERTEX_POINT('',#13553);
#3983=VERTEX_POINT('',#13555);
#3984=VERTEX_POINT('',#13559);
#3985=VERTEX_POINT('',#13561);
#3986=VERTEX_POINT('',#13565);
#3987=VERTEX_POINT('',#13566);
#3988=VERTEX_POINT('',#13571);
#3989=VERTEX_POINT('',#13575);
#3990=VERTEX_POINT('',#13579);
#3991=VERTEX_POINT('',#13583);
#3992=VERTEX_POINT('',#13585);
#3993=VERTEX_POINT('',#13589);
#3994=VERTEX_POINT('',#13591);
#3995=VERTEX_POINT('',#13595);
#3996=VERTEX_POINT('',#13596);
#3997=VERTEX_POINT('',#13601);
#3998=VERTEX_POINT('',#13605);
#3999=VERTEX_POINT('',#13609);
#4000=VERTEX_POINT('',#13612);
#4001=VERTEX_POINT('',#13614);
#4002=VERTEX_POINT('',#13617);
#4003=VERTEX_POINT('',#13633);
#4004=VERTEX_POINT('',#13634);
#4005=VERTEX_POINT('',#13636);
#4006=VERTEX_POINT('',#13638);
#4007=VERTEX_POINT('',#13640);
#4008=VERTEX_POINT('',#13642);
#4009=VERTEX_POINT('',#13645);
#4010=VERTEX_POINT('',#13648);
#4011=VERTEX_POINT('',#13650);
#4012=VERTEX_POINT('',#13654);
#4013=VERTEX_POINT('',#13656);
#4014=VERTEX_POINT('',#13658);
#4015=VERTEX_POINT('',#13660);
#4016=VERTEX_POINT('',#13662);
#4017=VERTEX_POINT('',#13665);
#4018=VERTEX_POINT('',#13668);
#4019=VERTEX_POINT('',#13672);
#4020=VERTEX_POINT('',#13674);
#4021=VERTEX_POINT('',#13678);
#4022=VERTEX_POINT('',#13680);
#4023=VERTEX_POINT('',#13683);
#4024=VERTEX_POINT('',#13689);
#4025=VERTEX_POINT('',#13691);
#4026=VERTEX_POINT('',#13694);
#4027=VERTEX_POINT('',#13709);
#4028=VERTEX_POINT('',#13711);
#4029=VERTEX_POINT('',#13715);
#4030=VERTEX_POINT('',#13717);
#4031=VERTEX_POINT('',#13721);
#4032=VERTEX_POINT('',#13722);
#4033=VERTEX_POINT('',#13724);
#4034=VERTEX_POINT('',#13726);
#4035=VERTEX_POINT('',#13730);
#4036=VERTEX_POINT('',#13732);
#4037=VERTEX_POINT('',#13736);
#4038=VERTEX_POINT('',#13738);
#4039=VERTEX_POINT('',#13740);
#4040=VERTEX_POINT('',#13744);
#4041=VERTEX_POINT('',#13745);
#4042=VERTEX_POINT('',#13750);
#4043=VERTEX_POINT('',#13760);
#4044=VERTEX_POINT('',#13761);
#4045=VERTEX_POINT('',#13763);
#4046=VERTEX_POINT('',#13765);
#4047=VERTEX_POINT('',#13769);
#4048=VERTEX_POINT('',#13771);
#4049=VERTEX_POINT('',#13775);
#4050=VERTEX_POINT('',#13777);
#4051=VERTEX_POINT('',#13779);
#4052=VERTEX_POINT('',#13782);
#4053=VERTEX_POINT('',#13785);
#4054=VERTEX_POINT('',#13789);
#4055=VERTEX_POINT('',#13791);
#4056=VERTEX_POINT('',#13793);
#4057=VERTEX_POINT('',#13796);
#4058=VERTEX_POINT('',#13799);
#4059=VERTEX_POINT('',#13803);
#4060=VERTEX_POINT('',#13807);
#4061=VERTEX_POINT('',#13811);
#4062=VERTEX_POINT('',#13814);
#4063=VERTEX_POINT('',#13823);
#4064=VERTEX_POINT('',#13825);
#4065=VERTEX_POINT('',#13829);
#4066=VERTEX_POINT('',#13831);
#4067=VERTEX_POINT('',#13835);
#4068=VERTEX_POINT('',#13836);
#4069=VERTEX_POINT('',#13838);
#4070=VERTEX_POINT('',#13840);
#4071=VERTEX_POINT('',#13844);
#4072=VERTEX_POINT('',#13846);
#4073=VERTEX_POINT('',#13850);
#4074=VERTEX_POINT('',#13852);
#4075=VERTEX_POINT('',#13854);
#4076=VERTEX_POINT('',#13858);
#4077=VERTEX_POINT('',#13859);
#4078=VERTEX_POINT('',#13864);
#4079=VERTEX_POINT('',#13879);
#4080=VERTEX_POINT('',#13880);
#4081=VERTEX_POINT('',#13882);
#4082=VERTEX_POINT('',#13884);
#4083=VERTEX_POINT('',#13886);
#4084=VERTEX_POINT('',#13888);
#4085=VERTEX_POINT('',#13891);
#4086=VERTEX_POINT('',#13894);
#4087=VERTEX_POINT('',#13896);
#4088=VERTEX_POINT('',#13900);
#4089=VERTEX_POINT('',#13902);
#4090=VERTEX_POINT('',#13904);
#4091=VERTEX_POINT('',#13906);
#4092=VERTEX_POINT('',#13908);
#4093=VERTEX_POINT('',#13911);
#4094=VERTEX_POINT('',#13914);
#4095=VERTEX_POINT('',#13918);
#4096=VERTEX_POINT('',#13920);
#4097=VERTEX_POINT('',#13924);
#4098=VERTEX_POINT('',#13926);
#4099=VERTEX_POINT('',#13929);
#4100=VERTEX_POINT('',#13935);
#4101=VERTEX_POINT('',#13937);
#4102=VERTEX_POINT('',#13940);
#4103=VERTEX_POINT('',#13956);
#4104=VERTEX_POINT('',#13957);
#4105=VERTEX_POINT('',#13959);
#4106=VERTEX_POINT('',#13961);
#4107=VERTEX_POINT('',#13964);
#4108=VERTEX_POINT('',#13966);
#4109=VERTEX_POINT('',#13969);
#4110=VERTEX_POINT('',#13971);
#4111=VERTEX_POINT('',#13973);
#4112=VERTEX_POINT('',#13975);
#4113=VERTEX_POINT('',#13977);
#4114=VERTEX_POINT('',#13979);
#4115=VERTEX_POINT('',#13981);
#4116=VERTEX_POINT('',#13983);
#4117=VERTEX_POINT('',#13985);
#4118=VERTEX_POINT('',#13987);
#4119=VERTEX_POINT('',#13989);
#4120=VERTEX_POINT('',#13992);
#4121=VERTEX_POINT('',#13995);
#4122=VERTEX_POINT('',#13999);
#4123=VERTEX_POINT('',#14000);
#4124=VERTEX_POINT('',#14002);
#4125=VERTEX_POINT('',#14004);
#4126=VERTEX_POINT('',#14007);
#4127=VERTEX_POINT('',#14009);
#4128=VERTEX_POINT('',#14012);
#4129=VERTEX_POINT('',#14014);
#4130=VERTEX_POINT('',#14018);
#4131=VERTEX_POINT('',#14019);
#4132=VERTEX_POINT('',#14021);
#4133=VERTEX_POINT('',#14023);
#4134=VERTEX_POINT('',#14026);
#4135=VERTEX_POINT('',#14028);
#4136=VERTEX_POINT('',#14031);
#4137=VERTEX_POINT('',#14033);
#4138=VERTEX_POINT('',#14035);
#4139=VERTEX_POINT('',#14037);
#4140=VERTEX_POINT('',#14039);
#4141=VERTEX_POINT('',#14041);
#4142=VERTEX_POINT('',#14043);
#4143=VERTEX_POINT('',#14045);
#4144=VERTEX_POINT('',#14047);
#4145=VERTEX_POINT('',#14049);
#4146=VERTEX_POINT('',#14051);
#4147=VERTEX_POINT('',#14053);
#4148=VERTEX_POINT('',#14056);
#4149=VERTEX_POINT('',#14059);
#4150=VERTEX_POINT('',#14063);
#4151=VERTEX_POINT('',#14064);
#4152=VERTEX_POINT('',#14066);
#4153=VERTEX_POINT('',#14068);
#4154=VERTEX_POINT('',#14072);
#4155=VERTEX_POINT('',#14073);
#4156=VERTEX_POINT('',#14075);
#4157=VERTEX_POINT('',#14077);
#4158=VERTEX_POINT('',#14081);
#4159=VERTEX_POINT('',#14082);
#4160=VERTEX_POINT('',#14084);
#4161=VERTEX_POINT('',#14086);
#4162=VERTEX_POINT('',#14090);
#4163=VERTEX_POINT('',#14091);
#4164=VERTEX_POINT('',#14093);
#4165=VERTEX_POINT('',#14095);
#4166=VERTEX_POINT('',#14099);
#4167=VERTEX_POINT('',#14100);
#4168=VERTEX_POINT('',#14102);
#4169=VERTEX_POINT('',#14104);
#4170=VERTEX_POINT('',#14108);
#4171=VERTEX_POINT('',#14109);
#4172=VERTEX_POINT('',#14111);
#4173=VERTEX_POINT('',#14113);
#4174=VERTEX_POINT('',#14117);
#4175=VERTEX_POINT('',#14118);
#4176=VERTEX_POINT('',#14120);
#4177=VERTEX_POINT('',#14122);
#4178=VERTEX_POINT('',#14126);
#4179=VERTEX_POINT('',#14127);
#4180=VERTEX_POINT('',#14129);
#4181=VERTEX_POINT('',#14131);
#4182=VERTEX_POINT('',#14135);
#4183=VERTEX_POINT('',#14136);
#4184=VERTEX_POINT('',#14138);
#4185=VERTEX_POINT('',#14140);
#4186=VERTEX_POINT('',#14144);
#4187=VERTEX_POINT('',#14145);
#4188=VERTEX_POINT('',#14150);
#4189=VERTEX_POINT('',#14151);
#4190=VERTEX_POINT('',#14156);
#4191=VERTEX_POINT('',#14157);
#4192=VERTEX_POINT('',#14162);
#4193=VERTEX_POINT('',#14166);
#4194=VERTEX_POINT('',#14168);
#4195=VERTEX_POINT('',#14175);
#4196=VERTEX_POINT('',#14177);
#4197=VERTEX_POINT('',#14179);
#4198=VERTEX_POINT('',#14181);
#4199=VERTEX_POINT('',#14183);
#4200=VERTEX_POINT('',#14185);
#4201=VERTEX_POINT('',#14187);
#4202=VERTEX_POINT('',#14190);
#4203=VERTEX_POINT('',#14191);
#4204=VERTEX_POINT('',#14193);
#4205=VERTEX_POINT('',#14197);
#4206=VERTEX_POINT('',#14198);
#4207=VERTEX_POINT('',#14200);
#4208=VERTEX_POINT('',#14202);
#4209=VERTEX_POINT('',#14206);
#4210=VERTEX_POINT('',#14208);
#4211=VERTEX_POINT('',#14215);
#4212=VERTEX_POINT('',#14216);
#4213=VERTEX_POINT('',#14218);
#4214=VERTEX_POINT('',#14222);
#4215=VERTEX_POINT('',#14224);
#4216=VERTEX_POINT('',#14233);
#4217=VERTEX_POINT('',#14235);
#4218=VERTEX_POINT('',#14237);
#4219=VERTEX_POINT('',#14239);
#4220=VERTEX_POINT('',#14241);
#4221=VERTEX_POINT('',#14245);
#4222=VERTEX_POINT('',#14247);
#4223=VERTEX_POINT('',#14249);
#4224=VERTEX_POINT('',#14251);
#4225=VERTEX_POINT('',#14253);
#4226=VERTEX_POINT('',#14256);
#4227=VERTEX_POINT('',#14258);
#4228=VERTEX_POINT('',#14260);
#4229=VERTEX_POINT('',#14262);
#4230=VERTEX_POINT('',#14264);
#4231=VERTEX_POINT('',#14266);
#4232=VERTEX_POINT('',#14268);
#4233=VERTEX_POINT('',#14271);
#4234=VERTEX_POINT('',#14274);
#4235=VERTEX_POINT('',#14276);
#4236=VERTEX_POINT('',#14278);
#4237=VERTEX_POINT('',#14280);
#4238=VERTEX_POINT('',#14283);
#4239=VERTEX_POINT('',#14285);
#4240=VERTEX_POINT('',#14296);
#4241=VERTEX_POINT('',#14298);
#4242=VERTEX_POINT('',#14302);
#4243=VERTEX_POINT('',#14304);
#4244=VERTEX_POINT('',#14306);
#4245=VERTEX_POINT('',#14308);
#4246=VERTEX_POINT('',#14312);
#4247=VERTEX_POINT('',#14315);
#4248=VERTEX_POINT('',#14321);
#4249=VERTEX_POINT('',#14322);
#4250=VERTEX_POINT('',#14324);
#4251=VERTEX_POINT('',#14326);
#4252=VERTEX_POINT('',#14330);
#4253=VERTEX_POINT('',#14332);
#4254=VERTEX_POINT('',#14341);
#4255=VERTEX_POINT('',#14342);
#4256=VERTEX_POINT('',#14344);
#4257=VERTEX_POINT('',#14346);
#4258=VERTEX_POINT('',#14350);
#4259=VERTEX_POINT('',#14352);
#4260=VERTEX_POINT('',#14363);
#4261=VERTEX_POINT('',#14365);
#4262=VERTEX_POINT('',#14389);
#4263=VERTEX_POINT('',#14391);
#4264=VERTEX_POINT('',#14394);
#4265=VERTEX_POINT('',#14396);
#4266=VERTEX_POINT('',#14417);
#4267=VERTEX_POINT('',#14419);
#4268=VERTEX_POINT('',#14422);
#4269=VERTEX_POINT('',#14424);
#4270=VERTEX_POINT('',#14454);
#4271=VERTEX_POINT('',#14456);
#4272=VERTEX_POINT('',#14459);
#4273=VERTEX_POINT('',#14461);
#4274=VERTEX_POINT('',#14482);
#4275=VERTEX_POINT('',#14484);
#4276=VERTEX_POINT('',#14487);
#4277=VERTEX_POINT('',#14489);
#4278=VERTEX_POINT('',#14506);
#4279=VERTEX_POINT('',#14508);
#4280=VERTEX_POINT('',#14511);
#4281=VERTEX_POINT('',#14513);
#4282=VERTEX_POINT('',#14519);
#4283=VERTEX_POINT('',#14521);
#4284=VERTEX_POINT('',#14548);
#4285=VERTEX_POINT('',#14550);
#4286=VERTEX_POINT('',#14553);
#4287=VERTEX_POINT('',#14555);
#4288=VERTEX_POINT('',#14576);
#4289=VERTEX_POINT('',#14578);
#4290=VERTEX_POINT('',#14581);
#4291=VERTEX_POINT('',#14583);
#4292=VERTEX_POINT('',#14592);
#4293=VERTEX_POINT('',#14594);
#4294=VERTEX_POINT('',#14600);
#4295=VERTEX_POINT('',#14602);
#4296=VERTEX_POINT('',#14608);
#4297=VERTEX_POINT('',#14612);
#4298=VERTEX_POINT('',#14616);
#4299=VERTEX_POINT('',#14620);
#4300=VERTEX_POINT('',#14625);
#4301=VERTEX_POINT('',#14627);
#4302=VERTEX_POINT('',#14666);
#4303=VERTEX_POINT('',#14668);
#4304=VERTEX_POINT('',#14672);
#4305=VERTEX_POINT('',#14674);
#4306=VERTEX_POINT('',#14678);
#4307=VERTEX_POINT('',#14680);
#4308=VERTEX_POINT('',#14684);
#4309=VERTEX_POINT('',#14686);
#4310=VERTEX_POINT('',#14690);
#4311=VERTEX_POINT('',#14691);
#4312=VERTEX_POINT('',#14693);
#4313=VERTEX_POINT('',#14695);
#4314=VERTEX_POINT('',#14701);
#4315=VERTEX_POINT('',#14703);
#4316=VERTEX_POINT('',#14705);
#4317=VERTEX_POINT('',#14707);
#4318=VERTEX_POINT('',#14709);
#4319=VERTEX_POINT('',#14712);
#4320=VERTEX_POINT('',#14714);
#4321=VERTEX_POINT('',#14716);
#4322=VERTEX_POINT('',#14719);
#4323=VERTEX_POINT('',#14721);
#4324=VERTEX_POINT('',#14727);
#4325=VERTEX_POINT('',#14729);
#4326=VERTEX_POINT('',#14735);
#4327=VERTEX_POINT('',#14739);
#4328=VERTEX_POINT('',#14743);
#4329=VERTEX_POINT('',#14747);
#4330=VERTEX_POINT('',#14752);
#4331=VERTEX_POINT('',#14754);
#4332=VERTEX_POINT('',#14757);
#4333=VERTEX_POINT('',#14761);
#4334=VERTEX_POINT('',#14766);
#4335=VERTEX_POINT('',#14768);
#4336=VERTEX_POINT('',#14771);
#4337=VERTEX_POINT('',#14775);
#4338=VERTEX_POINT('',#14780);
#4339=VERTEX_POINT('',#14781);
#4340=VERTEX_POINT('',#14783);
#4341=VERTEX_POINT('',#14785);
#4342=VERTEX_POINT('',#14789);
#4343=VERTEX_POINT('',#14791);
#4344=VERTEX_POINT('',#14795);
#4345=VERTEX_POINT('',#14797);
#4346=VERTEX_POINT('',#14799);
#4347=VERTEX_POINT('',#14801);
#4348=VERTEX_POINT('',#14805);
#4349=VERTEX_POINT('',#14807);
#4350=VERTEX_POINT('',#14809);
#4351=VERTEX_POINT('',#14811);
#4352=VERTEX_POINT('',#14813);
#4353=VERTEX_POINT('',#14815);
#4354=VERTEX_POINT('',#14817);
#4355=VERTEX_POINT('',#14819);
#4356=VERTEX_POINT('',#14821);
#4357=VERTEX_POINT('',#14823);
#4358=VERTEX_POINT('',#14825);
#4359=VERTEX_POINT('',#14827);
#4360=VERTEX_POINT('',#14829);
#4361=VERTEX_POINT('',#14832);
#4362=VERTEX_POINT('',#14833);
#4363=VERTEX_POINT('',#14835);
#4364=VERTEX_POINT('',#14837);
#4365=VERTEX_POINT('',#14839);
#4366=VERTEX_POINT('',#14841);
#4367=VERTEX_POINT('',#14844);
#4368=VERTEX_POINT('',#14845);
#4369=VERTEX_POINT('',#14847);
#4370=VERTEX_POINT('',#14849);
#4371=VERTEX_POINT('',#14851);
#4372=VERTEX_POINT('',#14853);
#4373=VERTEX_POINT('',#14856);
#4374=VERTEX_POINT('',#14858);
#4375=VERTEX_POINT('',#14861);
#4376=VERTEX_POINT('',#14862);
#4377=VERTEX_POINT('',#14864);
#4378=VERTEX_POINT('',#14866);
#4379=VERTEX_POINT('',#14868);
#4380=VERTEX_POINT('',#14872);
#4381=VERTEX_POINT('',#14874);
#4382=VERTEX_POINT('',#14878);
#4383=VERTEX_POINT('',#14882);
#4384=VERTEX_POINT('',#14886);
#4385=VERTEX_POINT('',#14888);
#4386=VERTEX_POINT('',#14892);
#4387=VERTEX_POINT('',#14893);
#4388=VERTEX_POINT('',#14895);
#4389=VERTEX_POINT('',#14897);
#4390=VERTEX_POINT('',#14901);
#4391=VERTEX_POINT('',#14902);
#4392=VERTEX_POINT('',#14904);
#4393=VERTEX_POINT('',#14906);
#4394=VERTEX_POINT('',#14910);
#4395=VERTEX_POINT('',#14912);
#4396=VERTEX_POINT('',#14914);
#4397=VERTEX_POINT('',#14918);
#4398=VERTEX_POINT('',#14920);
#4399=VERTEX_POINT('',#14924);
#4400=VERTEX_POINT('',#14925);
#4401=VERTEX_POINT('',#14927);
#4402=VERTEX_POINT('',#14929);
#4403=VERTEX_POINT('',#14937);
#4404=VERTEX_POINT('',#14939);
#4405=VERTEX_POINT('',#14943);
#4406=VERTEX_POINT('',#14944);
#4407=VERTEX_POINT('',#14946);
#4408=VERTEX_POINT('',#14948);
#4409=VERTEX_POINT('',#14952);
#4410=VERTEX_POINT('',#14954);
#4411=VERTEX_POINT('',#14961);
#4412=VERTEX_POINT('',#14964);
#4413=VERTEX_POINT('',#14967);
#4414=VERTEX_POINT('',#14970);
#4415=VERTEX_POINT('',#14972);
#4416=VERTEX_POINT('',#14974);
#4417=VERTEX_POINT('',#14981);
#4418=VERTEX_POINT('',#14983);
#4419=VERTEX_POINT('',#14985);
#4420=VERTEX_POINT('',#14987);
#4421=VERTEX_POINT('',#14989);
#4422=VERTEX_POINT('',#14991);
#4423=VERTEX_POINT('',#14993);
#4424=VERTEX_POINT('',#14995);
#4425=VERTEX_POINT('',#14997);
#4426=VERTEX_POINT('',#14999);
#4427=VERTEX_POINT('',#15001);
#4428=VERTEX_POINT('',#15003);
#4429=VERTEX_POINT('',#15005);
#4430=VERTEX_POINT('',#15008);
#4431=VERTEX_POINT('',#15010);
#4432=VERTEX_POINT('',#15012);
#4433=VERTEX_POINT('',#15014);
#4434=VERTEX_POINT('',#15019);
#4435=VERTEX_POINT('',#15031);
#4436=VERTEX_POINT('',#15033);
#4437=VERTEX_POINT('',#15037);
#4438=VERTEX_POINT('',#15041);
#4439=VERTEX_POINT('',#15043);
#4440=VERTEX_POINT('',#15047);
#4441=VERTEX_POINT('',#15049);
#4442=VERTEX_POINT('',#15053);
#4443=VERTEX_POINT('',#15096);
#4444=VERTEX_POINT('',#15101);
#4445=VERTEX_POINT('',#15103);
#4446=VERTEX_POINT('',#15106);
#4447=VERTEX_POINT('',#15110);
#4448=VERTEX_POINT('',#15115);
#4449=VERTEX_POINT('',#15117);
#4450=VERTEX_POINT('',#15120);
#4451=VERTEX_POINT('',#15124);
#4452=VERTEX_POINT('',#15129);
#4453=VERTEX_POINT('',#15130);
#4454=VERTEX_POINT('',#15132);
#4455=VERTEX_POINT('',#15134);
#4456=VERTEX_POINT('',#15138);
#4457=VERTEX_POINT('',#15140);
#4458=VERTEX_POINT('',#15144);
#4459=VERTEX_POINT('',#15146);
#4460=VERTEX_POINT('',#15148);
#4461=VERTEX_POINT('',#15150);
#4462=VERTEX_POINT('',#15154);
#4463=VERTEX_POINT('',#15156);
#4464=VERTEX_POINT('',#15158);
#4465=VERTEX_POINT('',#15160);
#4466=VERTEX_POINT('',#15162);
#4467=VERTEX_POINT('',#15164);
#4468=VERTEX_POINT('',#15166);
#4469=VERTEX_POINT('',#15168);
#4470=VERTEX_POINT('',#15170);
#4471=VERTEX_POINT('',#15172);
#4472=VERTEX_POINT('',#15174);
#4473=VERTEX_POINT('',#15176);
#4474=VERTEX_POINT('',#15178);
#4475=VERTEX_POINT('',#15181);
#4476=VERTEX_POINT('',#15182);
#4477=VERTEX_POINT('',#15184);
#4478=VERTEX_POINT('',#15186);
#4479=VERTEX_POINT('',#15188);
#4480=VERTEX_POINT('',#15190);
#4481=VERTEX_POINT('',#15193);
#4482=VERTEX_POINT('',#15194);
#4483=VERTEX_POINT('',#15196);
#4484=VERTEX_POINT('',#15198);
#4485=VERTEX_POINT('',#15200);
#4486=VERTEX_POINT('',#15202);
#4487=VERTEX_POINT('',#15205);
#4488=VERTEX_POINT('',#15207);
#4489=VERTEX_POINT('',#15210);
#4490=VERTEX_POINT('',#15211);
#4491=VERTEX_POINT('',#15213);
#4492=VERTEX_POINT('',#15215);
#4493=VERTEX_POINT('',#15217);
#4494=VERTEX_POINT('',#15221);
#4495=VERTEX_POINT('',#15223);
#4496=VERTEX_POINT('',#15227);
#4497=VERTEX_POINT('',#15231);
#4498=VERTEX_POINT('',#15235);
#4499=VERTEX_POINT('',#15237);
#4500=VERTEX_POINT('',#15241);
#4501=VERTEX_POINT('',#15242);
#4502=VERTEX_POINT('',#15244);
#4503=VERTEX_POINT('',#15246);
#4504=VERTEX_POINT('',#15250);
#4505=VERTEX_POINT('',#15251);
#4506=VERTEX_POINT('',#15253);
#4507=VERTEX_POINT('',#15255);
#4508=VERTEX_POINT('',#15259);
#4509=VERTEX_POINT('',#15261);
#4510=VERTEX_POINT('',#15263);
#4511=VERTEX_POINT('',#15267);
#4512=VERTEX_POINT('',#15269);
#4513=VERTEX_POINT('',#15273);
#4514=VERTEX_POINT('',#15274);
#4515=VERTEX_POINT('',#15276);
#4516=VERTEX_POINT('',#15278);
#4517=VERTEX_POINT('',#15286);
#4518=VERTEX_POINT('',#15288);
#4519=VERTEX_POINT('',#15292);
#4520=VERTEX_POINT('',#15293);
#4521=VERTEX_POINT('',#15295);
#4522=VERTEX_POINT('',#15297);
#4523=VERTEX_POINT('',#15301);
#4524=VERTEX_POINT('',#15303);
#4525=VERTEX_POINT('',#15310);
#4526=VERTEX_POINT('',#15313);
#4527=VERTEX_POINT('',#15316);
#4528=VERTEX_POINT('',#15319);
#4529=VERTEX_POINT('',#15321);
#4530=VERTEX_POINT('',#15323);
#4531=VERTEX_POINT('',#15330);
#4532=VERTEX_POINT('',#15332);
#4533=VERTEX_POINT('',#15334);
#4534=VERTEX_POINT('',#15336);
#4535=VERTEX_POINT('',#15338);
#4536=VERTEX_POINT('',#15340);
#4537=VERTEX_POINT('',#15342);
#4538=VERTEX_POINT('',#15344);
#4539=VERTEX_POINT('',#15346);
#4540=VERTEX_POINT('',#15348);
#4541=VERTEX_POINT('',#15350);
#4542=VERTEX_POINT('',#15352);
#4543=VERTEX_POINT('',#15354);
#4544=VERTEX_POINT('',#15357);
#4545=VERTEX_POINT('',#15359);
#4546=VERTEX_POINT('',#15361);
#4547=VERTEX_POINT('',#15363);
#4548=VERTEX_POINT('',#15368);
#4549=VERTEX_POINT('',#15380);
#4550=VERTEX_POINT('',#15382);
#4551=VERTEX_POINT('',#15386);
#4552=VERTEX_POINT('',#15390);
#4553=VERTEX_POINT('',#15392);
#4554=VERTEX_POINT('',#15396);
#4555=VERTEX_POINT('',#15398);
#4556=VERTEX_POINT('',#15402);
#4557=VERTEX_POINT('',#15445);
#4558=VERTEX_POINT('',#15450);
#4559=VERTEX_POINT('',#15451);
#4560=VERTEX_POINT('',#15453);
#4561=VERTEX_POINT('',#15455);
#4562=VERTEX_POINT('',#15459);
#4563=VERTEX_POINT('',#15461);
#4564=VERTEX_POINT('',#15465);
#4565=VERTEX_POINT('',#15467);
#4566=VERTEX_POINT('',#15469);
#4567=VERTEX_POINT('',#15471);
#4568=VERTEX_POINT('',#15475);
#4569=VERTEX_POINT('',#15477);
#4570=VERTEX_POINT('',#15479);
#4571=VERTEX_POINT('',#15481);
#4572=VERTEX_POINT('',#15483);
#4573=VERTEX_POINT('',#15485);
#4574=VERTEX_POINT('',#15487);
#4575=VERTEX_POINT('',#15489);
#4576=VERTEX_POINT('',#15491);
#4577=VERTEX_POINT('',#15493);
#4578=VERTEX_POINT('',#15495);
#4579=VERTEX_POINT('',#15497);
#4580=VERTEX_POINT('',#15499);
#4581=VERTEX_POINT('',#15502);
#4582=VERTEX_POINT('',#15503);
#4583=VERTEX_POINT('',#15505);
#4584=VERTEX_POINT('',#15507);
#4585=VERTEX_POINT('',#15509);
#4586=VERTEX_POINT('',#15511);
#4587=VERTEX_POINT('',#15514);
#4588=VERTEX_POINT('',#15515);
#4589=VERTEX_POINT('',#15517);
#4590=VERTEX_POINT('',#15519);
#4591=VERTEX_POINT('',#15521);
#4592=VERTEX_POINT('',#15523);
#4593=VERTEX_POINT('',#15526);
#4594=VERTEX_POINT('',#15528);
#4595=VERTEX_POINT('',#15531);
#4596=VERTEX_POINT('',#15532);
#4597=VERTEX_POINT('',#15534);
#4598=VERTEX_POINT('',#15536);
#4599=VERTEX_POINT('',#15538);
#4600=VERTEX_POINT('',#15542);
#4601=VERTEX_POINT('',#15544);
#4602=VERTEX_POINT('',#15548);
#4603=VERTEX_POINT('',#15552);
#4604=VERTEX_POINT('',#15556);
#4605=VERTEX_POINT('',#15558);
#4606=VERTEX_POINT('',#15562);
#4607=VERTEX_POINT('',#15563);
#4608=VERTEX_POINT('',#15565);
#4609=VERTEX_POINT('',#15567);
#4610=VERTEX_POINT('',#15571);
#4611=VERTEX_POINT('',#15572);
#4612=VERTEX_POINT('',#15574);
#4613=VERTEX_POINT('',#15576);
#4614=VERTEX_POINT('',#15580);
#4615=VERTEX_POINT('',#15582);
#4616=VERTEX_POINT('',#15584);
#4617=VERTEX_POINT('',#15588);
#4618=VERTEX_POINT('',#15590);
#4619=VERTEX_POINT('',#15594);
#4620=VERTEX_POINT('',#15595);
#4621=VERTEX_POINT('',#15597);
#4622=VERTEX_POINT('',#15599);
#4623=VERTEX_POINT('',#15607);
#4624=VERTEX_POINT('',#15609);
#4625=VERTEX_POINT('',#15613);
#4626=VERTEX_POINT('',#15614);
#4627=VERTEX_POINT('',#15616);
#4628=VERTEX_POINT('',#15618);
#4629=VERTEX_POINT('',#15622);
#4630=VERTEX_POINT('',#15624);
#4631=VERTEX_POINT('',#15631);
#4632=VERTEX_POINT('',#15634);
#4633=VERTEX_POINT('',#15637);
#4634=VERTEX_POINT('',#15640);
#4635=VERTEX_POINT('',#15642);
#4636=VERTEX_POINT('',#15644);
#4637=VERTEX_POINT('',#15651);
#4638=VERTEX_POINT('',#15653);
#4639=VERTEX_POINT('',#15655);
#4640=VERTEX_POINT('',#15657);
#4641=VERTEX_POINT('',#15659);
#4642=VERTEX_POINT('',#15661);
#4643=VERTEX_POINT('',#15663);
#4644=VERTEX_POINT('',#15665);
#4645=VERTEX_POINT('',#15667);
#4646=VERTEX_POINT('',#15669);
#4647=VERTEX_POINT('',#15671);
#4648=VERTEX_POINT('',#15673);
#4649=VERTEX_POINT('',#15675);
#4650=VERTEX_POINT('',#15678);
#4651=VERTEX_POINT('',#15680);
#4652=VERTEX_POINT('',#15682);
#4653=VERTEX_POINT('',#15684);
#4654=VERTEX_POINT('',#15689);
#4655=VERTEX_POINT('',#15701);
#4656=VERTEX_POINT('',#15703);
#4657=VERTEX_POINT('',#15707);
#4658=VERTEX_POINT('',#15711);
#4659=VERTEX_POINT('',#15713);
#4660=VERTEX_POINT('',#15717);
#4661=VERTEX_POINT('',#15719);
#4662=VERTEX_POINT('',#15723);
#4663=VERTEX_POINT('',#15766);
#4664=EDGE_CURVE('',#3815,#3815,#3433,.T.);
#4665=EDGE_CURVE('',#3815,#3816,#1743,.T.);
#4666=EDGE_CURVE('',#3816,#3816,#3434,.T.);
#4667=EDGE_CURVE('',#3817,#3817,#3435,.T.);
#4668=EDGE_CURVE('',#3818,#3818,#3436,.T.);
#4669=EDGE_CURVE('',#3818,#3819,#1744,.T.);
#4670=EDGE_CURVE('',#3820,#3819,#3437,.T.);
#4671=EDGE_CURVE('',#3821,#3820,#1745,.T.);
#4672=EDGE_CURVE('',#3822,#3821,#3438,.T.);
#4673=EDGE_CURVE('',#3822,#3823,#1746,.T.);
#4674=EDGE_CURVE('',#3823,#3823,#3439,.T.);
#4675=EDGE_CURVE('',#3824,#3822,#3440,.T.);
#4676=EDGE_CURVE('',#3825,#3824,#1747,.T.);
#4677=EDGE_CURVE('',#3819,#3825,#3441,.T.);
#4678=EDGE_CURVE('',#3826,#3826,#3442,.T.);
#4679=EDGE_CURVE('',#3827,#3827,#3443,.T.);
#4680=EDGE_CURVE('',#3827,#3826,#1748,.T.);
#4681=EDGE_CURVE('',#3828,#3821,#1749,.T.);
#4682=EDGE_CURVE('',#3829,#3828,#1750,.T.);
#4683=EDGE_CURVE('',#3830,#3829,#1751,.T.);
#4684=EDGE_CURVE('',#3831,#3830,#1752,.T.);
#4685=EDGE_CURVE('',#3832,#3831,#1753,.T.);
#4686=EDGE_CURVE('',#3833,#3832,#3444,.T.);
#4687=EDGE_CURVE('',#3834,#3833,#3445,.T.);
#4688=EDGE_CURVE('',#3824,#3834,#1754,.T.);
#4689=EDGE_CURVE('',#3820,#3835,#1755,.T.);
#4690=EDGE_CURVE('',#3828,#3835,#1756,.T.);
#4691=EDGE_CURVE('',#3836,#3834,#1757,.T.);
#4692=EDGE_CURVE('',#3836,#3825,#1758,.T.);
#4693=EDGE_CURVE('',#3832,#3837,#1759,.T.);
#4694=EDGE_CURVE('',#3838,#3831,#1760,.T.);
#4695=EDGE_CURVE('',#3838,#3837,#1761,.T.);
#4696=EDGE_CURVE('',#3839,#3840,#1762,.T.);
#4697=EDGE_CURVE('',#3839,#3841,#1763,.T.);
#4698=EDGE_CURVE('',#3842,#3841,#1764,.T.);
#4699=EDGE_CURVE('',#3842,#3840,#1765,.T.);
#4700=EDGE_CURVE('',#3843,#3844,#1766,.T.);
#4701=EDGE_CURVE('',#3843,#3845,#1767,.T.);
#4702=EDGE_CURVE('',#3846,#3845,#1768,.T.);
#4703=EDGE_CURVE('',#3846,#3844,#1769,.T.);
#4704=EDGE_CURVE('',#3847,#3848,#1770,.T.);
#4705=EDGE_CURVE('',#3847,#3849,#1771,.T.);
#4706=EDGE_CURVE('',#3850,#3849,#1772,.T.);
#4707=EDGE_CURVE('',#3850,#3848,#1773,.T.);
#4708=EDGE_CURVE('',#3844,#3847,#3446,.T.);
#4709=EDGE_CURVE('',#3840,#3846,#3447,.T.);
#4710=EDGE_CURVE('',#3851,#3842,#1774,.T.);
#4711=EDGE_CURVE('',#3852,#3851,#1775,.T.);
#4712=EDGE_CURVE('',#3849,#3852,#1776,.T.);
#4713=EDGE_CURVE('',#3817,#3853,#1777,.T.);
#4714=EDGE_CURVE('',#3853,#3853,#3448,.T.);
#4715=EDGE_CURVE('',#3854,#3855,#1778,.T.);
#4716=EDGE_CURVE('',#3855,#3830,#182,.T.);
#4717=EDGE_CURVE('',#3830,#3856,#1779,.T.);
#4718=EDGE_CURVE('',#3856,#3854,#183,.T.);
#4719=EDGE_CURVE('',#3857,#3851,#1780,.T.);
#4720=EDGE_CURVE('',#3851,#3858,#184,.T.);
#4721=EDGE_CURVE('',#3858,#3859,#1781,.T.);
#4722=EDGE_CURVE('',#3859,#3857,#185,.T.);
#4723=EDGE_CURVE('',#3855,#3860,#1782,.T.);
#4724=EDGE_CURVE('',#3860,#3831,#186,.T.);
#4725=EDGE_CURVE('',#3842,#3861,#187,.T.);
#4726=EDGE_CURVE('',#3861,#3858,#1783,.T.);
#4727=EDGE_CURVE('',#3862,#3863,#1784,.T.);
#4728=EDGE_CURVE('',#3863,#3864,#188,.T.);
#4729=EDGE_CURVE('',#3864,#3838,#1785,.T.);
#4730=EDGE_CURVE('',#3838,#3862,#189,.T.);
#4731=EDGE_CURVE('',#3865,#3866,#1786,.T.);
#4732=EDGE_CURVE('',#3866,#3867,#190,.T.);
#4733=EDGE_CURVE('',#3867,#3868,#1787,.T.);
#4734=EDGE_CURVE('',#3868,#3865,#191,.T.);
#4735=EDGE_CURVE('',#3869,#3867,#1788,.T.);
#4736=EDGE_CURVE('',#3866,#3870,#1789,.T.);
#4737=EDGE_CURVE('',#3870,#3869,#192,.T.);
#4738=EDGE_CURVE('',#3863,#3865,#1790,.T.);
#4739=EDGE_CURVE('',#3868,#3864,#1791,.T.);
#4740=EDGE_CURVE('',#3841,#3869,#1792,.T.);
#4741=EDGE_CURVE('',#3870,#3871,#1793,.T.);
#4742=EDGE_CURVE('',#3871,#3841,#193,.T.);
#4743=EDGE_CURVE('',#3871,#3861,#1794,.T.);
#4744=EDGE_CURVE('',#3860,#3862,#1795,.T.);
#4745=EDGE_CURVE('',#3856,#3857,#1796,.T.);
#4746=EDGE_CURVE('',#3859,#3854,#1797,.T.);
#4747=EDGE_CURVE('',#3872,#3829,#1798,.T.);
#4748=EDGE_CURVE('',#3856,#3872,#1799,.T.);
#4749=EDGE_CURVE('',#3873,#3836,#3449,.T.);
#4750=EDGE_CURVE('',#3837,#3873,#3450,.T.);
#4751=EDGE_CURVE('',#3874,#3864,#1800,.T.);
#4752=EDGE_CURVE('',#3835,#3874,#1801,.T.);
#4753=EDGE_CURVE('',#3868,#3875,#1802,.T.);
#4754=EDGE_CURVE('',#3874,#3875,#1803,.T.);
#4755=EDGE_CURVE('',#3876,#3867,#1804,.T.);
#4756=EDGE_CURVE('',#3875,#3876,#1805,.T.);
#4757=EDGE_CURVE('',#3877,#3878,#1806,.T.);
#4758=EDGE_CURVE('',#3878,#3852,#194,.T.);
#4759=EDGE_CURVE('',#3852,#3879,#1807,.T.);
#4760=EDGE_CURVE('',#3879,#3877,#195,.T.);
#4761=EDGE_CURVE('',#3829,#3880,#196,.T.);
#4762=EDGE_CURVE('',#3880,#3881,#1808,.T.);
#4763=EDGE_CURVE('',#3881,#3872,#197,.T.);
#4764=EDGE_CURVE('',#3878,#3882,#1809,.T.);
#4765=EDGE_CURVE('',#3882,#3849,#198,.T.);
#4766=EDGE_CURVE('',#3828,#3883,#199,.T.);
#4767=EDGE_CURVE('',#3883,#3880,#1810,.T.);
#4768=EDGE_CURVE('',#3884,#3885,#1811,.T.);
#4769=EDGE_CURVE('',#3885,#3886,#200,.T.);
#4770=EDGE_CURVE('',#3886,#3850,#1812,.T.);
#4771=EDGE_CURVE('',#3850,#3884,#201,.T.);
#4772=EDGE_CURVE('',#3885,#3887,#1813,.T.);
#4773=EDGE_CURVE('',#3887,#3876,#202,.T.);
#4774=EDGE_CURVE('',#3876,#3886,#1814,.T.);
#4775=EDGE_CURVE('',#3887,#3888,#1815,.T.);
#4776=EDGE_CURVE('',#3888,#3875,#203,.T.);
#4777=EDGE_CURVE('',#3888,#3889,#1816,.T.);
#4778=EDGE_CURVE('',#3889,#3874,#204,.T.);
#4779=EDGE_CURVE('',#3889,#3890,#1817,.T.);
#4780=EDGE_CURVE('',#3890,#3835,#205,.T.);
#4781=EDGE_CURVE('',#3890,#3883,#1818,.T.);
#4782=EDGE_CURVE('',#3882,#3884,#1819,.T.);
#4783=EDGE_CURVE('',#3879,#3872,#1820,.T.);
#4784=EDGE_CURVE('',#3881,#3877,#1821,.T.);
#4785=EDGE_CURVE('',#3879,#3857,#1822,.T.);
#4786=EDGE_CURVE('',#3891,#3891,#3451,.T.);
#4787=EDGE_CURVE('',#3848,#3843,#3452,.T.);
#4788=EDGE_CURVE('',#3869,#3886,#1823,.T.);
#4789=EDGE_CURVE('',#3845,#3839,#3453,.T.);
#4790=EDGE_CURVE('',#3892,#3892,#3454,.T.);
#4791=EDGE_CURVE('',#3893,#3893,#3455,.T.);
#4792=EDGE_CURVE('',#3893,#3891,#1824,.T.);
#4793=EDGE_CURVE('',#3894,#3894,#3456,.T.);
#4794=EDGE_CURVE('',#3894,#3892,#1825,.T.);
#4795=EDGE_CURVE('',#3895,#3896,#3457,.T.);
#4796=EDGE_CURVE('',#3895,#3897,#1826,.T.);
#4797=EDGE_CURVE('',#3898,#3897,#3458,.T.);
#4798=EDGE_CURVE('',#3896,#3898,#1827,.T.);
#4799=EDGE_CURVE('',#3896,#3899,#1828,.T.);
#4800=EDGE_CURVE('',#3900,#3898,#1829,.T.);
#4801=EDGE_CURVE('',#3899,#3900,#1830,.T.);
#4802=EDGE_CURVE('',#3899,#3901,#1831,.T.);
#4803=EDGE_CURVE('',#3902,#3900,#1832,.T.);
#4804=EDGE_CURVE('',#3901,#3902,#1833,.T.);
#4805=EDGE_CURVE('',#3901,#3903,#3459,.T.);
#4806=EDGE_CURVE('',#3904,#3902,#3460,.T.);
#4807=EDGE_CURVE('',#3903,#3904,#1834,.T.);
#4808=EDGE_CURVE('',#3903,#3905,#1835,.T.);
#4809=EDGE_CURVE('',#3906,#3904,#1836,.T.);
#4810=EDGE_CURVE('',#3905,#3906,#1837,.T.);
#4811=EDGE_CURVE('',#3905,#3907,#1838,.T.);
#4812=EDGE_CURVE('',#3908,#3906,#1839,.T.);
#4813=EDGE_CURVE('',#3907,#3908,#1840,.T.);
#4814=EDGE_CURVE('',#3907,#3909,#3461,.T.);
#4815=EDGE_CURVE('',#3910,#3908,#3462,.T.);
#4816=EDGE_CURVE('',#3909,#3910,#1841,.T.);
#4817=EDGE_CURVE('',#3909,#3911,#1842,.T.);
#4818=EDGE_CURVE('',#3912,#3910,#1843,.T.);
#4819=EDGE_CURVE('',#3911,#3912,#1844,.T.);
#4820=EDGE_CURVE('',#3911,#3913,#1845,.T.);
#4821=EDGE_CURVE('',#3914,#3912,#1846,.T.);
#4822=EDGE_CURVE('',#3913,#3914,#1847,.T.);
#4823=EDGE_CURVE('',#3913,#3915,#3463,.T.);
#4824=EDGE_CURVE('',#3916,#3914,#3464,.T.);
#4825=EDGE_CURVE('',#3915,#3916,#1848,.T.);
#4826=EDGE_CURVE('',#3915,#3917,#1849,.T.);
#4827=EDGE_CURVE('',#3918,#3916,#1850,.T.);
#4828=EDGE_CURVE('',#3917,#3918,#1851,.T.);
#4829=EDGE_CURVE('',#3917,#3895,#1852,.T.);
#4830=EDGE_CURVE('',#3897,#3918,#1853,.T.);
#4831=EDGE_CURVE('',#3919,#3919,#3465,.T.);
#4832=EDGE_CURVE('',#3920,#3920,#3466,.T.);
#4833=EDGE_CURVE('',#3921,#3921,#3467,.T.);
#4834=EDGE_CURVE('',#3921,#3920,#1854,.T.);
#4835=EDGE_CURVE('',#3922,#3922,#3468,.T.);
#4836=EDGE_CURVE('',#3922,#3919,#1855,.T.);
#4837=EDGE_CURVE('',#3923,#3923,#3469,.T.);
#4838=EDGE_CURVE('',#3924,#3924,#3470,.T.);
#4839=EDGE_CURVE('',#3925,#3925,#3471,.T.);
#4840=EDGE_CURVE('',#3925,#3924,#1856,.T.);
#4841=EDGE_CURVE('',#3926,#3926,#3472,.T.);
#4842=EDGE_CURVE('',#3926,#3923,#1857,.T.);
#4843=EDGE_CURVE('',#3927,#3927,#3473,.T.);
#4844=EDGE_CURVE('',#3928,#3928,#3474,.T.);
#4845=EDGE_CURVE('',#3929,#3929,#3475,.T.);
#4846=EDGE_CURVE('',#3929,#3928,#1858,.T.);
#4847=EDGE_CURVE('',#3930,#3930,#3476,.T.);
#4848=EDGE_CURVE('',#3930,#3873,#1859,.T.);
#4849=EDGE_CURVE('',#3833,#3927,#1860,.T.);
#4850=EDGE_CURVE('',#3931,#3932,#3477,.T.);
#4851=EDGE_CURVE('',#3933,#3931,#1861,.T.);
#4852=EDGE_CURVE('',#3934,#3933,#3478,.T.);
#4853=EDGE_CURVE('',#3935,#3934,#1862,.T.);
#4854=EDGE_CURVE('',#3936,#3935,#1863,.T.);
#4855=EDGE_CURVE('',#3932,#3936,#1864,.T.);
#4856=EDGE_CURVE('',#3937,#3937,#3479,.T.);
#4857=EDGE_CURVE('',#3938,#3932,#1865,.T.);
#4858=EDGE_CURVE('',#3939,#3938,#3480,.T.);
#4859=EDGE_CURVE('',#3931,#3939,#1866,.T.);
#4860=EDGE_CURVE('',#3940,#3936,#1867,.T.);
#4861=EDGE_CURVE('',#3941,#3940,#3481,.T.);
#4862=EDGE_CURVE('',#3942,#3941,#1868,.T.);
#4863=EDGE_CURVE('',#3943,#3942,#3482,.T.);
#4864=EDGE_CURVE('',#3943,#3944,#1869,.T.);
#4865=EDGE_CURVE('',#3938,#3944,#1870,.T.);
#4866=EDGE_CURVE('',#3945,#3945,#3483,.T.);
#4867=EDGE_CURVE('',#3946,#3935,#1871,.T.);
#4868=EDGE_CURVE('',#3940,#3946,#1872,.T.);
#4869=EDGE_CURVE('',#3947,#3943,#1873,.T.);
#4870=EDGE_CURVE('',#3947,#3948,#1874,.T.);
#4871=EDGE_CURVE('',#3944,#3948,#1875,.T.);
#4872=EDGE_CURVE('',#3948,#3949,#1876,.T.);
#4873=EDGE_CURVE('',#3949,#3950,#3484,.T.);
#4874=EDGE_CURVE('',#3950,#3939,#1877,.T.);
#4875=EDGE_CURVE('',#3951,#3951,#3485,.T.);
#4876=EDGE_CURVE('',#3933,#3950,#1878,.T.);
#4877=EDGE_CURVE('',#3934,#3949,#1879,.T.);
#4878=EDGE_CURVE('',#3952,#3947,#3486,.T.);
#4879=EDGE_CURVE('',#3953,#3952,#1880,.T.);
#4880=EDGE_CURVE('',#3946,#3953,#3487,.T.);
#4881=EDGE_CURVE('',#3954,#3954,#3488,.T.);
#4882=EDGE_CURVE('',#3942,#3952,#1881,.T.);
#4883=EDGE_CURVE('',#3953,#3941,#1882,.T.);
#4884=EDGE_CURVE('',#3945,#3954,#1883,.T.);
#4885=EDGE_CURVE('',#3937,#3951,#1884,.T.);
#4886=EDGE_CURVE('',#3955,#3955,#3489,.T.);
#4887=EDGE_CURVE('',#3955,#3956,#1885,.T.);
#4888=EDGE_CURVE('',#3956,#3956,#206,.T.);
#4889=EDGE_CURVE('',#3957,#3957,#207,.T.);
#4890=EDGE_CURVE('',#3957,#3958,#1886,.T.);
#4891=EDGE_CURVE('',#3958,#3958,#3490,.T.);
#4892=EDGE_CURVE('',#3959,#3960,#1887,.T.);
#4893=EDGE_CURVE('',#3961,#3959,#1888,.T.);
#4894=EDGE_CURVE('',#3962,#3961,#1889,.T.);
#4895=EDGE_CURVE('',#3962,#3960,#1890,.T.);
#4896=EDGE_CURVE('',#3960,#3963,#1891,.T.);
#4897=EDGE_CURVE('',#3964,#3962,#1892,.T.);
#4898=EDGE_CURVE('',#3964,#3963,#1893,.T.);
#4899=EDGE_CURVE('',#3963,#3965,#1894,.T.);
#4900=EDGE_CURVE('',#3966,#3964,#1895,.T.);
#4901=EDGE_CURVE('',#3965,#3966,#1896,.T.);
#4902=EDGE_CURVE('',#3961,#3967,#1897,.T.);
#4903=EDGE_CURVE('',#3967,#3968,#1898,.T.);
#4904=EDGE_CURVE('',#3968,#3969,#1899,.T.);
#4905=EDGE_CURVE('',#3969,#3970,#1900,.T.);
#4906=EDGE_CURVE('',#3970,#3971,#1901,.T.);
#4907=EDGE_CURVE('',#3971,#3972,#1902,.T.);
#4908=EDGE_CURVE('',#3972,#3973,#1903,.T.);
#4909=EDGE_CURVE('',#3973,#3974,#1904,.T.);
#4910=EDGE_CURVE('',#3974,#3975,#1905,.T.);
#4911=EDGE_CURVE('',#3975,#3976,#1906,.T.);
#4912=EDGE_CURVE('',#3976,#3977,#1907,.T.);
#4913=EDGE_CURVE('',#3977,#3978,#1908,.T.);
#4914=EDGE_CURVE('',#3978,#3979,#1909,.T.);
#4915=EDGE_CURVE('',#3979,#3980,#1910,.T.);
#4916=EDGE_CURVE('',#3980,#3966,#1911,.T.);
#4917=EDGE_CURVE('',#3959,#3981,#1912,.T.);
#4918=EDGE_CURVE('',#3981,#3967,#1913,.T.);
#4919=EDGE_CURVE('',#3982,#3982,#3491,.T.);
#4920=EDGE_CURVE('',#3982,#3983,#1914,.T.);
#4921=EDGE_CURVE('',#3983,#3983,#208,.T.);
#4922=EDGE_CURVE('',#3984,#3984,#209,.T.);
#4923=EDGE_CURVE('',#3984,#3985,#1915,.T.);
#4924=EDGE_CURVE('',#3985,#3985,#3492,.T.);
#4925=EDGE_CURVE('',#3986,#3987,#1916,.T.);
#4926=EDGE_CURVE('',#3978,#3986,#1917,.T.);
#4927=EDGE_CURVE('',#3977,#3987,#1918,.T.);
#4928=EDGE_CURVE('',#3987,#3988,#1919,.T.);
#4929=EDGE_CURVE('',#3976,#3988,#1920,.T.);
#4930=EDGE_CURVE('',#3988,#3989,#1921,.T.);
#4931=EDGE_CURVE('',#3989,#3975,#1922,.T.);
#4932=EDGE_CURVE('',#3986,#3990,#1923,.T.);
#4933=EDGE_CURVE('',#3990,#3979,#1924,.T.);
#4934=EDGE_CURVE('',#3991,#3991,#210,.T.);
#4935=EDGE_CURVE('',#3991,#3992,#1925,.T.);
#4936=EDGE_CURVE('',#3992,#3992,#3493,.T.);
#4937=EDGE_CURVE('',#3993,#3993,#3494,.T.);
#4938=EDGE_CURVE('',#3993,#3994,#1926,.T.);
#4939=EDGE_CURVE('',#3994,#3994,#211,.T.);
#4940=EDGE_CURVE('',#3995,#3996,#1927,.T.);
#4941=EDGE_CURVE('',#3971,#3995,#1928,.T.);
#4942=EDGE_CURVE('',#3970,#3996,#1929,.T.);
#4943=EDGE_CURVE('',#3996,#3997,#1930,.T.);
#4944=EDGE_CURVE('',#3997,#3969,#1931,.T.);
#4945=EDGE_CURVE('',#3998,#3995,#1932,.T.);
#4946=EDGE_CURVE('',#3972,#3998,#1933,.T.);
#4947=EDGE_CURVE('',#3999,#3965,#1934,.T.);
#4948=EDGE_CURVE('',#3990,#3999,#1935,.T.);
#4949=EDGE_CURVE('',#4000,#3989,#1936,.T.);
#4950=EDGE_CURVE('',#4001,#4000,#1937,.T.);
#4951=EDGE_CURVE('',#3998,#4001,#1938,.T.);
#4952=EDGE_CURVE('',#4002,#3997,#1939,.T.);
#4953=EDGE_CURVE('',#3981,#4002,#1940,.T.);
#4954=EDGE_CURVE('',#4002,#3968,#1941,.T.);
#4955=EDGE_CURVE('',#3999,#3980,#1942,.T.);
#4956=EDGE_CURVE('',#4000,#3974,#1943,.T.);
#4957=EDGE_CURVE('',#4001,#3973,#1944,.T.);
#4958=EDGE_CURVE('',#4003,#4004,#3495,.T.);
#4959=EDGE_CURVE('',#4005,#4003,#1945,.T.);
#4960=EDGE_CURVE('',#4006,#4005,#3496,.T.);
#4961=EDGE_CURVE('',#4007,#4006,#1946,.T.);
#4962=EDGE_CURVE('',#4008,#4007,#1947,.T.);
#4963=EDGE_CURVE('',#4004,#4008,#1948,.T.);
#4964=EDGE_CURVE('',#4009,#4009,#3497,.T.);
#4965=EDGE_CURVE('',#4010,#4004,#1949,.T.);
#4966=EDGE_CURVE('',#4011,#4010,#3498,.T.);
#4967=EDGE_CURVE('',#4003,#4011,#1950,.T.);
#4968=EDGE_CURVE('',#4012,#4008,#1951,.T.);
#4969=EDGE_CURVE('',#4013,#4012,#3499,.T.);
#4970=EDGE_CURVE('',#4014,#4013,#1952,.T.);
#4971=EDGE_CURVE('',#4015,#4014,#3500,.T.);
#4972=EDGE_CURVE('',#4015,#4016,#1953,.T.);
#4973=EDGE_CURVE('',#4010,#4016,#1954,.T.);
#4974=EDGE_CURVE('',#4017,#4017,#3501,.T.);
#4975=EDGE_CURVE('',#4018,#4007,#1955,.T.);
#4976=EDGE_CURVE('',#4012,#4018,#1956,.T.);
#4977=EDGE_CURVE('',#4019,#4015,#1957,.T.);
#4978=EDGE_CURVE('',#4019,#4020,#1958,.T.);
#4979=EDGE_CURVE('',#4016,#4020,#1959,.T.);
#4980=EDGE_CURVE('',#4020,#4021,#1960,.T.);
#4981=EDGE_CURVE('',#4021,#4022,#3502,.T.);
#4982=EDGE_CURVE('',#4022,#4011,#1961,.T.);
#4983=EDGE_CURVE('',#4023,#4023,#3503,.T.);
#4984=EDGE_CURVE('',#4005,#4022,#1962,.T.);
#4985=EDGE_CURVE('',#4006,#4021,#1963,.T.);
#4986=EDGE_CURVE('',#4024,#4019,#3504,.T.);
#4987=EDGE_CURVE('',#4025,#4024,#1964,.T.);
#4988=EDGE_CURVE('',#4018,#4025,#3505,.T.);
#4989=EDGE_CURVE('',#4026,#4026,#3506,.T.);
#4990=EDGE_CURVE('',#4014,#4024,#1965,.T.);
#4991=EDGE_CURVE('',#4025,#4013,#1966,.T.);
#4992=EDGE_CURVE('',#4017,#4026,#1967,.T.);
#4993=EDGE_CURVE('',#4009,#4023,#1968,.T.);
#4994=EDGE_CURVE('',#4027,#4027,#3507,.T.);
#4995=EDGE_CURVE('',#4027,#4028,#1969,.T.);
#4996=EDGE_CURVE('',#4028,#4028,#3508,.T.);
#4997=EDGE_CURVE('',#4029,#4029,#3509,.T.);
#4998=EDGE_CURVE('',#4029,#4030,#1970,.T.);
#4999=EDGE_CURVE('',#4030,#4030,#3510,.T.);
#5000=EDGE_CURVE('',#4031,#4032,#3511,.T.);
#5001=EDGE_CURVE('',#4032,#4033,#1971,.T.);
#5002=EDGE_CURVE('',#4033,#4034,#3512,.T.);
#5003=EDGE_CURVE('',#4034,#4031,#1972,.T.);
#5004=EDGE_CURVE('',#4035,#4034,#1973,.T.);
#5005=EDGE_CURVE('',#4035,#4036,#1974,.T.);
#5006=EDGE_CURVE('',#4031,#4036,#1975,.T.);
#5007=EDGE_CURVE('',#4033,#4037,#1976,.T.);
#5008=EDGE_CURVE('',#4038,#4037,#3513,.T.);
#5009=EDGE_CURVE('',#4038,#4039,#1977,.T.);
#5010=EDGE_CURVE('',#4035,#4039,#3514,.T.);
#5011=EDGE_CURVE('',#4040,#4041,#3515,.T.);
#5012=EDGE_CURVE('',#4041,#4038,#1978,.T.);
#5013=EDGE_CURVE('',#4037,#4040,#1979,.T.);
#5014=EDGE_CURVE('',#4042,#4041,#1980,.T.);
#5015=EDGE_CURVE('',#4039,#4042,#1981,.T.);
#5016=EDGE_CURVE('',#4040,#4032,#1982,.T.);
#5017=EDGE_CURVE('',#4036,#4042,#3516,.T.);
#5018=EDGE_CURVE('',#4043,#4044,#3517,.T.);
#5019=EDGE_CURVE('',#4044,#4045,#1983,.T.);
#5020=EDGE_CURVE('',#4045,#4046,#3518,.T.);
#5021=EDGE_CURVE('',#4046,#4043,#1984,.T.);
#5022=EDGE_CURVE('',#4046,#4047,#1985,.T.);
#5023=EDGE_CURVE('',#4048,#4047,#1986,.T.);
#5024=EDGE_CURVE('',#4043,#4048,#1987,.T.);
#5025=EDGE_CURVE('',#4049,#4045,#1988,.T.);
#5026=EDGE_CURVE('',#4050,#4049,#1989,.T.);
#5027=EDGE_CURVE('',#4051,#4050,#1990,.T.);
#5028=EDGE_CURVE('',#4047,#4051,#3519,.T.);
#5029=EDGE_CURVE('',#4052,#4052,#3520,.T.);
#5030=EDGE_CURVE('',#4051,#4053,#1991,.T.);
#5031=EDGE_CURVE('',#4053,#4048,#3521,.T.);
#5032=EDGE_CURVE('',#4054,#4050,#3522,.T.);
#5033=EDGE_CURVE('',#4054,#4055,#1992,.T.);
#5034=EDGE_CURVE('',#4056,#4055,#3523,.T.);
#5035=EDGE_CURVE('',#4056,#4053,#1993,.T.);
#5036=EDGE_CURVE('',#4057,#4057,#3524,.T.);
#5037=EDGE_CURVE('',#4058,#4058,#3525,.T.);
#5038=EDGE_CURVE('',#4058,#4052,#1994,.T.);
#5039=EDGE_CURVE('',#4049,#4059,#3526,.T.);
#5040=EDGE_CURVE('',#4059,#4054,#1995,.T.);
#5041=EDGE_CURVE('',#4060,#4059,#1996,.T.);
#5042=EDGE_CURVE('',#4055,#4060,#1997,.T.);
#5043=EDGE_CURVE('',#4044,#4061,#1998,.T.);
#5044=EDGE_CURVE('',#4060,#4061,#3527,.T.);
#5045=EDGE_CURVE('',#4062,#4062,#3528,.T.);
#5046=EDGE_CURVE('',#4061,#4056,#1999,.T.);
#5047=EDGE_CURVE('',#4057,#4062,#2000,.T.);
#5048=EDGE_CURVE('',#4063,#4063,#3529,.T.);
#5049=EDGE_CURVE('',#4063,#4064,#2001,.T.);
#5050=EDGE_CURVE('',#4064,#4064,#3530,.T.);
#5051=EDGE_CURVE('',#4065,#4065,#3531,.T.);
#5052=EDGE_CURVE('',#4065,#4066,#2002,.T.);
#5053=EDGE_CURVE('',#4066,#4066,#3532,.T.);
#5054=EDGE_CURVE('',#4067,#4068,#3533,.T.);
#5055=EDGE_CURVE('',#4069,#4067,#2003,.T.);
#5056=EDGE_CURVE('',#4070,#4069,#3534,.T.);
#5057=EDGE_CURVE('',#4068,#4070,#2004,.T.);
#5058=EDGE_CURVE('',#4067,#4071,#2005,.T.);
#5059=EDGE_CURVE('',#4072,#4071,#2006,.T.);
#5060=EDGE_CURVE('',#4072,#4069,#2007,.T.);
#5061=EDGE_CURVE('',#4072,#4073,#3535,.T.);
#5062=EDGE_CURVE('',#4074,#4073,#2008,.T.);
#5063=EDGE_CURVE('',#4074,#4075,#3536,.T.);
#5064=EDGE_CURVE('',#4070,#4075,#2009,.T.);
#5065=EDGE_CURVE('',#4076,#4077,#3537,.T.);
#5066=EDGE_CURVE('',#4075,#4076,#2010,.T.);
#5067=EDGE_CURVE('',#4077,#4074,#2011,.T.);
#5068=EDGE_CURVE('',#4073,#4078,#2012,.T.);
#5069=EDGE_CURVE('',#4078,#4077,#2013,.T.);
#5070=EDGE_CURVE('',#4076,#4068,#2014,.T.);
#5071=EDGE_CURVE('',#4071,#4078,#3538,.T.);
#5072=EDGE_CURVE('',#4079,#4080,#3539,.T.);
#5073=EDGE_CURVE('',#4081,#4079,#2015,.T.);
#5074=EDGE_CURVE('',#4082,#4081,#3540,.T.);
#5075=EDGE_CURVE('',#4083,#4082,#2016,.T.);
#5076=EDGE_CURVE('',#4084,#4083,#2017,.T.);
#5077=EDGE_CURVE('',#4080,#4084,#2018,.T.);
#5078=EDGE_CURVE('',#4085,#4085,#3541,.T.);
#5079=EDGE_CURVE('',#4086,#4080,#2019,.T.);
#5080=EDGE_CURVE('',#4087,#4086,#3542,.T.);
#5081=EDGE_CURVE('',#4079,#4087,#2020,.T.);
#5082=EDGE_CURVE('',#4088,#4084,#2021,.T.);
#5083=EDGE_CURVE('',#4089,#4088,#3543,.T.);
#5084=EDGE_CURVE('',#4090,#4089,#2022,.T.);
#5085=EDGE_CURVE('',#4091,#4090,#3544,.T.);
#5086=EDGE_CURVE('',#4091,#4092,#2023,.T.);
#5087=EDGE_CURVE('',#4086,#4092,#2024,.T.);
#5088=EDGE_CURVE('',#4093,#4093,#3545,.T.);
#5089=EDGE_CURVE('',#4094,#4083,#2025,.T.);
#5090=EDGE_CURVE('',#4088,#4094,#2026,.T.);
#5091=EDGE_CURVE('',#4095,#4091,#2027,.T.);
#5092=EDGE_CURVE('',#4095,#4096,#2028,.T.);
#5093=EDGE_CURVE('',#4092,#4096,#2029,.T.);
#5094=EDGE_CURVE('',#4096,#4097,#2030,.T.);
#5095=EDGE_CURVE('',#4097,#4098,#3546,.T.);
#5096=EDGE_CURVE('',#4098,#4087,#2031,.T.);
#5097=EDGE_CURVE('',#4099,#4099,#3547,.T.);
#5098=EDGE_CURVE('',#4081,#4098,#2032,.T.);
#5099=EDGE_CURVE('',#4082,#4097,#2033,.T.);
#5100=EDGE_CURVE('',#4100,#4095,#3548,.T.);
#5101=EDGE_CURVE('',#4101,#4100,#2034,.T.);
#5102=EDGE_CURVE('',#4094,#4101,#3549,.T.);
#5103=EDGE_CURVE('',#4102,#4102,#3550,.T.);
#5104=EDGE_CURVE('',#4090,#4100,#2035,.T.);
#5105=EDGE_CURVE('',#4101,#4089,#2036,.T.);
#5106=EDGE_CURVE('',#4093,#4102,#2037,.T.);
#5107=EDGE_CURVE('',#4085,#4099,#2038,.T.);
#5108=EDGE_CURVE('',#4103,#4104,#2039,.T.);
#5109=EDGE_CURVE('',#4105,#4104,#2040,.T.);
#5110=EDGE_CURVE('',#4106,#4105,#2041,.T.);
#5111=EDGE_CURVE('',#4106,#4103,#2042,.T.);
#5112=EDGE_CURVE('',#4107,#4107,#3551,.T.);
#5113=EDGE_CURVE('',#4108,#4108,#3552,.T.);
#5114=EDGE_CURVE('',#4109,#4106,#2043,.T.);
#5115=EDGE_CURVE('',#4105,#4110,#2044,.T.);
#5116=EDGE_CURVE('',#4110,#4111,#2045,.T.);
#5117=EDGE_CURVE('',#4111,#4112,#2046,.T.);
#5118=EDGE_CURVE('',#4112,#4113,#2047,.T.);
#5119=EDGE_CURVE('',#4113,#4114,#2048,.T.);
#5120=EDGE_CURVE('',#4115,#4114,#3553,.T.);
#5121=EDGE_CURVE('',#4116,#4115,#3554,.T.);
#5122=EDGE_CURVE('',#4116,#4117,#2049,.T.);
#5123=EDGE_CURVE('',#4117,#4118,#2050,.T.);
#5124=EDGE_CURVE('',#4118,#4119,#2051,.T.);
#5125=EDGE_CURVE('',#4109,#4119,#2052,.T.);
#5126=EDGE_CURVE('',#4120,#4120,#3555,.T.);
#5127=EDGE_CURVE('',#4104,#4121,#2053,.T.);
#5128=EDGE_CURVE('',#4121,#4110,#2054,.T.);
#5129=EDGE_CURVE('',#4122,#4123,#2055,.T.);
#5130=EDGE_CURVE('',#4123,#4124,#2056,.T.);
#5131=EDGE_CURVE('',#4125,#4124,#2057,.T.);
#5132=EDGE_CURVE('',#4122,#4125,#2058,.T.);
#5133=EDGE_CURVE('',#4126,#4126,#3556,.T.);
#5134=EDGE_CURVE('',#4127,#4127,#3557,.T.);
#5135=EDGE_CURVE('',#4128,#4125,#2059,.T.);
#5136=EDGE_CURVE('',#4129,#4128,#2060,.T.);
#5137=EDGE_CURVE('',#4129,#4122,#2061,.T.);
#5138=EDGE_CURVE('',#4130,#4131,#2062,.T.);
#5139=EDGE_CURVE('',#4132,#4131,#2063,.T.);
#5140=EDGE_CURVE('',#4133,#4132,#2064,.T.);
#5141=EDGE_CURVE('',#4133,#4130,#2065,.T.);
#5142=EDGE_CURVE('',#4134,#4134,#3558,.T.);
#5143=EDGE_CURVE('',#4135,#4135,#3559,.T.);
#5144=EDGE_CURVE('',#4136,#4133,#2066,.T.);
#5145=EDGE_CURVE('',#4132,#4137,#2067,.T.);
#5146=EDGE_CURVE('',#4137,#4138,#2068,.T.);
#5147=EDGE_CURVE('',#4138,#4139,#2069,.T.);
#5148=EDGE_CURVE('',#4139,#4140,#2070,.T.);
#5149=EDGE_CURVE('',#4140,#4141,#2071,.T.);
#5150=EDGE_CURVE('',#4141,#4142,#2072,.T.);
#5151=EDGE_CURVE('',#4142,#4143,#2073,.T.);
#5152=EDGE_CURVE('',#4144,#4143,#3560,.T.);
#5153=EDGE_CURVE('',#4144,#4145,#2074,.T.);
#5154=EDGE_CURVE('',#4145,#4146,#2075,.T.);
#5155=EDGE_CURVE('',#4146,#4147,#2076,.T.);
#5156=EDGE_CURVE('',#4136,#4147,#2077,.T.);
#5157=EDGE_CURVE('',#4148,#4148,#3561,.T.);
#5158=EDGE_CURVE('',#4131,#4149,#2078,.T.);
#5159=EDGE_CURVE('',#4149,#4137,#2079,.T.);
#5160=EDGE_CURVE('',#4150,#4151,#3562,.F.);
#5161=EDGE_CURVE('',#4150,#4152,#2080,.T.);
#5162=EDGE_CURVE('',#4152,#4153,#3563,.T.);
#5163=EDGE_CURVE('',#4151,#4153,#2081,.T.);
#5164=EDGE_CURVE('',#4154,#4155,#3564,.F.);
#5165=EDGE_CURVE('',#4154,#4156,#2082,.T.);
#5166=EDGE_CURVE('',#4156,#4157,#3565,.T.);
#5167=EDGE_CURVE('',#4155,#4157,#2083,.T.);
#5168=EDGE_CURVE('',#4158,#4159,#3566,.F.);
#5169=EDGE_CURVE('',#4158,#4160,#2084,.T.);
#5170=EDGE_CURVE('',#4160,#4161,#3567,.T.);
#5171=EDGE_CURVE('',#4159,#4161,#2085,.T.);
#5172=EDGE_CURVE('',#4162,#4163,#3568,.F.);
#5173=EDGE_CURVE('',#4162,#4164,#2086,.T.);
#5174=EDGE_CURVE('',#4164,#4165,#3569,.T.);
#5175=EDGE_CURVE('',#4163,#4165,#2087,.T.);
#5176=EDGE_CURVE('',#4166,#4167,#3570,.F.);
#5177=EDGE_CURVE('',#4166,#4168,#2088,.T.);
#5178=EDGE_CURVE('',#4168,#4169,#3571,.T.);
#5179=EDGE_CURVE('',#4167,#4169,#2089,.T.);
#5180=EDGE_CURVE('',#4170,#4171,#3572,.F.);
#5181=EDGE_CURVE('',#4170,#4172,#2090,.T.);
#5182=EDGE_CURVE('',#4172,#4173,#3573,.T.);
#5183=EDGE_CURVE('',#4171,#4173,#2091,.T.);
#5184=EDGE_CURVE('',#4174,#4175,#3574,.T.);
#5185=EDGE_CURVE('',#4175,#4176,#2092,.T.);
#5186=EDGE_CURVE('',#4177,#4176,#3575,.F.);
#5187=EDGE_CURVE('',#4174,#4177,#2093,.T.);
#5188=EDGE_CURVE('',#4178,#4179,#3576,.T.);
#5189=EDGE_CURVE('',#4179,#4180,#2094,.T.);
#5190=EDGE_CURVE('',#4181,#4180,#3577,.F.);
#5191=EDGE_CURVE('',#4178,#4181,#2095,.T.);
#5192=EDGE_CURVE('',#4182,#4183,#3578,.T.);
#5193=EDGE_CURVE('',#4183,#4184,#2096,.T.);
#5194=EDGE_CURVE('',#4185,#4184,#3579,.F.);
#5195=EDGE_CURVE('',#4182,#4185,#2097,.T.);
#5196=EDGE_CURVE('',#4186,#4187,#3580,.T.);
#5197=EDGE_CURVE('',#4186,#4174,#2098,.T.);
#5198=EDGE_CURVE('',#4177,#4187,#2099,.T.);
#5199=EDGE_CURVE('',#4188,#4189,#3581,.T.);
#5200=EDGE_CURVE('',#4188,#4182,#2100,.T.);
#5201=EDGE_CURVE('',#4185,#4189,#2101,.T.);
#5202=EDGE_CURVE('',#4190,#4191,#3582,.T.);
#5203=EDGE_CURVE('',#4190,#4178,#2102,.T.);
#5204=EDGE_CURVE('',#4181,#4191,#2103,.T.);
#5205=EDGE_CURVE('',#4192,#4192,#3583,.T.);
#5206=EDGE_CURVE('',#4192,#4115,#2104,.T.);
#5207=EDGE_CURVE('',#4114,#4188,#2105,.T.);
#5208=EDGE_CURVE('',#4189,#4193,#2106,.T.);
#5209=EDGE_CURVE('',#4193,#4194,#3584,.T.);
#5210=EDGE_CURVE('',#4194,#4190,#2107,.T.);
#5211=EDGE_CURVE('',#4191,#4144,#2108,.T.);
#5212=EDGE_CURVE('',#4143,#4186,#2109,.T.);
#5213=EDGE_CURVE('',#4187,#4116,#2110,.T.);
#5214=EDGE_CURVE('',#4195,#4195,#3585,.T.);
#5215=EDGE_CURVE('',#4196,#4196,#3586,.T.);
#5216=EDGE_CURVE('',#4197,#4197,#3587,.T.);
#5217=EDGE_CURVE('',#4198,#4198,#3588,.T.);
#5218=EDGE_CURVE('',#4199,#4199,#3589,.T.);
#5219=EDGE_CURVE('',#4200,#4200,#3590,.T.);
#5220=EDGE_CURVE('',#4201,#4201,#3591,.T.);
#5221=EDGE_CURVE('',#4202,#4203,#2111,.T.);
#5222=EDGE_CURVE('',#4202,#4204,#2112,.T.);
#5223=EDGE_CURVE('',#4203,#4204,#2113,.T.);
#5224=EDGE_CURVE('',#4205,#4206,#2114,.T.);
#5225=EDGE_CURVE('',#4205,#4207,#2115,.T.);
#5226=EDGE_CURVE('',#4207,#4208,#2116,.T.);
#5227=EDGE_CURVE('',#4206,#4208,#2117,.T.);
#5228=EDGE_CURVE('',#4203,#4209,#2118,.T.);
#5229=EDGE_CURVE('',#4204,#4210,#2119,.T.);
#5230=EDGE_CURVE('',#4209,#4210,#2120,.T.);
#5231=EDGE_CURVE('',#4208,#4202,#2121,.T.);
#5232=EDGE_CURVE('',#4210,#4207,#2122,.T.);
#5233=EDGE_CURVE('',#4211,#4212,#2123,.T.);
#5234=EDGE_CURVE('',#4211,#4213,#2124,.T.);
#5235=EDGE_CURVE('',#4212,#4213,#2125,.T.);
#5236=EDGE_CURVE('',#4109,#4214,#2126,.T.);
#5237=EDGE_CURVE('',#4119,#4215,#2127,.T.);
#5238=EDGE_CURVE('',#4214,#4215,#2128,.T.);
#5239=EDGE_CURVE('',#4117,#4212,#2129,.T.);
#5240=EDGE_CURVE('',#4213,#4118,#2130,.T.);
#5241=EDGE_CURVE('',#4215,#4211,#2131,.T.);
#5242=EDGE_CURVE('',#4216,#4202,#2132,.T.);
#5243=EDGE_CURVE('',#4217,#4216,#2133,.T.);
#5244=EDGE_CURVE('',#4218,#4217,#2134,.T.);
#5245=EDGE_CURVE('',#4219,#4218,#2135,.T.);
#5246=EDGE_CURVE('',#4220,#4219,#2136,.T.);
#5247=EDGE_CURVE('',#4121,#4220,#2137,.T.);
#5248=EDGE_CURVE('',#4214,#4103,#2138,.T.);
#5249=EDGE_CURVE('',#4221,#4211,#2139,.T.);
#5250=EDGE_CURVE('',#4222,#4221,#2140,.T.);
#5251=EDGE_CURVE('',#4222,#4223,#2141,.T.);
#5252=EDGE_CURVE('',#4224,#4223,#2142,.T.);
#5253=EDGE_CURVE('',#4225,#4224,#2143,.T.);
#5254=EDGE_CURVE('',#4149,#4225,#2144,.T.);
#5255=EDGE_CURVE('',#4226,#4130,#2145,.T.);
#5256=EDGE_CURVE('',#4226,#4227,#2146,.T.);
#5257=EDGE_CURVE('',#4227,#4228,#2147,.T.);
#5258=EDGE_CURVE('',#4229,#4228,#2148,.T.);
#5259=EDGE_CURVE('',#4230,#4229,#2149,.T.);
#5260=EDGE_CURVE('',#4230,#4231,#2150,.T.);
#5261=EDGE_CURVE('',#4232,#4231,#2151,.T.);
#5262=EDGE_CURVE('',#4123,#4232,#2152,.T.);
#5263=EDGE_CURVE('',#4233,#4129,#2153,.T.);
#5264=EDGE_CURVE('',#4206,#4233,#2154,.T.);
#5265=EDGE_CURVE('',#4234,#4234,#3592,.T.);
#5266=EDGE_CURVE('',#4235,#4235,#3593,.T.);
#5267=EDGE_CURVE('',#4236,#4236,#3594,.T.);
#5268=EDGE_CURVE('',#4237,#4237,#3595,.T.);
#5269=EDGE_CURVE('',#4228,#4238,#2155,.T.);
#5270=EDGE_CURVE('',#4228,#4239,#2156,.T.);
#5271=EDGE_CURVE('',#4238,#4239,#2157,.T.);
#5272=EDGE_CURVE('',#4136,#4226,#2158,.T.);
#5273=EDGE_CURVE('',#4147,#4227,#2159,.T.);
#5274=EDGE_CURVE('',#4238,#4145,#2160,.T.);
#5275=EDGE_CURVE('',#4239,#4146,#2161,.T.);
#5276=EDGE_CURVE('',#4240,#4141,#2162,.T.);
#5277=EDGE_CURVE('',#4241,#4140,#2163,.T.);
#5278=EDGE_CURVE('',#4240,#4241,#2164,.T.);
#5279=EDGE_CURVE('',#4124,#4242,#2165,.T.);
#5280=EDGE_CURVE('',#4242,#4243,#2166,.T.);
#5281=EDGE_CURVE('',#4243,#4244,#2167,.T.);
#5282=EDGE_CURVE('',#4244,#4245,#2168,.T.);
#5283=EDGE_CURVE('',#4245,#4194,#2169,.T.);
#5284=EDGE_CURVE('',#4193,#4209,#2170,.T.);
#5285=EDGE_CURVE('',#4205,#4246,#2171,.T.);
#5286=EDGE_CURVE('',#4246,#4128,#2172,.T.);
#5287=EDGE_CURVE('',#4247,#4247,#3596,.T.);
#5288=EDGE_CURVE('',#4244,#4230,#2173,.T.);
#5289=EDGE_CURVE('',#4231,#4243,#2174,.T.);
#5290=EDGE_CURVE('',#4248,#4249,#2175,.T.);
#5291=EDGE_CURVE('',#4250,#4249,#2176,.T.);
#5292=EDGE_CURVE('',#4250,#4251,#2177,.T.);
#5293=EDGE_CURVE('',#4248,#4251,#2178,.T.);
#5294=EDGE_CURVE('',#4251,#4252,#2179,.T.);
#5295=EDGE_CURVE('',#4253,#4250,#2180,.T.);
#5296=EDGE_CURVE('',#4252,#4253,#2181,.T.);
#5297=EDGE_CURVE('',#4221,#4252,#2182,.T.);
#5298=EDGE_CURVE('',#4248,#4176,#3597,.T.);
#5299=EDGE_CURVE('',#4158,#4167,#3598,.T.);
#5300=EDGE_CURVE('',#4166,#4159,#3599,.T.);
#5301=EDGE_CURVE('',#4254,#4255,#2183,.T.);
#5302=EDGE_CURVE('',#4256,#4255,#2184,.T.);
#5303=EDGE_CURVE('',#4256,#4257,#2185,.T.);
#5304=EDGE_CURVE('',#4254,#4257,#2186,.T.);
#5305=EDGE_CURVE('',#4257,#4258,#2187,.T.);
#5306=EDGE_CURVE('',#4259,#4256,#2188,.T.);
#5307=EDGE_CURVE('',#4258,#4259,#2189,.T.);
#5308=EDGE_CURVE('',#4229,#4258,#2190,.T.);
#5309=EDGE_CURVE('',#4254,#4180,#3600,.T.);
#5310=EDGE_CURVE('',#4150,#4155,#3601,.T.);
#5311=EDGE_CURVE('',#4154,#4151,#3602,.T.);
#5312=EDGE_CURVE('',#4259,#4245,#2191,.T.);
#5313=EDGE_CURVE('',#4223,#4260,#2192,.T.);
#5314=EDGE_CURVE('',#4261,#4222,#2193,.T.);
#5315=EDGE_CURVE('',#4261,#4260,#2194,.T.);
#5316=EDGE_CURVE('',#4260,#4241,#2195,.T.);
#5317=EDGE_CURVE('',#4240,#4261,#2196,.T.);
#5318=EDGE_CURVE('',#4262,#4262,#212,.T.);
#5319=EDGE_CURVE('',#4262,#4263,#17,.T.);
#5320=EDGE_CURVE('',#4263,#4264,#213,.T.);
#5321=EDGE_CURVE('',#4264,#4265,#214,.T.);
#5322=EDGE_CURVE('',#4265,#4263,#215,.T.);
#5323=EDGE_CURVE('',#4266,#4266,#216,.T.);
#5324=EDGE_CURVE('',#4266,#4267,#18,.T.);
#5325=EDGE_CURVE('',#4267,#4268,#217,.T.);
#5326=EDGE_CURVE('',#4268,#4269,#218,.T.);
#5327=EDGE_CURVE('',#4269,#4267,#219,.T.);
#5328=EDGE_CURVE('',#4156,#4153,#3603,.T.);
#5329=EDGE_CURVE('',#4152,#4157,#3604,.T.);
#5330=EDGE_CURVE('',#4255,#4179,#3605,.T.);
#5331=EDGE_CURVE('',#4270,#4270,#220,.T.);
#5332=EDGE_CURVE('',#4270,#4271,#19,.T.);
#5333=EDGE_CURVE('',#4272,#4271,#221,.T.);
#5334=EDGE_CURVE('',#4273,#4272,#222,.T.);
#5335=EDGE_CURVE('',#4271,#4273,#223,.T.);
#5336=EDGE_CURVE('',#4274,#4274,#224,.T.);
#5337=EDGE_CURVE('',#4274,#4275,#20,.T.);
#5338=EDGE_CURVE('',#4276,#4275,#225,.T.);
#5339=EDGE_CURVE('',#4277,#4276,#226,.T.);
#5340=EDGE_CURVE('',#4275,#4277,#227,.T.);
#5341=EDGE_CURVE('',#4253,#4142,#2197,.T.);
#5342=EDGE_CURVE('',#4168,#4161,#3606,.T.);
#5343=EDGE_CURVE('',#4160,#4169,#3607,.T.);
#5344=EDGE_CURVE('',#4249,#4175,#3608,.T.);
#5345=EDGE_CURVE('',#4113,#4218,#2198,.T.);
#5346=EDGE_CURVE('',#4112,#4219,#2199,.T.);
#5347=EDGE_CURVE('',#4278,#4278,#3609,.T.);
#5348=EDGE_CURVE('',#4279,#4279,#3610,.T.);
#5349=EDGE_CURVE('',#4217,#4280,#2200,.T.);
#5350=EDGE_CURVE('',#4280,#4281,#2201,.T.);
#5351=EDGE_CURVE('',#4281,#4183,#3611,.T.);
#5352=EDGE_CURVE('',#4164,#4173,#3612,.T.);
#5353=EDGE_CURVE('',#4172,#4165,#3613,.T.);
#5354=EDGE_CURVE('',#4282,#4281,#2202,.T.);
#5355=EDGE_CURVE('',#4280,#4283,#2203,.T.);
#5356=EDGE_CURVE('',#4282,#4283,#2204,.T.);
#5357=EDGE_CURVE('',#4283,#4216,#2205,.T.);
#5358=EDGE_CURVE('',#4282,#4184,#3614,.T.);
#5359=EDGE_CURVE('',#4162,#4171,#3615,.T.);
#5360=EDGE_CURVE('',#4170,#4163,#3616,.T.);
#5361=EDGE_CURVE('',#4284,#4284,#228,.T.);
#5362=EDGE_CURVE('',#4284,#4285,#21,.T.);
#5363=EDGE_CURVE('',#4285,#4286,#229,.T.);
#5364=EDGE_CURVE('',#4286,#4287,#230,.T.);
#5365=EDGE_CURVE('',#4287,#4285,#231,.T.);
#5366=EDGE_CURVE('',#4288,#4288,#232,.T.);
#5367=EDGE_CURVE('',#4288,#4289,#22,.T.);
#5368=EDGE_CURVE('',#4289,#4290,#233,.T.);
#5369=EDGE_CURVE('',#4290,#4291,#234,.T.);
#5370=EDGE_CURVE('',#4291,#4289,#235,.T.);
#5371=EDGE_CURVE('',#4292,#4292,#3617,.T.);
#5372=EDGE_CURVE('',#4292,#4293,#2206,.T.);
#5373=EDGE_CURVE('',#4293,#4293,#3618,.T.);
#5374=EDGE_CURVE('',#4134,#4267,#2207,.T.);
#5375=EDGE_CURVE('',#4294,#4294,#3619,.T.);
#5376=EDGE_CURVE('',#4294,#4295,#2208,.T.);
#5377=EDGE_CURVE('',#4295,#4295,#3620,.T.);
#5378=EDGE_CURVE('',#4135,#4263,#2209,.T.);
#5379=EDGE_CURVE('',#4296,#4296,#3621,.T.);
#5380=EDGE_CURVE('',#4296,#4126,#2210,.T.);
#5381=EDGE_CURVE('',#4297,#4297,#3622,.T.);
#5382=EDGE_CURVE('',#4297,#4289,#2211,.T.);
#5383=EDGE_CURVE('',#4298,#4298,#3623,.T.);
#5384=EDGE_CURVE('',#4298,#4127,#2212,.T.);
#5385=EDGE_CURVE('',#4299,#4299,#3624,.T.);
#5386=EDGE_CURVE('',#4299,#4285,#2213,.T.);
#5387=EDGE_CURVE('',#4111,#4220,#2214,.T.);
#5388=EDGE_CURVE('',#4300,#4300,#3625,.T.);
#5389=EDGE_CURVE('',#4301,#4301,#3626,.T.);
#5390=EDGE_CURVE('',#4233,#4246,#2215,.T.);
#5391=EDGE_CURVE('',#4242,#4232,#2216,.T.);
#5392=EDGE_CURVE('',#4139,#4224,#2217,.T.);
#5393=EDGE_CURVE('',#4138,#4225,#2218,.T.);
#5394=EDGE_CURVE('',#4279,#4301,#2219,.T.);
#5395=EDGE_CURVE('',#4107,#4271,#2220,.T.);
#5396=EDGE_CURVE('',#4278,#4300,#2221,.T.);
#5397=EDGE_CURVE('',#4108,#4275,#2222,.T.);
#5398=EDGE_CURVE('',#4237,#4195,#2223,.T.);
#5399=EDGE_CURVE('',#4236,#4196,#2224,.T.);
#5400=EDGE_CURVE('',#4235,#4197,#2225,.T.);
#5401=EDGE_CURVE('',#4234,#4198,#2226,.T.);
#5402=EDGE_CURVE('',#4199,#4247,#2227,.T.);
#5403=EDGE_CURVE('',#4200,#4148,#2228,.T.);
#5404=EDGE_CURVE('',#4201,#4120,#2229,.T.);
#5405=EDGE_CURVE('',#4302,#4302,#3627,.T.);
#5406=EDGE_CURVE('',#4302,#4303,#2230,.T.);
#5407=EDGE_CURVE('',#4303,#4303,#3628,.T.);
#5408=EDGE_CURVE('',#4304,#4304,#3629,.T.);
#5409=EDGE_CURVE('',#4304,#4305,#2231,.T.);
#5410=EDGE_CURVE('',#4305,#4305,#3630,.T.);
#5411=EDGE_CURVE('',#4306,#4306,#3631,.T.);
#5412=EDGE_CURVE('',#4306,#4307,#2232,.T.);
#5413=EDGE_CURVE('',#4307,#4307,#3632,.T.);
#5414=EDGE_CURVE('',#4308,#4308,#3633,.T.);
#5415=EDGE_CURVE('',#4308,#4309,#2233,.T.);
#5416=EDGE_CURVE('',#4309,#4309,#3634,.T.);
#5417=EDGE_CURVE('',#4310,#4311,#3635,.T.);
#5418=EDGE_CURVE('',#4312,#4310,#2234,.T.);
#5419=EDGE_CURVE('',#4312,#4313,#3636,.T.);
#5420=EDGE_CURVE('',#4311,#4313,#2235,.T.);
#5421=EDGE_CURVE('',#4313,#4312,#3637,.T.);
#5422=EDGE_CURVE('',#4311,#4314,#3638,.T.);
#5423=EDGE_CURVE('',#4314,#4315,#3639,.T.);
#5424=EDGE_CURVE('',#4315,#4316,#3640,.T.);
#5425=EDGE_CURVE('',#4316,#4317,#3641,.T.);
#5426=EDGE_CURVE('',#4317,#4318,#3642,.T.);
#5427=EDGE_CURVE('',#4318,#4310,#3643,.T.);
#5428=EDGE_CURVE('',#4319,#4319,#3644,.T.);
#5429=EDGE_CURVE('',#4320,#4320,#3645,.T.);
#5430=EDGE_CURVE('',#4321,#4321,#3646,.T.);
#5431=EDGE_CURVE('',#4322,#4316,#2236,.T.);
#5432=EDGE_CURVE('',#4322,#4323,#3647,.T.);
#5433=EDGE_CURVE('',#4317,#4323,#2237,.T.);
#5434=EDGE_CURVE('',#4323,#4322,#3648,.T.);
#5435=EDGE_CURVE('',#4324,#4314,#2238,.T.);
#5436=EDGE_CURVE('',#4324,#4325,#3649,.T.);
#5437=EDGE_CURVE('',#4315,#4325,#2239,.T.);
#5438=EDGE_CURVE('',#4325,#4324,#3650,.T.);
#5439=EDGE_CURVE('',#4326,#4326,#3651,.T.);
#5440=EDGE_CURVE('',#4326,#4321,#2240,.T.);
#5441=EDGE_CURVE('',#4327,#4327,#3652,.T.);
#5442=EDGE_CURVE('',#4327,#4320,#2241,.T.);
#5443=EDGE_CURVE('',#4328,#4328,#3653,.T.);
#5444=EDGE_CURVE('',#4328,#4319,#2242,.T.);
#5445=EDGE_CURVE('',#4318,#4329,#2243,.T.);
#5446=EDGE_CURVE('',#4329,#4329,#3654,.T.);
#5447=EDGE_CURVE('',#4330,#4330,#3655,.T.);
#5448=EDGE_CURVE('',#4331,#4331,#3656,.T.);
#5449=EDGE_CURVE('',#4331,#4332,#2244,.T.);
#5450=EDGE_CURVE('',#4332,#4332,#3657,.T.);
#5451=EDGE_CURVE('',#4333,#4333,#3658,.T.);
#5452=EDGE_CURVE('',#4330,#4333,#2245,.T.);
#5453=EDGE_CURVE('',#4334,#4334,#3659,.T.);
#5454=EDGE_CURVE('',#4335,#4335,#3660,.T.);
#5455=EDGE_CURVE('',#4335,#4336,#2246,.T.);
#5456=EDGE_CURVE('',#4336,#4336,#3661,.T.);
#5457=EDGE_CURVE('',#4337,#4337,#3662,.T.);
#5458=EDGE_CURVE('',#4334,#4337,#2247,.T.);
#5459=EDGE_CURVE('',#4338,#4339,#2248,.T.);
#5460=EDGE_CURVE('',#4340,#4338,#2249,.T.);
#5461=EDGE_CURVE('',#4341,#4340,#2250,.T.);
#5462=EDGE_CURVE('',#4339,#4341,#2251,.T.);
#5463=EDGE_CURVE('',#4342,#4338,#2252,.T.);
#5464=EDGE_CURVE('',#4343,#4342,#2253,.T.);
#5465=EDGE_CURVE('',#4340,#4343,#2254,.T.);
#5466=EDGE_CURVE('',#4344,#4341,#2255,.T.);
#5467=EDGE_CURVE('',#4344,#4345,#2256,.T.);
#5468=EDGE_CURVE('',#4345,#4346,#2257,.T.);
#5469=EDGE_CURVE('',#4346,#4347,#2258,.T.);
#5470=EDGE_CURVE('',#4339,#4347,#2259,.T.);
#5471=EDGE_CURVE('',#4343,#4348,#3663,.T.);
#5472=EDGE_CURVE('',#4348,#4349,#2260,.T.);
#5473=EDGE_CURVE('',#4350,#4349,#3664,.T.);
#5474=EDGE_CURVE('',#4350,#4351,#2261,.T.);
#5475=EDGE_CURVE('',#4351,#4352,#3665,.T.);
#5476=EDGE_CURVE('',#4352,#4353,#3666,.T.);
#5477=EDGE_CURVE('',#4353,#4354,#2262,.T.);
#5478=EDGE_CURVE('',#4354,#4355,#3667,.T.);
#5479=EDGE_CURVE('',#4355,#4356,#2263,.T.);
#5480=EDGE_CURVE('',#4356,#4357,#3668,.T.);
#5481=EDGE_CURVE('',#4357,#4358,#3669,.T.);
#5482=EDGE_CURVE('',#4358,#4359,#3670,.T.);
#5483=EDGE_CURVE('',#4359,#4360,#2264,.T.);
#5484=EDGE_CURVE('',#4360,#4344,#3671,.T.);
#5485=EDGE_CURVE('',#4361,#4362,#2265,.T.);
#5486=EDGE_CURVE('',#4362,#4363,#3672,.T.);
#5487=EDGE_CURVE('',#4363,#4364,#3673,.T.);
#5488=EDGE_CURVE('',#4364,#4365,#3674,.T.);
#5489=EDGE_CURVE('',#4365,#4366,#2266,.T.);
#5490=EDGE_CURVE('',#4366,#4361,#3675,.T.);
#5491=EDGE_CURVE('',#4367,#4368,#2267,.T.);
#5492=EDGE_CURVE('',#4368,#4369,#3676,.T.);
#5493=EDGE_CURVE('',#4369,#4370,#3677,.T.);
#5494=EDGE_CURVE('',#4370,#4371,#3678,.T.);
#5495=EDGE_CURVE('',#4371,#4372,#2268,.T.);
#5496=EDGE_CURVE('',#4372,#4367,#3679,.T.);
#5497=EDGE_CURVE('',#4373,#4373,#3680,.T.);
#5498=EDGE_CURVE('',#4374,#4374,#3681,.T.);
#5499=EDGE_CURVE('',#4375,#4376,#2269,.T.);
#5500=EDGE_CURVE('',#4376,#4377,#3682,.T.);
#5501=EDGE_CURVE('',#4377,#4378,#3683,.T.);
#5502=EDGE_CURVE('',#4378,#4379,#3684,.T.);
#5503=EDGE_CURVE('',#4379,#4375,#2270,.T.);
#5504=EDGE_CURVE('',#4355,#4380,#2271,.T.);
#5505=EDGE_CURVE('',#4381,#4354,#2272,.T.);
#5506=EDGE_CURVE('',#4380,#4381,#3685,.T.);
#5507=EDGE_CURVE('',#4374,#4382,#2273,.T.);
#5508=EDGE_CURVE('',#4382,#4382,#3686,.T.);
#5509=EDGE_CURVE('',#4383,#4383,#3687,.T.);
#5510=EDGE_CURVE('',#4383,#4373,#2274,.T.);
#5511=EDGE_CURVE('',#4384,#4384,#3688,.T.);
#5512=EDGE_CURVE('',#4384,#4385,#2275,.T.);
#5513=EDGE_CURVE('',#4385,#4385,#3689,.T.);
#5514=EDGE_CURVE('',#4386,#4387,#2276,.T.);
#5515=EDGE_CURVE('',#4386,#4388,#2277,.T.);
#5516=EDGE_CURVE('',#4389,#4388,#2278,.T.);
#5517=EDGE_CURVE('',#4387,#4389,#2279,.T.);
#5518=EDGE_CURVE('',#4390,#4391,#2280,.T.);
#5519=EDGE_CURVE('',#4391,#4392,#2281,.T.);
#5520=EDGE_CURVE('',#4393,#4392,#2282,.T.);
#5521=EDGE_CURVE('',#4390,#4393,#2283,.T.);
#5522=EDGE_CURVE('',#4390,#4394,#2284,.T.);
#5523=EDGE_CURVE('',#4395,#4393,#2285,.T.);
#5524=EDGE_CURVE('',#4396,#4395,#2286,.T.);
#5525=EDGE_CURVE('',#4396,#4394,#2287,.T.);
#5526=EDGE_CURVE('',#4397,#4396,#2288,.T.);
#5527=EDGE_CURVE('',#4398,#4395,#2289,.T.);
#5528=EDGE_CURVE('',#4397,#4398,#2290,.T.);
#5529=EDGE_CURVE('',#4399,#4400,#2291,.T.);
#5530=EDGE_CURVE('',#4399,#4401,#2292,.T.);
#5531=EDGE_CURVE('',#4402,#4401,#2293,.T.);
#5532=EDGE_CURVE('',#4400,#4402,#2294,.T.);
#5533=EDGE_CURVE('',#4388,#4402,#2295,.T.);
#5534=EDGE_CURVE('',#4401,#4398,#2296,.T.);
#5535=EDGE_CURVE('',#4392,#4389,#2297,.T.);
#5536=EDGE_CURVE('',#4403,#4386,#3690,.T.);
#5537=EDGE_CURVE('',#4404,#4403,#2298,.T.);
#5538=EDGE_CURVE('',#4400,#4404,#3691,.T.);
#5539=EDGE_CURVE('',#4405,#4406,#3692,.T.);
#5540=EDGE_CURVE('',#4405,#4407,#2299,.T.);
#5541=EDGE_CURVE('',#4407,#4408,#3693,.F.);
#5542=EDGE_CURVE('',#4406,#4408,#2300,.T.);
#5543=EDGE_CURVE('',#4409,#4403,#2301,.T.);
#5544=EDGE_CURVE('',#4410,#4409,#2302,.T.);
#5545=EDGE_CURVE('',#4410,#4404,#2303,.T.);
#5546=EDGE_CURVE('',#4409,#4387,#3694,.T.);
#5547=EDGE_CURVE('',#4399,#4410,#3695,.T.);
#5548=EDGE_CURVE('',#4411,#4391,#2304,.T.);
#5549=EDGE_CURVE('',#4408,#4411,#2305,.T.);
#5550=EDGE_CURVE('',#4412,#4407,#2306,.T.);
#5551=EDGE_CURVE('',#4397,#4412,#2307,.T.);
#5552=EDGE_CURVE('',#4413,#4413,#3696,.T.);
#5553=EDGE_CURVE('',#4412,#4414,#2308,.T.);
#5554=EDGE_CURVE('',#4415,#4414,#2309,.T.);
#5555=EDGE_CURVE('',#4415,#4416,#2310,.T.);
#5556=EDGE_CURVE('',#4394,#4416,#2311,.T.);
#5557=EDGE_CURVE('',#4414,#4405,#2312,.T.);
#5558=EDGE_CURVE('',#4347,#4417,#2313,.T.);
#5559=EDGE_CURVE('',#4417,#4418,#3697,.T.);
#5560=EDGE_CURVE('',#4418,#4419,#3698,.T.);
#5561=EDGE_CURVE('',#4419,#4420,#3699,.T.);
#5562=EDGE_CURVE('',#4420,#4421,#2314,.T.);
#5563=EDGE_CURVE('',#4421,#4422,#2315,.T.);
#5564=EDGE_CURVE('',#4422,#4423,#3700,.T.);
#5565=EDGE_CURVE('',#4423,#4424,#3701,.T.);
#5566=EDGE_CURVE('',#4424,#4425,#3702,.T.);
#5567=EDGE_CURVE('',#4425,#4426,#2316,.T.);
#5568=EDGE_CURVE('',#4426,#4427,#2317,.T.);
#5569=EDGE_CURVE('',#4427,#4428,#3703,.T.);
#5570=EDGE_CURVE('',#4428,#4429,#3704,.T.);
#5571=EDGE_CURVE('',#4429,#4415,#2318,.T.);
#5572=EDGE_CURVE('',#4406,#4430,#2319,.T.);
#5573=EDGE_CURVE('',#4430,#4431,#2320,.T.);
#5574=EDGE_CURVE('',#4432,#4431,#3705,.T.);
#5575=EDGE_CURVE('',#4432,#4433,#2321,.T.);
#5576=EDGE_CURVE('',#4433,#4342,#3706,.T.);
#5577=EDGE_CURVE('',#4415,#4430,#2322,.T.);
#5578=EDGE_CURVE('',#4430,#4434,#2323,.T.);
#5579=EDGE_CURVE('',#4416,#4434,#2324,.T.);
#5580=EDGE_CURVE('',#4434,#4411,#2325,.T.);
#5581=EDGE_CURVE('',#4349,#4432,#2326,.T.);
#5582=EDGE_CURVE('',#4431,#4350,#2327,.T.);
#5583=EDGE_CURVE('',#4433,#4348,#2328,.T.);
#5584=EDGE_CURVE('',#4361,#4435,#2329,.T.);
#5585=EDGE_CURVE('',#4436,#4366,#2330,.T.);
#5586=EDGE_CURVE('',#4435,#4436,#3707,.T.);
#5587=EDGE_CURVE('',#4360,#4437,#2331,.T.);
#5588=EDGE_CURVE('',#4345,#4437,#3708,.T.);
#5589=EDGE_CURVE('',#4367,#4438,#2332,.T.);
#5590=EDGE_CURVE('',#4439,#4372,#2333,.T.);
#5591=EDGE_CURVE('',#4438,#4439,#3709,.T.);
#5592=EDGE_CURVE('',#4438,#4440,#2334,.T.);
#5593=EDGE_CURVE('',#4441,#4439,#2335,.T.);
#5594=EDGE_CURVE('',#4435,#4441,#2336,.T.);
#5595=EDGE_CURVE('',#4346,#4436,#2337,.T.);
#5596=EDGE_CURVE('',#4442,#4437,#2338,.T.);
#5597=EDGE_CURVE('',#4380,#4442,#2339,.T.);
#5598=EDGE_CURVE('',#4440,#4381,#2340,.T.);
#5599=EDGE_CURVE('',#4376,#4359,#2341,.T.);
#5600=EDGE_CURVE('',#4442,#4375,#2342,.T.);
#5601=EDGE_CURVE('',#4356,#4379,#2343,.T.);
#5602=EDGE_CURVE('',#4358,#4377,#2344,.T.);
#5603=EDGE_CURVE('',#4357,#4378,#2345,.T.);
#5604=EDGE_CURVE('',#4353,#4427,#2346,.T.);
#5605=EDGE_CURVE('',#4440,#4426,#2347,.T.);
#5606=EDGE_CURVE('',#4371,#4422,#2348,.T.);
#5607=EDGE_CURVE('',#4441,#4421,#2349,.T.);
#5608=EDGE_CURVE('',#4365,#4417,#2350,.T.);
#5609=EDGE_CURVE('',#4429,#4351,#2351,.T.);
#5610=EDGE_CURVE('',#4352,#4428,#2352,.T.);
#5611=EDGE_CURVE('',#4364,#4418,#2353,.T.);
#5612=EDGE_CURVE('',#4363,#4419,#2354,.T.);
#5613=EDGE_CURVE('',#4362,#4420,#2355,.T.);
#5614=EDGE_CURVE('',#4369,#4424,#2356,.T.);
#5615=EDGE_CURVE('',#4370,#4423,#2357,.T.);
#5616=EDGE_CURVE('',#4368,#4425,#2358,.T.);
#5617=EDGE_CURVE('',#4443,#4443,#3710,.T.);
#5618=EDGE_CURVE('',#4443,#4413,#2359,.T.);
#5619=EDGE_CURVE('',#4444,#4444,#3711,.T.);
#5620=EDGE_CURVE('',#4445,#4445,#3712,.T.);
#5621=EDGE_CURVE('',#4445,#4446,#2360,.T.);
#5622=EDGE_CURVE('',#4446,#4446,#3713,.T.);
#5623=EDGE_CURVE('',#4447,#4447,#3714,.T.);
#5624=EDGE_CURVE('',#4444,#4447,#2361,.T.);
#5625=EDGE_CURVE('',#4448,#4448,#3715,.T.);
#5626=EDGE_CURVE('',#4449,#4449,#3716,.T.);
#5627=EDGE_CURVE('',#4449,#4450,#2362,.T.);
#5628=EDGE_CURVE('',#4450,#4450,#3717,.T.);
#5629=EDGE_CURVE('',#4451,#4451,#3718,.T.);
#5630=EDGE_CURVE('',#4448,#4451,#2363,.T.);
#5631=EDGE_CURVE('',#4452,#4453,#2364,.T.);
#5632=EDGE_CURVE('',#4454,#4452,#2365,.T.);
#5633=EDGE_CURVE('',#4455,#4454,#2366,.T.);
#5634=EDGE_CURVE('',#4453,#4455,#2367,.T.);
#5635=EDGE_CURVE('',#4456,#4452,#2368,.T.);
#5636=EDGE_CURVE('',#4457,#4456,#2369,.T.);
#5637=EDGE_CURVE('',#4454,#4457,#2370,.T.);
#5638=EDGE_CURVE('',#4458,#4455,#2371,.T.);
#5639=EDGE_CURVE('',#4458,#4459,#2372,.T.);
#5640=EDGE_CURVE('',#4459,#4460,#2373,.T.);
#5641=EDGE_CURVE('',#4460,#4461,#2374,.T.);
#5642=EDGE_CURVE('',#4453,#4461,#2375,.T.);
#5643=EDGE_CURVE('',#4457,#4462,#3719,.T.);
#5644=EDGE_CURVE('',#4462,#4463,#2376,.T.);
#5645=EDGE_CURVE('',#4464,#4463,#3720,.T.);
#5646=EDGE_CURVE('',#4464,#4465,#2377,.T.);
#5647=EDGE_CURVE('',#4465,#4466,#3721,.T.);
#5648=EDGE_CURVE('',#4466,#4467,#3722,.T.);
#5649=EDGE_CURVE('',#4467,#4468,#2378,.T.);
#5650=EDGE_CURVE('',#4468,#4469,#3723,.T.);
#5651=EDGE_CURVE('',#4469,#4470,#2379,.T.);
#5652=EDGE_CURVE('',#4470,#4471,#3724,.T.);
#5653=EDGE_CURVE('',#4471,#4472,#3725,.T.);
#5654=EDGE_CURVE('',#4472,#4473,#3726,.T.);
#5655=EDGE_CURVE('',#4473,#4474,#2380,.T.);
#5656=EDGE_CURVE('',#4474,#4458,#3727,.T.);
#5657=EDGE_CURVE('',#4475,#4476,#2381,.T.);
#5658=EDGE_CURVE('',#4476,#4477,#3728,.T.);
#5659=EDGE_CURVE('',#4477,#4478,#3729,.T.);
#5660=EDGE_CURVE('',#4478,#4479,#3730,.T.);
#5661=EDGE_CURVE('',#4479,#4480,#2382,.T.);
#5662=EDGE_CURVE('',#4480,#4475,#3731,.T.);
#5663=EDGE_CURVE('',#4481,#4482,#2383,.T.);
#5664=EDGE_CURVE('',#4482,#4483,#3732,.T.);
#5665=EDGE_CURVE('',#4483,#4484,#3733,.T.);
#5666=EDGE_CURVE('',#4484,#4485,#3734,.T.);
#5667=EDGE_CURVE('',#4485,#4486,#2384,.T.);
#5668=EDGE_CURVE('',#4486,#4481,#3735,.T.);
#5669=EDGE_CURVE('',#4487,#4487,#3736,.T.);
#5670=EDGE_CURVE('',#4488,#4488,#3737,.T.);
#5671=EDGE_CURVE('',#4489,#4490,#2385,.T.);
#5672=EDGE_CURVE('',#4490,#4491,#3738,.T.);
#5673=EDGE_CURVE('',#4491,#4492,#3739,.T.);
#5674=EDGE_CURVE('',#4492,#4493,#3740,.T.);
#5675=EDGE_CURVE('',#4493,#4489,#2386,.T.);
#5676=EDGE_CURVE('',#4469,#4494,#2387,.T.);
#5677=EDGE_CURVE('',#4495,#4468,#2388,.T.);
#5678=EDGE_CURVE('',#4494,#4495,#3741,.T.);
#5679=EDGE_CURVE('',#4488,#4496,#2389,.T.);
#5680=EDGE_CURVE('',#4496,#4496,#3742,.T.);
#5681=EDGE_CURVE('',#4497,#4497,#3743,.T.);
#5682=EDGE_CURVE('',#4497,#4487,#2390,.T.);
#5683=EDGE_CURVE('',#4498,#4498,#3744,.T.);
#5684=EDGE_CURVE('',#4498,#4499,#2391,.T.);
#5685=EDGE_CURVE('',#4499,#4499,#3745,.T.);
#5686=EDGE_CURVE('',#4500,#4501,#2392,.T.);
#5687=EDGE_CURVE('',#4500,#4502,#2393,.T.);
#5688=EDGE_CURVE('',#4503,#4502,#2394,.T.);
#5689=EDGE_CURVE('',#4501,#4503,#2395,.T.);
#5690=EDGE_CURVE('',#4504,#4505,#2396,.T.);
#5691=EDGE_CURVE('',#4505,#4506,#2397,.T.);
#5692=EDGE_CURVE('',#4507,#4506,#2398,.T.);
#5693=EDGE_CURVE('',#4504,#4507,#2399,.T.);
#5694=EDGE_CURVE('',#4504,#4508,#2400,.T.);
#5695=EDGE_CURVE('',#4509,#4507,#2401,.T.);
#5696=EDGE_CURVE('',#4510,#4509,#2402,.T.);
#5697=EDGE_CURVE('',#4510,#4508,#2403,.T.);
#5698=EDGE_CURVE('',#4511,#4510,#2404,.T.);
#5699=EDGE_CURVE('',#4512,#4509,#2405,.T.);
#5700=EDGE_CURVE('',#4511,#4512,#2406,.T.);
#5701=EDGE_CURVE('',#4513,#4514,#2407,.T.);
#5702=EDGE_CURVE('',#4513,#4515,#2408,.T.);
#5703=EDGE_CURVE('',#4516,#4515,#2409,.T.);
#5704=EDGE_CURVE('',#4514,#4516,#2410,.T.);
#5705=EDGE_CURVE('',#4502,#4516,#2411,.T.);
#5706=EDGE_CURVE('',#4515,#4512,#2412,.T.);
#5707=EDGE_CURVE('',#4506,#4503,#2413,.T.);
#5708=EDGE_CURVE('',#4517,#4500,#3746,.T.);
#5709=EDGE_CURVE('',#4518,#4517,#2414,.T.);
#5710=EDGE_CURVE('',#4514,#4518,#3747,.T.);
#5711=EDGE_CURVE('',#4519,#4520,#3748,.T.);
#5712=EDGE_CURVE('',#4519,#4521,#2415,.T.);
#5713=EDGE_CURVE('',#4521,#4522,#3749,.F.);
#5714=EDGE_CURVE('',#4520,#4522,#2416,.T.);
#5715=EDGE_CURVE('',#4523,#4517,#2417,.T.);
#5716=EDGE_CURVE('',#4524,#4523,#2418,.T.);
#5717=EDGE_CURVE('',#4524,#4518,#2419,.T.);
#5718=EDGE_CURVE('',#4523,#4501,#3750,.T.);
#5719=EDGE_CURVE('',#4513,#4524,#3751,.T.);
#5720=EDGE_CURVE('',#4525,#4505,#2420,.T.);
#5721=EDGE_CURVE('',#4522,#4525,#2421,.T.);
#5722=EDGE_CURVE('',#4526,#4521,#2422,.T.);
#5723=EDGE_CURVE('',#4511,#4526,#2423,.T.);
#5724=EDGE_CURVE('',#4527,#4527,#3752,.T.);
#5725=EDGE_CURVE('',#4526,#4528,#2424,.T.);
#5726=EDGE_CURVE('',#4529,#4528,#2425,.T.);
#5727=EDGE_CURVE('',#4529,#4530,#2426,.T.);
#5728=EDGE_CURVE('',#4508,#4530,#2427,.T.);
#5729=EDGE_CURVE('',#4528,#4519,#2428,.T.);
#5730=EDGE_CURVE('',#4461,#4531,#2429,.T.);
#5731=EDGE_CURVE('',#4531,#4532,#3753,.T.);
#5732=EDGE_CURVE('',#4532,#4533,#3754,.T.);
#5733=EDGE_CURVE('',#4533,#4534,#3755,.T.);
#5734=EDGE_CURVE('',#4534,#4535,#2430,.T.);
#5735=EDGE_CURVE('',#4535,#4536,#2431,.T.);
#5736=EDGE_CURVE('',#4536,#4537,#3756,.T.);
#5737=EDGE_CURVE('',#4537,#4538,#3757,.T.);
#5738=EDGE_CURVE('',#4538,#4539,#3758,.T.);
#5739=EDGE_CURVE('',#4539,#4540,#2432,.T.);
#5740=EDGE_CURVE('',#4540,#4541,#2433,.T.);
#5741=EDGE_CURVE('',#4541,#4542,#3759,.T.);
#5742=EDGE_CURVE('',#4542,#4543,#3760,.T.);
#5743=EDGE_CURVE('',#4543,#4529,#2434,.T.);
#5744=EDGE_CURVE('',#4520,#4544,#2435,.T.);
#5745=EDGE_CURVE('',#4544,#4545,#2436,.T.);
#5746=EDGE_CURVE('',#4546,#4545,#3761,.T.);
#5747=EDGE_CURVE('',#4546,#4547,#2437,.T.);
#5748=EDGE_CURVE('',#4547,#4456,#3762,.T.);
#5749=EDGE_CURVE('',#4529,#4544,#2438,.T.);
#5750=EDGE_CURVE('',#4544,#4548,#2439,.T.);
#5751=EDGE_CURVE('',#4530,#4548,#2440,.T.);
#5752=EDGE_CURVE('',#4548,#4525,#2441,.T.);
#5753=EDGE_CURVE('',#4463,#4546,#2442,.T.);
#5754=EDGE_CURVE('',#4545,#4464,#2443,.T.);
#5755=EDGE_CURVE('',#4547,#4462,#2444,.T.);
#5756=EDGE_CURVE('',#4475,#4549,#2445,.T.);
#5757=EDGE_CURVE('',#4550,#4480,#2446,.T.);
#5758=EDGE_CURVE('',#4549,#4550,#3763,.T.);
#5759=EDGE_CURVE('',#4474,#4551,#2447,.T.);
#5760=EDGE_CURVE('',#4459,#4551,#3764,.T.);
#5761=EDGE_CURVE('',#4481,#4552,#2448,.T.);
#5762=EDGE_CURVE('',#4553,#4486,#2449,.T.);
#5763=EDGE_CURVE('',#4552,#4553,#3765,.T.);
#5764=EDGE_CURVE('',#4552,#4554,#2450,.T.);
#5765=EDGE_CURVE('',#4555,#4553,#2451,.T.);
#5766=EDGE_CURVE('',#4549,#4555,#2452,.T.);
#5767=EDGE_CURVE('',#4460,#4550,#2453,.T.);
#5768=EDGE_CURVE('',#4556,#4551,#2454,.T.);
#5769=EDGE_CURVE('',#4494,#4556,#2455,.T.);
#5770=EDGE_CURVE('',#4554,#4495,#2456,.T.);
#5771=EDGE_CURVE('',#4490,#4473,#2457,.T.);
#5772=EDGE_CURVE('',#4556,#4489,#2458,.T.);
#5773=EDGE_CURVE('',#4470,#4493,#2459,.T.);
#5774=EDGE_CURVE('',#4472,#4491,#2460,.T.);
#5775=EDGE_CURVE('',#4471,#4492,#2461,.T.);
#5776=EDGE_CURVE('',#4467,#4541,#2462,.T.);
#5777=EDGE_CURVE('',#4554,#4540,#2463,.T.);
#5778=EDGE_CURVE('',#4485,#4536,#2464,.T.);
#5779=EDGE_CURVE('',#4555,#4535,#2465,.T.);
#5780=EDGE_CURVE('',#4479,#4531,#2466,.T.);
#5781=EDGE_CURVE('',#4543,#4465,#2467,.T.);
#5782=EDGE_CURVE('',#4466,#4542,#2468,.T.);
#5783=EDGE_CURVE('',#4478,#4532,#2469,.T.);
#5784=EDGE_CURVE('',#4477,#4533,#2470,.T.);
#5785=EDGE_CURVE('',#4476,#4534,#2471,.T.);
#5786=EDGE_CURVE('',#4483,#4538,#2472,.T.);
#5787=EDGE_CURVE('',#4484,#4537,#2473,.T.);
#5788=EDGE_CURVE('',#4482,#4539,#2474,.T.);
#5789=EDGE_CURVE('',#4557,#4557,#3766,.T.);
#5790=EDGE_CURVE('',#4557,#4527,#2475,.T.);
#5791=EDGE_CURVE('',#4558,#4559,#2476,.T.);
#5792=EDGE_CURVE('',#4560,#4558,#2477,.T.);
#5793=EDGE_CURVE('',#4561,#4560,#2478,.T.);
#5794=EDGE_CURVE('',#4559,#4561,#2479,.T.);
#5795=EDGE_CURVE('',#4562,#4558,#2480,.T.);
#5796=EDGE_CURVE('',#4563,#4562,#2481,.T.);
#5797=EDGE_CURVE('',#4560,#4563,#2482,.T.);
#5798=EDGE_CURVE('',#4564,#4561,#2483,.T.);
#5799=EDGE_CURVE('',#4564,#4565,#2484,.T.);
#5800=EDGE_CURVE('',#4565,#4566,#2485,.T.);
#5801=EDGE_CURVE('',#4566,#4567,#2486,.T.);
#5802=EDGE_CURVE('',#4559,#4567,#2487,.T.);
#5803=EDGE_CURVE('',#4563,#4568,#3767,.T.);
#5804=EDGE_CURVE('',#4568,#4569,#2488,.T.);
#5805=EDGE_CURVE('',#4570,#4569,#3768,.T.);
#5806=EDGE_CURVE('',#4570,#4571,#2489,.T.);
#5807=EDGE_CURVE('',#4571,#4572,#3769,.T.);
#5808=EDGE_CURVE('',#4572,#4573,#3770,.T.);
#5809=EDGE_CURVE('',#4573,#4574,#2490,.T.);
#5810=EDGE_CURVE('',#4574,#4575,#3771,.T.);
#5811=EDGE_CURVE('',#4575,#4576,#2491,.T.);
#5812=EDGE_CURVE('',#4576,#4577,#3772,.T.);
#5813=EDGE_CURVE('',#4577,#4578,#3773,.T.);
#5814=EDGE_CURVE('',#4578,#4579,#3774,.T.);
#5815=EDGE_CURVE('',#4579,#4580,#2492,.T.);
#5816=EDGE_CURVE('',#4580,#4564,#3775,.T.);
#5817=EDGE_CURVE('',#4581,#4582,#2493,.T.);
#5818=EDGE_CURVE('',#4582,#4583,#3776,.T.);
#5819=EDGE_CURVE('',#4583,#4584,#3777,.T.);
#5820=EDGE_CURVE('',#4584,#4585,#3778,.T.);
#5821=EDGE_CURVE('',#4585,#4586,#2494,.T.);
#5822=EDGE_CURVE('',#4586,#4581,#3779,.T.);
#5823=EDGE_CURVE('',#4587,#4588,#2495,.T.);
#5824=EDGE_CURVE('',#4588,#4589,#3780,.T.);
#5825=EDGE_CURVE('',#4589,#4590,#3781,.T.);
#5826=EDGE_CURVE('',#4590,#4591,#3782,.T.);
#5827=EDGE_CURVE('',#4591,#4592,#2496,.T.);
#5828=EDGE_CURVE('',#4592,#4587,#3783,.T.);
#5829=EDGE_CURVE('',#4593,#4593,#3784,.T.);
#5830=EDGE_CURVE('',#4594,#4594,#3785,.T.);
#5831=EDGE_CURVE('',#4595,#4596,#2497,.T.);
#5832=EDGE_CURVE('',#4596,#4597,#3786,.T.);
#5833=EDGE_CURVE('',#4597,#4598,#3787,.T.);
#5834=EDGE_CURVE('',#4598,#4599,#3788,.T.);
#5835=EDGE_CURVE('',#4599,#4595,#2498,.T.);
#5836=EDGE_CURVE('',#4575,#4600,#2499,.T.);
#5837=EDGE_CURVE('',#4601,#4574,#2500,.T.);
#5838=EDGE_CURVE('',#4600,#4601,#3789,.T.);
#5839=EDGE_CURVE('',#4594,#4602,#2501,.T.);
#5840=EDGE_CURVE('',#4602,#4602,#3790,.T.);
#5841=EDGE_CURVE('',#4603,#4603,#3791,.T.);
#5842=EDGE_CURVE('',#4603,#4593,#2502,.T.);
#5843=EDGE_CURVE('',#4604,#4604,#3792,.T.);
#5844=EDGE_CURVE('',#4604,#4605,#2503,.T.);
#5845=EDGE_CURVE('',#4605,#4605,#3793,.T.);
#5846=EDGE_CURVE('',#4606,#4607,#2504,.T.);
#5847=EDGE_CURVE('',#4606,#4608,#2505,.T.);
#5848=EDGE_CURVE('',#4609,#4608,#2506,.T.);
#5849=EDGE_CURVE('',#4607,#4609,#2507,.T.);
#5850=EDGE_CURVE('',#4610,#4611,#2508,.T.);
#5851=EDGE_CURVE('',#4611,#4612,#2509,.T.);
#5852=EDGE_CURVE('',#4613,#4612,#2510,.T.);
#5853=EDGE_CURVE('',#4610,#4613,#2511,.T.);
#5854=EDGE_CURVE('',#4610,#4614,#2512,.T.);
#5855=EDGE_CURVE('',#4615,#4613,#2513,.T.);
#5856=EDGE_CURVE('',#4616,#4615,#2514,.T.);
#5857=EDGE_CURVE('',#4616,#4614,#2515,.T.);
#5858=EDGE_CURVE('',#4617,#4616,#2516,.T.);
#5859=EDGE_CURVE('',#4618,#4615,#2517,.T.);
#5860=EDGE_CURVE('',#4617,#4618,#2518,.T.);
#5861=EDGE_CURVE('',#4619,#4620,#2519,.T.);
#5862=EDGE_CURVE('',#4619,#4621,#2520,.T.);
#5863=EDGE_CURVE('',#4622,#4621,#2521,.T.);
#5864=EDGE_CURVE('',#4620,#4622,#2522,.T.);
#5865=EDGE_CURVE('',#4608,#4622,#2523,.T.);
#5866=EDGE_CURVE('',#4621,#4618,#2524,.T.);
#5867=EDGE_CURVE('',#4612,#4609,#2525,.T.);
#5868=EDGE_CURVE('',#4623,#4606,#3794,.T.);
#5869=EDGE_CURVE('',#4624,#4623,#2526,.T.);
#5870=EDGE_CURVE('',#4620,#4624,#3795,.T.);
#5871=EDGE_CURVE('',#4625,#4626,#3796,.T.);
#5872=EDGE_CURVE('',#4625,#4627,#2527,.T.);
#5873=EDGE_CURVE('',#4627,#4628,#3797,.F.);
#5874=EDGE_CURVE('',#4626,#4628,#2528,.T.);
#5875=EDGE_CURVE('',#4629,#4623,#2529,.T.);
#5876=EDGE_CURVE('',#4630,#4629,#2530,.T.);
#5877=EDGE_CURVE('',#4630,#4624,#2531,.T.);
#5878=EDGE_CURVE('',#4629,#4607,#3798,.T.);
#5879=EDGE_CURVE('',#4619,#4630,#3799,.T.);
#5880=EDGE_CURVE('',#4631,#4611,#2532,.T.);
#5881=EDGE_CURVE('',#4628,#4631,#2533,.T.);
#5882=EDGE_CURVE('',#4632,#4627,#2534,.T.);
#5883=EDGE_CURVE('',#4617,#4632,#2535,.T.);
#5884=EDGE_CURVE('',#4633,#4633,#3800,.T.);
#5885=EDGE_CURVE('',#4632,#4634,#2536,.T.);
#5886=EDGE_CURVE('',#4635,#4634,#2537,.T.);
#5887=EDGE_CURVE('',#4635,#4636,#2538,.T.);
#5888=EDGE_CURVE('',#4614,#4636,#2539,.T.);
#5889=EDGE_CURVE('',#4634,#4625,#2540,.T.);
#5890=EDGE_CURVE('',#4567,#4637,#2541,.T.);
#5891=EDGE_CURVE('',#4637,#4638,#3801,.T.);
#5892=EDGE_CURVE('',#4638,#4639,#3802,.T.);
#5893=EDGE_CURVE('',#4639,#4640,#3803,.T.);
#5894=EDGE_CURVE('',#4640,#4641,#2542,.T.);
#5895=EDGE_CURVE('',#4641,#4642,#2543,.T.);
#5896=EDGE_CURVE('',#4642,#4643,#3804,.T.);
#5897=EDGE_CURVE('',#4643,#4644,#3805,.T.);
#5898=EDGE_CURVE('',#4644,#4645,#3806,.T.);
#5899=EDGE_CURVE('',#4645,#4646,#2544,.T.);
#5900=EDGE_CURVE('',#4646,#4647,#2545,.T.);
#5901=EDGE_CURVE('',#4647,#4648,#3807,.T.);
#5902=EDGE_CURVE('',#4648,#4649,#3808,.T.);
#5903=EDGE_CURVE('',#4649,#4635,#2546,.T.);
#5904=EDGE_CURVE('',#4626,#4650,#2547,.T.);
#5905=EDGE_CURVE('',#4650,#4651,#2548,.T.);
#5906=EDGE_CURVE('',#4652,#4651,#3809,.T.);
#5907=EDGE_CURVE('',#4652,#4653,#2549,.T.);
#5908=EDGE_CURVE('',#4653,#4562,#3810,.T.);
#5909=EDGE_CURVE('',#4635,#4650,#2550,.T.);
#5910=EDGE_CURVE('',#4650,#4654,#2551,.T.);
#5911=EDGE_CURVE('',#4636,#4654,#2552,.T.);
#5912=EDGE_CURVE('',#4654,#4631,#2553,.T.);
#5913=EDGE_CURVE('',#4569,#4652,#2554,.T.);
#5914=EDGE_CURVE('',#4651,#4570,#2555,.T.);
#5915=EDGE_CURVE('',#4653,#4568,#2556,.T.);
#5916=EDGE_CURVE('',#4581,#4655,#2557,.T.);
#5917=EDGE_CURVE('',#4656,#4586,#2558,.T.);
#5918=EDGE_CURVE('',#4655,#4656,#3811,.T.);
#5919=EDGE_CURVE('',#4580,#4657,#2559,.T.);
#5920=EDGE_CURVE('',#4565,#4657,#3812,.T.);
#5921=EDGE_CURVE('',#4587,#4658,#2560,.T.);
#5922=EDGE_CURVE('',#4659,#4592,#2561,.T.);
#5923=EDGE_CURVE('',#4658,#4659,#3813,.T.);
#5924=EDGE_CURVE('',#4658,#4660,#2562,.T.);
#5925=EDGE_CURVE('',#4661,#4659,#2563,.T.);
#5926=EDGE_CURVE('',#4655,#4661,#2564,.T.);
#5927=EDGE_CURVE('',#4566,#4656,#2565,.T.);
#5928=EDGE_CURVE('',#4662,#4657,#2566,.T.);
#5929=EDGE_CURVE('',#4600,#4662,#2567,.T.);
#5930=EDGE_CURVE('',#4660,#4601,#2568,.T.);
#5931=EDGE_CURVE('',#4596,#4579,#2569,.T.);
#5932=EDGE_CURVE('',#4662,#4595,#2570,.T.);
#5933=EDGE_CURVE('',#4576,#4599,#2571,.T.);
#5934=EDGE_CURVE('',#4578,#4597,#2572,.T.);
#5935=EDGE_CURVE('',#4577,#4598,#2573,.T.);
#5936=EDGE_CURVE('',#4573,#4647,#2574,.T.);
#5937=EDGE_CURVE('',#4660,#4646,#2575,.T.);
#5938=EDGE_CURVE('',#4591,#4642,#2576,.T.);
#5939=EDGE_CURVE('',#4661,#4641,#2577,.T.);
#5940=EDGE_CURVE('',#4585,#4637,#2578,.T.);
#5941=EDGE_CURVE('',#4649,#4571,#2579,.T.);
#5942=EDGE_CURVE('',#4572,#4648,#2580,.T.);
#5943=EDGE_CURVE('',#4584,#4638,#2581,.T.);
#5944=EDGE_CURVE('',#4583,#4639,#2582,.T.);
#5945=EDGE_CURVE('',#4582,#4640,#2583,.T.);
#5946=EDGE_CURVE('',#4589,#4644,#2584,.T.);
#5947=EDGE_CURVE('',#4590,#4643,#2585,.T.);
#5948=EDGE_CURVE('',#4588,#4645,#2586,.T.);
#5949=EDGE_CURVE('',#4663,#4663,#3814,.T.);
#5950=EDGE_CURVE('',#4663,#4633,#2587,.T.);
#5951=ORIENTED_EDGE('',*,*,#4664,.F.);
#5952=ORIENTED_EDGE('',*,*,#4665,.T.);
#5953=ORIENTED_EDGE('',*,*,#4666,.T.);
#5954=ORIENTED_EDGE('',*,*,#4665,.F.);
#5955=ORIENTED_EDGE('',*,*,#4666,.F.);
#5956=ORIENTED_EDGE('',*,*,#4667,.F.);
#5957=ORIENTED_EDGE('',*,*,#4668,.F.);
#5958=ORIENTED_EDGE('',*,*,#4669,.T.);
#5959=ORIENTED_EDGE('',*,*,#4670,.F.);
#5960=ORIENTED_EDGE('',*,*,#4671,.F.);
#5961=ORIENTED_EDGE('',*,*,#4672,.F.);
#5962=ORIENTED_EDGE('',*,*,#4673,.T.);
#5963=ORIENTED_EDGE('',*,*,#4674,.F.);
#5964=ORIENTED_EDGE('',*,*,#4673,.F.);
#5965=ORIENTED_EDGE('',*,*,#4675,.F.);
#5966=ORIENTED_EDGE('',*,*,#4676,.F.);
#5967=ORIENTED_EDGE('',*,*,#4677,.F.);
#5968=ORIENTED_EDGE('',*,*,#4669,.F.);
#5969=ORIENTED_EDGE('',*,*,#4674,.T.);
#5970=ORIENTED_EDGE('',*,*,#4678,.T.);
#5971=ORIENTED_EDGE('',*,*,#4679,.F.);
#5972=ORIENTED_EDGE('',*,*,#4680,.T.);
#5973=ORIENTED_EDGE('',*,*,#4678,.F.);
#5974=ORIENTED_EDGE('',*,*,#4680,.F.);
#5975=ORIENTED_EDGE('',*,*,#4668,.T.);
#5976=ORIENTED_EDGE('',*,*,#4679,.T.);
#5977=ORIENTED_EDGE('',*,*,#4675,.T.);
#5978=ORIENTED_EDGE('',*,*,#4672,.T.);
#5979=ORIENTED_EDGE('',*,*,#4681,.F.);
#5980=ORIENTED_EDGE('',*,*,#4682,.F.);
#5981=ORIENTED_EDGE('',*,*,#4683,.F.);
#5982=ORIENTED_EDGE('',*,*,#4684,.F.);
#5983=ORIENTED_EDGE('',*,*,#4685,.F.);
#5984=ORIENTED_EDGE('',*,*,#4686,.F.);
#5985=ORIENTED_EDGE('',*,*,#4687,.F.);
#5986=ORIENTED_EDGE('',*,*,#4688,.F.);
#5987=ORIENTED_EDGE('',*,*,#4671,.T.);
#5988=ORIENTED_EDGE('',*,*,#4689,.T.);
#5989=ORIENTED_EDGE('',*,*,#4690,.F.);
#5990=ORIENTED_EDGE('',*,*,#4681,.T.);
#5991=ORIENTED_EDGE('',*,*,#4676,.T.);
#5992=ORIENTED_EDGE('',*,*,#4688,.T.);
#5993=ORIENTED_EDGE('',*,*,#4691,.F.);
#5994=ORIENTED_EDGE('',*,*,#4692,.T.);
#5995=ORIENTED_EDGE('',*,*,#4693,.F.);
#5996=ORIENTED_EDGE('',*,*,#4685,.T.);
#5997=ORIENTED_EDGE('',*,*,#4694,.F.);
#5998=ORIENTED_EDGE('',*,*,#4695,.T.);
#5999=ORIENTED_EDGE('',*,*,#4696,.F.);
#6000=ORIENTED_EDGE('',*,*,#4697,.T.);
#6001=ORIENTED_EDGE('',*,*,#4698,.F.);
#6002=ORIENTED_EDGE('',*,*,#4699,.T.);
#6003=ORIENTED_EDGE('',*,*,#4700,.F.);
#6004=ORIENTED_EDGE('',*,*,#4701,.T.);
#6005=ORIENTED_EDGE('',*,*,#4702,.F.);
#6006=ORIENTED_EDGE('',*,*,#4703,.T.);
#6007=ORIENTED_EDGE('',*,*,#4704,.F.);
#6008=ORIENTED_EDGE('',*,*,#4705,.T.);
#6009=ORIENTED_EDGE('',*,*,#4706,.F.);
#6010=ORIENTED_EDGE('',*,*,#4707,.T.);
#6011=ORIENTED_EDGE('',*,*,#4708,.F.);
#6012=ORIENTED_EDGE('',*,*,#4703,.F.);
#6013=ORIENTED_EDGE('',*,*,#4709,.F.);
#6014=ORIENTED_EDGE('',*,*,#4699,.F.);
#6015=ORIENTED_EDGE('',*,*,#4710,.F.);
#6016=ORIENTED_EDGE('',*,*,#4711,.F.);
#6017=ORIENTED_EDGE('',*,*,#4712,.F.);
#6018=ORIENTED_EDGE('',*,*,#4705,.F.);
#6019=ORIENTED_EDGE('',*,*,#4667,.T.);
#6020=ORIENTED_EDGE('',*,*,#4713,.T.);
#6021=ORIENTED_EDGE('',*,*,#4714,.F.);
#6022=ORIENTED_EDGE('',*,*,#4713,.F.);
#6023=ORIENTED_EDGE('',*,*,#4715,.T.);
#6024=ORIENTED_EDGE('',*,*,#4716,.T.);
#6025=ORIENTED_EDGE('',*,*,#4717,.T.);
#6026=ORIENTED_EDGE('',*,*,#4718,.T.);
#6027=ORIENTED_EDGE('',*,*,#4719,.T.);
#6028=ORIENTED_EDGE('',*,*,#4720,.T.);
#6029=ORIENTED_EDGE('',*,*,#4721,.T.);
#6030=ORIENTED_EDGE('',*,*,#4722,.T.);
#6031=ORIENTED_EDGE('',*,*,#4723,.T.);
#6032=ORIENTED_EDGE('',*,*,#4724,.T.);
#6033=ORIENTED_EDGE('',*,*,#4684,.T.);
#6034=ORIENTED_EDGE('',*,*,#4716,.F.);
#6035=ORIENTED_EDGE('',*,*,#4710,.T.);
#6036=ORIENTED_EDGE('',*,*,#4725,.T.);
#6037=ORIENTED_EDGE('',*,*,#4726,.T.);
#6038=ORIENTED_EDGE('',*,*,#4720,.F.);
#6039=ORIENTED_EDGE('',*,*,#4727,.T.);
#6040=ORIENTED_EDGE('',*,*,#4728,.T.);
#6041=ORIENTED_EDGE('',*,*,#4729,.T.);
#6042=ORIENTED_EDGE('',*,*,#4730,.T.);
#6043=ORIENTED_EDGE('',*,*,#4731,.T.);
#6044=ORIENTED_EDGE('',*,*,#4732,.T.);
#6045=ORIENTED_EDGE('',*,*,#4733,.T.);
#6046=ORIENTED_EDGE('',*,*,#4734,.T.);
#6047=ORIENTED_EDGE('',*,*,#4735,.T.);
#6048=ORIENTED_EDGE('',*,*,#4732,.F.);
#6049=ORIENTED_EDGE('',*,*,#4736,.T.);
#6050=ORIENTED_EDGE('',*,*,#4737,.T.);
#6051=ORIENTED_EDGE('',*,*,#4738,.T.);
#6052=ORIENTED_EDGE('',*,*,#4734,.F.);
#6053=ORIENTED_EDGE('',*,*,#4739,.T.);
#6054=ORIENTED_EDGE('',*,*,#4728,.F.);
#6055=ORIENTED_EDGE('',*,*,#4740,.T.);
#6056=ORIENTED_EDGE('',*,*,#4737,.F.);
#6057=ORIENTED_EDGE('',*,*,#4741,.T.);
#6058=ORIENTED_EDGE('',*,*,#4742,.T.);
#6059=ORIENTED_EDGE('',*,*,#4698,.T.);
#6060=ORIENTED_EDGE('',*,*,#4742,.F.);
#6061=ORIENTED_EDGE('',*,*,#4743,.T.);
#6062=ORIENTED_EDGE('',*,*,#4725,.F.);
#6063=ORIENTED_EDGE('',*,*,#4744,.T.);
#6064=ORIENTED_EDGE('',*,*,#4730,.F.);
#6065=ORIENTED_EDGE('',*,*,#4694,.T.);
#6066=ORIENTED_EDGE('',*,*,#4724,.F.);
#6067=ORIENTED_EDGE('',*,*,#4745,.T.);
#6068=ORIENTED_EDGE('',*,*,#4722,.F.);
#6069=ORIENTED_EDGE('',*,*,#4746,.T.);
#6070=ORIENTED_EDGE('',*,*,#4718,.F.);
#6071=ORIENTED_EDGE('',*,*,#4717,.F.);
#6072=ORIENTED_EDGE('',*,*,#4683,.T.);
#6073=ORIENTED_EDGE('',*,*,#4747,.F.);
#6074=ORIENTED_EDGE('',*,*,#4748,.F.);
#6075=ORIENTED_EDGE('',*,*,#4670,.T.);
#6076=ORIENTED_EDGE('',*,*,#4677,.T.);
#6077=ORIENTED_EDGE('',*,*,#4692,.F.);
#6078=ORIENTED_EDGE('',*,*,#4749,.F.);
#6079=ORIENTED_EDGE('',*,*,#4750,.F.);
#6080=ORIENTED_EDGE('',*,*,#4695,.F.);
#6081=ORIENTED_EDGE('',*,*,#4729,.F.);
#6082=ORIENTED_EDGE('',*,*,#4751,.F.);
#6083=ORIENTED_EDGE('',*,*,#4752,.F.);
#6084=ORIENTED_EDGE('',*,*,#4689,.F.);
#6085=ORIENTED_EDGE('',*,*,#4739,.F.);
#6086=ORIENTED_EDGE('',*,*,#4753,.T.);
#6087=ORIENTED_EDGE('',*,*,#4754,.F.);
#6088=ORIENTED_EDGE('',*,*,#4751,.T.);
#6089=ORIENTED_EDGE('',*,*,#4733,.F.);
#6090=ORIENTED_EDGE('',*,*,#4755,.F.);
#6091=ORIENTED_EDGE('',*,*,#4756,.F.);
#6092=ORIENTED_EDGE('',*,*,#4753,.F.);
#6093=ORIENTED_EDGE('',*,*,#4731,.F.);
#6094=ORIENTED_EDGE('',*,*,#4738,.F.);
#6095=ORIENTED_EDGE('',*,*,#4727,.F.);
#6096=ORIENTED_EDGE('',*,*,#4744,.F.);
#6097=ORIENTED_EDGE('',*,*,#4723,.F.);
#6098=ORIENTED_EDGE('',*,*,#4715,.F.);
#6099=ORIENTED_EDGE('',*,*,#4746,.F.);
#6100=ORIENTED_EDGE('',*,*,#4721,.F.);
#6101=ORIENTED_EDGE('',*,*,#4726,.F.);
#6102=ORIENTED_EDGE('',*,*,#4743,.F.);
#6103=ORIENTED_EDGE('',*,*,#4741,.F.);
#6104=ORIENTED_EDGE('',*,*,#4736,.F.);
#6105=ORIENTED_EDGE('',*,*,#4757,.T.);
#6106=ORIENTED_EDGE('',*,*,#4758,.T.);
#6107=ORIENTED_EDGE('',*,*,#4759,.T.);
#6108=ORIENTED_EDGE('',*,*,#4760,.T.);
#6109=ORIENTED_EDGE('',*,*,#4747,.T.);
#6110=ORIENTED_EDGE('',*,*,#4761,.T.);
#6111=ORIENTED_EDGE('',*,*,#4762,.T.);
#6112=ORIENTED_EDGE('',*,*,#4763,.T.);
#6113=ORIENTED_EDGE('',*,*,#4764,.T.);
#6114=ORIENTED_EDGE('',*,*,#4765,.T.);
#6115=ORIENTED_EDGE('',*,*,#4712,.T.);
#6116=ORIENTED_EDGE('',*,*,#4758,.F.);
#6117=ORIENTED_EDGE('',*,*,#4682,.T.);
#6118=ORIENTED_EDGE('',*,*,#4766,.T.);
#6119=ORIENTED_EDGE('',*,*,#4767,.T.);
#6120=ORIENTED_EDGE('',*,*,#4761,.F.);
#6121=ORIENTED_EDGE('',*,*,#4768,.T.);
#6122=ORIENTED_EDGE('',*,*,#4769,.T.);
#6123=ORIENTED_EDGE('',*,*,#4770,.T.);
#6124=ORIENTED_EDGE('',*,*,#4771,.T.);
#6125=ORIENTED_EDGE('',*,*,#4772,.T.);
#6126=ORIENTED_EDGE('',*,*,#4773,.T.);
#6127=ORIENTED_EDGE('',*,*,#4774,.T.);
#6128=ORIENTED_EDGE('',*,*,#4769,.F.);
#6129=ORIENTED_EDGE('',*,*,#4775,.T.);
#6130=ORIENTED_EDGE('',*,*,#4776,.T.);
#6131=ORIENTED_EDGE('',*,*,#4756,.T.);
#6132=ORIENTED_EDGE('',*,*,#4773,.F.);
#6133=ORIENTED_EDGE('',*,*,#4754,.T.);
#6134=ORIENTED_EDGE('',*,*,#4776,.F.);
#6135=ORIENTED_EDGE('',*,*,#4777,.T.);
#6136=ORIENTED_EDGE('',*,*,#4778,.T.);
#6137=ORIENTED_EDGE('',*,*,#4752,.T.);
#6138=ORIENTED_EDGE('',*,*,#4778,.F.);
#6139=ORIENTED_EDGE('',*,*,#4779,.T.);
#6140=ORIENTED_EDGE('',*,*,#4780,.T.);
#6141=ORIENTED_EDGE('',*,*,#4690,.T.);
#6142=ORIENTED_EDGE('',*,*,#4780,.F.);
#6143=ORIENTED_EDGE('',*,*,#4781,.T.);
#6144=ORIENTED_EDGE('',*,*,#4766,.F.);
#6145=ORIENTED_EDGE('',*,*,#4782,.T.);
#6146=ORIENTED_EDGE('',*,*,#4771,.F.);
#6147=ORIENTED_EDGE('',*,*,#4706,.T.);
#6148=ORIENTED_EDGE('',*,*,#4765,.F.);
#6149=ORIENTED_EDGE('',*,*,#4783,.T.);
#6150=ORIENTED_EDGE('',*,*,#4763,.F.);
#6151=ORIENTED_EDGE('',*,*,#4784,.T.);
#6152=ORIENTED_EDGE('',*,*,#4760,.F.);
#6153=ORIENTED_EDGE('',*,*,#4745,.F.);
#6154=ORIENTED_EDGE('',*,*,#4748,.T.);
#6155=ORIENTED_EDGE('',*,*,#4783,.F.);
#6156=ORIENTED_EDGE('',*,*,#4785,.T.);
#6157=ORIENTED_EDGE('',*,*,#4786,.T.);
#6158=ORIENTED_EDGE('',*,*,#4719,.F.);
#6159=ORIENTED_EDGE('',*,*,#4785,.F.);
#6160=ORIENTED_EDGE('',*,*,#4759,.F.);
#6161=ORIENTED_EDGE('',*,*,#4711,.T.);
#6162=ORIENTED_EDGE('',*,*,#4787,.F.);
#6163=ORIENTED_EDGE('',*,*,#4707,.F.);
#6164=ORIENTED_EDGE('',*,*,#4770,.F.);
#6165=ORIENTED_EDGE('',*,*,#4788,.F.);
#6166=ORIENTED_EDGE('',*,*,#4740,.F.);
#6167=ORIENTED_EDGE('',*,*,#4697,.F.);
#6168=ORIENTED_EDGE('',*,*,#4789,.F.);
#6169=ORIENTED_EDGE('',*,*,#4701,.F.);
#6170=ORIENTED_EDGE('',*,*,#4768,.F.);
#6171=ORIENTED_EDGE('',*,*,#4782,.F.);
#6172=ORIENTED_EDGE('',*,*,#4764,.F.);
#6173=ORIENTED_EDGE('',*,*,#4757,.F.);
#6174=ORIENTED_EDGE('',*,*,#4784,.F.);
#6175=ORIENTED_EDGE('',*,*,#4762,.F.);
#6176=ORIENTED_EDGE('',*,*,#4767,.F.);
#6177=ORIENTED_EDGE('',*,*,#4781,.F.);
#6178=ORIENTED_EDGE('',*,*,#4779,.F.);
#6179=ORIENTED_EDGE('',*,*,#4777,.F.);
#6180=ORIENTED_EDGE('',*,*,#4775,.F.);
#6181=ORIENTED_EDGE('',*,*,#4772,.F.);
#6182=ORIENTED_EDGE('',*,*,#4735,.F.);
#6183=ORIENTED_EDGE('',*,*,#4788,.T.);
#6184=ORIENTED_EDGE('',*,*,#4774,.F.);
#6185=ORIENTED_EDGE('',*,*,#4755,.T.);
#6186=ORIENTED_EDGE('',*,*,#4790,.F.);
#6187=ORIENTED_EDGE('',*,*,#4791,.F.);
#6188=ORIENTED_EDGE('',*,*,#4792,.T.);
#6189=ORIENTED_EDGE('',*,*,#4786,.F.);
#6190=ORIENTED_EDGE('',*,*,#4792,.F.);
#6191=ORIENTED_EDGE('',*,*,#4791,.T.);
#6192=ORIENTED_EDGE('',*,*,#4714,.T.);
#6193=ORIENTED_EDGE('',*,*,#4793,.F.);
#6194=ORIENTED_EDGE('',*,*,#4794,.T.);
#6195=ORIENTED_EDGE('',*,*,#4790,.T.);
#6196=ORIENTED_EDGE('',*,*,#4794,.F.);
#6197=ORIENTED_EDGE('',*,*,#4795,.F.);
#6198=ORIENTED_EDGE('',*,*,#4796,.T.);
#6199=ORIENTED_EDGE('',*,*,#4797,.F.);
#6200=ORIENTED_EDGE('',*,*,#4798,.F.);
#6201=ORIENTED_EDGE('',*,*,#4799,.F.);
#6202=ORIENTED_EDGE('',*,*,#4798,.T.);
#6203=ORIENTED_EDGE('',*,*,#4800,.F.);
#6204=ORIENTED_EDGE('',*,*,#4801,.F.);
#6205=ORIENTED_EDGE('',*,*,#4802,.F.);
#6206=ORIENTED_EDGE('',*,*,#4801,.T.);
#6207=ORIENTED_EDGE('',*,*,#4803,.F.);
#6208=ORIENTED_EDGE('',*,*,#4804,.F.);
#6209=ORIENTED_EDGE('',*,*,#4805,.F.);
#6210=ORIENTED_EDGE('',*,*,#4804,.T.);
#6211=ORIENTED_EDGE('',*,*,#4806,.F.);
#6212=ORIENTED_EDGE('',*,*,#4807,.F.);
#6213=ORIENTED_EDGE('',*,*,#4808,.F.);
#6214=ORIENTED_EDGE('',*,*,#4807,.T.);
#6215=ORIENTED_EDGE('',*,*,#4809,.F.);
#6216=ORIENTED_EDGE('',*,*,#4810,.F.);
#6217=ORIENTED_EDGE('',*,*,#4811,.F.);
#6218=ORIENTED_EDGE('',*,*,#4810,.T.);
#6219=ORIENTED_EDGE('',*,*,#4812,.F.);
#6220=ORIENTED_EDGE('',*,*,#4813,.F.);
#6221=ORIENTED_EDGE('',*,*,#4814,.F.);
#6222=ORIENTED_EDGE('',*,*,#4813,.T.);
#6223=ORIENTED_EDGE('',*,*,#4815,.F.);
#6224=ORIENTED_EDGE('',*,*,#4816,.F.);
#6225=ORIENTED_EDGE('',*,*,#4817,.F.);
#6226=ORIENTED_EDGE('',*,*,#4816,.T.);
#6227=ORIENTED_EDGE('',*,*,#4818,.F.);
#6228=ORIENTED_EDGE('',*,*,#4819,.F.);
#6229=ORIENTED_EDGE('',*,*,#4820,.F.);
#6230=ORIENTED_EDGE('',*,*,#4819,.T.);
#6231=ORIENTED_EDGE('',*,*,#4821,.F.);
#6232=ORIENTED_EDGE('',*,*,#4822,.F.);
#6233=ORIENTED_EDGE('',*,*,#4823,.F.);
#6234=ORIENTED_EDGE('',*,*,#4822,.T.);
#6235=ORIENTED_EDGE('',*,*,#4824,.F.);
#6236=ORIENTED_EDGE('',*,*,#4825,.F.);
#6237=ORIENTED_EDGE('',*,*,#4826,.F.);
#6238=ORIENTED_EDGE('',*,*,#4825,.T.);
#6239=ORIENTED_EDGE('',*,*,#4827,.F.);
#6240=ORIENTED_EDGE('',*,*,#4828,.F.);
#6241=ORIENTED_EDGE('',*,*,#4829,.F.);
#6242=ORIENTED_EDGE('',*,*,#4828,.T.);
#6243=ORIENTED_EDGE('',*,*,#4830,.F.);
#6244=ORIENTED_EDGE('',*,*,#4796,.F.);
#6245=ORIENTED_EDGE('',*,*,#4830,.T.);
#6246=ORIENTED_EDGE('',*,*,#4827,.T.);
#6247=ORIENTED_EDGE('',*,*,#4824,.T.);
#6248=ORIENTED_EDGE('',*,*,#4821,.T.);
#6249=ORIENTED_EDGE('',*,*,#4818,.T.);
#6250=ORIENTED_EDGE('',*,*,#4815,.T.);
#6251=ORIENTED_EDGE('',*,*,#4812,.T.);
#6252=ORIENTED_EDGE('',*,*,#4809,.T.);
#6253=ORIENTED_EDGE('',*,*,#4806,.T.);
#6254=ORIENTED_EDGE('',*,*,#4803,.T.);
#6255=ORIENTED_EDGE('',*,*,#4800,.T.);
#6256=ORIENTED_EDGE('',*,*,#4797,.T.);
#6257=ORIENTED_EDGE('',*,*,#4793,.T.);
#6258=ORIENTED_EDGE('',*,*,#4829,.T.);
#6259=ORIENTED_EDGE('',*,*,#4795,.T.);
#6260=ORIENTED_EDGE('',*,*,#4799,.T.);
#6261=ORIENTED_EDGE('',*,*,#4802,.T.);
#6262=ORIENTED_EDGE('',*,*,#4805,.T.);
#6263=ORIENTED_EDGE('',*,*,#4808,.T.);
#6264=ORIENTED_EDGE('',*,*,#4811,.T.);
#6265=ORIENTED_EDGE('',*,*,#4814,.T.);
#6266=ORIENTED_EDGE('',*,*,#4817,.T.);
#6267=ORIENTED_EDGE('',*,*,#4820,.T.);
#6268=ORIENTED_EDGE('',*,*,#4823,.T.);
#6269=ORIENTED_EDGE('',*,*,#4826,.T.);
#6270=ORIENTED_EDGE('',*,*,#4664,.T.);
#6271=ORIENTED_EDGE('',*,*,#4831,.T.);
#6272=ORIENTED_EDGE('',*,*,#4832,.T.);
#6273=ORIENTED_EDGE('',*,*,#4833,.F.);
#6274=ORIENTED_EDGE('',*,*,#4834,.T.);
#6275=ORIENTED_EDGE('',*,*,#4832,.F.);
#6276=ORIENTED_EDGE('',*,*,#4834,.F.);
#6277=ORIENTED_EDGE('',*,*,#4835,.F.);
#6278=ORIENTED_EDGE('',*,*,#4836,.T.);
#6279=ORIENTED_EDGE('',*,*,#4831,.F.);
#6280=ORIENTED_EDGE('',*,*,#4836,.F.);
#6281=ORIENTED_EDGE('',*,*,#4709,.T.);
#6282=ORIENTED_EDGE('',*,*,#4702,.T.);
#6283=ORIENTED_EDGE('',*,*,#4789,.T.);
#6284=ORIENTED_EDGE('',*,*,#4696,.T.);
#6285=ORIENTED_EDGE('',*,*,#4835,.T.);
#6286=ORIENTED_EDGE('',*,*,#4833,.T.);
#6287=ORIENTED_EDGE('',*,*,#4837,.T.);
#6288=ORIENTED_EDGE('',*,*,#4838,.T.);
#6289=ORIENTED_EDGE('',*,*,#4839,.F.);
#6290=ORIENTED_EDGE('',*,*,#4840,.T.);
#6291=ORIENTED_EDGE('',*,*,#4838,.F.);
#6292=ORIENTED_EDGE('',*,*,#4840,.F.);
#6293=ORIENTED_EDGE('',*,*,#4841,.F.);
#6294=ORIENTED_EDGE('',*,*,#4842,.T.);
#6295=ORIENTED_EDGE('',*,*,#4837,.F.);
#6296=ORIENTED_EDGE('',*,*,#4842,.F.);
#6297=ORIENTED_EDGE('',*,*,#4708,.T.);
#6298=ORIENTED_EDGE('',*,*,#4704,.T.);
#6299=ORIENTED_EDGE('',*,*,#4787,.T.);
#6300=ORIENTED_EDGE('',*,*,#4700,.T.);
#6301=ORIENTED_EDGE('',*,*,#4841,.T.);
#6302=ORIENTED_EDGE('',*,*,#4839,.T.);
#6303=ORIENTED_EDGE('',*,*,#4843,.T.);
#6304=ORIENTED_EDGE('',*,*,#4844,.T.);
#6305=ORIENTED_EDGE('',*,*,#4845,.F.);
#6306=ORIENTED_EDGE('',*,*,#4846,.T.);
#6307=ORIENTED_EDGE('',*,*,#4844,.F.);
#6308=ORIENTED_EDGE('',*,*,#4846,.F.);
#6309=ORIENTED_EDGE('',*,*,#4847,.F.);
#6310=ORIENTED_EDGE('',*,*,#4848,.T.);
#6311=ORIENTED_EDGE('',*,*,#4749,.T.);
#6312=ORIENTED_EDGE('',*,*,#4691,.T.);
#6313=ORIENTED_EDGE('',*,*,#4687,.T.);
#6314=ORIENTED_EDGE('',*,*,#4849,.T.);
#6315=ORIENTED_EDGE('',*,*,#4843,.F.);
#6316=ORIENTED_EDGE('',*,*,#4849,.F.);
#6317=ORIENTED_EDGE('',*,*,#4686,.T.);
#6318=ORIENTED_EDGE('',*,*,#4693,.T.);
#6319=ORIENTED_EDGE('',*,*,#4750,.T.);
#6320=ORIENTED_EDGE('',*,*,#4848,.F.);
#6321=ORIENTED_EDGE('',*,*,#4847,.T.);
#6322=ORIENTED_EDGE('',*,*,#4845,.T.);
#6323=ORIENTED_EDGE('',*,*,#4850,.F.);
#6324=ORIENTED_EDGE('',*,*,#4851,.F.);
#6325=ORIENTED_EDGE('',*,*,#4852,.F.);
#6326=ORIENTED_EDGE('',*,*,#4853,.F.);
#6327=ORIENTED_EDGE('',*,*,#4854,.F.);
#6328=ORIENTED_EDGE('',*,*,#4855,.F.);
#6329=ORIENTED_EDGE('',*,*,#4856,.F.);
#6330=ORIENTED_EDGE('',*,*,#4850,.T.);
#6331=ORIENTED_EDGE('',*,*,#4857,.F.);
#6332=ORIENTED_EDGE('',*,*,#4858,.F.);
#6333=ORIENTED_EDGE('',*,*,#4859,.F.);
#6334=ORIENTED_EDGE('',*,*,#4855,.T.);
#6335=ORIENTED_EDGE('',*,*,#4860,.F.);
#6336=ORIENTED_EDGE('',*,*,#4861,.F.);
#6337=ORIENTED_EDGE('',*,*,#4862,.F.);
#6338=ORIENTED_EDGE('',*,*,#4863,.F.);
#6339=ORIENTED_EDGE('',*,*,#4864,.T.);
#6340=ORIENTED_EDGE('',*,*,#4865,.F.);
#6341=ORIENTED_EDGE('',*,*,#4857,.T.);
#6342=ORIENTED_EDGE('',*,*,#4866,.T.);
#6343=ORIENTED_EDGE('',*,*,#4854,.T.);
#6344=ORIENTED_EDGE('',*,*,#4867,.F.);
#6345=ORIENTED_EDGE('',*,*,#4868,.F.);
#6346=ORIENTED_EDGE('',*,*,#4860,.T.);
#6347=ORIENTED_EDGE('',*,*,#4869,.F.);
#6348=ORIENTED_EDGE('',*,*,#4870,.T.);
#6349=ORIENTED_EDGE('',*,*,#4871,.F.);
#6350=ORIENTED_EDGE('',*,*,#4864,.F.);
#6351=ORIENTED_EDGE('',*,*,#4858,.T.);
#6352=ORIENTED_EDGE('',*,*,#4865,.T.);
#6353=ORIENTED_EDGE('',*,*,#4871,.T.);
#6354=ORIENTED_EDGE('',*,*,#4872,.T.);
#6355=ORIENTED_EDGE('',*,*,#4873,.T.);
#6356=ORIENTED_EDGE('',*,*,#4874,.T.);
#6357=ORIENTED_EDGE('',*,*,#4875,.T.);
#6358=ORIENTED_EDGE('',*,*,#4852,.T.);
#6359=ORIENTED_EDGE('',*,*,#4876,.T.);
#6360=ORIENTED_EDGE('',*,*,#4873,.F.);
#6361=ORIENTED_EDGE('',*,*,#4877,.F.);
#6362=ORIENTED_EDGE('',*,*,#4853,.T.);
#6363=ORIENTED_EDGE('',*,*,#4877,.T.);
#6364=ORIENTED_EDGE('',*,*,#4872,.F.);
#6365=ORIENTED_EDGE('',*,*,#4870,.F.);
#6366=ORIENTED_EDGE('',*,*,#4878,.F.);
#6367=ORIENTED_EDGE('',*,*,#4879,.F.);
#6368=ORIENTED_EDGE('',*,*,#4880,.F.);
#6369=ORIENTED_EDGE('',*,*,#4867,.T.);
#6370=ORIENTED_EDGE('',*,*,#4881,.T.);
#6371=ORIENTED_EDGE('',*,*,#4863,.T.);
#6372=ORIENTED_EDGE('',*,*,#4882,.T.);
#6373=ORIENTED_EDGE('',*,*,#4878,.T.);
#6374=ORIENTED_EDGE('',*,*,#4869,.T.);
#6375=ORIENTED_EDGE('',*,*,#4880,.T.);
#6376=ORIENTED_EDGE('',*,*,#4883,.T.);
#6377=ORIENTED_EDGE('',*,*,#4861,.T.);
#6378=ORIENTED_EDGE('',*,*,#4868,.T.);
#6379=ORIENTED_EDGE('',*,*,#4866,.F.);
#6380=ORIENTED_EDGE('',*,*,#4884,.T.);
#6381=ORIENTED_EDGE('',*,*,#4881,.F.);
#6382=ORIENTED_EDGE('',*,*,#4884,.F.);
#6383=ORIENTED_EDGE('',*,*,#4882,.F.);
#6384=ORIENTED_EDGE('',*,*,#4862,.T.);
#6385=ORIENTED_EDGE('',*,*,#4883,.F.);
#6386=ORIENTED_EDGE('',*,*,#4879,.T.);
#6387=ORIENTED_EDGE('',*,*,#4856,.T.);
#6388=ORIENTED_EDGE('',*,*,#4885,.T.);
#6389=ORIENTED_EDGE('',*,*,#4875,.F.);
#6390=ORIENTED_EDGE('',*,*,#4885,.F.);
#6391=ORIENTED_EDGE('',*,*,#4851,.T.);
#6392=ORIENTED_EDGE('',*,*,#4859,.T.);
#6393=ORIENTED_EDGE('',*,*,#4874,.F.);
#6394=ORIENTED_EDGE('',*,*,#4876,.F.);
#6395=ORIENTED_EDGE('',*,*,#4886,.F.);
#6396=ORIENTED_EDGE('',*,*,#4887,.T.);
#6397=ORIENTED_EDGE('',*,*,#4888,.F.);
#6398=ORIENTED_EDGE('',*,*,#4887,.F.);
#6399=ORIENTED_EDGE('',*,*,#4889,.F.);
#6400=ORIENTED_EDGE('',*,*,#4890,.T.);
#6401=ORIENTED_EDGE('',*,*,#4891,.F.);
#6402=ORIENTED_EDGE('',*,*,#4890,.F.);
#6403=ORIENTED_EDGE('',*,*,#4892,.F.);
#6404=ORIENTED_EDGE('',*,*,#4893,.F.);
#6405=ORIENTED_EDGE('',*,*,#4894,.F.);
#6406=ORIENTED_EDGE('',*,*,#4895,.T.);
#6407=ORIENTED_EDGE('',*,*,#4891,.T.);
#6408=ORIENTED_EDGE('',*,*,#4896,.F.);
#6409=ORIENTED_EDGE('',*,*,#4895,.F.);
#6410=ORIENTED_EDGE('',*,*,#4897,.F.);
#6411=ORIENTED_EDGE('',*,*,#4898,.T.);
#6412=ORIENTED_EDGE('',*,*,#4899,.F.);
#6413=ORIENTED_EDGE('',*,*,#4898,.F.);
#6414=ORIENTED_EDGE('',*,*,#4900,.F.);
#6415=ORIENTED_EDGE('',*,*,#4901,.F.);
#6416=ORIENTED_EDGE('',*,*,#4886,.T.);
#6417=ORIENTED_EDGE('',*,*,#4900,.T.);
#6418=ORIENTED_EDGE('',*,*,#4897,.T.);
#6419=ORIENTED_EDGE('',*,*,#4894,.T.);
#6420=ORIENTED_EDGE('',*,*,#4902,.T.);
#6421=ORIENTED_EDGE('',*,*,#4903,.T.);
#6422=ORIENTED_EDGE('',*,*,#4904,.T.);
#6423=ORIENTED_EDGE('',*,*,#4905,.T.);
#6424=ORIENTED_EDGE('',*,*,#4906,.T.);
#6425=ORIENTED_EDGE('',*,*,#4907,.T.);
#6426=ORIENTED_EDGE('',*,*,#4908,.T.);
#6427=ORIENTED_EDGE('',*,*,#4909,.T.);
#6428=ORIENTED_EDGE('',*,*,#4910,.T.);
#6429=ORIENTED_EDGE('',*,*,#4911,.T.);
#6430=ORIENTED_EDGE('',*,*,#4912,.T.);
#6431=ORIENTED_EDGE('',*,*,#4913,.T.);
#6432=ORIENTED_EDGE('',*,*,#4914,.T.);
#6433=ORIENTED_EDGE('',*,*,#4915,.T.);
#6434=ORIENTED_EDGE('',*,*,#4916,.T.);
#6435=ORIENTED_EDGE('',*,*,#4893,.T.);
#6436=ORIENTED_EDGE('',*,*,#4917,.T.);
#6437=ORIENTED_EDGE('',*,*,#4918,.T.);
#6438=ORIENTED_EDGE('',*,*,#4902,.F.);
#6439=ORIENTED_EDGE('',*,*,#4919,.F.);
#6440=ORIENTED_EDGE('',*,*,#4920,.T.);
#6441=ORIENTED_EDGE('',*,*,#4921,.F.);
#6442=ORIENTED_EDGE('',*,*,#4920,.F.);
#6443=ORIENTED_EDGE('',*,*,#4922,.F.);
#6444=ORIENTED_EDGE('',*,*,#4923,.T.);
#6445=ORIENTED_EDGE('',*,*,#4924,.F.);
#6446=ORIENTED_EDGE('',*,*,#4923,.F.);
#6447=ORIENTED_EDGE('',*,*,#4925,.F.);
#6448=ORIENTED_EDGE('',*,*,#4926,.F.);
#6449=ORIENTED_EDGE('',*,*,#4913,.F.);
#6450=ORIENTED_EDGE('',*,*,#4927,.T.);
#6451=ORIENTED_EDGE('',*,*,#4924,.T.);
#6452=ORIENTED_EDGE('',*,*,#4928,.F.);
#6453=ORIENTED_EDGE('',*,*,#4927,.F.);
#6454=ORIENTED_EDGE('',*,*,#4912,.F.);
#6455=ORIENTED_EDGE('',*,*,#4929,.T.);
#6456=ORIENTED_EDGE('',*,*,#4930,.F.);
#6457=ORIENTED_EDGE('',*,*,#4929,.F.);
#6458=ORIENTED_EDGE('',*,*,#4911,.F.);
#6459=ORIENTED_EDGE('',*,*,#4931,.F.);
#6460=ORIENTED_EDGE('',*,*,#4919,.T.);
#6461=ORIENTED_EDGE('',*,*,#4926,.T.);
#6462=ORIENTED_EDGE('',*,*,#4932,.T.);
#6463=ORIENTED_EDGE('',*,*,#4933,.T.);
#6464=ORIENTED_EDGE('',*,*,#4914,.F.);
#6465=ORIENTED_EDGE('',*,*,#4934,.F.);
#6466=ORIENTED_EDGE('',*,*,#4935,.T.);
#6467=ORIENTED_EDGE('',*,*,#4936,.F.);
#6468=ORIENTED_EDGE('',*,*,#4935,.F.);
#6469=ORIENTED_EDGE('',*,*,#4937,.F.);
#6470=ORIENTED_EDGE('',*,*,#4938,.T.);
#6471=ORIENTED_EDGE('',*,*,#4939,.F.);
#6472=ORIENTED_EDGE('',*,*,#4938,.F.);
#6473=ORIENTED_EDGE('',*,*,#4940,.F.);
#6474=ORIENTED_EDGE('',*,*,#4941,.F.);
#6475=ORIENTED_EDGE('',*,*,#4906,.F.);
#6476=ORIENTED_EDGE('',*,*,#4942,.T.);
#6477=ORIENTED_EDGE('',*,*,#4943,.F.);
#6478=ORIENTED_EDGE('',*,*,#4942,.F.);
#6479=ORIENTED_EDGE('',*,*,#4905,.F.);
#6480=ORIENTED_EDGE('',*,*,#4944,.F.);
#6481=ORIENTED_EDGE('',*,*,#4937,.T.);
#6482=ORIENTED_EDGE('',*,*,#4945,.F.);
#6483=ORIENTED_EDGE('',*,*,#4946,.F.);
#6484=ORIENTED_EDGE('',*,*,#4907,.F.);
#6485=ORIENTED_EDGE('',*,*,#4941,.T.);
#6486=ORIENTED_EDGE('',*,*,#4936,.T.);
#6487=ORIENTED_EDGE('',*,*,#4899,.T.);
#6488=ORIENTED_EDGE('',*,*,#4947,.F.);
#6489=ORIENTED_EDGE('',*,*,#4948,.F.);
#6490=ORIENTED_EDGE('',*,*,#4932,.F.);
#6491=ORIENTED_EDGE('',*,*,#4925,.T.);
#6492=ORIENTED_EDGE('',*,*,#4928,.T.);
#6493=ORIENTED_EDGE('',*,*,#4930,.T.);
#6494=ORIENTED_EDGE('',*,*,#4949,.F.);
#6495=ORIENTED_EDGE('',*,*,#4950,.F.);
#6496=ORIENTED_EDGE('',*,*,#4951,.F.);
#6497=ORIENTED_EDGE('',*,*,#4945,.T.);
#6498=ORIENTED_EDGE('',*,*,#4940,.T.);
#6499=ORIENTED_EDGE('',*,*,#4943,.T.);
#6500=ORIENTED_EDGE('',*,*,#4952,.F.);
#6501=ORIENTED_EDGE('',*,*,#4953,.F.);
#6502=ORIENTED_EDGE('',*,*,#4917,.F.);
#6503=ORIENTED_EDGE('',*,*,#4892,.T.);
#6504=ORIENTED_EDGE('',*,*,#4896,.T.);
#6505=ORIENTED_EDGE('',*,*,#4944,.T.);
#6506=ORIENTED_EDGE('',*,*,#4904,.F.);
#6507=ORIENTED_EDGE('',*,*,#4954,.F.);
#6508=ORIENTED_EDGE('',*,*,#4952,.T.);
#6509=ORIENTED_EDGE('',*,*,#4953,.T.);
#6510=ORIENTED_EDGE('',*,*,#4954,.T.);
#6511=ORIENTED_EDGE('',*,*,#4903,.F.);
#6512=ORIENTED_EDGE('',*,*,#4918,.F.);
#6513=ORIENTED_EDGE('',*,*,#4889,.T.);
#6514=ORIENTED_EDGE('',*,*,#4939,.T.);
#6515=ORIENTED_EDGE('',*,*,#4901,.T.);
#6516=ORIENTED_EDGE('',*,*,#4916,.F.);
#6517=ORIENTED_EDGE('',*,*,#4955,.F.);
#6518=ORIENTED_EDGE('',*,*,#4947,.T.);
#6519=ORIENTED_EDGE('',*,*,#4948,.T.);
#6520=ORIENTED_EDGE('',*,*,#4955,.T.);
#6521=ORIENTED_EDGE('',*,*,#4915,.F.);
#6522=ORIENTED_EDGE('',*,*,#4933,.F.);
#6523=ORIENTED_EDGE('',*,*,#4888,.T.);
#6524=ORIENTED_EDGE('',*,*,#4922,.T.);
#6525=ORIENTED_EDGE('',*,*,#4931,.T.);
#6526=ORIENTED_EDGE('',*,*,#4910,.F.);
#6527=ORIENTED_EDGE('',*,*,#4956,.F.);
#6528=ORIENTED_EDGE('',*,*,#4949,.T.);
#6529=ORIENTED_EDGE('',*,*,#4950,.T.);
#6530=ORIENTED_EDGE('',*,*,#4956,.T.);
#6531=ORIENTED_EDGE('',*,*,#4909,.F.);
#6532=ORIENTED_EDGE('',*,*,#4957,.F.);
#6533=ORIENTED_EDGE('',*,*,#4921,.T.);
#6534=ORIENTED_EDGE('',*,*,#4934,.T.);
#6535=ORIENTED_EDGE('',*,*,#4946,.T.);
#6536=ORIENTED_EDGE('',*,*,#4951,.T.);
#6537=ORIENTED_EDGE('',*,*,#4957,.T.);
#6538=ORIENTED_EDGE('',*,*,#4908,.F.);
#6539=ORIENTED_EDGE('',*,*,#4958,.F.);
#6540=ORIENTED_EDGE('',*,*,#4959,.F.);
#6541=ORIENTED_EDGE('',*,*,#4960,.F.);
#6542=ORIENTED_EDGE('',*,*,#4961,.F.);
#6543=ORIENTED_EDGE('',*,*,#4962,.F.);
#6544=ORIENTED_EDGE('',*,*,#4963,.F.);
#6545=ORIENTED_EDGE('',*,*,#4964,.F.);
#6546=ORIENTED_EDGE('',*,*,#4958,.T.);
#6547=ORIENTED_EDGE('',*,*,#4965,.F.);
#6548=ORIENTED_EDGE('',*,*,#4966,.F.);
#6549=ORIENTED_EDGE('',*,*,#4967,.F.);
#6550=ORIENTED_EDGE('',*,*,#4963,.T.);
#6551=ORIENTED_EDGE('',*,*,#4968,.F.);
#6552=ORIENTED_EDGE('',*,*,#4969,.F.);
#6553=ORIENTED_EDGE('',*,*,#4970,.F.);
#6554=ORIENTED_EDGE('',*,*,#4971,.F.);
#6555=ORIENTED_EDGE('',*,*,#4972,.T.);
#6556=ORIENTED_EDGE('',*,*,#4973,.F.);
#6557=ORIENTED_EDGE('',*,*,#4965,.T.);
#6558=ORIENTED_EDGE('',*,*,#4974,.T.);
#6559=ORIENTED_EDGE('',*,*,#4962,.T.);
#6560=ORIENTED_EDGE('',*,*,#4975,.F.);
#6561=ORIENTED_EDGE('',*,*,#4976,.F.);
#6562=ORIENTED_EDGE('',*,*,#4968,.T.);
#6563=ORIENTED_EDGE('',*,*,#4977,.F.);
#6564=ORIENTED_EDGE('',*,*,#4978,.T.);
#6565=ORIENTED_EDGE('',*,*,#4979,.F.);
#6566=ORIENTED_EDGE('',*,*,#4972,.F.);
#6567=ORIENTED_EDGE('',*,*,#4966,.T.);
#6568=ORIENTED_EDGE('',*,*,#4973,.T.);
#6569=ORIENTED_EDGE('',*,*,#4979,.T.);
#6570=ORIENTED_EDGE('',*,*,#4980,.T.);
#6571=ORIENTED_EDGE('',*,*,#4981,.T.);
#6572=ORIENTED_EDGE('',*,*,#4982,.T.);
#6573=ORIENTED_EDGE('',*,*,#4983,.T.);
#6574=ORIENTED_EDGE('',*,*,#4960,.T.);
#6575=ORIENTED_EDGE('',*,*,#4984,.T.);
#6576=ORIENTED_EDGE('',*,*,#4981,.F.);
#6577=ORIENTED_EDGE('',*,*,#4985,.F.);
#6578=ORIENTED_EDGE('',*,*,#4961,.T.);
#6579=ORIENTED_EDGE('',*,*,#4985,.T.);
#6580=ORIENTED_EDGE('',*,*,#4980,.F.);
#6581=ORIENTED_EDGE('',*,*,#4978,.F.);
#6582=ORIENTED_EDGE('',*,*,#4986,.F.);
#6583=ORIENTED_EDGE('',*,*,#4987,.F.);
#6584=ORIENTED_EDGE('',*,*,#4988,.F.);
#6585=ORIENTED_EDGE('',*,*,#4975,.T.);
#6586=ORIENTED_EDGE('',*,*,#4989,.T.);
#6587=ORIENTED_EDGE('',*,*,#4971,.T.);
#6588=ORIENTED_EDGE('',*,*,#4990,.T.);
#6589=ORIENTED_EDGE('',*,*,#4986,.T.);
#6590=ORIENTED_EDGE('',*,*,#4977,.T.);
#6591=ORIENTED_EDGE('',*,*,#4988,.T.);
#6592=ORIENTED_EDGE('',*,*,#4991,.T.);
#6593=ORIENTED_EDGE('',*,*,#4969,.T.);
#6594=ORIENTED_EDGE('',*,*,#4976,.T.);
#6595=ORIENTED_EDGE('',*,*,#4974,.F.);
#6596=ORIENTED_EDGE('',*,*,#4992,.T.);
#6597=ORIENTED_EDGE('',*,*,#4989,.F.);
#6598=ORIENTED_EDGE('',*,*,#4992,.F.);
#6599=ORIENTED_EDGE('',*,*,#4990,.F.);
#6600=ORIENTED_EDGE('',*,*,#4970,.T.);
#6601=ORIENTED_EDGE('',*,*,#4991,.F.);
#6602=ORIENTED_EDGE('',*,*,#4987,.T.);
#6603=ORIENTED_EDGE('',*,*,#4964,.T.);
#6604=ORIENTED_EDGE('',*,*,#4993,.T.);
#6605=ORIENTED_EDGE('',*,*,#4983,.F.);
#6606=ORIENTED_EDGE('',*,*,#4993,.F.);
#6607=ORIENTED_EDGE('',*,*,#4959,.T.);
#6608=ORIENTED_EDGE('',*,*,#4967,.T.);
#6609=ORIENTED_EDGE('',*,*,#4982,.F.);
#6610=ORIENTED_EDGE('',*,*,#4984,.F.);
#6611=ORIENTED_EDGE('',*,*,#4994,.F.);
#6612=ORIENTED_EDGE('',*,*,#4995,.T.);
#6613=ORIENTED_EDGE('',*,*,#4996,.F.);
#6614=ORIENTED_EDGE('',*,*,#4995,.F.);
#6615=ORIENTED_EDGE('',*,*,#4997,.F.);
#6616=ORIENTED_EDGE('',*,*,#4998,.T.);
#6617=ORIENTED_EDGE('',*,*,#4999,.F.);
#6618=ORIENTED_EDGE('',*,*,#4998,.F.);
#6619=ORIENTED_EDGE('',*,*,#5000,.T.);
#6620=ORIENTED_EDGE('',*,*,#5001,.T.);
#6621=ORIENTED_EDGE('',*,*,#5002,.T.);
#6622=ORIENTED_EDGE('',*,*,#5003,.T.);
#6623=ORIENTED_EDGE('',*,*,#5003,.F.);
#6624=ORIENTED_EDGE('',*,*,#5004,.F.);
#6625=ORIENTED_EDGE('',*,*,#5005,.T.);
#6626=ORIENTED_EDGE('',*,*,#5006,.F.);
#6627=ORIENTED_EDGE('',*,*,#5002,.F.);
#6628=ORIENTED_EDGE('',*,*,#5007,.T.);
#6629=ORIENTED_EDGE('',*,*,#5008,.F.);
#6630=ORIENTED_EDGE('',*,*,#5009,.T.);
#6631=ORIENTED_EDGE('',*,*,#5010,.F.);
#6632=ORIENTED_EDGE('',*,*,#5004,.T.);
#6633=ORIENTED_EDGE('',*,*,#4994,.T.);
#6634=ORIENTED_EDGE('',*,*,#4999,.T.);
#6635=ORIENTED_EDGE('',*,*,#5011,.T.);
#6636=ORIENTED_EDGE('',*,*,#5012,.T.);
#6637=ORIENTED_EDGE('',*,*,#5008,.T.);
#6638=ORIENTED_EDGE('',*,*,#5013,.T.);
#6639=ORIENTED_EDGE('',*,*,#5012,.F.);
#6640=ORIENTED_EDGE('',*,*,#5014,.F.);
#6641=ORIENTED_EDGE('',*,*,#5015,.F.);
#6642=ORIENTED_EDGE('',*,*,#5009,.F.);
#6643=ORIENTED_EDGE('',*,*,#5001,.F.);
#6644=ORIENTED_EDGE('',*,*,#5016,.F.);
#6645=ORIENTED_EDGE('',*,*,#5013,.F.);
#6646=ORIENTED_EDGE('',*,*,#5007,.F.);
#6647=ORIENTED_EDGE('',*,*,#5010,.T.);
#6648=ORIENTED_EDGE('',*,*,#5015,.T.);
#6649=ORIENTED_EDGE('',*,*,#5017,.F.);
#6650=ORIENTED_EDGE('',*,*,#5005,.F.);
#6651=ORIENTED_EDGE('',*,*,#5000,.F.);
#6652=ORIENTED_EDGE('',*,*,#5006,.T.);
#6653=ORIENTED_EDGE('',*,*,#5017,.T.);
#6654=ORIENTED_EDGE('',*,*,#5014,.T.);
#6655=ORIENTED_EDGE('',*,*,#5011,.F.);
#6656=ORIENTED_EDGE('',*,*,#5016,.T.);
#6657=ORIENTED_EDGE('',*,*,#4996,.T.);
#6658=ORIENTED_EDGE('',*,*,#4997,.T.);
#6659=ORIENTED_EDGE('',*,*,#5018,.T.);
#6660=ORIENTED_EDGE('',*,*,#5019,.T.);
#6661=ORIENTED_EDGE('',*,*,#5020,.T.);
#6662=ORIENTED_EDGE('',*,*,#5021,.T.);
#6663=ORIENTED_EDGE('',*,*,#5021,.F.);
#6664=ORIENTED_EDGE('',*,*,#5022,.T.);
#6665=ORIENTED_EDGE('',*,*,#5023,.F.);
#6666=ORIENTED_EDGE('',*,*,#5024,.F.);
#6667=ORIENTED_EDGE('',*,*,#5020,.F.);
#6668=ORIENTED_EDGE('',*,*,#5025,.F.);
#6669=ORIENTED_EDGE('',*,*,#5026,.F.);
#6670=ORIENTED_EDGE('',*,*,#5027,.F.);
#6671=ORIENTED_EDGE('',*,*,#5028,.F.);
#6672=ORIENTED_EDGE('',*,*,#5022,.F.);
#6673=ORIENTED_EDGE('',*,*,#5029,.T.);
#6674=ORIENTED_EDGE('',*,*,#5028,.T.);
#6675=ORIENTED_EDGE('',*,*,#5030,.T.);
#6676=ORIENTED_EDGE('',*,*,#5031,.T.);
#6677=ORIENTED_EDGE('',*,*,#5023,.T.);
#6678=ORIENTED_EDGE('',*,*,#5030,.F.);
#6679=ORIENTED_EDGE('',*,*,#5027,.T.);
#6680=ORIENTED_EDGE('',*,*,#5032,.F.);
#6681=ORIENTED_EDGE('',*,*,#5033,.T.);
#6682=ORIENTED_EDGE('',*,*,#5034,.F.);
#6683=ORIENTED_EDGE('',*,*,#5035,.T.);
#6684=ORIENTED_EDGE('',*,*,#5036,.T.);
#6685=ORIENTED_EDGE('',*,*,#5037,.F.);
#6686=ORIENTED_EDGE('',*,*,#5038,.T.);
#6687=ORIENTED_EDGE('',*,*,#5029,.F.);
#6688=ORIENTED_EDGE('',*,*,#5038,.F.);
#6689=ORIENTED_EDGE('',*,*,#5032,.T.);
#6690=ORIENTED_EDGE('',*,*,#5026,.T.);
#6691=ORIENTED_EDGE('',*,*,#5039,.T.);
#6692=ORIENTED_EDGE('',*,*,#5040,.T.);
#6693=ORIENTED_EDGE('',*,*,#5040,.F.);
#6694=ORIENTED_EDGE('',*,*,#5041,.F.);
#6695=ORIENTED_EDGE('',*,*,#5042,.F.);
#6696=ORIENTED_EDGE('',*,*,#5033,.F.);
#6697=ORIENTED_EDGE('',*,*,#5019,.F.);
#6698=ORIENTED_EDGE('',*,*,#5043,.T.);
#6699=ORIENTED_EDGE('',*,*,#5044,.F.);
#6700=ORIENTED_EDGE('',*,*,#5041,.T.);
#6701=ORIENTED_EDGE('',*,*,#5039,.F.);
#6702=ORIENTED_EDGE('',*,*,#5025,.T.);
#6703=ORIENTED_EDGE('',*,*,#5045,.F.);
#6704=ORIENTED_EDGE('',*,*,#5034,.T.);
#6705=ORIENTED_EDGE('',*,*,#5042,.T.);
#6706=ORIENTED_EDGE('',*,*,#5044,.T.);
#6707=ORIENTED_EDGE('',*,*,#5046,.T.);
#6708=ORIENTED_EDGE('',*,*,#5036,.F.);
#6709=ORIENTED_EDGE('',*,*,#5047,.T.);
#6710=ORIENTED_EDGE('',*,*,#5045,.T.);
#6711=ORIENTED_EDGE('',*,*,#5047,.F.);
#6712=ORIENTED_EDGE('',*,*,#5018,.F.);
#6713=ORIENTED_EDGE('',*,*,#5024,.T.);
#6714=ORIENTED_EDGE('',*,*,#5031,.F.);
#6715=ORIENTED_EDGE('',*,*,#5035,.F.);
#6716=ORIENTED_EDGE('',*,*,#5046,.F.);
#6717=ORIENTED_EDGE('',*,*,#5043,.F.);
#6718=ORIENTED_EDGE('',*,*,#5037,.T.);
#6719=ORIENTED_EDGE('',*,*,#5048,.T.);
#6720=ORIENTED_EDGE('',*,*,#5049,.T.);
#6721=ORIENTED_EDGE('',*,*,#5050,.T.);
#6722=ORIENTED_EDGE('',*,*,#5049,.F.);
#6723=ORIENTED_EDGE('',*,*,#5051,.T.);
#6724=ORIENTED_EDGE('',*,*,#5052,.T.);
#6725=ORIENTED_EDGE('',*,*,#5053,.T.);
#6726=ORIENTED_EDGE('',*,*,#5052,.F.);
#6727=ORIENTED_EDGE('',*,*,#5054,.F.);
#6728=ORIENTED_EDGE('',*,*,#5055,.F.);
#6729=ORIENTED_EDGE('',*,*,#5056,.F.);
#6730=ORIENTED_EDGE('',*,*,#5057,.F.);
#6731=ORIENTED_EDGE('',*,*,#5055,.T.);
#6732=ORIENTED_EDGE('',*,*,#5058,.T.);
#6733=ORIENTED_EDGE('',*,*,#5059,.F.);
#6734=ORIENTED_EDGE('',*,*,#5060,.T.);
#6735=ORIENTED_EDGE('',*,*,#5056,.T.);
#6736=ORIENTED_EDGE('',*,*,#5060,.F.);
#6737=ORIENTED_EDGE('',*,*,#5061,.T.);
#6738=ORIENTED_EDGE('',*,*,#5062,.F.);
#6739=ORIENTED_EDGE('',*,*,#5063,.T.);
#6740=ORIENTED_EDGE('',*,*,#5064,.F.);
#6741=ORIENTED_EDGE('',*,*,#5048,.F.);
#6742=ORIENTED_EDGE('',*,*,#5053,.F.);
#6743=ORIENTED_EDGE('',*,*,#5065,.F.);
#6744=ORIENTED_EDGE('',*,*,#5066,.F.);
#6745=ORIENTED_EDGE('',*,*,#5063,.F.);
#6746=ORIENTED_EDGE('',*,*,#5067,.F.);
#6747=ORIENTED_EDGE('',*,*,#5067,.T.);
#6748=ORIENTED_EDGE('',*,*,#5062,.T.);
#6749=ORIENTED_EDGE('',*,*,#5068,.T.);
#6750=ORIENTED_EDGE('',*,*,#5069,.T.);
#6751=ORIENTED_EDGE('',*,*,#5057,.T.);
#6752=ORIENTED_EDGE('',*,*,#5064,.T.);
#6753=ORIENTED_EDGE('',*,*,#5066,.T.);
#6754=ORIENTED_EDGE('',*,*,#5070,.T.);
#6755=ORIENTED_EDGE('',*,*,#5061,.F.);
#6756=ORIENTED_EDGE('',*,*,#5059,.T.);
#6757=ORIENTED_EDGE('',*,*,#5071,.T.);
#6758=ORIENTED_EDGE('',*,*,#5068,.F.);
#6759=ORIENTED_EDGE('',*,*,#5054,.T.);
#6760=ORIENTED_EDGE('',*,*,#5070,.F.);
#6761=ORIENTED_EDGE('',*,*,#5065,.T.);
#6762=ORIENTED_EDGE('',*,*,#5069,.F.);
#6763=ORIENTED_EDGE('',*,*,#5071,.F.);
#6764=ORIENTED_EDGE('',*,*,#5058,.F.);
#6765=ORIENTED_EDGE('',*,*,#5050,.F.);
#6766=ORIENTED_EDGE('',*,*,#5051,.F.);
#6767=ORIENTED_EDGE('',*,*,#5072,.F.);
#6768=ORIENTED_EDGE('',*,*,#5073,.F.);
#6769=ORIENTED_EDGE('',*,*,#5074,.F.);
#6770=ORIENTED_EDGE('',*,*,#5075,.F.);
#6771=ORIENTED_EDGE('',*,*,#5076,.F.);
#6772=ORIENTED_EDGE('',*,*,#5077,.F.);
#6773=ORIENTED_EDGE('',*,*,#5078,.F.);
#6774=ORIENTED_EDGE('',*,*,#5072,.T.);
#6775=ORIENTED_EDGE('',*,*,#5079,.F.);
#6776=ORIENTED_EDGE('',*,*,#5080,.F.);
#6777=ORIENTED_EDGE('',*,*,#5081,.F.);
#6778=ORIENTED_EDGE('',*,*,#5077,.T.);
#6779=ORIENTED_EDGE('',*,*,#5082,.F.);
#6780=ORIENTED_EDGE('',*,*,#5083,.F.);
#6781=ORIENTED_EDGE('',*,*,#5084,.F.);
#6782=ORIENTED_EDGE('',*,*,#5085,.F.);
#6783=ORIENTED_EDGE('',*,*,#5086,.T.);
#6784=ORIENTED_EDGE('',*,*,#5087,.F.);
#6785=ORIENTED_EDGE('',*,*,#5079,.T.);
#6786=ORIENTED_EDGE('',*,*,#5088,.T.);
#6787=ORIENTED_EDGE('',*,*,#5076,.T.);
#6788=ORIENTED_EDGE('',*,*,#5089,.F.);
#6789=ORIENTED_EDGE('',*,*,#5090,.F.);
#6790=ORIENTED_EDGE('',*,*,#5082,.T.);
#6791=ORIENTED_EDGE('',*,*,#5091,.F.);
#6792=ORIENTED_EDGE('',*,*,#5092,.T.);
#6793=ORIENTED_EDGE('',*,*,#5093,.F.);
#6794=ORIENTED_EDGE('',*,*,#5086,.F.);
#6795=ORIENTED_EDGE('',*,*,#5080,.T.);
#6796=ORIENTED_EDGE('',*,*,#5087,.T.);
#6797=ORIENTED_EDGE('',*,*,#5093,.T.);
#6798=ORIENTED_EDGE('',*,*,#5094,.T.);
#6799=ORIENTED_EDGE('',*,*,#5095,.T.);
#6800=ORIENTED_EDGE('',*,*,#5096,.T.);
#6801=ORIENTED_EDGE('',*,*,#5097,.T.);
#6802=ORIENTED_EDGE('',*,*,#5074,.T.);
#6803=ORIENTED_EDGE('',*,*,#5098,.T.);
#6804=ORIENTED_EDGE('',*,*,#5095,.F.);
#6805=ORIENTED_EDGE('',*,*,#5099,.F.);
#6806=ORIENTED_EDGE('',*,*,#5075,.T.);
#6807=ORIENTED_EDGE('',*,*,#5099,.T.);
#6808=ORIENTED_EDGE('',*,*,#5094,.F.);
#6809=ORIENTED_EDGE('',*,*,#5092,.F.);
#6810=ORIENTED_EDGE('',*,*,#5100,.F.);
#6811=ORIENTED_EDGE('',*,*,#5101,.F.);
#6812=ORIENTED_EDGE('',*,*,#5102,.F.);
#6813=ORIENTED_EDGE('',*,*,#5089,.T.);
#6814=ORIENTED_EDGE('',*,*,#5103,.T.);
#6815=ORIENTED_EDGE('',*,*,#5085,.T.);
#6816=ORIENTED_EDGE('',*,*,#5104,.T.);
#6817=ORIENTED_EDGE('',*,*,#5100,.T.);
#6818=ORIENTED_EDGE('',*,*,#5091,.T.);
#6819=ORIENTED_EDGE('',*,*,#5102,.T.);
#6820=ORIENTED_EDGE('',*,*,#5105,.T.);
#6821=ORIENTED_EDGE('',*,*,#5083,.T.);
#6822=ORIENTED_EDGE('',*,*,#5090,.T.);
#6823=ORIENTED_EDGE('',*,*,#5088,.F.);
#6824=ORIENTED_EDGE('',*,*,#5106,.T.);
#6825=ORIENTED_EDGE('',*,*,#5103,.F.);
#6826=ORIENTED_EDGE('',*,*,#5106,.F.);
#6827=ORIENTED_EDGE('',*,*,#5104,.F.);
#6828=ORIENTED_EDGE('',*,*,#5084,.T.);
#6829=ORIENTED_EDGE('',*,*,#5105,.F.);
#6830=ORIENTED_EDGE('',*,*,#5101,.T.);
#6831=ORIENTED_EDGE('',*,*,#5078,.T.);
#6832=ORIENTED_EDGE('',*,*,#5107,.T.);
#6833=ORIENTED_EDGE('',*,*,#5097,.F.);
#6834=ORIENTED_EDGE('',*,*,#5107,.F.);
#6835=ORIENTED_EDGE('',*,*,#5073,.T.);
#6836=ORIENTED_EDGE('',*,*,#5081,.T.);
#6837=ORIENTED_EDGE('',*,*,#5096,.F.);
#6838=ORIENTED_EDGE('',*,*,#5098,.F.);
#6839=ORIENTED_EDGE('',*,*,#5108,.T.);
#6840=ORIENTED_EDGE('',*,*,#5109,.F.);
#6841=ORIENTED_EDGE('',*,*,#5110,.F.);
#6842=ORIENTED_EDGE('',*,*,#5111,.T.);
#6843=ORIENTED_EDGE('',*,*,#5112,.T.);
#6844=ORIENTED_EDGE('',*,*,#5113,.T.);
#6845=ORIENTED_EDGE('',*,*,#5114,.T.);
#6846=ORIENTED_EDGE('',*,*,#5110,.T.);
#6847=ORIENTED_EDGE('',*,*,#5115,.T.);
#6848=ORIENTED_EDGE('',*,*,#5116,.T.);
#6849=ORIENTED_EDGE('',*,*,#5117,.T.);
#6850=ORIENTED_EDGE('',*,*,#5118,.T.);
#6851=ORIENTED_EDGE('',*,*,#5119,.T.);
#6852=ORIENTED_EDGE('',*,*,#5120,.F.);
#6853=ORIENTED_EDGE('',*,*,#5121,.F.);
#6854=ORIENTED_EDGE('',*,*,#5122,.T.);
#6855=ORIENTED_EDGE('',*,*,#5123,.T.);
#6856=ORIENTED_EDGE('',*,*,#5124,.T.);
#6857=ORIENTED_EDGE('',*,*,#5125,.F.);
#6858=ORIENTED_EDGE('',*,*,#5126,.T.);
#6859=ORIENTED_EDGE('',*,*,#5109,.T.);
#6860=ORIENTED_EDGE('',*,*,#5127,.T.);
#6861=ORIENTED_EDGE('',*,*,#5128,.T.);
#6862=ORIENTED_EDGE('',*,*,#5115,.F.);
#6863=ORIENTED_EDGE('',*,*,#5129,.T.);
#6864=ORIENTED_EDGE('',*,*,#5130,.T.);
#6865=ORIENTED_EDGE('',*,*,#5131,.F.);
#6866=ORIENTED_EDGE('',*,*,#5132,.F.);
#6867=ORIENTED_EDGE('',*,*,#5133,.T.);
#6868=ORIENTED_EDGE('',*,*,#5134,.T.);
#6869=ORIENTED_EDGE('',*,*,#5132,.T.);
#6870=ORIENTED_EDGE('',*,*,#5135,.F.);
#6871=ORIENTED_EDGE('',*,*,#5136,.F.);
#6872=ORIENTED_EDGE('',*,*,#5137,.T.);
#6873=ORIENTED_EDGE('',*,*,#5138,.T.);
#6874=ORIENTED_EDGE('',*,*,#5139,.F.);
#6875=ORIENTED_EDGE('',*,*,#5140,.F.);
#6876=ORIENTED_EDGE('',*,*,#5141,.T.);
#6877=ORIENTED_EDGE('',*,*,#5142,.T.);
#6878=ORIENTED_EDGE('',*,*,#5143,.T.);
#6879=ORIENTED_EDGE('',*,*,#5144,.T.);
#6880=ORIENTED_EDGE('',*,*,#5140,.T.);
#6881=ORIENTED_EDGE('',*,*,#5145,.T.);
#6882=ORIENTED_EDGE('',*,*,#5146,.T.);
#6883=ORIENTED_EDGE('',*,*,#5147,.T.);
#6884=ORIENTED_EDGE('',*,*,#5148,.T.);
#6885=ORIENTED_EDGE('',*,*,#5149,.T.);
#6886=ORIENTED_EDGE('',*,*,#5150,.T.);
#6887=ORIENTED_EDGE('',*,*,#5151,.T.);
#6888=ORIENTED_EDGE('',*,*,#5152,.F.);
#6889=ORIENTED_EDGE('',*,*,#5153,.T.);
#6890=ORIENTED_EDGE('',*,*,#5154,.T.);
#6891=ORIENTED_EDGE('',*,*,#5155,.T.);
#6892=ORIENTED_EDGE('',*,*,#5156,.F.);
#6893=ORIENTED_EDGE('',*,*,#5157,.T.);
#6894=ORIENTED_EDGE('',*,*,#5139,.T.);
#6895=ORIENTED_EDGE('',*,*,#5158,.T.);
#6896=ORIENTED_EDGE('',*,*,#5159,.T.);
#6897=ORIENTED_EDGE('',*,*,#5145,.F.);
#6898=ORIENTED_EDGE('',*,*,#5160,.F.);
#6899=ORIENTED_EDGE('',*,*,#5161,.T.);
#6900=ORIENTED_EDGE('',*,*,#5162,.T.);
#6901=ORIENTED_EDGE('',*,*,#5163,.F.);
#6902=ORIENTED_EDGE('',*,*,#5164,.F.);
#6903=ORIENTED_EDGE('',*,*,#5165,.T.);
#6904=ORIENTED_EDGE('',*,*,#5166,.T.);
#6905=ORIENTED_EDGE('',*,*,#5167,.F.);
#6906=ORIENTED_EDGE('',*,*,#5168,.F.);
#6907=ORIENTED_EDGE('',*,*,#5169,.T.);
#6908=ORIENTED_EDGE('',*,*,#5170,.T.);
#6909=ORIENTED_EDGE('',*,*,#5171,.F.);
#6910=ORIENTED_EDGE('',*,*,#5172,.F.);
#6911=ORIENTED_EDGE('',*,*,#5173,.T.);
#6912=ORIENTED_EDGE('',*,*,#5174,.T.);
#6913=ORIENTED_EDGE('',*,*,#5175,.F.);
#6914=ORIENTED_EDGE('',*,*,#5176,.F.);
#6915=ORIENTED_EDGE('',*,*,#5177,.T.);
#6916=ORIENTED_EDGE('',*,*,#5178,.T.);
#6917=ORIENTED_EDGE('',*,*,#5179,.F.);
#6918=ORIENTED_EDGE('',*,*,#5180,.F.);
#6919=ORIENTED_EDGE('',*,*,#5181,.T.);
#6920=ORIENTED_EDGE('',*,*,#5182,.T.);
#6921=ORIENTED_EDGE('',*,*,#5183,.F.);
#6922=ORIENTED_EDGE('',*,*,#5184,.T.);
#6923=ORIENTED_EDGE('',*,*,#5185,.T.);
#6924=ORIENTED_EDGE('',*,*,#5186,.F.);
#6925=ORIENTED_EDGE('',*,*,#5187,.F.);
#6926=ORIENTED_EDGE('',*,*,#5188,.T.);
#6927=ORIENTED_EDGE('',*,*,#5189,.T.);
#6928=ORIENTED_EDGE('',*,*,#5190,.F.);
#6929=ORIENTED_EDGE('',*,*,#5191,.F.);
#6930=ORIENTED_EDGE('',*,*,#5192,.T.);
#6931=ORIENTED_EDGE('',*,*,#5193,.T.);
#6932=ORIENTED_EDGE('',*,*,#5194,.F.);
#6933=ORIENTED_EDGE('',*,*,#5195,.F.);
#6934=ORIENTED_EDGE('',*,*,#5196,.F.);
#6935=ORIENTED_EDGE('',*,*,#5197,.T.);
#6936=ORIENTED_EDGE('',*,*,#5187,.T.);
#6937=ORIENTED_EDGE('',*,*,#5198,.T.);
#6938=ORIENTED_EDGE('',*,*,#5199,.F.);
#6939=ORIENTED_EDGE('',*,*,#5200,.T.);
#6940=ORIENTED_EDGE('',*,*,#5195,.T.);
#6941=ORIENTED_EDGE('',*,*,#5201,.T.);
#6942=ORIENTED_EDGE('',*,*,#5202,.F.);
#6943=ORIENTED_EDGE('',*,*,#5203,.T.);
#6944=ORIENTED_EDGE('',*,*,#5191,.T.);
#6945=ORIENTED_EDGE('',*,*,#5204,.T.);
#6946=ORIENTED_EDGE('',*,*,#5205,.F.);
#6947=ORIENTED_EDGE('',*,*,#5206,.T.);
#6948=ORIENTED_EDGE('',*,*,#5120,.T.);
#6949=ORIENTED_EDGE('',*,*,#5207,.T.);
#6950=ORIENTED_EDGE('',*,*,#5199,.T.);
#6951=ORIENTED_EDGE('',*,*,#5208,.T.);
#6952=ORIENTED_EDGE('',*,*,#5209,.T.);
#6953=ORIENTED_EDGE('',*,*,#5210,.T.);
#6954=ORIENTED_EDGE('',*,*,#5202,.T.);
#6955=ORIENTED_EDGE('',*,*,#5211,.T.);
#6956=ORIENTED_EDGE('',*,*,#5152,.T.);
#6957=ORIENTED_EDGE('',*,*,#5212,.T.);
#6958=ORIENTED_EDGE('',*,*,#5196,.T.);
#6959=ORIENTED_EDGE('',*,*,#5213,.T.);
#6960=ORIENTED_EDGE('',*,*,#5121,.T.);
#6961=ORIENTED_EDGE('',*,*,#5206,.F.);
#6962=ORIENTED_EDGE('',*,*,#5205,.T.);
#6963=ORIENTED_EDGE('',*,*,#5214,.T.);
#6964=ORIENTED_EDGE('',*,*,#5215,.T.);
#6965=ORIENTED_EDGE('',*,*,#5216,.T.);
#6966=ORIENTED_EDGE('',*,*,#5217,.T.);
#6967=ORIENTED_EDGE('',*,*,#5218,.T.);
#6968=ORIENTED_EDGE('',*,*,#5219,.T.);
#6969=ORIENTED_EDGE('',*,*,#5220,.T.);
#6970=ORIENTED_EDGE('',*,*,#5221,.F.);
#6971=ORIENTED_EDGE('',*,*,#5222,.T.);
#6972=ORIENTED_EDGE('',*,*,#5223,.F.);
#6973=ORIENTED_EDGE('',*,*,#5224,.F.);
#6974=ORIENTED_EDGE('',*,*,#5225,.T.);
#6975=ORIENTED_EDGE('',*,*,#5226,.T.);
#6976=ORIENTED_EDGE('',*,*,#5227,.F.);
#6977=ORIENTED_EDGE('',*,*,#5228,.F.);
#6978=ORIENTED_EDGE('',*,*,#5223,.T.);
#6979=ORIENTED_EDGE('',*,*,#5229,.T.);
#6980=ORIENTED_EDGE('',*,*,#5230,.F.);
#6981=ORIENTED_EDGE('',*,*,#5229,.F.);
#6982=ORIENTED_EDGE('',*,*,#5222,.F.);
#6983=ORIENTED_EDGE('',*,*,#5231,.F.);
#6984=ORIENTED_EDGE('',*,*,#5226,.F.);
#6985=ORIENTED_EDGE('',*,*,#5232,.F.);
#6986=ORIENTED_EDGE('',*,*,#5233,.F.);
#6987=ORIENTED_EDGE('',*,*,#5234,.T.);
#6988=ORIENTED_EDGE('',*,*,#5235,.F.);
#6989=ORIENTED_EDGE('',*,*,#5236,.F.);
#6990=ORIENTED_EDGE('',*,*,#5125,.T.);
#6991=ORIENTED_EDGE('',*,*,#5237,.T.);
#6992=ORIENTED_EDGE('',*,*,#5238,.F.);
#6993=ORIENTED_EDGE('',*,*,#5239,.T.);
#6994=ORIENTED_EDGE('',*,*,#5235,.T.);
#6995=ORIENTED_EDGE('',*,*,#5240,.T.);
#6996=ORIENTED_EDGE('',*,*,#5123,.F.);
#6997=ORIENTED_EDGE('',*,*,#5240,.F.);
#6998=ORIENTED_EDGE('',*,*,#5234,.F.);
#6999=ORIENTED_EDGE('',*,*,#5241,.F.);
#7000=ORIENTED_EDGE('',*,*,#5237,.F.);
#7001=ORIENTED_EDGE('',*,*,#5124,.F.);
#7002=ORIENTED_EDGE('',*,*,#5231,.T.);
#7003=ORIENTED_EDGE('',*,*,#5242,.F.);
#7004=ORIENTED_EDGE('',*,*,#5243,.F.);
#7005=ORIENTED_EDGE('',*,*,#5244,.F.);
#7006=ORIENTED_EDGE('',*,*,#5245,.F.);
#7007=ORIENTED_EDGE('',*,*,#5246,.F.);
#7008=ORIENTED_EDGE('',*,*,#5247,.F.);
#7009=ORIENTED_EDGE('',*,*,#5127,.F.);
#7010=ORIENTED_EDGE('',*,*,#5108,.F.);
#7011=ORIENTED_EDGE('',*,*,#5248,.F.);
#7012=ORIENTED_EDGE('',*,*,#5238,.T.);
#7013=ORIENTED_EDGE('',*,*,#5241,.T.);
#7014=ORIENTED_EDGE('',*,*,#5249,.F.);
#7015=ORIENTED_EDGE('',*,*,#5250,.F.);
#7016=ORIENTED_EDGE('',*,*,#5251,.T.);
#7017=ORIENTED_EDGE('',*,*,#5252,.F.);
#7018=ORIENTED_EDGE('',*,*,#5253,.F.);
#7019=ORIENTED_EDGE('',*,*,#5254,.F.);
#7020=ORIENTED_EDGE('',*,*,#5158,.F.);
#7021=ORIENTED_EDGE('',*,*,#5138,.F.);
#7022=ORIENTED_EDGE('',*,*,#5255,.F.);
#7023=ORIENTED_EDGE('',*,*,#5256,.T.);
#7024=ORIENTED_EDGE('',*,*,#5257,.T.);
#7025=ORIENTED_EDGE('',*,*,#5258,.F.);
#7026=ORIENTED_EDGE('',*,*,#5259,.F.);
#7027=ORIENTED_EDGE('',*,*,#5260,.T.);
#7028=ORIENTED_EDGE('',*,*,#5261,.F.);
#7029=ORIENTED_EDGE('',*,*,#5262,.F.);
#7030=ORIENTED_EDGE('',*,*,#5129,.F.);
#7031=ORIENTED_EDGE('',*,*,#5137,.F.);
#7032=ORIENTED_EDGE('',*,*,#5263,.F.);
#7033=ORIENTED_EDGE('',*,*,#5264,.F.);
#7034=ORIENTED_EDGE('',*,*,#5227,.T.);
#7035=ORIENTED_EDGE('',*,*,#5265,.T.);
#7036=ORIENTED_EDGE('',*,*,#5266,.T.);
#7037=ORIENTED_EDGE('',*,*,#5267,.T.);
#7038=ORIENTED_EDGE('',*,*,#5268,.T.);
#7039=ORIENTED_EDGE('',*,*,#5269,.F.);
#7040=ORIENTED_EDGE('',*,*,#5270,.T.);
#7041=ORIENTED_EDGE('',*,*,#5271,.F.);
#7042=ORIENTED_EDGE('',*,*,#5272,.F.);
#7043=ORIENTED_EDGE('',*,*,#5156,.T.);
#7044=ORIENTED_EDGE('',*,*,#5273,.T.);
#7045=ORIENTED_EDGE('',*,*,#5256,.F.);
#7046=ORIENTED_EDGE('',*,*,#5274,.F.);
#7047=ORIENTED_EDGE('',*,*,#5271,.T.);
#7048=ORIENTED_EDGE('',*,*,#5275,.T.);
#7049=ORIENTED_EDGE('',*,*,#5154,.F.);
#7050=ORIENTED_EDGE('',*,*,#5275,.F.);
#7051=ORIENTED_EDGE('',*,*,#5270,.F.);
#7052=ORIENTED_EDGE('',*,*,#5257,.F.);
#7053=ORIENTED_EDGE('',*,*,#5273,.F.);
#7054=ORIENTED_EDGE('',*,*,#5155,.F.);
#7055=ORIENTED_EDGE('',*,*,#5276,.T.);
#7056=ORIENTED_EDGE('',*,*,#5149,.F.);
#7057=ORIENTED_EDGE('',*,*,#5277,.F.);
#7058=ORIENTED_EDGE('',*,*,#5278,.F.);
#7059=ORIENTED_EDGE('',*,*,#5279,.T.);
#7060=ORIENTED_EDGE('',*,*,#5280,.T.);
#7061=ORIENTED_EDGE('',*,*,#5281,.T.);
#7062=ORIENTED_EDGE('',*,*,#5282,.T.);
#7063=ORIENTED_EDGE('',*,*,#5283,.T.);
#7064=ORIENTED_EDGE('',*,*,#5209,.F.);
#7065=ORIENTED_EDGE('',*,*,#5284,.T.);
#7066=ORIENTED_EDGE('',*,*,#5230,.T.);
#7067=ORIENTED_EDGE('',*,*,#5232,.T.);
#7068=ORIENTED_EDGE('',*,*,#5225,.F.);
#7069=ORIENTED_EDGE('',*,*,#5285,.T.);
#7070=ORIENTED_EDGE('',*,*,#5286,.T.);
#7071=ORIENTED_EDGE('',*,*,#5135,.T.);
#7072=ORIENTED_EDGE('',*,*,#5131,.T.);
#7073=ORIENTED_EDGE('',*,*,#5287,.T.);
#7074=ORIENTED_EDGE('',*,*,#5288,.F.);
#7075=ORIENTED_EDGE('',*,*,#5281,.F.);
#7076=ORIENTED_EDGE('',*,*,#5289,.F.);
#7077=ORIENTED_EDGE('',*,*,#5260,.F.);
#7078=ORIENTED_EDGE('',*,*,#5290,.T.);
#7079=ORIENTED_EDGE('',*,*,#5291,.F.);
#7080=ORIENTED_EDGE('',*,*,#5292,.T.);
#7081=ORIENTED_EDGE('',*,*,#5293,.F.);
#7082=ORIENTED_EDGE('',*,*,#5294,.F.);
#7083=ORIENTED_EDGE('',*,*,#5292,.F.);
#7084=ORIENTED_EDGE('',*,*,#5295,.F.);
#7085=ORIENTED_EDGE('',*,*,#5296,.F.);
#7086=ORIENTED_EDGE('',*,*,#5293,.T.);
#7087=ORIENTED_EDGE('',*,*,#5294,.T.);
#7088=ORIENTED_EDGE('',*,*,#5297,.F.);
#7089=ORIENTED_EDGE('',*,*,#5249,.T.);
#7090=ORIENTED_EDGE('',*,*,#5233,.T.);
#7091=ORIENTED_EDGE('',*,*,#5239,.F.);
#7092=ORIENTED_EDGE('',*,*,#5122,.F.);
#7093=ORIENTED_EDGE('',*,*,#5213,.F.);
#7094=ORIENTED_EDGE('',*,*,#5198,.F.);
#7095=ORIENTED_EDGE('',*,*,#5186,.T.);
#7096=ORIENTED_EDGE('',*,*,#5298,.F.);
#7097=ORIENTED_EDGE('',*,*,#5299,.F.);
#7098=ORIENTED_EDGE('',*,*,#5168,.T.);
#7099=ORIENTED_EDGE('',*,*,#5300,.F.);
#7100=ORIENTED_EDGE('',*,*,#5176,.T.);
#7101=ORIENTED_EDGE('',*,*,#5301,.T.);
#7102=ORIENTED_EDGE('',*,*,#5302,.F.);
#7103=ORIENTED_EDGE('',*,*,#5303,.T.);
#7104=ORIENTED_EDGE('',*,*,#5304,.F.);
#7105=ORIENTED_EDGE('',*,*,#5305,.F.);
#7106=ORIENTED_EDGE('',*,*,#5303,.F.);
#7107=ORIENTED_EDGE('',*,*,#5306,.F.);
#7108=ORIENTED_EDGE('',*,*,#5307,.F.);
#7109=ORIENTED_EDGE('',*,*,#5304,.T.);
#7110=ORIENTED_EDGE('',*,*,#5305,.T.);
#7111=ORIENTED_EDGE('',*,*,#5308,.F.);
#7112=ORIENTED_EDGE('',*,*,#5258,.T.);
#7113=ORIENTED_EDGE('',*,*,#5269,.T.);
#7114=ORIENTED_EDGE('',*,*,#5274,.T.);
#7115=ORIENTED_EDGE('',*,*,#5153,.F.);
#7116=ORIENTED_EDGE('',*,*,#5211,.F.);
#7117=ORIENTED_EDGE('',*,*,#5204,.F.);
#7118=ORIENTED_EDGE('',*,*,#5190,.T.);
#7119=ORIENTED_EDGE('',*,*,#5309,.F.);
#7120=ORIENTED_EDGE('',*,*,#5310,.F.);
#7121=ORIENTED_EDGE('',*,*,#5160,.T.);
#7122=ORIENTED_EDGE('',*,*,#5311,.F.);
#7123=ORIENTED_EDGE('',*,*,#5164,.T.);
#7124=ORIENTED_EDGE('',*,*,#5307,.T.);
#7125=ORIENTED_EDGE('',*,*,#5312,.T.);
#7126=ORIENTED_EDGE('',*,*,#5282,.F.);
#7127=ORIENTED_EDGE('',*,*,#5288,.T.);
#7128=ORIENTED_EDGE('',*,*,#5259,.T.);
#7129=ORIENTED_EDGE('',*,*,#5308,.T.);
#7130=ORIENTED_EDGE('',*,*,#5313,.F.);
#7131=ORIENTED_EDGE('',*,*,#5251,.F.);
#7132=ORIENTED_EDGE('',*,*,#5314,.F.);
#7133=ORIENTED_EDGE('',*,*,#5315,.T.);
#7134=ORIENTED_EDGE('',*,*,#5316,.F.);
#7135=ORIENTED_EDGE('',*,*,#5315,.F.);
#7136=ORIENTED_EDGE('',*,*,#5317,.F.);
#7137=ORIENTED_EDGE('',*,*,#5278,.T.);
#7138=ORIENTED_EDGE('',*,*,#5318,.F.);
#7139=ORIENTED_EDGE('',*,*,#5319,.T.);
#7140=ORIENTED_EDGE('',*,*,#5320,.T.);
#7141=ORIENTED_EDGE('',*,*,#5321,.T.);
#7142=ORIENTED_EDGE('',*,*,#5322,.T.);
#7143=ORIENTED_EDGE('',*,*,#5319,.F.);
#7144=ORIENTED_EDGE('',*,*,#5323,.F.);
#7145=ORIENTED_EDGE('',*,*,#5324,.T.);
#7146=ORIENTED_EDGE('',*,*,#5325,.T.);
#7147=ORIENTED_EDGE('',*,*,#5326,.T.);
#7148=ORIENTED_EDGE('',*,*,#5327,.T.);
#7149=ORIENTED_EDGE('',*,*,#5324,.F.);
#7150=ORIENTED_EDGE('',*,*,#5323,.T.);
#7151=ORIENTED_EDGE('',*,*,#5318,.T.);
#7152=ORIENTED_EDGE('',*,*,#5311,.T.);
#7153=ORIENTED_EDGE('',*,*,#5163,.T.);
#7154=ORIENTED_EDGE('',*,*,#5328,.F.);
#7155=ORIENTED_EDGE('',*,*,#5165,.F.);
#7156=ORIENTED_EDGE('',*,*,#5310,.T.);
#7157=ORIENTED_EDGE('',*,*,#5167,.T.);
#7158=ORIENTED_EDGE('',*,*,#5329,.F.);
#7159=ORIENTED_EDGE('',*,*,#5161,.F.);
#7160=ORIENTED_EDGE('',*,*,#5189,.F.);
#7161=ORIENTED_EDGE('',*,*,#5330,.F.);
#7162=ORIENTED_EDGE('',*,*,#5301,.F.);
#7163=ORIENTED_EDGE('',*,*,#5309,.T.);
#7164=ORIENTED_EDGE('',*,*,#5302,.T.);
#7165=ORIENTED_EDGE('',*,*,#5330,.T.);
#7166=ORIENTED_EDGE('',*,*,#5188,.F.);
#7167=ORIENTED_EDGE('',*,*,#5203,.F.);
#7168=ORIENTED_EDGE('',*,*,#5210,.F.);
#7169=ORIENTED_EDGE('',*,*,#5283,.F.);
#7170=ORIENTED_EDGE('',*,*,#5312,.F.);
#7171=ORIENTED_EDGE('',*,*,#5306,.T.);
#7172=ORIENTED_EDGE('',*,*,#5329,.T.);
#7173=ORIENTED_EDGE('',*,*,#5166,.F.);
#7174=ORIENTED_EDGE('',*,*,#5328,.T.);
#7175=ORIENTED_EDGE('',*,*,#5162,.F.);
#7176=ORIENTED_EDGE('',*,*,#5331,.F.);
#7177=ORIENTED_EDGE('',*,*,#5332,.T.);
#7178=ORIENTED_EDGE('',*,*,#5333,.F.);
#7179=ORIENTED_EDGE('',*,*,#5334,.F.);
#7180=ORIENTED_EDGE('',*,*,#5335,.F.);
#7181=ORIENTED_EDGE('',*,*,#5332,.F.);
#7182=ORIENTED_EDGE('',*,*,#5336,.F.);
#7183=ORIENTED_EDGE('',*,*,#5337,.T.);
#7184=ORIENTED_EDGE('',*,*,#5338,.F.);
#7185=ORIENTED_EDGE('',*,*,#5339,.F.);
#7186=ORIENTED_EDGE('',*,*,#5340,.F.);
#7187=ORIENTED_EDGE('',*,*,#5337,.F.);
#7188=ORIENTED_EDGE('',*,*,#5296,.T.);
#7189=ORIENTED_EDGE('',*,*,#5341,.T.);
#7190=ORIENTED_EDGE('',*,*,#5150,.F.);
#7191=ORIENTED_EDGE('',*,*,#5276,.F.);
#7192=ORIENTED_EDGE('',*,*,#5317,.T.);
#7193=ORIENTED_EDGE('',*,*,#5314,.T.);
#7194=ORIENTED_EDGE('',*,*,#5250,.T.);
#7195=ORIENTED_EDGE('',*,*,#5297,.T.);
#7196=ORIENTED_EDGE('',*,*,#5336,.T.);
#7197=ORIENTED_EDGE('',*,*,#5300,.T.);
#7198=ORIENTED_EDGE('',*,*,#5171,.T.);
#7199=ORIENTED_EDGE('',*,*,#5342,.F.);
#7200=ORIENTED_EDGE('',*,*,#5177,.F.);
#7201=ORIENTED_EDGE('',*,*,#5299,.T.);
#7202=ORIENTED_EDGE('',*,*,#5179,.T.);
#7203=ORIENTED_EDGE('',*,*,#5343,.F.);
#7204=ORIENTED_EDGE('',*,*,#5169,.F.);
#7205=ORIENTED_EDGE('',*,*,#5185,.F.);
#7206=ORIENTED_EDGE('',*,*,#5344,.F.);
#7207=ORIENTED_EDGE('',*,*,#5290,.F.);
#7208=ORIENTED_EDGE('',*,*,#5298,.T.);
#7209=ORIENTED_EDGE('',*,*,#5291,.T.);
#7210=ORIENTED_EDGE('',*,*,#5344,.T.);
#7211=ORIENTED_EDGE('',*,*,#5184,.F.);
#7212=ORIENTED_EDGE('',*,*,#5197,.F.);
#7213=ORIENTED_EDGE('',*,*,#5212,.F.);
#7214=ORIENTED_EDGE('',*,*,#5151,.F.);
#7215=ORIENTED_EDGE('',*,*,#5341,.F.);
#7216=ORIENTED_EDGE('',*,*,#5295,.T.);
#7217=ORIENTED_EDGE('',*,*,#5343,.T.);
#7218=ORIENTED_EDGE('',*,*,#5178,.F.);
#7219=ORIENTED_EDGE('',*,*,#5342,.T.);
#7220=ORIENTED_EDGE('',*,*,#5170,.F.);
#7221=ORIENTED_EDGE('',*,*,#5331,.T.);
#7222=ORIENTED_EDGE('',*,*,#5345,.F.);
#7223=ORIENTED_EDGE('',*,*,#5118,.F.);
#7224=ORIENTED_EDGE('',*,*,#5346,.T.);
#7225=ORIENTED_EDGE('',*,*,#5245,.T.);
#7226=ORIENTED_EDGE('',*,*,#5347,.T.);
#7227=ORIENTED_EDGE('',*,*,#5348,.T.);
#7228=ORIENTED_EDGE('',*,*,#5349,.T.);
#7229=ORIENTED_EDGE('',*,*,#5350,.T.);
#7230=ORIENTED_EDGE('',*,*,#5351,.T.);
#7231=ORIENTED_EDGE('',*,*,#5192,.F.);
#7232=ORIENTED_EDGE('',*,*,#5200,.F.);
#7233=ORIENTED_EDGE('',*,*,#5207,.F.);
#7234=ORIENTED_EDGE('',*,*,#5119,.F.);
#7235=ORIENTED_EDGE('',*,*,#5345,.T.);
#7236=ORIENTED_EDGE('',*,*,#5244,.T.);
#7237=ORIENTED_EDGE('',*,*,#5352,.T.);
#7238=ORIENTED_EDGE('',*,*,#5182,.F.);
#7239=ORIENTED_EDGE('',*,*,#5353,.T.);
#7240=ORIENTED_EDGE('',*,*,#5174,.F.);
#7241=ORIENTED_EDGE('',*,*,#5354,.T.);
#7242=ORIENTED_EDGE('',*,*,#5350,.F.);
#7243=ORIENTED_EDGE('',*,*,#5355,.T.);
#7244=ORIENTED_EDGE('',*,*,#5356,.F.);
#7245=ORIENTED_EDGE('',*,*,#5357,.F.);
#7246=ORIENTED_EDGE('',*,*,#5355,.F.);
#7247=ORIENTED_EDGE('',*,*,#5349,.F.);
#7248=ORIENTED_EDGE('',*,*,#5243,.T.);
#7249=ORIENTED_EDGE('',*,*,#5242,.T.);
#7250=ORIENTED_EDGE('',*,*,#5221,.T.);
#7251=ORIENTED_EDGE('',*,*,#5228,.T.);
#7252=ORIENTED_EDGE('',*,*,#5284,.F.);
#7253=ORIENTED_EDGE('',*,*,#5208,.F.);
#7254=ORIENTED_EDGE('',*,*,#5201,.F.);
#7255=ORIENTED_EDGE('',*,*,#5194,.T.);
#7256=ORIENTED_EDGE('',*,*,#5358,.F.);
#7257=ORIENTED_EDGE('',*,*,#5356,.T.);
#7258=ORIENTED_EDGE('',*,*,#5357,.T.);
#7259=ORIENTED_EDGE('',*,*,#5359,.F.);
#7260=ORIENTED_EDGE('',*,*,#5172,.T.);
#7261=ORIENTED_EDGE('',*,*,#5360,.F.);
#7262=ORIENTED_EDGE('',*,*,#5180,.T.);
#7263=ORIENTED_EDGE('',*,*,#5361,.F.);
#7264=ORIENTED_EDGE('',*,*,#5362,.T.);
#7265=ORIENTED_EDGE('',*,*,#5363,.T.);
#7266=ORIENTED_EDGE('',*,*,#5364,.T.);
#7267=ORIENTED_EDGE('',*,*,#5365,.T.);
#7268=ORIENTED_EDGE('',*,*,#5362,.F.);
#7269=ORIENTED_EDGE('',*,*,#5366,.F.);
#7270=ORIENTED_EDGE('',*,*,#5367,.T.);
#7271=ORIENTED_EDGE('',*,*,#5368,.T.);
#7272=ORIENTED_EDGE('',*,*,#5369,.T.);
#7273=ORIENTED_EDGE('',*,*,#5370,.T.);
#7274=ORIENTED_EDGE('',*,*,#5367,.F.);
#7275=ORIENTED_EDGE('',*,*,#5366,.T.);
#7276=ORIENTED_EDGE('',*,*,#5361,.T.);
#7277=ORIENTED_EDGE('',*,*,#5360,.T.);
#7278=ORIENTED_EDGE('',*,*,#5175,.T.);
#7279=ORIENTED_EDGE('',*,*,#5353,.F.);
#7280=ORIENTED_EDGE('',*,*,#5181,.F.);
#7281=ORIENTED_EDGE('',*,*,#5359,.T.);
#7282=ORIENTED_EDGE('',*,*,#5183,.T.);
#7283=ORIENTED_EDGE('',*,*,#5352,.F.);
#7284=ORIENTED_EDGE('',*,*,#5173,.F.);
#7285=ORIENTED_EDGE('',*,*,#5193,.F.);
#7286=ORIENTED_EDGE('',*,*,#5351,.F.);
#7287=ORIENTED_EDGE('',*,*,#5354,.F.);
#7288=ORIENTED_EDGE('',*,*,#5358,.T.);
#7289=ORIENTED_EDGE('',*,*,#5371,.F.);
#7290=ORIENTED_EDGE('',*,*,#5372,.T.);
#7291=ORIENTED_EDGE('',*,*,#5373,.F.);
#7292=ORIENTED_EDGE('',*,*,#5372,.F.);
#7293=ORIENTED_EDGE('',*,*,#5142,.F.);
#7294=ORIENTED_EDGE('',*,*,#5374,.T.);
#7295=ORIENTED_EDGE('',*,*,#5327,.F.);
#7296=ORIENTED_EDGE('',*,*,#5326,.F.);
#7297=ORIENTED_EDGE('',*,*,#5325,.F.);
#7298=ORIENTED_EDGE('',*,*,#5374,.F.);
#7299=ORIENTED_EDGE('',*,*,#5375,.F.);
#7300=ORIENTED_EDGE('',*,*,#5376,.T.);
#7301=ORIENTED_EDGE('',*,*,#5377,.F.);
#7302=ORIENTED_EDGE('',*,*,#5376,.F.);
#7303=ORIENTED_EDGE('',*,*,#5143,.F.);
#7304=ORIENTED_EDGE('',*,*,#5378,.T.);
#7305=ORIENTED_EDGE('',*,*,#5322,.F.);
#7306=ORIENTED_EDGE('',*,*,#5321,.F.);
#7307=ORIENTED_EDGE('',*,*,#5320,.F.);
#7308=ORIENTED_EDGE('',*,*,#5378,.F.);
#7309=ORIENTED_EDGE('',*,*,#5379,.F.);
#7310=ORIENTED_EDGE('',*,*,#5380,.T.);
#7311=ORIENTED_EDGE('',*,*,#5133,.F.);
#7312=ORIENTED_EDGE('',*,*,#5380,.F.);
#7313=ORIENTED_EDGE('',*,*,#5381,.F.);
#7314=ORIENTED_EDGE('',*,*,#5382,.T.);
#7315=ORIENTED_EDGE('',*,*,#5370,.F.);
#7316=ORIENTED_EDGE('',*,*,#5369,.F.);
#7317=ORIENTED_EDGE('',*,*,#5368,.F.);
#7318=ORIENTED_EDGE('',*,*,#5382,.F.);
#7319=ORIENTED_EDGE('',*,*,#5383,.F.);
#7320=ORIENTED_EDGE('',*,*,#5384,.T.);
#7321=ORIENTED_EDGE('',*,*,#5134,.F.);
#7322=ORIENTED_EDGE('',*,*,#5384,.F.);
#7323=ORIENTED_EDGE('',*,*,#5385,.F.);
#7324=ORIENTED_EDGE('',*,*,#5386,.T.);
#7325=ORIENTED_EDGE('',*,*,#5365,.F.);
#7326=ORIENTED_EDGE('',*,*,#5364,.F.);
#7327=ORIENTED_EDGE('',*,*,#5363,.F.);
#7328=ORIENTED_EDGE('',*,*,#5386,.F.);
#7329=ORIENTED_EDGE('',*,*,#5247,.T.);
#7330=ORIENTED_EDGE('',*,*,#5387,.F.);
#7331=ORIENTED_EDGE('',*,*,#5116,.F.);
#7332=ORIENTED_EDGE('',*,*,#5128,.F.);
#7333=ORIENTED_EDGE('',*,*,#5388,.T.);
#7334=ORIENTED_EDGE('',*,*,#5389,.T.);
#7335=ORIENTED_EDGE('',*,*,#5246,.T.);
#7336=ORIENTED_EDGE('',*,*,#5346,.F.);
#7337=ORIENTED_EDGE('',*,*,#5117,.F.);
#7338=ORIENTED_EDGE('',*,*,#5387,.T.);
#7339=ORIENTED_EDGE('',*,*,#5264,.T.);
#7340=ORIENTED_EDGE('',*,*,#5390,.T.);
#7341=ORIENTED_EDGE('',*,*,#5285,.F.);
#7342=ORIENTED_EDGE('',*,*,#5224,.T.);
#7343=ORIENTED_EDGE('',*,*,#5263,.T.);
#7344=ORIENTED_EDGE('',*,*,#5136,.T.);
#7345=ORIENTED_EDGE('',*,*,#5286,.F.);
#7346=ORIENTED_EDGE('',*,*,#5390,.F.);
#7347=ORIENTED_EDGE('',*,*,#5381,.T.);
#7348=ORIENTED_EDGE('',*,*,#5385,.T.);
#7349=ORIENTED_EDGE('',*,*,#5262,.T.);
#7350=ORIENTED_EDGE('',*,*,#5391,.F.);
#7351=ORIENTED_EDGE('',*,*,#5279,.F.);
#7352=ORIENTED_EDGE('',*,*,#5130,.F.);
#7353=ORIENTED_EDGE('',*,*,#5289,.T.);
#7354=ORIENTED_EDGE('',*,*,#5280,.F.);
#7355=ORIENTED_EDGE('',*,*,#5391,.T.);
#7356=ORIENTED_EDGE('',*,*,#5261,.T.);
#7357=ORIENTED_EDGE('',*,*,#5379,.T.);
#7358=ORIENTED_EDGE('',*,*,#5383,.T.);
#7359=ORIENTED_EDGE('',*,*,#5277,.T.);
#7360=ORIENTED_EDGE('',*,*,#5148,.F.);
#7361=ORIENTED_EDGE('',*,*,#5392,.T.);
#7362=ORIENTED_EDGE('',*,*,#5252,.T.);
#7363=ORIENTED_EDGE('',*,*,#5313,.T.);
#7364=ORIENTED_EDGE('',*,*,#5316,.T.);
#7365=ORIENTED_EDGE('',*,*,#5371,.T.);
#7366=ORIENTED_EDGE('',*,*,#5375,.T.);
#7367=ORIENTED_EDGE('',*,*,#5254,.T.);
#7368=ORIENTED_EDGE('',*,*,#5393,.F.);
#7369=ORIENTED_EDGE('',*,*,#5146,.F.);
#7370=ORIENTED_EDGE('',*,*,#5159,.F.);
#7371=ORIENTED_EDGE('',*,*,#5373,.T.);
#7372=ORIENTED_EDGE('',*,*,#5377,.T.);
#7373=ORIENTED_EDGE('',*,*,#5255,.T.);
#7374=ORIENTED_EDGE('',*,*,#5141,.F.);
#7375=ORIENTED_EDGE('',*,*,#5144,.F.);
#7376=ORIENTED_EDGE('',*,*,#5272,.T.);
#7377=ORIENTED_EDGE('',*,*,#5348,.F.);
#7378=ORIENTED_EDGE('',*,*,#5394,.T.);
#7379=ORIENTED_EDGE('',*,*,#5389,.F.);
#7380=ORIENTED_EDGE('',*,*,#5394,.F.);
#7381=ORIENTED_EDGE('',*,*,#5112,.F.);
#7382=ORIENTED_EDGE('',*,*,#5395,.T.);
#7383=ORIENTED_EDGE('',*,*,#5335,.T.);
#7384=ORIENTED_EDGE('',*,*,#5334,.T.);
#7385=ORIENTED_EDGE('',*,*,#5333,.T.);
#7386=ORIENTED_EDGE('',*,*,#5395,.F.);
#7387=ORIENTED_EDGE('',*,*,#5347,.F.);
#7388=ORIENTED_EDGE('',*,*,#5396,.T.);
#7389=ORIENTED_EDGE('',*,*,#5388,.F.);
#7390=ORIENTED_EDGE('',*,*,#5396,.F.);
#7391=ORIENTED_EDGE('',*,*,#5113,.F.);
#7392=ORIENTED_EDGE('',*,*,#5397,.T.);
#7393=ORIENTED_EDGE('',*,*,#5340,.T.);
#7394=ORIENTED_EDGE('',*,*,#5339,.T.);
#7395=ORIENTED_EDGE('',*,*,#5338,.T.);
#7396=ORIENTED_EDGE('',*,*,#5397,.F.);
#7397=ORIENTED_EDGE('',*,*,#5248,.T.);
#7398=ORIENTED_EDGE('',*,*,#5111,.F.);
#7399=ORIENTED_EDGE('',*,*,#5114,.F.);
#7400=ORIENTED_EDGE('',*,*,#5236,.T.);
#7401=ORIENTED_EDGE('',*,*,#5253,.T.);
#7402=ORIENTED_EDGE('',*,*,#5392,.F.);
#7403=ORIENTED_EDGE('',*,*,#5147,.F.);
#7404=ORIENTED_EDGE('',*,*,#5393,.T.);
#7405=ORIENTED_EDGE('',*,*,#5268,.F.);
#7406=ORIENTED_EDGE('',*,*,#5398,.T.);
#7407=ORIENTED_EDGE('',*,*,#5214,.F.);
#7408=ORIENTED_EDGE('',*,*,#5398,.F.);
#7409=ORIENTED_EDGE('',*,*,#5267,.F.);
#7410=ORIENTED_EDGE('',*,*,#5399,.T.);
#7411=ORIENTED_EDGE('',*,*,#5215,.F.);
#7412=ORIENTED_EDGE('',*,*,#5399,.F.);
#7413=ORIENTED_EDGE('',*,*,#5266,.F.);
#7414=ORIENTED_EDGE('',*,*,#5400,.T.);
#7415=ORIENTED_EDGE('',*,*,#5216,.F.);
#7416=ORIENTED_EDGE('',*,*,#5400,.F.);
#7417=ORIENTED_EDGE('',*,*,#5265,.F.);
#7418=ORIENTED_EDGE('',*,*,#5401,.T.);
#7419=ORIENTED_EDGE('',*,*,#5217,.F.);
#7420=ORIENTED_EDGE('',*,*,#5401,.F.);
#7421=ORIENTED_EDGE('',*,*,#5218,.F.);
#7422=ORIENTED_EDGE('',*,*,#5402,.T.);
#7423=ORIENTED_EDGE('',*,*,#5287,.F.);
#7424=ORIENTED_EDGE('',*,*,#5402,.F.);
#7425=ORIENTED_EDGE('',*,*,#5219,.F.);
#7426=ORIENTED_EDGE('',*,*,#5403,.T.);
#7427=ORIENTED_EDGE('',*,*,#5157,.F.);
#7428=ORIENTED_EDGE('',*,*,#5403,.F.);
#7429=ORIENTED_EDGE('',*,*,#5220,.F.);
#7430=ORIENTED_EDGE('',*,*,#5404,.T.);
#7431=ORIENTED_EDGE('',*,*,#5126,.F.);
#7432=ORIENTED_EDGE('',*,*,#5404,.F.);
#7433=ORIENTED_EDGE('',*,*,#5405,.F.);
#7434=ORIENTED_EDGE('',*,*,#5406,.T.);
#7435=ORIENTED_EDGE('',*,*,#5407,.F.);
#7436=ORIENTED_EDGE('',*,*,#5406,.F.);
#7437=ORIENTED_EDGE('',*,*,#5408,.F.);
#7438=ORIENTED_EDGE('',*,*,#5409,.T.);
#7439=ORIENTED_EDGE('',*,*,#5410,.F.);
#7440=ORIENTED_EDGE('',*,*,#5409,.F.);
#7441=ORIENTED_EDGE('',*,*,#5411,.F.);
#7442=ORIENTED_EDGE('',*,*,#5412,.T.);
#7443=ORIENTED_EDGE('',*,*,#5413,.F.);
#7444=ORIENTED_EDGE('',*,*,#5412,.F.);
#7445=ORIENTED_EDGE('',*,*,#5414,.F.);
#7446=ORIENTED_EDGE('',*,*,#5415,.T.);
#7447=ORIENTED_EDGE('',*,*,#5416,.F.);
#7448=ORIENTED_EDGE('',*,*,#5415,.F.);
#7449=ORIENTED_EDGE('',*,*,#5417,.F.);
#7450=ORIENTED_EDGE('',*,*,#5418,.F.);
#7451=ORIENTED_EDGE('',*,*,#5419,.T.);
#7452=ORIENTED_EDGE('',*,*,#5420,.F.);
#7453=ORIENTED_EDGE('',*,*,#5419,.F.);
#7454=ORIENTED_EDGE('',*,*,#5421,.F.);
#7455=ORIENTED_EDGE('',*,*,#5417,.T.);
#7456=ORIENTED_EDGE('',*,*,#5422,.T.);
#7457=ORIENTED_EDGE('',*,*,#5423,.T.);
#7458=ORIENTED_EDGE('',*,*,#5424,.T.);
#7459=ORIENTED_EDGE('',*,*,#5425,.T.);
#7460=ORIENTED_EDGE('',*,*,#5426,.T.);
#7461=ORIENTED_EDGE('',*,*,#5427,.T.);
#7462=ORIENTED_EDGE('',*,*,#5405,.T.);
#7463=ORIENTED_EDGE('',*,*,#5408,.T.);
#7464=ORIENTED_EDGE('',*,*,#5411,.T.);
#7465=ORIENTED_EDGE('',*,*,#5414,.T.);
#7466=ORIENTED_EDGE('',*,*,#5428,.T.);
#7467=ORIENTED_EDGE('',*,*,#5429,.T.);
#7468=ORIENTED_EDGE('',*,*,#5430,.T.);
#7469=ORIENTED_EDGE('',*,*,#5425,.F.);
#7470=ORIENTED_EDGE('',*,*,#5431,.F.);
#7471=ORIENTED_EDGE('',*,*,#5432,.T.);
#7472=ORIENTED_EDGE('',*,*,#5433,.F.);
#7473=ORIENTED_EDGE('',*,*,#5432,.F.);
#7474=ORIENTED_EDGE('',*,*,#5434,.F.);
#7475=ORIENTED_EDGE('',*,*,#5423,.F.);
#7476=ORIENTED_EDGE('',*,*,#5435,.F.);
#7477=ORIENTED_EDGE('',*,*,#5436,.T.);
#7478=ORIENTED_EDGE('',*,*,#5437,.F.);
#7479=ORIENTED_EDGE('',*,*,#5436,.F.);
#7480=ORIENTED_EDGE('',*,*,#5438,.F.);
#7481=ORIENTED_EDGE('',*,*,#5439,.F.);
#7482=ORIENTED_EDGE('',*,*,#5440,.T.);
#7483=ORIENTED_EDGE('',*,*,#5430,.F.);
#7484=ORIENTED_EDGE('',*,*,#5440,.F.);
#7485=ORIENTED_EDGE('',*,*,#5441,.F.);
#7486=ORIENTED_EDGE('',*,*,#5442,.T.);
#7487=ORIENTED_EDGE('',*,*,#5429,.F.);
#7488=ORIENTED_EDGE('',*,*,#5442,.F.);
#7489=ORIENTED_EDGE('',*,*,#5443,.F.);
#7490=ORIENTED_EDGE('',*,*,#5444,.T.);
#7491=ORIENTED_EDGE('',*,*,#5428,.F.);
#7492=ORIENTED_EDGE('',*,*,#5444,.F.);
#7493=ORIENTED_EDGE('',*,*,#5418,.T.);
#7494=ORIENTED_EDGE('',*,*,#5427,.F.);
#7495=ORIENTED_EDGE('',*,*,#5445,.T.);
#7496=ORIENTED_EDGE('',*,*,#5446,.T.);
#7497=ORIENTED_EDGE('',*,*,#5445,.F.);
#7498=ORIENTED_EDGE('',*,*,#5426,.F.);
#7499=ORIENTED_EDGE('',*,*,#5433,.T.);
#7500=ORIENTED_EDGE('',*,*,#5434,.T.);
#7501=ORIENTED_EDGE('',*,*,#5431,.T.);
#7502=ORIENTED_EDGE('',*,*,#5424,.F.);
#7503=ORIENTED_EDGE('',*,*,#5437,.T.);
#7504=ORIENTED_EDGE('',*,*,#5438,.T.);
#7505=ORIENTED_EDGE('',*,*,#5435,.T.);
#7506=ORIENTED_EDGE('',*,*,#5422,.F.);
#7507=ORIENTED_EDGE('',*,*,#5420,.T.);
#7508=ORIENTED_EDGE('',*,*,#5421,.T.);
#7509=ORIENTED_EDGE('',*,*,#5446,.F.);
#7510=ORIENTED_EDGE('',*,*,#5407,.T.);
#7511=ORIENTED_EDGE('',*,*,#5410,.T.);
#7512=ORIENTED_EDGE('',*,*,#5413,.T.);
#7513=ORIENTED_EDGE('',*,*,#5416,.T.);
#7514=ORIENTED_EDGE('',*,*,#5439,.T.);
#7515=ORIENTED_EDGE('',*,*,#5441,.T.);
#7516=ORIENTED_EDGE('',*,*,#5443,.T.);
#7517=ORIENTED_EDGE('',*,*,#5447,.F.);
#7518=ORIENTED_EDGE('',*,*,#5448,.F.);
#7519=ORIENTED_EDGE('',*,*,#5448,.T.);
#7520=ORIENTED_EDGE('',*,*,#5449,.T.);
#7521=ORIENTED_EDGE('',*,*,#5450,.F.);
#7522=ORIENTED_EDGE('',*,*,#5449,.F.);
#7523=ORIENTED_EDGE('',*,*,#5451,.T.);
#7524=ORIENTED_EDGE('',*,*,#5450,.T.);
#7525=ORIENTED_EDGE('',*,*,#5447,.T.);
#7526=ORIENTED_EDGE('',*,*,#5452,.T.);
#7527=ORIENTED_EDGE('',*,*,#5451,.F.);
#7528=ORIENTED_EDGE('',*,*,#5452,.F.);
#7529=ORIENTED_EDGE('',*,*,#5453,.F.);
#7530=ORIENTED_EDGE('',*,*,#5454,.F.);
#7531=ORIENTED_EDGE('',*,*,#5454,.T.);
#7532=ORIENTED_EDGE('',*,*,#5455,.T.);
#7533=ORIENTED_EDGE('',*,*,#5456,.F.);
#7534=ORIENTED_EDGE('',*,*,#5455,.F.);
#7535=ORIENTED_EDGE('',*,*,#5457,.T.);
#7536=ORIENTED_EDGE('',*,*,#5456,.T.);
#7537=ORIENTED_EDGE('',*,*,#5453,.T.);
#7538=ORIENTED_EDGE('',*,*,#5458,.T.);
#7539=ORIENTED_EDGE('',*,*,#5457,.F.);
#7540=ORIENTED_EDGE('',*,*,#5458,.F.);
#7541=ORIENTED_EDGE('',*,*,#5459,.F.);
#7542=ORIENTED_EDGE('',*,*,#5460,.F.);
#7543=ORIENTED_EDGE('',*,*,#5461,.F.);
#7544=ORIENTED_EDGE('',*,*,#5462,.F.);
#7545=ORIENTED_EDGE('',*,*,#5463,.F.);
#7546=ORIENTED_EDGE('',*,*,#5464,.F.);
#7547=ORIENTED_EDGE('',*,*,#5465,.F.);
#7548=ORIENTED_EDGE('',*,*,#5460,.T.);
#7549=ORIENTED_EDGE('',*,*,#5462,.T.);
#7550=ORIENTED_EDGE('',*,*,#5466,.F.);
#7551=ORIENTED_EDGE('',*,*,#5467,.T.);
#7552=ORIENTED_EDGE('',*,*,#5468,.T.);
#7553=ORIENTED_EDGE('',*,*,#5469,.T.);
#7554=ORIENTED_EDGE('',*,*,#5470,.F.);
#7555=ORIENTED_EDGE('',*,*,#5461,.T.);
#7556=ORIENTED_EDGE('',*,*,#5465,.T.);
#7557=ORIENTED_EDGE('',*,*,#5471,.T.);
#7558=ORIENTED_EDGE('',*,*,#5472,.T.);
#7559=ORIENTED_EDGE('',*,*,#5473,.F.);
#7560=ORIENTED_EDGE('',*,*,#5474,.T.);
#7561=ORIENTED_EDGE('',*,*,#5475,.T.);
#7562=ORIENTED_EDGE('',*,*,#5476,.T.);
#7563=ORIENTED_EDGE('',*,*,#5477,.T.);
#7564=ORIENTED_EDGE('',*,*,#5478,.T.);
#7565=ORIENTED_EDGE('',*,*,#5479,.T.);
#7566=ORIENTED_EDGE('',*,*,#5480,.T.);
#7567=ORIENTED_EDGE('',*,*,#5481,.T.);
#7568=ORIENTED_EDGE('',*,*,#5482,.T.);
#7569=ORIENTED_EDGE('',*,*,#5483,.T.);
#7570=ORIENTED_EDGE('',*,*,#5484,.T.);
#7571=ORIENTED_EDGE('',*,*,#5466,.T.);
#7572=ORIENTED_EDGE('',*,*,#5485,.T.);
#7573=ORIENTED_EDGE('',*,*,#5486,.T.);
#7574=ORIENTED_EDGE('',*,*,#5487,.T.);
#7575=ORIENTED_EDGE('',*,*,#5488,.T.);
#7576=ORIENTED_EDGE('',*,*,#5489,.T.);
#7577=ORIENTED_EDGE('',*,*,#5490,.T.);
#7578=ORIENTED_EDGE('',*,*,#5491,.T.);
#7579=ORIENTED_EDGE('',*,*,#5492,.T.);
#7580=ORIENTED_EDGE('',*,*,#5493,.T.);
#7581=ORIENTED_EDGE('',*,*,#5494,.T.);
#7582=ORIENTED_EDGE('',*,*,#5495,.T.);
#7583=ORIENTED_EDGE('',*,*,#5496,.T.);
#7584=ORIENTED_EDGE('',*,*,#5497,.T.);
#7585=ORIENTED_EDGE('',*,*,#5498,.T.);
#7586=ORIENTED_EDGE('',*,*,#5499,.T.);
#7587=ORIENTED_EDGE('',*,*,#5500,.T.);
#7588=ORIENTED_EDGE('',*,*,#5501,.T.);
#7589=ORIENTED_EDGE('',*,*,#5502,.T.);
#7590=ORIENTED_EDGE('',*,*,#5503,.T.);
#7591=ORIENTED_EDGE('',*,*,#5504,.F.);
#7592=ORIENTED_EDGE('',*,*,#5478,.F.);
#7593=ORIENTED_EDGE('',*,*,#5505,.F.);
#7594=ORIENTED_EDGE('',*,*,#5506,.F.);
#7595=ORIENTED_EDGE('',*,*,#5498,.F.);
#7596=ORIENTED_EDGE('',*,*,#5507,.T.);
#7597=ORIENTED_EDGE('',*,*,#5508,.F.);
#7598=ORIENTED_EDGE('',*,*,#5507,.F.);
#7599=ORIENTED_EDGE('',*,*,#5509,.F.);
#7600=ORIENTED_EDGE('',*,*,#5510,.T.);
#7601=ORIENTED_EDGE('',*,*,#5497,.F.);
#7602=ORIENTED_EDGE('',*,*,#5510,.F.);
#7603=ORIENTED_EDGE('',*,*,#5511,.F.);
#7604=ORIENTED_EDGE('',*,*,#5512,.T.);
#7605=ORIENTED_EDGE('',*,*,#5513,.F.);
#7606=ORIENTED_EDGE('',*,*,#5512,.F.);
#7607=ORIENTED_EDGE('',*,*,#5514,.F.);
#7608=ORIENTED_EDGE('',*,*,#5515,.T.);
#7609=ORIENTED_EDGE('',*,*,#5516,.F.);
#7610=ORIENTED_EDGE('',*,*,#5517,.F.);
#7611=ORIENTED_EDGE('',*,*,#5518,.T.);
#7612=ORIENTED_EDGE('',*,*,#5519,.T.);
#7613=ORIENTED_EDGE('',*,*,#5520,.F.);
#7614=ORIENTED_EDGE('',*,*,#5521,.F.);
#7615=ORIENTED_EDGE('',*,*,#5522,.F.);
#7616=ORIENTED_EDGE('',*,*,#5521,.T.);
#7617=ORIENTED_EDGE('',*,*,#5523,.F.);
#7618=ORIENTED_EDGE('',*,*,#5524,.F.);
#7619=ORIENTED_EDGE('',*,*,#5525,.T.);
#7620=ORIENTED_EDGE('',*,*,#5526,.T.);
#7621=ORIENTED_EDGE('',*,*,#5524,.T.);
#7622=ORIENTED_EDGE('',*,*,#5527,.F.);
#7623=ORIENTED_EDGE('',*,*,#5528,.F.);
#7624=ORIENTED_EDGE('',*,*,#5529,.F.);
#7625=ORIENTED_EDGE('',*,*,#5530,.T.);
#7626=ORIENTED_EDGE('',*,*,#5531,.F.);
#7627=ORIENTED_EDGE('',*,*,#5532,.F.);
#7628=ORIENTED_EDGE('',*,*,#5533,.T.);
#7629=ORIENTED_EDGE('',*,*,#5531,.T.);
#7630=ORIENTED_EDGE('',*,*,#5534,.T.);
#7631=ORIENTED_EDGE('',*,*,#5527,.T.);
#7632=ORIENTED_EDGE('',*,*,#5523,.T.);
#7633=ORIENTED_EDGE('',*,*,#5520,.T.);
#7634=ORIENTED_EDGE('',*,*,#5535,.T.);
#7635=ORIENTED_EDGE('',*,*,#5516,.T.);
#7636=ORIENTED_EDGE('',*,*,#5536,.F.);
#7637=ORIENTED_EDGE('',*,*,#5537,.F.);
#7638=ORIENTED_EDGE('',*,*,#5538,.F.);
#7639=ORIENTED_EDGE('',*,*,#5532,.T.);
#7640=ORIENTED_EDGE('',*,*,#5533,.F.);
#7641=ORIENTED_EDGE('',*,*,#5515,.F.);
#7642=ORIENTED_EDGE('',*,*,#5511,.T.);
#7643=ORIENTED_EDGE('',*,*,#5539,.F.);
#7644=ORIENTED_EDGE('',*,*,#5540,.T.);
#7645=ORIENTED_EDGE('',*,*,#5541,.T.);
#7646=ORIENTED_EDGE('',*,*,#5542,.F.);
#7647=ORIENTED_EDGE('',*,*,#5537,.T.);
#7648=ORIENTED_EDGE('',*,*,#5543,.F.);
#7649=ORIENTED_EDGE('',*,*,#5544,.F.);
#7650=ORIENTED_EDGE('',*,*,#5545,.T.);
#7651=ORIENTED_EDGE('',*,*,#5536,.T.);
#7652=ORIENTED_EDGE('',*,*,#5514,.T.);
#7653=ORIENTED_EDGE('',*,*,#5546,.F.);
#7654=ORIENTED_EDGE('',*,*,#5543,.T.);
#7655=ORIENTED_EDGE('',*,*,#5547,.T.);
#7656=ORIENTED_EDGE('',*,*,#5544,.T.);
#7657=ORIENTED_EDGE('',*,*,#5546,.T.);
#7658=ORIENTED_EDGE('',*,*,#5517,.T.);
#7659=ORIENTED_EDGE('',*,*,#5535,.F.);
#7660=ORIENTED_EDGE('',*,*,#5519,.F.);
#7661=ORIENTED_EDGE('',*,*,#5548,.F.);
#7662=ORIENTED_EDGE('',*,*,#5549,.F.);
#7663=ORIENTED_EDGE('',*,*,#5541,.F.);
#7664=ORIENTED_EDGE('',*,*,#5550,.F.);
#7665=ORIENTED_EDGE('',*,*,#5551,.F.);
#7666=ORIENTED_EDGE('',*,*,#5528,.T.);
#7667=ORIENTED_EDGE('',*,*,#5534,.F.);
#7668=ORIENTED_EDGE('',*,*,#5530,.F.);
#7669=ORIENTED_EDGE('',*,*,#5513,.T.);
#7670=ORIENTED_EDGE('',*,*,#5552,.F.);
#7671=ORIENTED_EDGE('',*,*,#5551,.T.);
#7672=ORIENTED_EDGE('',*,*,#5553,.T.);
#7673=ORIENTED_EDGE('',*,*,#5554,.F.);
#7674=ORIENTED_EDGE('',*,*,#5555,.T.);
#7675=ORIENTED_EDGE('',*,*,#5556,.F.);
#7676=ORIENTED_EDGE('',*,*,#5525,.F.);
#7677=ORIENTED_EDGE('',*,*,#5526,.F.);
#7678=ORIENTED_EDGE('',*,*,#5540,.F.);
#7679=ORIENTED_EDGE('',*,*,#5557,.F.);
#7680=ORIENTED_EDGE('',*,*,#5553,.F.);
#7681=ORIENTED_EDGE('',*,*,#5550,.T.);
#7682=ORIENTED_EDGE('',*,*,#5529,.T.);
#7683=ORIENTED_EDGE('',*,*,#5538,.T.);
#7684=ORIENTED_EDGE('',*,*,#5545,.F.);
#7685=ORIENTED_EDGE('',*,*,#5547,.F.);
#7686=ORIENTED_EDGE('',*,*,#5459,.T.);
#7687=ORIENTED_EDGE('',*,*,#5470,.T.);
#7688=ORIENTED_EDGE('',*,*,#5558,.T.);
#7689=ORIENTED_EDGE('',*,*,#5559,.T.);
#7690=ORIENTED_EDGE('',*,*,#5560,.T.);
#7691=ORIENTED_EDGE('',*,*,#5561,.T.);
#7692=ORIENTED_EDGE('',*,*,#5562,.T.);
#7693=ORIENTED_EDGE('',*,*,#5563,.T.);
#7694=ORIENTED_EDGE('',*,*,#5564,.T.);
#7695=ORIENTED_EDGE('',*,*,#5565,.T.);
#7696=ORIENTED_EDGE('',*,*,#5566,.T.);
#7697=ORIENTED_EDGE('',*,*,#5567,.T.);
#7698=ORIENTED_EDGE('',*,*,#5568,.T.);
#7699=ORIENTED_EDGE('',*,*,#5569,.T.);
#7700=ORIENTED_EDGE('',*,*,#5570,.T.);
#7701=ORIENTED_EDGE('',*,*,#5571,.T.);
#7702=ORIENTED_EDGE('',*,*,#5554,.T.);
#7703=ORIENTED_EDGE('',*,*,#5557,.T.);
#7704=ORIENTED_EDGE('',*,*,#5539,.T.);
#7705=ORIENTED_EDGE('',*,*,#5572,.T.);
#7706=ORIENTED_EDGE('',*,*,#5573,.T.);
#7707=ORIENTED_EDGE('',*,*,#5574,.F.);
#7708=ORIENTED_EDGE('',*,*,#5575,.T.);
#7709=ORIENTED_EDGE('',*,*,#5576,.T.);
#7710=ORIENTED_EDGE('',*,*,#5463,.T.);
#7711=ORIENTED_EDGE('',*,*,#5509,.T.);
#7712=ORIENTED_EDGE('',*,*,#5577,.T.);
#7713=ORIENTED_EDGE('',*,*,#5578,.T.);
#7714=ORIENTED_EDGE('',*,*,#5579,.F.);
#7715=ORIENTED_EDGE('',*,*,#5555,.F.);
#7716=ORIENTED_EDGE('',*,*,#5549,.T.);
#7717=ORIENTED_EDGE('',*,*,#5580,.F.);
#7718=ORIENTED_EDGE('',*,*,#5578,.F.);
#7719=ORIENTED_EDGE('',*,*,#5572,.F.);
#7720=ORIENTED_EDGE('',*,*,#5542,.T.);
#7721=ORIENTED_EDGE('',*,*,#5548,.T.);
#7722=ORIENTED_EDGE('',*,*,#5518,.F.);
#7723=ORIENTED_EDGE('',*,*,#5522,.T.);
#7724=ORIENTED_EDGE('',*,*,#5556,.T.);
#7725=ORIENTED_EDGE('',*,*,#5579,.T.);
#7726=ORIENTED_EDGE('',*,*,#5580,.T.);
#7727=ORIENTED_EDGE('',*,*,#5473,.T.);
#7728=ORIENTED_EDGE('',*,*,#5581,.T.);
#7729=ORIENTED_EDGE('',*,*,#5574,.T.);
#7730=ORIENTED_EDGE('',*,*,#5582,.T.);
#7731=ORIENTED_EDGE('',*,*,#5581,.F.);
#7732=ORIENTED_EDGE('',*,*,#5472,.F.);
#7733=ORIENTED_EDGE('',*,*,#5583,.F.);
#7734=ORIENTED_EDGE('',*,*,#5575,.F.);
#7735=ORIENTED_EDGE('',*,*,#5584,.F.);
#7736=ORIENTED_EDGE('',*,*,#5490,.F.);
#7737=ORIENTED_EDGE('',*,*,#5585,.F.);
#7738=ORIENTED_EDGE('',*,*,#5586,.F.);
#7739=ORIENTED_EDGE('',*,*,#5587,.T.);
#7740=ORIENTED_EDGE('',*,*,#5588,.F.);
#7741=ORIENTED_EDGE('',*,*,#5467,.F.);
#7742=ORIENTED_EDGE('',*,*,#5484,.F.);
#7743=ORIENTED_EDGE('',*,*,#5589,.F.);
#7744=ORIENTED_EDGE('',*,*,#5496,.F.);
#7745=ORIENTED_EDGE('',*,*,#5590,.F.);
#7746=ORIENTED_EDGE('',*,*,#5591,.F.);
#7747=ORIENTED_EDGE('',*,*,#5592,.F.);
#7748=ORIENTED_EDGE('',*,*,#5591,.T.);
#7749=ORIENTED_EDGE('',*,*,#5593,.F.);
#7750=ORIENTED_EDGE('',*,*,#5594,.F.);
#7751=ORIENTED_EDGE('',*,*,#5586,.T.);
#7752=ORIENTED_EDGE('',*,*,#5595,.F.);
#7753=ORIENTED_EDGE('',*,*,#5468,.F.);
#7754=ORIENTED_EDGE('',*,*,#5588,.T.);
#7755=ORIENTED_EDGE('',*,*,#5596,.F.);
#7756=ORIENTED_EDGE('',*,*,#5597,.F.);
#7757=ORIENTED_EDGE('',*,*,#5506,.T.);
#7758=ORIENTED_EDGE('',*,*,#5598,.F.);
#7759=ORIENTED_EDGE('',*,*,#5508,.T.);
#7760=ORIENTED_EDGE('',*,*,#5596,.T.);
#7761=ORIENTED_EDGE('',*,*,#5587,.F.);
#7762=ORIENTED_EDGE('',*,*,#5483,.F.);
#7763=ORIENTED_EDGE('',*,*,#5599,.F.);
#7764=ORIENTED_EDGE('',*,*,#5499,.F.);
#7765=ORIENTED_EDGE('',*,*,#5600,.F.);
#7766=ORIENTED_EDGE('',*,*,#5597,.T.);
#7767=ORIENTED_EDGE('',*,*,#5600,.T.);
#7768=ORIENTED_EDGE('',*,*,#5503,.F.);
#7769=ORIENTED_EDGE('',*,*,#5601,.F.);
#7770=ORIENTED_EDGE('',*,*,#5479,.F.);
#7771=ORIENTED_EDGE('',*,*,#5504,.T.);
#7772=ORIENTED_EDGE('',*,*,#5602,.T.);
#7773=ORIENTED_EDGE('',*,*,#5500,.F.);
#7774=ORIENTED_EDGE('',*,*,#5599,.T.);
#7775=ORIENTED_EDGE('',*,*,#5482,.F.);
#7776=ORIENTED_EDGE('',*,*,#5603,.T.);
#7777=ORIENTED_EDGE('',*,*,#5501,.F.);
#7778=ORIENTED_EDGE('',*,*,#5602,.F.);
#7779=ORIENTED_EDGE('',*,*,#5481,.F.);
#7780=ORIENTED_EDGE('',*,*,#5601,.T.);
#7781=ORIENTED_EDGE('',*,*,#5502,.F.);
#7782=ORIENTED_EDGE('',*,*,#5603,.F.);
#7783=ORIENTED_EDGE('',*,*,#5480,.F.);
#7784=ORIENTED_EDGE('',*,*,#5598,.T.);
#7785=ORIENTED_EDGE('',*,*,#5505,.T.);
#7786=ORIENTED_EDGE('',*,*,#5477,.F.);
#7787=ORIENTED_EDGE('',*,*,#5604,.T.);
#7788=ORIENTED_EDGE('',*,*,#5568,.F.);
#7789=ORIENTED_EDGE('',*,*,#5605,.F.);
#7790=ORIENTED_EDGE('',*,*,#5593,.T.);
#7791=ORIENTED_EDGE('',*,*,#5590,.T.);
#7792=ORIENTED_EDGE('',*,*,#5495,.F.);
#7793=ORIENTED_EDGE('',*,*,#5606,.T.);
#7794=ORIENTED_EDGE('',*,*,#5563,.F.);
#7795=ORIENTED_EDGE('',*,*,#5607,.F.);
#7796=ORIENTED_EDGE('',*,*,#5595,.T.);
#7797=ORIENTED_EDGE('',*,*,#5585,.T.);
#7798=ORIENTED_EDGE('',*,*,#5489,.F.);
#7799=ORIENTED_EDGE('',*,*,#5608,.T.);
#7800=ORIENTED_EDGE('',*,*,#5558,.F.);
#7801=ORIENTED_EDGE('',*,*,#5469,.F.);
#7802=ORIENTED_EDGE('',*,*,#5464,.T.);
#7803=ORIENTED_EDGE('',*,*,#5576,.F.);
#7804=ORIENTED_EDGE('',*,*,#5583,.T.);
#7805=ORIENTED_EDGE('',*,*,#5471,.F.);
#7806=ORIENTED_EDGE('',*,*,#5609,.F.);
#7807=ORIENTED_EDGE('',*,*,#5570,.F.);
#7808=ORIENTED_EDGE('',*,*,#5610,.F.);
#7809=ORIENTED_EDGE('',*,*,#5475,.F.);
#7810=ORIENTED_EDGE('',*,*,#5611,.T.);
#7811=ORIENTED_EDGE('',*,*,#5559,.F.);
#7812=ORIENTED_EDGE('',*,*,#5608,.F.);
#7813=ORIENTED_EDGE('',*,*,#5488,.F.);
#7814=ORIENTED_EDGE('',*,*,#5612,.T.);
#7815=ORIENTED_EDGE('',*,*,#5560,.F.);
#7816=ORIENTED_EDGE('',*,*,#5611,.F.);
#7817=ORIENTED_EDGE('',*,*,#5487,.F.);
#7818=ORIENTED_EDGE('',*,*,#5613,.T.);
#7819=ORIENTED_EDGE('',*,*,#5561,.F.);
#7820=ORIENTED_EDGE('',*,*,#5612,.F.);
#7821=ORIENTED_EDGE('',*,*,#5486,.F.);
#7822=ORIENTED_EDGE('',*,*,#5582,.F.);
#7823=ORIENTED_EDGE('',*,*,#5573,.F.);
#7824=ORIENTED_EDGE('',*,*,#5577,.F.);
#7825=ORIENTED_EDGE('',*,*,#5571,.F.);
#7826=ORIENTED_EDGE('',*,*,#5609,.T.);
#7827=ORIENTED_EDGE('',*,*,#5474,.F.);
#7828=ORIENTED_EDGE('',*,*,#5610,.T.);
#7829=ORIENTED_EDGE('',*,*,#5569,.F.);
#7830=ORIENTED_EDGE('',*,*,#5604,.F.);
#7831=ORIENTED_EDGE('',*,*,#5476,.F.);
#7832=ORIENTED_EDGE('',*,*,#5614,.T.);
#7833=ORIENTED_EDGE('',*,*,#5565,.F.);
#7834=ORIENTED_EDGE('',*,*,#5615,.F.);
#7835=ORIENTED_EDGE('',*,*,#5493,.F.);
#7836=ORIENTED_EDGE('',*,*,#5594,.T.);
#7837=ORIENTED_EDGE('',*,*,#5607,.T.);
#7838=ORIENTED_EDGE('',*,*,#5562,.F.);
#7839=ORIENTED_EDGE('',*,*,#5613,.F.);
#7840=ORIENTED_EDGE('',*,*,#5485,.F.);
#7841=ORIENTED_EDGE('',*,*,#5584,.T.);
#7842=ORIENTED_EDGE('',*,*,#5615,.T.);
#7843=ORIENTED_EDGE('',*,*,#5564,.F.);
#7844=ORIENTED_EDGE('',*,*,#5606,.F.);
#7845=ORIENTED_EDGE('',*,*,#5494,.F.);
#7846=ORIENTED_EDGE('',*,*,#5592,.T.);
#7847=ORIENTED_EDGE('',*,*,#5605,.T.);
#7848=ORIENTED_EDGE('',*,*,#5567,.F.);
#7849=ORIENTED_EDGE('',*,*,#5616,.F.);
#7850=ORIENTED_EDGE('',*,*,#5491,.F.);
#7851=ORIENTED_EDGE('',*,*,#5589,.T.);
#7852=ORIENTED_EDGE('',*,*,#5616,.T.);
#7853=ORIENTED_EDGE('',*,*,#5566,.F.);
#7854=ORIENTED_EDGE('',*,*,#5614,.F.);
#7855=ORIENTED_EDGE('',*,*,#5492,.F.);
#7856=ORIENTED_EDGE('',*,*,#5617,.F.);
#7857=ORIENTED_EDGE('',*,*,#5618,.T.);
#7858=ORIENTED_EDGE('',*,*,#5552,.T.);
#7859=ORIENTED_EDGE('',*,*,#5618,.F.);
#7860=ORIENTED_EDGE('',*,*,#5617,.T.);
#7861=ORIENTED_EDGE('',*,*,#5619,.F.);
#7862=ORIENTED_EDGE('',*,*,#5620,.F.);
#7863=ORIENTED_EDGE('',*,*,#5620,.T.);
#7864=ORIENTED_EDGE('',*,*,#5621,.T.);
#7865=ORIENTED_EDGE('',*,*,#5622,.F.);
#7866=ORIENTED_EDGE('',*,*,#5621,.F.);
#7867=ORIENTED_EDGE('',*,*,#5623,.T.);
#7868=ORIENTED_EDGE('',*,*,#5622,.T.);
#7869=ORIENTED_EDGE('',*,*,#5619,.T.);
#7870=ORIENTED_EDGE('',*,*,#5624,.T.);
#7871=ORIENTED_EDGE('',*,*,#5623,.F.);
#7872=ORIENTED_EDGE('',*,*,#5624,.F.);
#7873=ORIENTED_EDGE('',*,*,#5625,.F.);
#7874=ORIENTED_EDGE('',*,*,#5626,.F.);
#7875=ORIENTED_EDGE('',*,*,#5626,.T.);
#7876=ORIENTED_EDGE('',*,*,#5627,.T.);
#7877=ORIENTED_EDGE('',*,*,#5628,.F.);
#7878=ORIENTED_EDGE('',*,*,#5627,.F.);
#7879=ORIENTED_EDGE('',*,*,#5629,.T.);
#7880=ORIENTED_EDGE('',*,*,#5628,.T.);
#7881=ORIENTED_EDGE('',*,*,#5625,.T.);
#7882=ORIENTED_EDGE('',*,*,#5630,.T.);
#7883=ORIENTED_EDGE('',*,*,#5629,.F.);
#7884=ORIENTED_EDGE('',*,*,#5630,.F.);
#7885=ORIENTED_EDGE('',*,*,#5631,.F.);
#7886=ORIENTED_EDGE('',*,*,#5632,.F.);
#7887=ORIENTED_EDGE('',*,*,#5633,.F.);
#7888=ORIENTED_EDGE('',*,*,#5634,.F.);
#7889=ORIENTED_EDGE('',*,*,#5635,.F.);
#7890=ORIENTED_EDGE('',*,*,#5636,.F.);
#7891=ORIENTED_EDGE('',*,*,#5637,.F.);
#7892=ORIENTED_EDGE('',*,*,#5632,.T.);
#7893=ORIENTED_EDGE('',*,*,#5634,.T.);
#7894=ORIENTED_EDGE('',*,*,#5638,.F.);
#7895=ORIENTED_EDGE('',*,*,#5639,.T.);
#7896=ORIENTED_EDGE('',*,*,#5640,.T.);
#7897=ORIENTED_EDGE('',*,*,#5641,.T.);
#7898=ORIENTED_EDGE('',*,*,#5642,.F.);
#7899=ORIENTED_EDGE('',*,*,#5633,.T.);
#7900=ORIENTED_EDGE('',*,*,#5637,.T.);
#7901=ORIENTED_EDGE('',*,*,#5643,.T.);
#7902=ORIENTED_EDGE('',*,*,#5644,.T.);
#7903=ORIENTED_EDGE('',*,*,#5645,.F.);
#7904=ORIENTED_EDGE('',*,*,#5646,.T.);
#7905=ORIENTED_EDGE('',*,*,#5647,.T.);
#7906=ORIENTED_EDGE('',*,*,#5648,.T.);
#7907=ORIENTED_EDGE('',*,*,#5649,.T.);
#7908=ORIENTED_EDGE('',*,*,#5650,.T.);
#7909=ORIENTED_EDGE('',*,*,#5651,.T.);
#7910=ORIENTED_EDGE('',*,*,#5652,.T.);
#7911=ORIENTED_EDGE('',*,*,#5653,.T.);
#7912=ORIENTED_EDGE('',*,*,#5654,.T.);
#7913=ORIENTED_EDGE('',*,*,#5655,.T.);
#7914=ORIENTED_EDGE('',*,*,#5656,.T.);
#7915=ORIENTED_EDGE('',*,*,#5638,.T.);
#7916=ORIENTED_EDGE('',*,*,#5657,.T.);
#7917=ORIENTED_EDGE('',*,*,#5658,.T.);
#7918=ORIENTED_EDGE('',*,*,#5659,.T.);
#7919=ORIENTED_EDGE('',*,*,#5660,.T.);
#7920=ORIENTED_EDGE('',*,*,#5661,.T.);
#7921=ORIENTED_EDGE('',*,*,#5662,.T.);
#7922=ORIENTED_EDGE('',*,*,#5663,.T.);
#7923=ORIENTED_EDGE('',*,*,#5664,.T.);
#7924=ORIENTED_EDGE('',*,*,#5665,.T.);
#7925=ORIENTED_EDGE('',*,*,#5666,.T.);
#7926=ORIENTED_EDGE('',*,*,#5667,.T.);
#7927=ORIENTED_EDGE('',*,*,#5668,.T.);
#7928=ORIENTED_EDGE('',*,*,#5669,.T.);
#7929=ORIENTED_EDGE('',*,*,#5670,.T.);
#7930=ORIENTED_EDGE('',*,*,#5671,.T.);
#7931=ORIENTED_EDGE('',*,*,#5672,.T.);
#7932=ORIENTED_EDGE('',*,*,#5673,.T.);
#7933=ORIENTED_EDGE('',*,*,#5674,.T.);
#7934=ORIENTED_EDGE('',*,*,#5675,.T.);
#7935=ORIENTED_EDGE('',*,*,#5676,.F.);
#7936=ORIENTED_EDGE('',*,*,#5650,.F.);
#7937=ORIENTED_EDGE('',*,*,#5677,.F.);
#7938=ORIENTED_EDGE('',*,*,#5678,.F.);
#7939=ORIENTED_EDGE('',*,*,#5670,.F.);
#7940=ORIENTED_EDGE('',*,*,#5679,.T.);
#7941=ORIENTED_EDGE('',*,*,#5680,.F.);
#7942=ORIENTED_EDGE('',*,*,#5679,.F.);
#7943=ORIENTED_EDGE('',*,*,#5681,.F.);
#7944=ORIENTED_EDGE('',*,*,#5682,.T.);
#7945=ORIENTED_EDGE('',*,*,#5669,.F.);
#7946=ORIENTED_EDGE('',*,*,#5682,.F.);
#7947=ORIENTED_EDGE('',*,*,#5683,.F.);
#7948=ORIENTED_EDGE('',*,*,#5684,.T.);
#7949=ORIENTED_EDGE('',*,*,#5685,.F.);
#7950=ORIENTED_EDGE('',*,*,#5684,.F.);
#7951=ORIENTED_EDGE('',*,*,#5686,.F.);
#7952=ORIENTED_EDGE('',*,*,#5687,.T.);
#7953=ORIENTED_EDGE('',*,*,#5688,.F.);
#7954=ORIENTED_EDGE('',*,*,#5689,.F.);
#7955=ORIENTED_EDGE('',*,*,#5690,.T.);
#7956=ORIENTED_EDGE('',*,*,#5691,.T.);
#7957=ORIENTED_EDGE('',*,*,#5692,.F.);
#7958=ORIENTED_EDGE('',*,*,#5693,.F.);
#7959=ORIENTED_EDGE('',*,*,#5694,.F.);
#7960=ORIENTED_EDGE('',*,*,#5693,.T.);
#7961=ORIENTED_EDGE('',*,*,#5695,.F.);
#7962=ORIENTED_EDGE('',*,*,#5696,.F.);
#7963=ORIENTED_EDGE('',*,*,#5697,.T.);
#7964=ORIENTED_EDGE('',*,*,#5698,.T.);
#7965=ORIENTED_EDGE('',*,*,#5696,.T.);
#7966=ORIENTED_EDGE('',*,*,#5699,.F.);
#7967=ORIENTED_EDGE('',*,*,#5700,.F.);
#7968=ORIENTED_EDGE('',*,*,#5701,.F.);
#7969=ORIENTED_EDGE('',*,*,#5702,.T.);
#7970=ORIENTED_EDGE('',*,*,#5703,.F.);
#7971=ORIENTED_EDGE('',*,*,#5704,.F.);
#7972=ORIENTED_EDGE('',*,*,#5705,.T.);
#7973=ORIENTED_EDGE('',*,*,#5703,.T.);
#7974=ORIENTED_EDGE('',*,*,#5706,.T.);
#7975=ORIENTED_EDGE('',*,*,#5699,.T.);
#7976=ORIENTED_EDGE('',*,*,#5695,.T.);
#7977=ORIENTED_EDGE('',*,*,#5692,.T.);
#7978=ORIENTED_EDGE('',*,*,#5707,.T.);
#7979=ORIENTED_EDGE('',*,*,#5688,.T.);
#7980=ORIENTED_EDGE('',*,*,#5708,.F.);
#7981=ORIENTED_EDGE('',*,*,#5709,.F.);
#7982=ORIENTED_EDGE('',*,*,#5710,.F.);
#7983=ORIENTED_EDGE('',*,*,#5704,.T.);
#7984=ORIENTED_EDGE('',*,*,#5705,.F.);
#7985=ORIENTED_EDGE('',*,*,#5687,.F.);
#7986=ORIENTED_EDGE('',*,*,#5683,.T.);
#7987=ORIENTED_EDGE('',*,*,#5711,.F.);
#7988=ORIENTED_EDGE('',*,*,#5712,.T.);
#7989=ORIENTED_EDGE('',*,*,#5713,.T.);
#7990=ORIENTED_EDGE('',*,*,#5714,.F.);
#7991=ORIENTED_EDGE('',*,*,#5709,.T.);
#7992=ORIENTED_EDGE('',*,*,#5715,.F.);
#7993=ORIENTED_EDGE('',*,*,#5716,.F.);
#7994=ORIENTED_EDGE('',*,*,#5717,.T.);
#7995=ORIENTED_EDGE('',*,*,#5708,.T.);
#7996=ORIENTED_EDGE('',*,*,#5686,.T.);
#7997=ORIENTED_EDGE('',*,*,#5718,.F.);
#7998=ORIENTED_EDGE('',*,*,#5715,.T.);
#7999=ORIENTED_EDGE('',*,*,#5719,.T.);
#8000=ORIENTED_EDGE('',*,*,#5716,.T.);
#8001=ORIENTED_EDGE('',*,*,#5718,.T.);
#8002=ORIENTED_EDGE('',*,*,#5689,.T.);
#8003=ORIENTED_EDGE('',*,*,#5707,.F.);
#8004=ORIENTED_EDGE('',*,*,#5691,.F.);
#8005=ORIENTED_EDGE('',*,*,#5720,.F.);
#8006=ORIENTED_EDGE('',*,*,#5721,.F.);
#8007=ORIENTED_EDGE('',*,*,#5713,.F.);
#8008=ORIENTED_EDGE('',*,*,#5722,.F.);
#8009=ORIENTED_EDGE('',*,*,#5723,.F.);
#8010=ORIENTED_EDGE('',*,*,#5700,.T.);
#8011=ORIENTED_EDGE('',*,*,#5706,.F.);
#8012=ORIENTED_EDGE('',*,*,#5702,.F.);
#8013=ORIENTED_EDGE('',*,*,#5685,.T.);
#8014=ORIENTED_EDGE('',*,*,#5724,.F.);
#8015=ORIENTED_EDGE('',*,*,#5723,.T.);
#8016=ORIENTED_EDGE('',*,*,#5725,.T.);
#8017=ORIENTED_EDGE('',*,*,#5726,.F.);
#8018=ORIENTED_EDGE('',*,*,#5727,.T.);
#8019=ORIENTED_EDGE('',*,*,#5728,.F.);
#8020=ORIENTED_EDGE('',*,*,#5697,.F.);
#8021=ORIENTED_EDGE('',*,*,#5698,.F.);
#8022=ORIENTED_EDGE('',*,*,#5712,.F.);
#8023=ORIENTED_EDGE('',*,*,#5729,.F.);
#8024=ORIENTED_EDGE('',*,*,#5725,.F.);
#8025=ORIENTED_EDGE('',*,*,#5722,.T.);
#8026=ORIENTED_EDGE('',*,*,#5701,.T.);
#8027=ORIENTED_EDGE('',*,*,#5710,.T.);
#8028=ORIENTED_EDGE('',*,*,#5717,.F.);
#8029=ORIENTED_EDGE('',*,*,#5719,.F.);
#8030=ORIENTED_EDGE('',*,*,#5631,.T.);
#8031=ORIENTED_EDGE('',*,*,#5642,.T.);
#8032=ORIENTED_EDGE('',*,*,#5730,.T.);
#8033=ORIENTED_EDGE('',*,*,#5731,.T.);
#8034=ORIENTED_EDGE('',*,*,#5732,.T.);
#8035=ORIENTED_EDGE('',*,*,#5733,.T.);
#8036=ORIENTED_EDGE('',*,*,#5734,.T.);
#8037=ORIENTED_EDGE('',*,*,#5735,.T.);
#8038=ORIENTED_EDGE('',*,*,#5736,.T.);
#8039=ORIENTED_EDGE('',*,*,#5737,.T.);
#8040=ORIENTED_EDGE('',*,*,#5738,.T.);
#8041=ORIENTED_EDGE('',*,*,#5739,.T.);
#8042=ORIENTED_EDGE('',*,*,#5740,.T.);
#8043=ORIENTED_EDGE('',*,*,#5741,.T.);
#8044=ORIENTED_EDGE('',*,*,#5742,.T.);
#8045=ORIENTED_EDGE('',*,*,#5743,.T.);
#8046=ORIENTED_EDGE('',*,*,#5726,.T.);
#8047=ORIENTED_EDGE('',*,*,#5729,.T.);
#8048=ORIENTED_EDGE('',*,*,#5711,.T.);
#8049=ORIENTED_EDGE('',*,*,#5744,.T.);
#8050=ORIENTED_EDGE('',*,*,#5745,.T.);
#8051=ORIENTED_EDGE('',*,*,#5746,.F.);
#8052=ORIENTED_EDGE('',*,*,#5747,.T.);
#8053=ORIENTED_EDGE('',*,*,#5748,.T.);
#8054=ORIENTED_EDGE('',*,*,#5635,.T.);
#8055=ORIENTED_EDGE('',*,*,#5681,.T.);
#8056=ORIENTED_EDGE('',*,*,#5749,.T.);
#8057=ORIENTED_EDGE('',*,*,#5750,.T.);
#8058=ORIENTED_EDGE('',*,*,#5751,.F.);
#8059=ORIENTED_EDGE('',*,*,#5727,.F.);
#8060=ORIENTED_EDGE('',*,*,#5721,.T.);
#8061=ORIENTED_EDGE('',*,*,#5752,.F.);
#8062=ORIENTED_EDGE('',*,*,#5750,.F.);
#8063=ORIENTED_EDGE('',*,*,#5744,.F.);
#8064=ORIENTED_EDGE('',*,*,#5714,.T.);
#8065=ORIENTED_EDGE('',*,*,#5720,.T.);
#8066=ORIENTED_EDGE('',*,*,#5690,.F.);
#8067=ORIENTED_EDGE('',*,*,#5694,.T.);
#8068=ORIENTED_EDGE('',*,*,#5728,.T.);
#8069=ORIENTED_EDGE('',*,*,#5751,.T.);
#8070=ORIENTED_EDGE('',*,*,#5752,.T.);
#8071=ORIENTED_EDGE('',*,*,#5645,.T.);
#8072=ORIENTED_EDGE('',*,*,#5753,.T.);
#8073=ORIENTED_EDGE('',*,*,#5746,.T.);
#8074=ORIENTED_EDGE('',*,*,#5754,.T.);
#8075=ORIENTED_EDGE('',*,*,#5753,.F.);
#8076=ORIENTED_EDGE('',*,*,#5644,.F.);
#8077=ORIENTED_EDGE('',*,*,#5755,.F.);
#8078=ORIENTED_EDGE('',*,*,#5747,.F.);
#8079=ORIENTED_EDGE('',*,*,#5756,.F.);
#8080=ORIENTED_EDGE('',*,*,#5662,.F.);
#8081=ORIENTED_EDGE('',*,*,#5757,.F.);
#8082=ORIENTED_EDGE('',*,*,#5758,.F.);
#8083=ORIENTED_EDGE('',*,*,#5759,.T.);
#8084=ORIENTED_EDGE('',*,*,#5760,.F.);
#8085=ORIENTED_EDGE('',*,*,#5639,.F.);
#8086=ORIENTED_EDGE('',*,*,#5656,.F.);
#8087=ORIENTED_EDGE('',*,*,#5761,.F.);
#8088=ORIENTED_EDGE('',*,*,#5668,.F.);
#8089=ORIENTED_EDGE('',*,*,#5762,.F.);
#8090=ORIENTED_EDGE('',*,*,#5763,.F.);
#8091=ORIENTED_EDGE('',*,*,#5764,.F.);
#8092=ORIENTED_EDGE('',*,*,#5763,.T.);
#8093=ORIENTED_EDGE('',*,*,#5765,.F.);
#8094=ORIENTED_EDGE('',*,*,#5766,.F.);
#8095=ORIENTED_EDGE('',*,*,#5758,.T.);
#8096=ORIENTED_EDGE('',*,*,#5767,.F.);
#8097=ORIENTED_EDGE('',*,*,#5640,.F.);
#8098=ORIENTED_EDGE('',*,*,#5760,.T.);
#8099=ORIENTED_EDGE('',*,*,#5768,.F.);
#8100=ORIENTED_EDGE('',*,*,#5769,.F.);
#8101=ORIENTED_EDGE('',*,*,#5678,.T.);
#8102=ORIENTED_EDGE('',*,*,#5770,.F.);
#8103=ORIENTED_EDGE('',*,*,#5680,.T.);
#8104=ORIENTED_EDGE('',*,*,#5768,.T.);
#8105=ORIENTED_EDGE('',*,*,#5759,.F.);
#8106=ORIENTED_EDGE('',*,*,#5655,.F.);
#8107=ORIENTED_EDGE('',*,*,#5771,.F.);
#8108=ORIENTED_EDGE('',*,*,#5671,.F.);
#8109=ORIENTED_EDGE('',*,*,#5772,.F.);
#8110=ORIENTED_EDGE('',*,*,#5769,.T.);
#8111=ORIENTED_EDGE('',*,*,#5772,.T.);
#8112=ORIENTED_EDGE('',*,*,#5675,.F.);
#8113=ORIENTED_EDGE('',*,*,#5773,.F.);
#8114=ORIENTED_EDGE('',*,*,#5651,.F.);
#8115=ORIENTED_EDGE('',*,*,#5676,.T.);
#8116=ORIENTED_EDGE('',*,*,#5774,.T.);
#8117=ORIENTED_EDGE('',*,*,#5672,.F.);
#8118=ORIENTED_EDGE('',*,*,#5771,.T.);
#8119=ORIENTED_EDGE('',*,*,#5654,.F.);
#8120=ORIENTED_EDGE('',*,*,#5775,.T.);
#8121=ORIENTED_EDGE('',*,*,#5673,.F.);
#8122=ORIENTED_EDGE('',*,*,#5774,.F.);
#8123=ORIENTED_EDGE('',*,*,#5653,.F.);
#8124=ORIENTED_EDGE('',*,*,#5773,.T.);
#8125=ORIENTED_EDGE('',*,*,#5674,.F.);
#8126=ORIENTED_EDGE('',*,*,#5775,.F.);
#8127=ORIENTED_EDGE('',*,*,#5652,.F.);
#8128=ORIENTED_EDGE('',*,*,#5770,.T.);
#8129=ORIENTED_EDGE('',*,*,#5677,.T.);
#8130=ORIENTED_EDGE('',*,*,#5649,.F.);
#8131=ORIENTED_EDGE('',*,*,#5776,.T.);
#8132=ORIENTED_EDGE('',*,*,#5740,.F.);
#8133=ORIENTED_EDGE('',*,*,#5777,.F.);
#8134=ORIENTED_EDGE('',*,*,#5765,.T.);
#8135=ORIENTED_EDGE('',*,*,#5762,.T.);
#8136=ORIENTED_EDGE('',*,*,#5667,.F.);
#8137=ORIENTED_EDGE('',*,*,#5778,.T.);
#8138=ORIENTED_EDGE('',*,*,#5735,.F.);
#8139=ORIENTED_EDGE('',*,*,#5779,.F.);
#8140=ORIENTED_EDGE('',*,*,#5767,.T.);
#8141=ORIENTED_EDGE('',*,*,#5757,.T.);
#8142=ORIENTED_EDGE('',*,*,#5661,.F.);
#8143=ORIENTED_EDGE('',*,*,#5780,.T.);
#8144=ORIENTED_EDGE('',*,*,#5730,.F.);
#8145=ORIENTED_EDGE('',*,*,#5641,.F.);
#8146=ORIENTED_EDGE('',*,*,#5636,.T.);
#8147=ORIENTED_EDGE('',*,*,#5748,.F.);
#8148=ORIENTED_EDGE('',*,*,#5755,.T.);
#8149=ORIENTED_EDGE('',*,*,#5643,.F.);
#8150=ORIENTED_EDGE('',*,*,#5781,.F.);
#8151=ORIENTED_EDGE('',*,*,#5742,.F.);
#8152=ORIENTED_EDGE('',*,*,#5782,.F.);
#8153=ORIENTED_EDGE('',*,*,#5647,.F.);
#8154=ORIENTED_EDGE('',*,*,#5783,.T.);
#8155=ORIENTED_EDGE('',*,*,#5731,.F.);
#8156=ORIENTED_EDGE('',*,*,#5780,.F.);
#8157=ORIENTED_EDGE('',*,*,#5660,.F.);
#8158=ORIENTED_EDGE('',*,*,#5784,.T.);
#8159=ORIENTED_EDGE('',*,*,#5732,.F.);
#8160=ORIENTED_EDGE('',*,*,#5783,.F.);
#8161=ORIENTED_EDGE('',*,*,#5659,.F.);
#8162=ORIENTED_EDGE('',*,*,#5785,.T.);
#8163=ORIENTED_EDGE('',*,*,#5733,.F.);
#8164=ORIENTED_EDGE('',*,*,#5784,.F.);
#8165=ORIENTED_EDGE('',*,*,#5658,.F.);
#8166=ORIENTED_EDGE('',*,*,#5754,.F.);
#8167=ORIENTED_EDGE('',*,*,#5745,.F.);
#8168=ORIENTED_EDGE('',*,*,#5749,.F.);
#8169=ORIENTED_EDGE('',*,*,#5743,.F.);
#8170=ORIENTED_EDGE('',*,*,#5781,.T.);
#8171=ORIENTED_EDGE('',*,*,#5646,.F.);
#8172=ORIENTED_EDGE('',*,*,#5782,.T.);
#8173=ORIENTED_EDGE('',*,*,#5741,.F.);
#8174=ORIENTED_EDGE('',*,*,#5776,.F.);
#8175=ORIENTED_EDGE('',*,*,#5648,.F.);
#8176=ORIENTED_EDGE('',*,*,#5786,.T.);
#8177=ORIENTED_EDGE('',*,*,#5737,.F.);
#8178=ORIENTED_EDGE('',*,*,#5787,.F.);
#8179=ORIENTED_EDGE('',*,*,#5665,.F.);
#8180=ORIENTED_EDGE('',*,*,#5766,.T.);
#8181=ORIENTED_EDGE('',*,*,#5779,.T.);
#8182=ORIENTED_EDGE('',*,*,#5734,.F.);
#8183=ORIENTED_EDGE('',*,*,#5785,.F.);
#8184=ORIENTED_EDGE('',*,*,#5657,.F.);
#8185=ORIENTED_EDGE('',*,*,#5756,.T.);
#8186=ORIENTED_EDGE('',*,*,#5787,.T.);
#8187=ORIENTED_EDGE('',*,*,#5736,.F.);
#8188=ORIENTED_EDGE('',*,*,#5778,.F.);
#8189=ORIENTED_EDGE('',*,*,#5666,.F.);
#8190=ORIENTED_EDGE('',*,*,#5764,.T.);
#8191=ORIENTED_EDGE('',*,*,#5777,.T.);
#8192=ORIENTED_EDGE('',*,*,#5739,.F.);
#8193=ORIENTED_EDGE('',*,*,#5788,.F.);
#8194=ORIENTED_EDGE('',*,*,#5663,.F.);
#8195=ORIENTED_EDGE('',*,*,#5761,.T.);
#8196=ORIENTED_EDGE('',*,*,#5788,.T.);
#8197=ORIENTED_EDGE('',*,*,#5738,.F.);
#8198=ORIENTED_EDGE('',*,*,#5786,.F.);
#8199=ORIENTED_EDGE('',*,*,#5664,.F.);
#8200=ORIENTED_EDGE('',*,*,#5789,.F.);
#8201=ORIENTED_EDGE('',*,*,#5790,.T.);
#8202=ORIENTED_EDGE('',*,*,#5724,.T.);
#8203=ORIENTED_EDGE('',*,*,#5790,.F.);
#8204=ORIENTED_EDGE('',*,*,#5789,.T.);
#8205=ORIENTED_EDGE('',*,*,#5791,.F.);
#8206=ORIENTED_EDGE('',*,*,#5792,.F.);
#8207=ORIENTED_EDGE('',*,*,#5793,.F.);
#8208=ORIENTED_EDGE('',*,*,#5794,.F.);
#8209=ORIENTED_EDGE('',*,*,#5795,.F.);
#8210=ORIENTED_EDGE('',*,*,#5796,.F.);
#8211=ORIENTED_EDGE('',*,*,#5797,.F.);
#8212=ORIENTED_EDGE('',*,*,#5792,.T.);
#8213=ORIENTED_EDGE('',*,*,#5794,.T.);
#8214=ORIENTED_EDGE('',*,*,#5798,.F.);
#8215=ORIENTED_EDGE('',*,*,#5799,.T.);
#8216=ORIENTED_EDGE('',*,*,#5800,.T.);
#8217=ORIENTED_EDGE('',*,*,#5801,.T.);
#8218=ORIENTED_EDGE('',*,*,#5802,.F.);
#8219=ORIENTED_EDGE('',*,*,#5793,.T.);
#8220=ORIENTED_EDGE('',*,*,#5797,.T.);
#8221=ORIENTED_EDGE('',*,*,#5803,.T.);
#8222=ORIENTED_EDGE('',*,*,#5804,.T.);
#8223=ORIENTED_EDGE('',*,*,#5805,.F.);
#8224=ORIENTED_EDGE('',*,*,#5806,.T.);
#8225=ORIENTED_EDGE('',*,*,#5807,.T.);
#8226=ORIENTED_EDGE('',*,*,#5808,.T.);
#8227=ORIENTED_EDGE('',*,*,#5809,.T.);
#8228=ORIENTED_EDGE('',*,*,#5810,.T.);
#8229=ORIENTED_EDGE('',*,*,#5811,.T.);
#8230=ORIENTED_EDGE('',*,*,#5812,.T.);
#8231=ORIENTED_EDGE('',*,*,#5813,.T.);
#8232=ORIENTED_EDGE('',*,*,#5814,.T.);
#8233=ORIENTED_EDGE('',*,*,#5815,.T.);
#8234=ORIENTED_EDGE('',*,*,#5816,.T.);
#8235=ORIENTED_EDGE('',*,*,#5798,.T.);
#8236=ORIENTED_EDGE('',*,*,#5817,.T.);
#8237=ORIENTED_EDGE('',*,*,#5818,.T.);
#8238=ORIENTED_EDGE('',*,*,#5819,.T.);
#8239=ORIENTED_EDGE('',*,*,#5820,.T.);
#8240=ORIENTED_EDGE('',*,*,#5821,.T.);
#8241=ORIENTED_EDGE('',*,*,#5822,.T.);
#8242=ORIENTED_EDGE('',*,*,#5823,.T.);
#8243=ORIENTED_EDGE('',*,*,#5824,.T.);
#8244=ORIENTED_EDGE('',*,*,#5825,.T.);
#8245=ORIENTED_EDGE('',*,*,#5826,.T.);
#8246=ORIENTED_EDGE('',*,*,#5827,.T.);
#8247=ORIENTED_EDGE('',*,*,#5828,.T.);
#8248=ORIENTED_EDGE('',*,*,#5829,.T.);
#8249=ORIENTED_EDGE('',*,*,#5830,.T.);
#8250=ORIENTED_EDGE('',*,*,#5831,.T.);
#8251=ORIENTED_EDGE('',*,*,#5832,.T.);
#8252=ORIENTED_EDGE('',*,*,#5833,.T.);
#8253=ORIENTED_EDGE('',*,*,#5834,.T.);
#8254=ORIENTED_EDGE('',*,*,#5835,.T.);
#8255=ORIENTED_EDGE('',*,*,#5836,.F.);
#8256=ORIENTED_EDGE('',*,*,#5810,.F.);
#8257=ORIENTED_EDGE('',*,*,#5837,.F.);
#8258=ORIENTED_EDGE('',*,*,#5838,.F.);
#8259=ORIENTED_EDGE('',*,*,#5830,.F.);
#8260=ORIENTED_EDGE('',*,*,#5839,.T.);
#8261=ORIENTED_EDGE('',*,*,#5840,.F.);
#8262=ORIENTED_EDGE('',*,*,#5839,.F.);
#8263=ORIENTED_EDGE('',*,*,#5841,.F.);
#8264=ORIENTED_EDGE('',*,*,#5842,.T.);
#8265=ORIENTED_EDGE('',*,*,#5829,.F.);
#8266=ORIENTED_EDGE('',*,*,#5842,.F.);
#8267=ORIENTED_EDGE('',*,*,#5843,.F.);
#8268=ORIENTED_EDGE('',*,*,#5844,.T.);
#8269=ORIENTED_EDGE('',*,*,#5845,.F.);
#8270=ORIENTED_EDGE('',*,*,#5844,.F.);
#8271=ORIENTED_EDGE('',*,*,#5846,.F.);
#8272=ORIENTED_EDGE('',*,*,#5847,.T.);
#8273=ORIENTED_EDGE('',*,*,#5848,.F.);
#8274=ORIENTED_EDGE('',*,*,#5849,.F.);
#8275=ORIENTED_EDGE('',*,*,#5850,.T.);
#8276=ORIENTED_EDGE('',*,*,#5851,.T.);
#8277=ORIENTED_EDGE('',*,*,#5852,.F.);
#8278=ORIENTED_EDGE('',*,*,#5853,.F.);
#8279=ORIENTED_EDGE('',*,*,#5854,.F.);
#8280=ORIENTED_EDGE('',*,*,#5853,.T.);
#8281=ORIENTED_EDGE('',*,*,#5855,.F.);
#8282=ORIENTED_EDGE('',*,*,#5856,.F.);
#8283=ORIENTED_EDGE('',*,*,#5857,.T.);
#8284=ORIENTED_EDGE('',*,*,#5858,.T.);
#8285=ORIENTED_EDGE('',*,*,#5856,.T.);
#8286=ORIENTED_EDGE('',*,*,#5859,.F.);
#8287=ORIENTED_EDGE('',*,*,#5860,.F.);
#8288=ORIENTED_EDGE('',*,*,#5861,.F.);
#8289=ORIENTED_EDGE('',*,*,#5862,.T.);
#8290=ORIENTED_EDGE('',*,*,#5863,.F.);
#8291=ORIENTED_EDGE('',*,*,#5864,.F.);
#8292=ORIENTED_EDGE('',*,*,#5865,.T.);
#8293=ORIENTED_EDGE('',*,*,#5863,.T.);
#8294=ORIENTED_EDGE('',*,*,#5866,.T.);
#8295=ORIENTED_EDGE('',*,*,#5859,.T.);
#8296=ORIENTED_EDGE('',*,*,#5855,.T.);
#8297=ORIENTED_EDGE('',*,*,#5852,.T.);
#8298=ORIENTED_EDGE('',*,*,#5867,.T.);
#8299=ORIENTED_EDGE('',*,*,#5848,.T.);
#8300=ORIENTED_EDGE('',*,*,#5868,.F.);
#8301=ORIENTED_EDGE('',*,*,#5869,.F.);
#8302=ORIENTED_EDGE('',*,*,#5870,.F.);
#8303=ORIENTED_EDGE('',*,*,#5864,.T.);
#8304=ORIENTED_EDGE('',*,*,#5865,.F.);
#8305=ORIENTED_EDGE('',*,*,#5847,.F.);
#8306=ORIENTED_EDGE('',*,*,#5843,.T.);
#8307=ORIENTED_EDGE('',*,*,#5871,.F.);
#8308=ORIENTED_EDGE('',*,*,#5872,.T.);
#8309=ORIENTED_EDGE('',*,*,#5873,.T.);
#8310=ORIENTED_EDGE('',*,*,#5874,.F.);
#8311=ORIENTED_EDGE('',*,*,#5869,.T.);
#8312=ORIENTED_EDGE('',*,*,#5875,.F.);
#8313=ORIENTED_EDGE('',*,*,#5876,.F.);
#8314=ORIENTED_EDGE('',*,*,#5877,.T.);
#8315=ORIENTED_EDGE('',*,*,#5868,.T.);
#8316=ORIENTED_EDGE('',*,*,#5846,.T.);
#8317=ORIENTED_EDGE('',*,*,#5878,.F.);
#8318=ORIENTED_EDGE('',*,*,#5875,.T.);
#8319=ORIENTED_EDGE('',*,*,#5879,.T.);
#8320=ORIENTED_EDGE('',*,*,#5876,.T.);
#8321=ORIENTED_EDGE('',*,*,#5878,.T.);
#8322=ORIENTED_EDGE('',*,*,#5849,.T.);
#8323=ORIENTED_EDGE('',*,*,#5867,.F.);
#8324=ORIENTED_EDGE('',*,*,#5851,.F.);
#8325=ORIENTED_EDGE('',*,*,#5880,.F.);
#8326=ORIENTED_EDGE('',*,*,#5881,.F.);
#8327=ORIENTED_EDGE('',*,*,#5873,.F.);
#8328=ORIENTED_EDGE('',*,*,#5882,.F.);
#8329=ORIENTED_EDGE('',*,*,#5883,.F.);
#8330=ORIENTED_EDGE('',*,*,#5860,.T.);
#8331=ORIENTED_EDGE('',*,*,#5866,.F.);
#8332=ORIENTED_EDGE('',*,*,#5862,.F.);
#8333=ORIENTED_EDGE('',*,*,#5845,.T.);
#8334=ORIENTED_EDGE('',*,*,#5884,.F.);
#8335=ORIENTED_EDGE('',*,*,#5883,.T.);
#8336=ORIENTED_EDGE('',*,*,#5885,.T.);
#8337=ORIENTED_EDGE('',*,*,#5886,.F.);
#8338=ORIENTED_EDGE('',*,*,#5887,.T.);
#8339=ORIENTED_EDGE('',*,*,#5888,.F.);
#8340=ORIENTED_EDGE('',*,*,#5857,.F.);
#8341=ORIENTED_EDGE('',*,*,#5858,.F.);
#8342=ORIENTED_EDGE('',*,*,#5872,.F.);
#8343=ORIENTED_EDGE('',*,*,#5889,.F.);
#8344=ORIENTED_EDGE('',*,*,#5885,.F.);
#8345=ORIENTED_EDGE('',*,*,#5882,.T.);
#8346=ORIENTED_EDGE('',*,*,#5861,.T.);
#8347=ORIENTED_EDGE('',*,*,#5870,.T.);
#8348=ORIENTED_EDGE('',*,*,#5877,.F.);
#8349=ORIENTED_EDGE('',*,*,#5879,.F.);
#8350=ORIENTED_EDGE('',*,*,#5791,.T.);
#8351=ORIENTED_EDGE('',*,*,#5802,.T.);
#8352=ORIENTED_EDGE('',*,*,#5890,.T.);
#8353=ORIENTED_EDGE('',*,*,#5891,.T.);
#8354=ORIENTED_EDGE('',*,*,#5892,.T.);
#8355=ORIENTED_EDGE('',*,*,#5893,.T.);
#8356=ORIENTED_EDGE('',*,*,#5894,.T.);
#8357=ORIENTED_EDGE('',*,*,#5895,.T.);
#8358=ORIENTED_EDGE('',*,*,#5896,.T.);
#8359=ORIENTED_EDGE('',*,*,#5897,.T.);
#8360=ORIENTED_EDGE('',*,*,#5898,.T.);
#8361=ORIENTED_EDGE('',*,*,#5899,.T.);
#8362=ORIENTED_EDGE('',*,*,#5900,.T.);
#8363=ORIENTED_EDGE('',*,*,#5901,.T.);
#8364=ORIENTED_EDGE('',*,*,#5902,.T.);
#8365=ORIENTED_EDGE('',*,*,#5903,.T.);
#8366=ORIENTED_EDGE('',*,*,#5886,.T.);
#8367=ORIENTED_EDGE('',*,*,#5889,.T.);
#8368=ORIENTED_EDGE('',*,*,#5871,.T.);
#8369=ORIENTED_EDGE('',*,*,#5904,.T.);
#8370=ORIENTED_EDGE('',*,*,#5905,.T.);
#8371=ORIENTED_EDGE('',*,*,#5906,.F.);
#8372=ORIENTED_EDGE('',*,*,#5907,.T.);
#8373=ORIENTED_EDGE('',*,*,#5908,.T.);
#8374=ORIENTED_EDGE('',*,*,#5795,.T.);
#8375=ORIENTED_EDGE('',*,*,#5841,.T.);
#8376=ORIENTED_EDGE('',*,*,#5909,.T.);
#8377=ORIENTED_EDGE('',*,*,#5910,.T.);
#8378=ORIENTED_EDGE('',*,*,#5911,.F.);
#8379=ORIENTED_EDGE('',*,*,#5887,.F.);
#8380=ORIENTED_EDGE('',*,*,#5881,.T.);
#8381=ORIENTED_EDGE('',*,*,#5912,.F.);
#8382=ORIENTED_EDGE('',*,*,#5910,.F.);
#8383=ORIENTED_EDGE('',*,*,#5904,.F.);
#8384=ORIENTED_EDGE('',*,*,#5874,.T.);
#8385=ORIENTED_EDGE('',*,*,#5880,.T.);
#8386=ORIENTED_EDGE('',*,*,#5850,.F.);
#8387=ORIENTED_EDGE('',*,*,#5854,.T.);
#8388=ORIENTED_EDGE('',*,*,#5888,.T.);
#8389=ORIENTED_EDGE('',*,*,#5911,.T.);
#8390=ORIENTED_EDGE('',*,*,#5912,.T.);
#8391=ORIENTED_EDGE('',*,*,#5805,.T.);
#8392=ORIENTED_EDGE('',*,*,#5913,.T.);
#8393=ORIENTED_EDGE('',*,*,#5906,.T.);
#8394=ORIENTED_EDGE('',*,*,#5914,.T.);
#8395=ORIENTED_EDGE('',*,*,#5913,.F.);
#8396=ORIENTED_EDGE('',*,*,#5804,.F.);
#8397=ORIENTED_EDGE('',*,*,#5915,.F.);
#8398=ORIENTED_EDGE('',*,*,#5907,.F.);
#8399=ORIENTED_EDGE('',*,*,#5916,.F.);
#8400=ORIENTED_EDGE('',*,*,#5822,.F.);
#8401=ORIENTED_EDGE('',*,*,#5917,.F.);
#8402=ORIENTED_EDGE('',*,*,#5918,.F.);
#8403=ORIENTED_EDGE('',*,*,#5919,.T.);
#8404=ORIENTED_EDGE('',*,*,#5920,.F.);
#8405=ORIENTED_EDGE('',*,*,#5799,.F.);
#8406=ORIENTED_EDGE('',*,*,#5816,.F.);
#8407=ORIENTED_EDGE('',*,*,#5921,.F.);
#8408=ORIENTED_EDGE('',*,*,#5828,.F.);
#8409=ORIENTED_EDGE('',*,*,#5922,.F.);
#8410=ORIENTED_EDGE('',*,*,#5923,.F.);
#8411=ORIENTED_EDGE('',*,*,#5924,.F.);
#8412=ORIENTED_EDGE('',*,*,#5923,.T.);
#8413=ORIENTED_EDGE('',*,*,#5925,.F.);
#8414=ORIENTED_EDGE('',*,*,#5926,.F.);
#8415=ORIENTED_EDGE('',*,*,#5918,.T.);
#8416=ORIENTED_EDGE('',*,*,#5927,.F.);
#8417=ORIENTED_EDGE('',*,*,#5800,.F.);
#8418=ORIENTED_EDGE('',*,*,#5920,.T.);
#8419=ORIENTED_EDGE('',*,*,#5928,.F.);
#8420=ORIENTED_EDGE('',*,*,#5929,.F.);
#8421=ORIENTED_EDGE('',*,*,#5838,.T.);
#8422=ORIENTED_EDGE('',*,*,#5930,.F.);
#8423=ORIENTED_EDGE('',*,*,#5840,.T.);
#8424=ORIENTED_EDGE('',*,*,#5928,.T.);
#8425=ORIENTED_EDGE('',*,*,#5919,.F.);
#8426=ORIENTED_EDGE('',*,*,#5815,.F.);
#8427=ORIENTED_EDGE('',*,*,#5931,.F.);
#8428=ORIENTED_EDGE('',*,*,#5831,.F.);
#8429=ORIENTED_EDGE('',*,*,#5932,.F.);
#8430=ORIENTED_EDGE('',*,*,#5929,.T.);
#8431=ORIENTED_EDGE('',*,*,#5932,.T.);
#8432=ORIENTED_EDGE('',*,*,#5835,.F.);
#8433=ORIENTED_EDGE('',*,*,#5933,.F.);
#8434=ORIENTED_EDGE('',*,*,#5811,.F.);
#8435=ORIENTED_EDGE('',*,*,#5836,.T.);
#8436=ORIENTED_EDGE('',*,*,#5934,.T.);
#8437=ORIENTED_EDGE('',*,*,#5832,.F.);
#8438=ORIENTED_EDGE('',*,*,#5931,.T.);
#8439=ORIENTED_EDGE('',*,*,#5814,.F.);
#8440=ORIENTED_EDGE('',*,*,#5935,.T.);
#8441=ORIENTED_EDGE('',*,*,#5833,.F.);
#8442=ORIENTED_EDGE('',*,*,#5934,.F.);
#8443=ORIENTED_EDGE('',*,*,#5813,.F.);
#8444=ORIENTED_EDGE('',*,*,#5933,.T.);
#8445=ORIENTED_EDGE('',*,*,#5834,.F.);
#8446=ORIENTED_EDGE('',*,*,#5935,.F.);
#8447=ORIENTED_EDGE('',*,*,#5812,.F.);
#8448=ORIENTED_EDGE('',*,*,#5930,.T.);
#8449=ORIENTED_EDGE('',*,*,#5837,.T.);
#8450=ORIENTED_EDGE('',*,*,#5809,.F.);
#8451=ORIENTED_EDGE('',*,*,#5936,.T.);
#8452=ORIENTED_EDGE('',*,*,#5900,.F.);
#8453=ORIENTED_EDGE('',*,*,#5937,.F.);
#8454=ORIENTED_EDGE('',*,*,#5925,.T.);
#8455=ORIENTED_EDGE('',*,*,#5922,.T.);
#8456=ORIENTED_EDGE('',*,*,#5827,.F.);
#8457=ORIENTED_EDGE('',*,*,#5938,.T.);
#8458=ORIENTED_EDGE('',*,*,#5895,.F.);
#8459=ORIENTED_EDGE('',*,*,#5939,.F.);
#8460=ORIENTED_EDGE('',*,*,#5927,.T.);
#8461=ORIENTED_EDGE('',*,*,#5917,.T.);
#8462=ORIENTED_EDGE('',*,*,#5821,.F.);
#8463=ORIENTED_EDGE('',*,*,#5940,.T.);
#8464=ORIENTED_EDGE('',*,*,#5890,.F.);
#8465=ORIENTED_EDGE('',*,*,#5801,.F.);
#8466=ORIENTED_EDGE('',*,*,#5796,.T.);
#8467=ORIENTED_EDGE('',*,*,#5908,.F.);
#8468=ORIENTED_EDGE('',*,*,#5915,.T.);
#8469=ORIENTED_EDGE('',*,*,#5803,.F.);
#8470=ORIENTED_EDGE('',*,*,#5941,.F.);
#8471=ORIENTED_EDGE('',*,*,#5902,.F.);
#8472=ORIENTED_EDGE('',*,*,#5942,.F.);
#8473=ORIENTED_EDGE('',*,*,#5807,.F.);
#8474=ORIENTED_EDGE('',*,*,#5943,.T.);
#8475=ORIENTED_EDGE('',*,*,#5891,.F.);
#8476=ORIENTED_EDGE('',*,*,#5940,.F.);
#8477=ORIENTED_EDGE('',*,*,#5820,.F.);
#8478=ORIENTED_EDGE('',*,*,#5944,.T.);
#8479=ORIENTED_EDGE('',*,*,#5892,.F.);
#8480=ORIENTED_EDGE('',*,*,#5943,.F.);
#8481=ORIENTED_EDGE('',*,*,#5819,.F.);
#8482=ORIENTED_EDGE('',*,*,#5945,.T.);
#8483=ORIENTED_EDGE('',*,*,#5893,.F.);
#8484=ORIENTED_EDGE('',*,*,#5944,.F.);
#8485=ORIENTED_EDGE('',*,*,#5818,.F.);
#8486=ORIENTED_EDGE('',*,*,#5914,.F.);
#8487=ORIENTED_EDGE('',*,*,#5905,.F.);
#8488=ORIENTED_EDGE('',*,*,#5909,.F.);
#8489=ORIENTED_EDGE('',*,*,#5903,.F.);
#8490=ORIENTED_EDGE('',*,*,#5941,.T.);
#8491=ORIENTED_EDGE('',*,*,#5806,.F.);
#8492=ORIENTED_EDGE('',*,*,#5942,.T.);
#8493=ORIENTED_EDGE('',*,*,#5901,.F.);
#8494=ORIENTED_EDGE('',*,*,#5936,.F.);
#8495=ORIENTED_EDGE('',*,*,#5808,.F.);
#8496=ORIENTED_EDGE('',*,*,#5946,.T.);
#8497=ORIENTED_EDGE('',*,*,#5897,.F.);
#8498=ORIENTED_EDGE('',*,*,#5947,.F.);
#8499=ORIENTED_EDGE('',*,*,#5825,.F.);
#8500=ORIENTED_EDGE('',*,*,#5926,.T.);
#8501=ORIENTED_EDGE('',*,*,#5939,.T.);
#8502=ORIENTED_EDGE('',*,*,#5894,.F.);
#8503=ORIENTED_EDGE('',*,*,#5945,.F.);
#8504=ORIENTED_EDGE('',*,*,#5817,.F.);
#8505=ORIENTED_EDGE('',*,*,#5916,.T.);
#8506=ORIENTED_EDGE('',*,*,#5947,.T.);
#8507=ORIENTED_EDGE('',*,*,#5896,.F.);
#8508=ORIENTED_EDGE('',*,*,#5938,.F.);
#8509=ORIENTED_EDGE('',*,*,#5826,.F.);
#8510=ORIENTED_EDGE('',*,*,#5924,.T.);
#8511=ORIENTED_EDGE('',*,*,#5937,.T.);
#8512=ORIENTED_EDGE('',*,*,#5899,.F.);
#8513=ORIENTED_EDGE('',*,*,#5948,.F.);
#8514=ORIENTED_EDGE('',*,*,#5823,.F.);
#8515=ORIENTED_EDGE('',*,*,#5921,.T.);
#8516=ORIENTED_EDGE('',*,*,#5948,.T.);
#8517=ORIENTED_EDGE('',*,*,#5898,.F.);
#8518=ORIENTED_EDGE('',*,*,#5946,.F.);
#8519=ORIENTED_EDGE('',*,*,#5824,.F.);
#8520=ORIENTED_EDGE('',*,*,#5949,.F.);
#8521=ORIENTED_EDGE('',*,*,#5950,.T.);
#8522=ORIENTED_EDGE('',*,*,#5884,.T.);
#8523=ORIENTED_EDGE('',*,*,#5950,.F.);
#8524=ORIENTED_EDGE('',*,*,#5949,.T.);
#8525=CYLINDRICAL_SURFACE('',#9318,4.35);
#8526=CYLINDRICAL_SURFACE('',#9323,3.);
#8527=CYLINDRICAL_SURFACE('',#9332,1.625);
#8528=CYLINDRICAL_SURFACE('',#9347,2.9);
#8529=CYLINDRICAL_SURFACE('',#9349,0.5);
#8530=CYLINDRICAL_SURFACE('',#9352,0.5);
#8531=CYLINDRICAL_SURFACE('',#9355,0.5);
#8532=CYLINDRICAL_SURFACE('',#9357,0.5);
#8533=CYLINDRICAL_SURFACE('',#9359,0.5);
#8534=CYLINDRICAL_SURFACE('',#9362,0.5);
#8535=CYLINDRICAL_SURFACE('',#9365,0.5);
#8536=CYLINDRICAL_SURFACE('',#9367,0.5);
#8537=CYLINDRICAL_SURFACE('',#9368,0.5);
#8538=CYLINDRICAL_SURFACE('',#9370,0.5);
#8539=CYLINDRICAL_SURFACE('',#9371,0.5);
#8540=CYLINDRICAL_SURFACE('',#9372,0.5);
#8541=CYLINDRICAL_SURFACE('',#9380,0.5);
#8542=CYLINDRICAL_SURFACE('',#9383,0.5);
#8543=CYLINDRICAL_SURFACE('',#9386,0.5);
#8544=CYLINDRICAL_SURFACE('',#9388,0.5);
#8545=CYLINDRICAL_SURFACE('',#9390,0.5);
#8546=CYLINDRICAL_SURFACE('',#9393,0.5);
#8547=CYLINDRICAL_SURFACE('',#9395,0.5);
#8548=CYLINDRICAL_SURFACE('',#9397,0.5);
#8549=CYLINDRICAL_SURFACE('',#9399,0.5);
#8550=CYLINDRICAL_SURFACE('',#9401,0.5);
#8551=CYLINDRICAL_SURFACE('',#9402,0.5);
#8552=CYLINDRICAL_SURFACE('',#9403,0.5);
#8553=CYLINDRICAL_SURFACE('',#9414,6.5);
#8554=CYLINDRICAL_SURFACE('',#9417,2.9);
#8555=CYLINDRICAL_SURFACE('',#9419,2.3712736061);
#8556=CYLINDRICAL_SURFACE('',#9424,2.37127360614289);
#8557=CYLINDRICAL_SURFACE('',#9429,2.3712736061);
#8558=CYLINDRICAL_SURFACE('',#9434,2.37127360614289);
#8559=CYLINDRICAL_SURFACE('',#9444,1.625);
#8560=CYLINDRICAL_SURFACE('',#9446,3.);
#8561=CYLINDRICAL_SURFACE('',#9452,1.625);
#8562=CYLINDRICAL_SURFACE('',#9454,3.);
#8563=CYLINDRICAL_SURFACE('',#9460,1.625);
#8564=CYLINDRICAL_SURFACE('',#9462,3.);
#8565=CYLINDRICAL_SURFACE('',#9479,3.);
#8566=CYLINDRICAL_SURFACE('',#9490,3.);
#8567=CYLINDRICAL_SURFACE('',#9495,9.);
#8568=CYLINDRICAL_SURFACE('',#9496,9.);
#8569=CYLINDRICAL_SURFACE('',#9497,1.75);
#8570=CYLINDRICAL_SURFACE('',#9499,1.75);
#8571=CYLINDRICAL_SURFACE('',#9502,1.74186149250536);
#8572=CYLINDRICAL_SURFACE('',#9505,1.74186149250536);
#8573=CYLINDRICAL_SURFACE('',#9513,1.74186149250536);
#8574=CYLINDRICAL_SURFACE('',#9516,1.74186149250536);
#8575=CYLINDRICAL_SURFACE('',#9523,1.74186149250536);
#8576=CYLINDRICAL_SURFACE('',#9526,1.74186149250536);
#8577=CYLINDRICAL_SURFACE('',#9545,3.);
#8578=CYLINDRICAL_SURFACE('',#9556,3.);
#8579=CYLINDRICAL_SURFACE('',#9561,9.);
#8580=CYLINDRICAL_SURFACE('',#9562,9.);
#8581=CYLINDRICAL_SURFACE('',#9563,1.75);
#8582=CYLINDRICAL_SURFACE('',#9565,1.75);
#8583=CYLINDRICAL_SURFACE('',#9569,2.);
#8584=CYLINDRICAL_SURFACE('',#9572,2.);
#8585=CYLINDRICAL_SURFACE('',#9575,9.);
#8586=CYLINDRICAL_SURFACE('',#9582,10.);
#8587=CYLINDRICAL_SURFACE('',#9586,10.);
#8588=CYLINDRICAL_SURFACE('',#9590,3.);
#8589=CYLINDRICAL_SURFACE('',#9597,3.);
#8590=CYLINDRICAL_SURFACE('',#9603,1.75000000000001);
#8591=CYLINDRICAL_SURFACE('',#9605,9.);
#8592=CYLINDRICAL_SURFACE('',#9611,7.);
#8593=CYLINDRICAL_SURFACE('',#9612,2.);
#8594=CYLINDRICAL_SURFACE('',#9615,2.);
#8595=CYLINDRICAL_SURFACE('',#9618,2.);
#8596=CYLINDRICAL_SURFACE('',#9621,9.);
#8597=CYLINDRICAL_SURFACE('',#9628,10.);
#8598=CYLINDRICAL_SURFACE('',#9632,10.);
#8599=CYLINDRICAL_SURFACE('',#9645,3.);
#8600=CYLINDRICAL_SURFACE('',#9656,3.);
#8601=CYLINDRICAL_SURFACE('',#9661,9.);
#8602=CYLINDRICAL_SURFACE('',#9662,9.);
#8603=CYLINDRICAL_SURFACE('',#9663,1.75);
#8604=CYLINDRICAL_SURFACE('',#9665,1.75);
#8605=CYLINDRICAL_SURFACE('',#9689,5.5);
#8606=CYLINDRICAL_SURFACE('',#9692,5.5);
#8607=CYLINDRICAL_SURFACE('',#9695,5.5);
#8608=CYLINDRICAL_SURFACE('',#9698,5.5);
#8609=CYLINDRICAL_SURFACE('',#9701,5.5);
#8610=CYLINDRICAL_SURFACE('',#9704,5.322);
#8611=CYLINDRICAL_SURFACE('',#9707,130.);
#8612=CYLINDRICAL_SURFACE('',#9710,130.);
#8613=CYLINDRICAL_SURFACE('',#9713,130.);
#8614=CYLINDRICAL_SURFACE('',#9722,45.);
#8615=CYLINDRICAL_SURFACE('',#9779,11.25);
#8616=CYLINDRICAL_SURFACE('',#9781,11.25);
#8617=CYLINDRICAL_SURFACE('',#9783,15.);
#8618=CYLINDRICAL_SURFACE('',#9796,11.25);
#8619=CYLINDRICAL_SURFACE('',#9798,11.25);
#8620=CYLINDRICAL_SURFACE('',#9800,15.);
#8621=CYLINDRICAL_SURFACE('',#9827,11.25);
#8622=CYLINDRICAL_SURFACE('',#9828,11.25);
#8623=CYLINDRICAL_SURFACE('',#9829,15.);
#8624=CYLINDRICAL_SURFACE('',#9830,1.8);
#8625=CYLINDRICAL_SURFACE('',#9833,1.8);
#8626=CYLINDRICAL_SURFACE('',#9834,1.8);
#8627=CYLINDRICAL_SURFACE('',#9837,1.8);
#8628=CYLINDRICAL_SURFACE('',#9838,1.8);
#8629=CYLINDRICAL_SURFACE('',#9840,1.8);
#8630=CYLINDRICAL_SURFACE('',#9842,1.8);
#8631=CYLINDRICAL_SURFACE('',#9844,1.8);
#8632=CYLINDRICAL_SURFACE('',#9857,1.8);
#8633=CYLINDRICAL_SURFACE('',#9858,1.8);
#8634=CYLINDRICAL_SURFACE('',#9859,1.8);
#8635=CYLINDRICAL_SURFACE('',#9860,1.8);
#8636=CYLINDRICAL_SURFACE('',#9863,2.);
#8637=CYLINDRICAL_SURFACE('',#9864,2.);
#8638=CYLINDRICAL_SURFACE('',#9865,2.);
#8639=CYLINDRICAL_SURFACE('',#9866,2.);
#8640=CYLINDRICAL_SURFACE('',#9867,1.8);
#8641=CYLINDRICAL_SURFACE('',#9868,1.8);
#8642=CYLINDRICAL_SURFACE('',#9869,1.8);
#8643=CYLINDRICAL_SURFACE('',#9870,2.);
#8644=CYLINDRICAL_SURFACE('',#9873,2.);
#8645=CYLINDRICAL_SURFACE('',#9876,2.);
#8646=CYLINDRICAL_SURFACE('',#9879,2.);
#8647=CYLINDRICAL_SURFACE('',#9882,25.359924588478);
#8648=CYLINDRICAL_SURFACE('',#9897,25.359924588478);
#8649=CYLINDRICAL_SURFACE('',#9901,25.359924588478);
#8650=CYLINDRICAL_SURFACE('',#9905,1.8);
#8651=CYLINDRICAL_SURFACE('',#9907,1.8);
#8652=CYLINDRICAL_SURFACE('',#9909,1.8);
#8653=CYLINDRICAL_SURFACE('',#9911,45.);
#8654=CYLINDRICAL_SURFACE('',#9917,4.);
#8655=CYLINDRICAL_SURFACE('',#9921,11.);
#8656=CYLINDRICAL_SURFACE('',#9925,4.);
#8657=CYLINDRICAL_SURFACE('',#9929,11.);
#8658=CYLINDRICAL_SURFACE('',#9957,15.);
#8659=CYLINDRICAL_SURFACE('',#9959,1.97736932777628);
#8660=CYLINDRICAL_SURFACE('',#9961,1.64999999999999);
#8661=CYLINDRICAL_SURFACE('',#9963,1.64999999999999);
#8662=CYLINDRICAL_SURFACE('',#9975,40.);
#8663=CYLINDRICAL_SURFACE('',#9979,9.00000000000001);
#8664=CYLINDRICAL_SURFACE('',#9986,19.0262979636856);
#8665=CYLINDRICAL_SURFACE('',#10001,9.);
#8666=CYLINDRICAL_SURFACE('',#10003,15.);
#8667=CYLINDRICAL_SURFACE('',#10005,15.);
#8668=CYLINDRICAL_SURFACE('',#10007,15.);
#8669=CYLINDRICAL_SURFACE('',#10012,3.57127360610001);
#8670=CYLINDRICAL_SURFACE('',#10013,19.285961324651);
#8671=CYLINDRICAL_SURFACE('',#10014,3.57127360614289);
#8672=CYLINDRICAL_SURFACE('',#10018,19.285961324651);
#8673=CYLINDRICAL_SURFACE('',#10019,19.285961324651);
#8674=CYLINDRICAL_SURFACE('',#10020,3.57127360614288);
#8675=CYLINDRICAL_SURFACE('',#10021,19.285961324651);
#8676=CYLINDRICAL_SURFACE('',#10022,3.57127360614288);
#8677=CYLINDRICAL_SURFACE('',#10024,3.57127360614289);
#8678=CYLINDRICAL_SURFACE('',#10025,19.285961324651);
#8679=CYLINDRICAL_SURFACE('',#10027,3.57127360610001);
#8680=CYLINDRICAL_SURFACE('',#10029,3.57127360610001);
#8681=CYLINDRICAL_SURFACE('',#10030,3.25);
#8682=CYLINDRICAL_SURFACE('',#10036,4.);
#8683=CYLINDRICAL_SURFACE('',#10040,11.);
#8684=CYLINDRICAL_SURFACE('',#10044,4.);
#8685=CYLINDRICAL_SURFACE('',#10048,11.);
#8686=CYLINDRICAL_SURFACE('',#10076,15.);
#8687=CYLINDRICAL_SURFACE('',#10078,1.97736932777628);
#8688=CYLINDRICAL_SURFACE('',#10080,1.64999999999999);
#8689=CYLINDRICAL_SURFACE('',#10082,1.64999999999999);
#8690=CYLINDRICAL_SURFACE('',#10094,40.);
#8691=CYLINDRICAL_SURFACE('',#10098,9.00000000000001);
#8692=CYLINDRICAL_SURFACE('',#10105,19.0262979636856);
#8693=CYLINDRICAL_SURFACE('',#10120,9.);
#8694=CYLINDRICAL_SURFACE('',#10122,15.);
#8695=CYLINDRICAL_SURFACE('',#10124,15.);
#8696=CYLINDRICAL_SURFACE('',#10126,15.);
#8697=CYLINDRICAL_SURFACE('',#10131,3.57127360610001);
#8698=CYLINDRICAL_SURFACE('',#10132,19.285961324651);
#8699=CYLINDRICAL_SURFACE('',#10133,3.57127360614289);
#8700=CYLINDRICAL_SURFACE('',#10137,19.285961324651);
#8701=CYLINDRICAL_SURFACE('',#10138,19.285961324651);
#8702=CYLINDRICAL_SURFACE('',#10139,3.57127360614289);
#8703=CYLINDRICAL_SURFACE('',#10140,19.285961324651);
#8704=CYLINDRICAL_SURFACE('',#10141,3.57127360614289);
#8705=CYLINDRICAL_SURFACE('',#10143,3.57127360614289);
#8706=CYLINDRICAL_SURFACE('',#10144,19.285961324651);
#8707=CYLINDRICAL_SURFACE('',#10146,3.57127360610001);
#8708=CYLINDRICAL_SURFACE('',#10148,3.57127360610001);
#8709=CYLINDRICAL_SURFACE('',#10149,3.25);
#8710=CYLINDRICAL_SURFACE('',#10179,15.);
#8711=CYLINDRICAL_SURFACE('',#10181,1.97736932777628);
#8712=CYLINDRICAL_SURFACE('',#10183,1.64999999999999);
#8713=CYLINDRICAL_SURFACE('',#10185,1.64999999999999);
#8714=CYLINDRICAL_SURFACE('',#10197,40.);
#8715=CYLINDRICAL_SURFACE('',#10201,9.00000000000001);
#8716=CYLINDRICAL_SURFACE('',#10208,19.0262979636856);
#8717=CYLINDRICAL_SURFACE('',#10223,9.);
#8718=CYLINDRICAL_SURFACE('',#10225,15.);
#8719=CYLINDRICAL_SURFACE('',#10227,15.);
#8720=CYLINDRICAL_SURFACE('',#10229,15.);
#8721=CYLINDRICAL_SURFACE('',#10234,3.57127360610001);
#8722=CYLINDRICAL_SURFACE('',#10235,19.285961324651);
#8723=CYLINDRICAL_SURFACE('',#10236,3.57127360614289);
#8724=CYLINDRICAL_SURFACE('',#10240,19.285961324651);
#8725=CYLINDRICAL_SURFACE('',#10241,19.285961324651);
#8726=CYLINDRICAL_SURFACE('',#10242,3.57127360614288);
#8727=CYLINDRICAL_SURFACE('',#10243,19.285961324651);
#8728=CYLINDRICAL_SURFACE('',#10244,3.57127360614288);
#8729=CYLINDRICAL_SURFACE('',#10246,3.57127360614289);
#8730=CYLINDRICAL_SURFACE('',#10247,19.285961324651);
#8731=CYLINDRICAL_SURFACE('',#10249,3.57127360610001);
#8732=CYLINDRICAL_SURFACE('',#10251,3.57127360610001);
#8733=CYLINDRICAL_SURFACE('',#10252,3.25);
#8734=ADVANCED_FACE('',(#641),#8525,.T.);
#8735=ADVANCED_FACE('',(#642,#236),#374,.F.);
#8736=ADVANCED_FACE('',(#643),#8526,.T.);
#8737=ADVANCED_FACE('',(#644,#237),#375,.F.);
#8738=ADVANCED_FACE('',(#645),#8527,.F.);
#8739=ADVANCED_FACE('',(#646,#238),#376,.T.);
#8740=ADVANCED_FACE('',(#647),#377,.T.);
#8741=ADVANCED_FACE('',(#648),#378,.T.);
#8742=ADVANCED_FACE('',(#649),#379,.T.);
#8743=ADVANCED_FACE('',(#650),#380,.T.);
#8744=ADVANCED_FACE('',(#651),#381,.T.);
#8745=ADVANCED_FACE('',(#652),#382,.T.);
#8746=ADVANCED_FACE('',(#653),#383,.T.);
#8747=ADVANCED_FACE('',(#654),#384,.T.);
#8748=ADVANCED_FACE('',(#655),#8528,.T.);
#8749=ADVANCED_FACE('',(#656),#8529,.T.);
#8750=ADVANCED_FACE('',(#657),#8530,.T.);
#8751=ADVANCED_FACE('',(#658),#8531,.T.);
#8752=ADVANCED_FACE('',(#659),#8532,.T.);
#8753=ADVANCED_FACE('',(#660),#8533,.T.);
#8754=ADVANCED_FACE('',(#661),#8534,.T.);
#8755=ADVANCED_FACE('',(#662),#8535,.T.);
#8756=ADVANCED_FACE('',(#663),#8536,.T.);
#8757=ADVANCED_FACE('',(#664),#8537,.T.);
#8758=ADVANCED_FACE('',(#665),#8538,.T.);
#8759=ADVANCED_FACE('',(#666),#8539,.T.);
#8760=ADVANCED_FACE('',(#667),#8540,.T.);
#8761=ADVANCED_FACE('',(#668),#385,.T.);
#8762=ADVANCED_FACE('',(#669),#386,.T.);
#8763=ADVANCED_FACE('',(#670),#387,.T.);
#8764=ADVANCED_FACE('',(#671),#388,.F.);
#8765=ADVANCED_FACE('',(#672),#389,.T.);
#8766=ADVANCED_FACE('',(#673),#8541,.T.);
#8767=ADVANCED_FACE('',(#674),#8542,.T.);
#8768=ADVANCED_FACE('',(#675),#8543,.T.);
#8769=ADVANCED_FACE('',(#676),#8544,.T.);
#8770=ADVANCED_FACE('',(#677),#8545,.T.);
#8771=ADVANCED_FACE('',(#678),#8546,.T.);
#8772=ADVANCED_FACE('',(#679),#8547,.T.);
#8773=ADVANCED_FACE('',(#680),#8548,.T.);
#8774=ADVANCED_FACE('',(#681),#8549,.T.);
#8775=ADVANCED_FACE('',(#682),#8550,.T.);
#8776=ADVANCED_FACE('',(#683),#8551,.T.);
#8777=ADVANCED_FACE('',(#684),#8552,.T.);
#8778=ADVANCED_FACE('',(#685,#239),#390,.T.);
#8779=ADVANCED_FACE('',(#686),#391,.T.);
#8780=ADVANCED_FACE('',(#687),#392,.T.);
#8781=ADVANCED_FACE('',(#688),#393,.T.);
#8782=ADVANCED_FACE('',(#689),#394,.T.);
#8783=ADVANCED_FACE('',(#690),#395,.T.);
#8784=ADVANCED_FACE('',(#691),#8553,.T.);
#8785=ADVANCED_FACE('',(#692,#240),#396,.T.);
#8786=ADVANCED_FACE('',(#693),#8554,.F.);
#8787=ADVANCED_FACE('',(#694),#8555,.T.);
#8788=ADVANCED_FACE('',(#695),#397,.T.);
#8789=ADVANCED_FACE('',(#696),#398,.T.);
#8790=ADVANCED_FACE('',(#697),#8556,.T.);
#8791=ADVANCED_FACE('',(#698),#399,.T.);
#8792=ADVANCED_FACE('',(#699),#400,.T.);
#8793=ADVANCED_FACE('',(#700),#8557,.T.);
#8794=ADVANCED_FACE('',(#701),#401,.T.);
#8795=ADVANCED_FACE('',(#702),#402,.T.);
#8796=ADVANCED_FACE('',(#703),#8558,.T.);
#8797=ADVANCED_FACE('',(#704),#403,.T.);
#8798=ADVANCED_FACE('',(#705),#404,.T.);
#8799=ADVANCED_FACE('',(#706,#241),#405,.T.);
#8800=ADVANCED_FACE('',(#707,#242),#406,.F.);
#8801=ADVANCED_FACE('',(#708,#243),#407,.F.);
#8802=ADVANCED_FACE('',(#709),#8559,.F.);
#8803=ADVANCED_FACE('',(#710,#244),#8560,.T.);
#8804=ADVANCED_FACE('',(#711,#245),#408,.T.);
#8805=ADVANCED_FACE('',(#712,#246),#409,.F.);
#8806=ADVANCED_FACE('',(#713),#8561,.F.);
#8807=ADVANCED_FACE('',(#714,#247),#8562,.T.);
#8808=ADVANCED_FACE('',(#715,#248),#410,.T.);
#8809=ADVANCED_FACE('',(#716,#249),#411,.F.);
#8810=ADVANCED_FACE('',(#717),#8563,.F.);
#8811=ADVANCED_FACE('',(#718),#8564,.T.);
#8812=ADVANCED_FACE('',(#719,#250),#412,.T.);
#8813=ADVANCED_FACE('',(#720,#251),#413,.T.);
#8814=ADVANCED_FACE('',(#721),#8565,.T.);
#8815=ADVANCED_FACE('',(#722,#252),#414,.T.);
#8816=ADVANCED_FACE('',(#723),#415,.T.);
#8817=ADVANCED_FACE('',(#724),#416,.T.);
#8818=ADVANCED_FACE('',(#725,#253),#417,.T.);
#8819=ADVANCED_FACE('',(#726),#8566,.T.);
#8820=ADVANCED_FACE('',(#727,#254),#418,.T.);
#8821=ADVANCED_FACE('',(#728),#8567,.T.);
#8822=ADVANCED_FACE('',(#729),#8568,.T.);
#8823=ADVANCED_FACE('',(#730),#8569,.F.);
#8824=ADVANCED_FACE('',(#731),#419,.T.);
#8825=ADVANCED_FACE('',(#732),#8570,.F.);
#8826=ADVANCED_FACE('',(#733),#420,.F.);
#8827=ADVANCED_FACE('',(#734),#8571,.F.);
#8828=ADVANCED_FACE('',(#735),#8572,.F.);
#8829=ADVANCED_FACE('',(#736,#255),#421,.F.);
#8830=ADVANCED_FACE('',(#737),#422,.F.);
#8831=ADVANCED_FACE('',(#738,#256),#423,.F.);
#8832=ADVANCED_FACE('',(#739),#424,.T.);
#8833=ADVANCED_FACE('',(#740),#425,.T.);
#8834=ADVANCED_FACE('',(#741),#8573,.F.);
#8835=ADVANCED_FACE('',(#742),#8574,.F.);
#8836=ADVANCED_FACE('',(#743,#257),#426,.F.);
#8837=ADVANCED_FACE('',(#744),#427,.F.);
#8838=ADVANCED_FACE('',(#745,#258),#428,.F.);
#8839=ADVANCED_FACE('',(#746),#429,.T.);
#8840=ADVANCED_FACE('',(#747),#8575,.F.);
#8841=ADVANCED_FACE('',(#748),#8576,.F.);
#8842=ADVANCED_FACE('',(#749),#430,.F.);
#8843=ADVANCED_FACE('',(#750,#259),#431,.F.);
#8844=ADVANCED_FACE('',(#751,#260),#432,.F.);
#8845=ADVANCED_FACE('',(#752),#433,.F.);
#8846=ADVANCED_FACE('',(#753),#434,.T.);
#8847=ADVANCED_FACE('',(#754,#261,#262),#435,.T.);
#8848=ADVANCED_FACE('',(#755),#436,.T.);
#8849=ADVANCED_FACE('',(#756,#263,#264),#437,.T.);
#8850=ADVANCED_FACE('',(#757),#438,.T.);
#8851=ADVANCED_FACE('',(#758,#265,#266),#439,.T.);
#8852=ADVANCED_FACE('',(#759),#440,.T.);
#8853=ADVANCED_FACE('',(#760,#267),#441,.T.);
#8854=ADVANCED_FACE('',(#761),#8577,.T.);
#8855=ADVANCED_FACE('',(#762,#268),#442,.T.);
#8856=ADVANCED_FACE('',(#763),#443,.T.);
#8857=ADVANCED_FACE('',(#764),#444,.T.);
#8858=ADVANCED_FACE('',(#765,#269),#445,.T.);
#8859=ADVANCED_FACE('',(#766),#8578,.T.);
#8860=ADVANCED_FACE('',(#767,#270),#446,.T.);
#8861=ADVANCED_FACE('',(#768),#8579,.T.);
#8862=ADVANCED_FACE('',(#769),#8580,.T.);
#8863=ADVANCED_FACE('',(#770),#8581,.F.);
#8864=ADVANCED_FACE('',(#771),#447,.T.);
#8865=ADVANCED_FACE('',(#772),#8582,.F.);
#8866=ADVANCED_FACE('',(#773),#448,.F.);
#8867=ADVANCED_FACE('',(#774),#8583,.F.);
#8868=ADVANCED_FACE('',(#775),#8584,.F.);
#8869=ADVANCED_FACE('',(#776),#8585,.T.);
#8870=ADVANCED_FACE('',(#777),#449,.T.);
#8871=ADVANCED_FACE('',(#778,#271,#272),#450,.F.);
#8872=ADVANCED_FACE('',(#779),#8586,.T.);
#8873=ADVANCED_FACE('',(#780),#451,.T.);
#8874=ADVANCED_FACE('',(#781),#452,.T.);
#8875=ADVANCED_FACE('',(#782),#8587,.T.);
#8876=ADVANCED_FACE('',(#783,#273,#274),#453,.T.);
#8877=ADVANCED_FACE('',(#784),#8588,.T.);
#8878=ADVANCED_FACE('',(#785),#454,.T.);
#8879=ADVANCED_FACE('',(#786,#275),#455,.T.);
#8880=ADVANCED_FACE('',(#787),#8589,.T.);
#8881=ADVANCED_FACE('',(#788,#276),#456,.T.);
#8882=ADVANCED_FACE('',(#789),#8590,.F.);
#8883=ADVANCED_FACE('',(#790),#8591,.T.);
#8884=ADVANCED_FACE('',(#791),#457,.T.);
#8885=ADVANCED_FACE('',(#792,#277),#458,.F.);
#8886=ADVANCED_FACE('',(#793),#8592,.T.);
#8887=ADVANCED_FACE('',(#794),#8593,.F.);
#8888=ADVANCED_FACE('',(#795,#278),#459,.T.);
#8889=ADVANCED_FACE('',(#796),#8594,.F.);
#8890=ADVANCED_FACE('',(#797),#8595,.F.);
#8891=ADVANCED_FACE('',(#798),#8596,.T.);
#8892=ADVANCED_FACE('',(#799),#460,.F.);
#8893=ADVANCED_FACE('',(#800,#279,#280),#461,.T.);
#8894=ADVANCED_FACE('',(#801),#8597,.T.);
#8895=ADVANCED_FACE('',(#802),#462,.F.);
#8896=ADVANCED_FACE('',(#803),#463,.F.);
#8897=ADVANCED_FACE('',(#804),#8598,.T.);
#8898=ADVANCED_FACE('',(#805,#281,#282),#464,.F.);
#8899=ADVANCED_FACE('',(#806,#283),#465,.T.);
#8900=ADVANCED_FACE('',(#807),#8599,.T.);
#8901=ADVANCED_FACE('',(#808,#284),#466,.T.);
#8902=ADVANCED_FACE('',(#809),#467,.T.);
#8903=ADVANCED_FACE('',(#810),#468,.T.);
#8904=ADVANCED_FACE('',(#811,#285),#469,.T.);
#8905=ADVANCED_FACE('',(#812),#8600,.T.);
#8906=ADVANCED_FACE('',(#813,#286),#470,.T.);
#8907=ADVANCED_FACE('',(#814),#8601,.T.);
#8908=ADVANCED_FACE('',(#815),#8602,.T.);
#8909=ADVANCED_FACE('',(#816),#8603,.F.);
#8910=ADVANCED_FACE('',(#817),#471,.T.);
#8911=ADVANCED_FACE('',(#818),#8604,.F.);
#8912=ADVANCED_FACE('',(#819),#472,.F.);
#8913=ADVANCED_FACE('',(#820,#287,#288),#473,.F.);
#8914=ADVANCED_FACE('',(#821,#289),#474,.F.);
#8915=ADVANCED_FACE('',(#822),#475,.F.);
#8916=ADVANCED_FACE('',(#823,#290,#291),#476,.F.);
#8917=ADVANCED_FACE('',(#824),#477,.F.);
#8918=ADVANCED_FACE('',(#825,#292,#293),#478,.F.);
#8919=ADVANCED_FACE('',(#826,#294),#479,.F.);
#8920=ADVANCED_FACE('',(#827),#480,.F.);
#8921=ADVANCED_FACE('',(#828),#8605,.F.);
#8922=ADVANCED_FACE('',(#829),#8606,.F.);
#8923=ADVANCED_FACE('',(#830),#8607,.F.);
#8924=ADVANCED_FACE('',(#831),#8608,.F.);
#8925=ADVANCED_FACE('',(#832),#8609,.F.);
#8926=ADVANCED_FACE('',(#833),#8610,.F.);
#8927=ADVANCED_FACE('',(#834),#8611,.F.);
#8928=ADVANCED_FACE('',(#835),#8612,.F.);
#8929=ADVANCED_FACE('',(#836),#8613,.F.);
#8930=ADVANCED_FACE('',(#837),#481,.T.);
#8931=ADVANCED_FACE('',(#838),#482,.T.);
#8932=ADVANCED_FACE('',(#839),#483,.T.);
#8933=ADVANCED_FACE('',(#840),#8614,.T.);
#8934=ADVANCED_FACE('',(#841,#295,#296,#297,#298,#299,#300,#301),#484,.T.);
#8935=ADVANCED_FACE('',(#842),#485,.F.);
#8936=ADVANCED_FACE('',(#843),#486,.F.);
#8937=ADVANCED_FACE('',(#844),#487,.F.);
#8938=ADVANCED_FACE('',(#845),#488,.F.);
#8939=ADVANCED_FACE('',(#846),#489,.F.);
#8940=ADVANCED_FACE('',(#847),#490,.F.);
#8941=ADVANCED_FACE('',(#848),#491,.F.);
#8942=ADVANCED_FACE('',(#849),#492,.F.);
#8943=ADVANCED_FACE('',(#850,#302,#303,#304,#305),#493,.F.);
#8944=ADVANCED_FACE('',(#851),#494,.F.);
#8945=ADVANCED_FACE('',(#852),#495,.F.);
#8946=ADVANCED_FACE('',(#853),#496,.F.);
#8947=ADVANCED_FACE('',(#854),#497,.F.);
#8948=ADVANCED_FACE('',(#855),#498,.F.);
#8949=ADVANCED_FACE('',(#856,#306),#499,.F.);
#8950=ADVANCED_FACE('',(#857),#500,.F.);
#8951=ADVANCED_FACE('',(#858),#501,.F.);
#8952=ADVANCED_FACE('',(#859),#502,.F.);
#8953=ADVANCED_FACE('',(#860,#307),#503,.F.);
#8954=ADVANCED_FACE('',(#861),#504,.F.);
#8955=ADVANCED_FACE('',(#862),#505,.F.);
#8956=ADVANCED_FACE('',(#863,#308),#506,.F.);
#8957=ADVANCED_FACE('',(#864),#507,.T.);
#8958=ADVANCED_FACE('',(#865),#508,.T.);
#8959=ADVANCED_FACE('',(#866),#509,.T.);
#8960=ADVANCED_FACE('',(#867),#23,.T.);
#8961=ADVANCED_FACE('',(#868),#24,.T.);
#8962=ADVANCED_FACE('',(#869),#510,.F.);
#8963=ADVANCED_FACE('',(#870),#511,.F.);
#8964=ADVANCED_FACE('',(#871),#8615,.F.);
#8965=ADVANCED_FACE('',(#872),#8616,.F.);
#8966=ADVANCED_FACE('',(#873),#8617,.T.);
#8967=ADVANCED_FACE('',(#874,#309),#512,.T.);
#8968=ADVANCED_FACE('',(#875),#25,.T.);
#8969=ADVANCED_FACE('',(#876),#26,.T.);
#8970=ADVANCED_FACE('',(#877),#513,.T.);
#8971=ADVANCED_FACE('',(#878),#514,.F.);
#8972=ADVANCED_FACE('',(#879),#8618,.F.);
#8973=ADVANCED_FACE('',(#880),#8619,.F.);
#8974=ADVANCED_FACE('',(#881),#8620,.T.);
#8975=ADVANCED_FACE('',(#882,#310),#515,.T.);
#8976=ADVANCED_FACE('',(#883),#516,.F.);
#8977=ADVANCED_FACE('',(#884,#311,#312),#517,.F.);
#8978=ADVANCED_FACE('',(#885,#313),#518,.T.);
#8979=ADVANCED_FACE('',(#886),#519,.F.);
#8980=ADVANCED_FACE('',(#887),#520,.F.);
#8981=ADVANCED_FACE('',(#888,#314),#521,.F.);
#8982=ADVANCED_FACE('',(#889),#27,.T.);
#8983=ADVANCED_FACE('',(#890),#28,.T.);
#8984=ADVANCED_FACE('',(#891),#522,.F.);
#8985=ADVANCED_FACE('',(#892),#523,.F.);
#8986=ADVANCED_FACE('',(#893),#8621,.F.);
#8987=ADVANCED_FACE('',(#894),#8622,.F.);
#8988=ADVANCED_FACE('',(#895),#8623,.T.);
#8989=ADVANCED_FACE('',(#896),#8624,.F.);
#8990=ADVANCED_FACE('',(#897),#8625,.F.);
#8991=ADVANCED_FACE('',(#898),#8626,.F.);
#8992=ADVANCED_FACE('',(#899),#8627,.F.);
#8993=ADVANCED_FACE('',(#900),#8628,.F.);
#8994=ADVANCED_FACE('',(#901),#8629,.F.);
#8995=ADVANCED_FACE('',(#902),#8630,.F.);
#8996=ADVANCED_FACE('',(#903),#8631,.F.);
#8997=ADVANCED_FACE('',(#904,#315,#316),#524,.F.);
#8998=ADVANCED_FACE('',(#905),#525,.T.);
#8999=ADVANCED_FACE('',(#906),#526,.T.);
#9000=ADVANCED_FACE('',(#907,#317,#318),#527,.F.);
#9001=ADVANCED_FACE('',(#908),#528,.T.);
#9002=ADVANCED_FACE('',(#909,#319,#320),#529,.F.);
#9003=ADVANCED_FACE('',(#910,#321,#322),#530,.F.);
#9004=ADVANCED_FACE('',(#911,#323,#324),#531,.F.);
#9005=ADVANCED_FACE('',(#912),#532,.T.);
#9006=ADVANCED_FACE('',(#913),#8632,.F.);
#9007=ADVANCED_FACE('',(#914),#8633,.F.);
#9008=ADVANCED_FACE('',(#915),#8634,.F.);
#9009=ADVANCED_FACE('',(#916),#8635,.F.);
#9010=ADVANCED_FACE('',(#917),#533,.T.);
#9011=ADVANCED_FACE('',(#918),#534,.T.);
#9012=ADVANCED_FACE('',(#919),#8636,.F.);
#9013=ADVANCED_FACE('',(#920),#8637,.F.);
#9014=ADVANCED_FACE('',(#921),#8638,.F.);
#9015=ADVANCED_FACE('',(#922),#8639,.F.);
#9016=ADVANCED_FACE('',(#923),#8640,.F.);
#9017=ADVANCED_FACE('',(#924),#8641,.F.);
#9018=ADVANCED_FACE('',(#925),#8642,.F.);
#9019=ADVANCED_FACE('',(#926),#8643,.F.);
#9020=ADVANCED_FACE('',(#927),#8644,.F.);
#9021=ADVANCED_FACE('',(#928),#8645,.F.);
#9022=ADVANCED_FACE('',(#929),#8646,.F.);
#9023=ADVANCED_FACE('',(#930),#8647,.F.);
#9024=ADVANCED_FACE('',(#931),#535,.T.);
#9025=ADVANCED_FACE('',(#932,#325,#326,#327,#328,#329,#330,#331),#536,.T.);
#9026=ADVANCED_FACE('',(#933),#8648,.F.);
#9027=ADVANCED_FACE('',(#934),#537,.T.);
#9028=ADVANCED_FACE('',(#935),#8649,.F.);
#9029=ADVANCED_FACE('',(#936),#538,.T.);
#9030=ADVANCED_FACE('',(#937),#8650,.F.);
#9031=ADVANCED_FACE('',(#938),#8651,.F.);
#9032=ADVANCED_FACE('',(#939),#8652,.F.);
#9033=ADVANCED_FACE('',(#940),#8653,.T.);
#9034=ADVANCED_FACE('',(#941,#332,#333,#334,#335,#336,#337,#338),#539,.F.);
#9035=ADVANCED_FACE('',(#942,#339),#540,.T.);
#9036=ADVANCED_FACE('',(#943),#8654,.F.);
#9037=ADVANCED_FACE('',(#944,#340),#541,.F.);
#9038=ADVANCED_FACE('',(#945),#8655,.T.);
#9039=ADVANCED_FACE('',(#946,#341),#542,.T.);
#9040=ADVANCED_FACE('',(#947),#8656,.F.);
#9041=ADVANCED_FACE('',(#948,#342),#543,.F.);
#9042=ADVANCED_FACE('',(#949),#8657,.T.);
#9043=ADVANCED_FACE('',(#950),#544,.F.);
#9044=ADVANCED_FACE('',(#951),#545,.F.);
#9045=ADVANCED_FACE('',(#952),#546,.T.);
#9046=ADVANCED_FACE('',(#953,#343,#344,#345,#346),#547,.T.);
#9047=ADVANCED_FACE('',(#954),#548,.T.);
#9048=ADVANCED_FACE('',(#955),#8658,.T.);
#9049=ADVANCED_FACE('',(#956),#8659,.F.);
#9050=ADVANCED_FACE('',(#957),#8660,.F.);
#9051=ADVANCED_FACE('',(#958),#8661,.F.);
#9052=ADVANCED_FACE('',(#959),#549,.T.);
#9053=ADVANCED_FACE('',(#960),#550,.T.);
#9054=ADVANCED_FACE('',(#961),#551,.T.);
#9055=ADVANCED_FACE('',(#962),#552,.T.);
#9056=ADVANCED_FACE('',(#963),#553,.T.);
#9057=ADVANCED_FACE('',(#964),#554,.T.);
#9058=ADVANCED_FACE('',(#965,#347),#555,.T.);
#9059=ADVANCED_FACE('',(#966),#8662,.T.);
#9060=ADVANCED_FACE('',(#967),#556,.T.);
#9061=ADVANCED_FACE('',(#968),#8663,.T.);
#9062=ADVANCED_FACE('',(#969,#348,#349),#557,.F.);
#9063=ADVANCED_FACE('',(#970),#558,.T.);
#9064=ADVANCED_FACE('',(#971),#559,.F.);
#9065=ADVANCED_FACE('',(#972),#8664,.T.);
#9066=ADVANCED_FACE('',(#973,#350),#560,.T.);
#9067=ADVANCED_FACE('',(#974),#561,.T.);
#9068=ADVANCED_FACE('',(#975),#562,.T.);
#9069=ADVANCED_FACE('',(#976),#563,.T.);
#9070=ADVANCED_FACE('',(#977),#8665,.T.);
#9071=ADVANCED_FACE('',(#978),#564,.T.);
#9072=ADVANCED_FACE('',(#979),#8666,.T.);
#9073=ADVANCED_FACE('',(#980),#8667,.T.);
#9074=ADVANCED_FACE('',(#981),#8668,.T.);
#9075=ADVANCED_FACE('',(#982,#351),#565,.F.);
#9076=ADVANCED_FACE('',(#983),#566,.T.);
#9077=ADVANCED_FACE('',(#984),#567,.T.);
#9078=ADVANCED_FACE('',(#985),#8669,.F.);
#9079=ADVANCED_FACE('',(#986),#8670,.T.);
#9080=ADVANCED_FACE('',(#987),#8671,.F.);
#9081=ADVANCED_FACE('',(#988),#568,.T.);
#9082=ADVANCED_FACE('',(#989),#569,.T.);
#9083=ADVANCED_FACE('',(#990),#570,.T.);
#9084=ADVANCED_FACE('',(#991),#8672,.T.);
#9085=ADVANCED_FACE('',(#992),#8673,.T.);
#9086=ADVANCED_FACE('',(#993),#8674,.F.);
#9087=ADVANCED_FACE('',(#994),#8675,.F.);
#9088=ADVANCED_FACE('',(#995),#8676,.F.);
#9089=ADVANCED_FACE('',(#996),#571,.T.);
#9090=ADVANCED_FACE('',(#997),#8677,.F.);
#9091=ADVANCED_FACE('',(#998),#8678,.F.);
#9092=ADVANCED_FACE('',(#999),#572,.T.);
#9093=ADVANCED_FACE('',(#1000),#8679,.F.);
#9094=ADVANCED_FACE('',(#1001),#573,.T.);
#9095=ADVANCED_FACE('',(#1002),#8680,.F.);
#9096=ADVANCED_FACE('',(#1003),#8681,.T.);
#9097=ADVANCED_FACE('',(#1004),#574,.F.);
#9098=ADVANCED_FACE('',(#1005,#352),#575,.T.);
#9099=ADVANCED_FACE('',(#1006),#8682,.F.);
#9100=ADVANCED_FACE('',(#1007,#353),#576,.F.);
#9101=ADVANCED_FACE('',(#1008),#8683,.T.);
#9102=ADVANCED_FACE('',(#1009,#354),#577,.T.);
#9103=ADVANCED_FACE('',(#1010),#8684,.F.);
#9104=ADVANCED_FACE('',(#1011,#355),#578,.F.);
#9105=ADVANCED_FACE('',(#1012),#8685,.T.);
#9106=ADVANCED_FACE('',(#1013),#579,.F.);
#9107=ADVANCED_FACE('',(#1014),#580,.F.);
#9108=ADVANCED_FACE('',(#1015),#581,.T.);
#9109=ADVANCED_FACE('',(#1016,#356,#357,#358,#359),#582,.T.);
#9110=ADVANCED_FACE('',(#1017),#583,.T.);
#9111=ADVANCED_FACE('',(#1018),#8686,.T.);
#9112=ADVANCED_FACE('',(#1019),#8687,.F.);
#9113=ADVANCED_FACE('',(#1020),#8688,.F.);
#9114=ADVANCED_FACE('',(#1021),#8689,.F.);
#9115=ADVANCED_FACE('',(#1022),#584,.T.);
#9116=ADVANCED_FACE('',(#1023),#585,.T.);
#9117=ADVANCED_FACE('',(#1024),#586,.T.);
#9118=ADVANCED_FACE('',(#1025),#587,.T.);
#9119=ADVANCED_FACE('',(#1026),#588,.T.);
#9120=ADVANCED_FACE('',(#1027),#589,.T.);
#9121=ADVANCED_FACE('',(#1028,#360),#590,.T.);
#9122=ADVANCED_FACE('',(#1029),#8690,.T.);
#9123=ADVANCED_FACE('',(#1030),#591,.T.);
#9124=ADVANCED_FACE('',(#1031),#8691,.T.);
#9125=ADVANCED_FACE('',(#1032,#361,#362),#592,.F.);
#9126=ADVANCED_FACE('',(#1033),#593,.T.);
#9127=ADVANCED_FACE('',(#1034),#594,.F.);
#9128=ADVANCED_FACE('',(#1035),#8692,.T.);
#9129=ADVANCED_FACE('',(#1036,#363),#595,.T.);
#9130=ADVANCED_FACE('',(#1037),#596,.T.);
#9131=ADVANCED_FACE('',(#1038),#597,.T.);
#9132=ADVANCED_FACE('',(#1039),#598,.T.);
#9133=ADVANCED_FACE('',(#1040),#8693,.T.);
#9134=ADVANCED_FACE('',(#1041),#599,.T.);
#9135=ADVANCED_FACE('',(#1042),#8694,.T.);
#9136=ADVANCED_FACE('',(#1043),#8695,.T.);
#9137=ADVANCED_FACE('',(#1044),#8696,.T.);
#9138=ADVANCED_FACE('',(#1045,#364),#600,.F.);
#9139=ADVANCED_FACE('',(#1046),#601,.T.);
#9140=ADVANCED_FACE('',(#1047),#602,.T.);
#9141=ADVANCED_FACE('',(#1048),#8697,.F.);
#9142=ADVANCED_FACE('',(#1049),#8698,.T.);
#9143=ADVANCED_FACE('',(#1050),#8699,.F.);
#9144=ADVANCED_FACE('',(#1051),#603,.T.);
#9145=ADVANCED_FACE('',(#1052),#604,.T.);
#9146=ADVANCED_FACE('',(#1053),#605,.T.);
#9147=ADVANCED_FACE('',(#1054),#8700,.T.);
#9148=ADVANCED_FACE('',(#1055),#8701,.T.);
#9149=ADVANCED_FACE('',(#1056),#8702,.F.);
#9150=ADVANCED_FACE('',(#1057),#8703,.F.);
#9151=ADVANCED_FACE('',(#1058),#8704,.F.);
#9152=ADVANCED_FACE('',(#1059),#606,.T.);
#9153=ADVANCED_FACE('',(#1060),#8705,.F.);
#9154=ADVANCED_FACE('',(#1061),#8706,.F.);
#9155=ADVANCED_FACE('',(#1062),#607,.T.);
#9156=ADVANCED_FACE('',(#1063),#8707,.F.);
#9157=ADVANCED_FACE('',(#1064),#608,.T.);
#9158=ADVANCED_FACE('',(#1065),#8708,.F.);
#9159=ADVANCED_FACE('',(#1066),#8709,.T.);
#9160=ADVANCED_FACE('',(#1067),#609,.F.);
#9161=ADVANCED_FACE('',(#1068),#610,.F.);
#9162=ADVANCED_FACE('',(#1069),#611,.F.);
#9163=ADVANCED_FACE('',(#1070),#612,.T.);
#9164=ADVANCED_FACE('',(#1071,#365,#366,#367,#368),#613,.T.);
#9165=ADVANCED_FACE('',(#1072),#614,.T.);
#9166=ADVANCED_FACE('',(#1073),#8710,.T.);
#9167=ADVANCED_FACE('',(#1074),#8711,.F.);
#9168=ADVANCED_FACE('',(#1075),#8712,.F.);
#9169=ADVANCED_FACE('',(#1076),#8713,.F.);
#9170=ADVANCED_FACE('',(#1077),#615,.T.);
#9171=ADVANCED_FACE('',(#1078),#616,.T.);
#9172=ADVANCED_FACE('',(#1079),#617,.T.);
#9173=ADVANCED_FACE('',(#1080),#618,.T.);
#9174=ADVANCED_FACE('',(#1081),#619,.T.);
#9175=ADVANCED_FACE('',(#1082),#620,.T.);
#9176=ADVANCED_FACE('',(#1083,#369),#621,.T.);
#9177=ADVANCED_FACE('',(#1084),#8714,.T.);
#9178=ADVANCED_FACE('',(#1085),#622,.T.);
#9179=ADVANCED_FACE('',(#1086),#8715,.T.);
#9180=ADVANCED_FACE('',(#1087,#370,#371),#623,.F.);
#9181=ADVANCED_FACE('',(#1088),#624,.T.);
#9182=ADVANCED_FACE('',(#1089),#625,.F.);
#9183=ADVANCED_FACE('',(#1090),#8716,.T.);
#9184=ADVANCED_FACE('',(#1091,#372),#626,.T.);
#9185=ADVANCED_FACE('',(#1092),#627,.T.);
#9186=ADVANCED_FACE('',(#1093),#628,.T.);
#9187=ADVANCED_FACE('',(#1094),#629,.T.);
#9188=ADVANCED_FACE('',(#1095),#8717,.T.);
#9189=ADVANCED_FACE('',(#1096),#630,.T.);
#9190=ADVANCED_FACE('',(#1097),#8718,.T.);
#9191=ADVANCED_FACE('',(#1098),#8719,.T.);
#9192=ADVANCED_FACE('',(#1099),#8720,.T.);
#9193=ADVANCED_FACE('',(#1100,#373),#631,.F.);
#9194=ADVANCED_FACE('',(#1101),#632,.T.);
#9195=ADVANCED_FACE('',(#1102),#633,.T.);
#9196=ADVANCED_FACE('',(#1103),#8721,.F.);
#9197=ADVANCED_FACE('',(#1104),#8722,.T.);
#9198=ADVANCED_FACE('',(#1105),#8723,.F.);
#9199=ADVANCED_FACE('',(#1106),#634,.T.);
#9200=ADVANCED_FACE('',(#1107),#635,.T.);
#9201=ADVANCED_FACE('',(#1108),#636,.T.);
#9202=ADVANCED_FACE('',(#1109),#8724,.T.);
#9203=ADVANCED_FACE('',(#1110),#8725,.T.);
#9204=ADVANCED_FACE('',(#1111),#8726,.F.);
#9205=ADVANCED_FACE('',(#1112),#8727,.F.);
#9206=ADVANCED_FACE('',(#1113),#8728,.F.);
#9207=ADVANCED_FACE('',(#1114),#637,.T.);
#9208=ADVANCED_FACE('',(#1115),#8729,.F.);
#9209=ADVANCED_FACE('',(#1116),#8730,.F.);
#9210=ADVANCED_FACE('',(#1117),#638,.T.);
#9211=ADVANCED_FACE('',(#1118),#8731,.F.);
#9212=ADVANCED_FACE('',(#1119),#639,.T.);
#9213=ADVANCED_FACE('',(#1120),#8732,.F.);
#9214=ADVANCED_FACE('',(#1121),#8733,.T.);
#9215=ADVANCED_FACE('',(#1122),#640,.F.);
#9216=CLOSED_SHELL('',(#8734,#8735,#8736,#8737,#8738,#8739,#8740,#8741,
#8742,#8743,#8744,#8745,#8746,#8747,#8748,#8749,#8750,#8751,#8752,#8753,
#8754,#8755,#8756,#8757,#8758,#8759,#8760,#8761,#8762,#8763,#8764,#8765,
#8766,#8767,#8768,#8769,#8770,#8771,#8772,#8773,#8774,#8775,#8776,#8777,
#8778,#8779,#8780,#8781,#8782,#8783,#8784,#8785,#8786,#8787,#8788,#8789,
#8790,#8791,#8792,#8793,#8794,#8795,#8796,#8797,#8798,#8799,#8800,#8801,
#8802,#8803,#8804,#8805,#8806,#8807,#8808,#8809,#8810,#8811,#8812));
#9217=CLOSED_SHELL('',(#8813,#8814,#8815,#8816,#8817,#8818,#8819,#8820,
#8821,#8822,#8823,#8824,#8825,#8826));
#9218=CLOSED_SHELL('',(#8827,#8828,#8829,#8830,#8831,#8832,#8833,#8834,
#8835,#8836,#8837,#8838,#8839,#8840,#8841,#8842,#8843,#8844,#8845,#8846,
#8847,#8848,#8849,#8850,#8851,#8852));
#9219=CLOSED_SHELL('',(#8853,#8854,#8855,#8856,#8857,#8858,#8859,#8860,
#8861,#8862,#8863,#8864,#8865,#8866));
#9220=CLOSED_SHELL('',(#8867,#8868,#8869,#8870,#8871,#8872,#8873,#8874,
#8875,#8876));
#9221=CLOSED_SHELL('',(#8877,#8878,#8879,#8880,#8881,#8882,#8883,#8884,
#8885,#8886,#8887,#8888));
#9222=CLOSED_SHELL('',(#8889,#8890,#8891,#8892,#8893,#8894,#8895,#8896,
#8897,#8898));
#9223=CLOSED_SHELL('',(#8899,#8900,#8901,#8902,#8903,#8904,#8905,#8906,
#8907,#8908,#8909,#8910,#8911,#8912));
#9224=CLOSED_SHELL('',(#8913,#8914,#8915,#8916,#8917,#8918,#8919,#8920,
#8921,#8922,#8923,#8924,#8925,#8926,#8927,#8928,#8929,#8930,#8931,#8932,
#8933,#8934,#8935,#8936,#8937,#8938,#8939,#8940,#8941,#8942,#8943,#8944,
#8945,#8946,#8947,#8948,#8949,#8950,#8951,#8952,#8953,#8954,#8955,#8956,
#8957,#8958,#8959,#8960,#8961,#8962,#8963,#8964,#8965,#8966,#8967,#8968,
#8969,#8970,#8971,#8972,#8973,#8974,#8975,#8976,#8977,#8978,#8979,#8980,
#8981,#8982,#8983,#8984,#8985,#8986,#8987,#8988,#8989,#8990,#8991,#8992,
#8993,#8994,#8995,#8996,#8997,#8998,#8999,#9000,#9001,#9002,#9003,#9004,
#9005,#9006,#9007,#9008,#9009,#9010,#9011,#9012,#9013,#9014,#9015,#9016,
#9017,#9018));
#9225=CLOSED_SHELL('',(#9019,#9020,#9021,#9022,#9023,#9024,#9025,#9026,
#9027,#9028,#9029,#9030,#9031,#9032,#9033,#9034));
#9226=CLOSED_SHELL('',(#9035,#9036,#9037,#9038));
#9227=CLOSED_SHELL('',(#9039,#9040,#9041,#9042));
#9228=CLOSED_SHELL('',(#9043,#9044,#9045,#9046,#9047,#9048,#9049,#9050,
#9051,#9052,#9053,#9054,#9055,#9056,#9057,#9058,#9059,#9060,#9061,#9062,
#9063,#9064,#9065,#9066,#9067,#9068,#9069,#9070,#9071,#9072,#9073,#9074,
#9075,#9076,#9077,#9078,#9079,#9080,#9081,#9082,#9083,#9084,#9085,#9086,
#9087,#9088,#9089,#9090,#9091,#9092,#9093,#9094,#9095,#9096,#9097));
#9229=CLOSED_SHELL('',(#9098,#9099,#9100,#9101));
#9230=CLOSED_SHELL('',(#9102,#9103,#9104,#9105));
#9231=CLOSED_SHELL('',(#9106,#9107,#9108,#9109,#9110,#9111,#9112,#9113,
#9114,#9115,#9116,#9117,#9118,#9119,#9120,#9121,#9122,#9123,#9124,#9125,
#9126,#9127,#9128,#9129,#9130,#9131,#9132,#9133,#9134,#9135,#9136,#9137,
#9138,#9139,#9140,#9141,#9142,#9143,#9144,#9145,#9146,#9147,#9148,#9149,
#9150,#9151,#9152,#9153,#9154,#9155,#9156,#9157,#9158,#9159,#9160));
#9232=CLOSED_SHELL('',(#9161,#9162,#9163,#9164,#9165,#9166,#9167,#9168,
#9169,#9170,#9171,#9172,#9173,#9174,#9175,#9176,#9177,#9178,#9179,#9180,
#9181,#9182,#9183,#9184,#9185,#9186,#9187,#9188,#9189,#9190,#9191,#9192,
#9193,#9194,#9195,#9196,#9197,#9198,#9199,#9200,#9201,#9202,#9203,#9204,
#9205,#9206,#9207,#9208,#9209,#9210,#9211,#9212,#9213,#9214,#9215));
#9233=DERIVED_UNIT_ELEMENT(#9247,1.);
#9234=DERIVED_UNIT_ELEMENT(#15809,-3.);
#9235=DERIVED_UNIT_ELEMENT(#9247,1.);
#9236=DERIVED_UNIT_ELEMENT(#15809,-3.);
#9237=DERIVED_UNIT_ELEMENT(#9247,1.);
#9238=DERIVED_UNIT_ELEMENT(#15809,-3.);
#9239=DERIVED_UNIT_ELEMENT(#9247,1.);
#9240=DERIVED_UNIT_ELEMENT(#15809,-3.);
#9241=DERIVED_UNIT_ELEMENT(#9247,1.);
#9242=DERIVED_UNIT_ELEMENT(#15809,-3.);
#9243=DERIVED_UNIT_ELEMENT(#9247,1.);
#9244=DERIVED_UNIT_ELEMENT(#15809,-3.);
#9245=DERIVED_UNIT_ELEMENT(#9247,1.);
#9246=DERIVED_UNIT_ELEMENT(#15809,-3.);
#9247=(
MASS_UNIT()
NAMED_UNIT(*)
SI_UNIT(.KILO.,.GRAM.)
);
#9248=DERIVED_UNIT((#9233,#9234));
#9249=DERIVED_UNIT((#9235,#9236));
#9250=DERIVED_UNIT((#9237,#9238));
#9251=DERIVED_UNIT((#9239,#9240));
#9252=DERIVED_UNIT((#9241,#9242));
#9253=DERIVED_UNIT((#9243,#9244));
#9254=DERIVED_UNIT((#9245,#9246));
#9255=MEASURE_REPRESENTATION_ITEM('density measure',
POSITIVE_RATIO_MEASURE(7850.),#9248);
#9256=MEASURE_REPRESENTATION_ITEM('density measure',
POSITIVE_RATIO_MEASURE(7850.),#9249);
#9257=MEASURE_REPRESENTATION_ITEM('density measure',
POSITIVE_RATIO_MEASURE(7850.),#9250);
#9258=MEASURE_REPRESENTATION_ITEM('density measure',
POSITIVE_RATIO_MEASURE(7850.),#9251);
#9259=MEASURE_REPRESENTATION_ITEM('density measure',
POSITIVE_RATIO_MEASURE(7850.),#9252);
#9260=MEASURE_REPRESENTATION_ITEM('density measure',
POSITIVE_RATIO_MEASURE(7850.),#9253);
#9261=MEASURE_REPRESENTATION_ITEM('density measure',
POSITIVE_RATIO_MEASURE(7850.),#9254);
#9262=PROPERTY_DEFINITION_REPRESENTATION(#9297,#9276);
#9263=PROPERTY_DEFINITION_REPRESENTATION(#9298,#9277);
#9264=PROPERTY_DEFINITION_REPRESENTATION(#9299,#9278);
#9265=PROPERTY_DEFINITION_REPRESENTATION(#9300,#9279);
#9266=PROPERTY_DEFINITION_REPRESENTATION(#9301,#9280);
#9267=PROPERTY_DEFINITION_REPRESENTATION(#9302,#9281);
#9268=PROPERTY_DEFINITION_REPRESENTATION(#9303,#9282);
#9269=PROPERTY_DEFINITION_REPRESENTATION(#9304,#9283);
#9270=PROPERTY_DEFINITION_REPRESENTATION(#9305,#9284);
#9271=PROPERTY_DEFINITION_REPRESENTATION(#9306,#9285);
#9272=PROPERTY_DEFINITION_REPRESENTATION(#9307,#9286);
#9273=PROPERTY_DEFINITION_REPRESENTATION(#9308,#9287);
#9274=PROPERTY_DEFINITION_REPRESENTATION(#9309,#9288);
#9275=PROPERTY_DEFINITION_REPRESENTATION(#9310,#9289);
#9276=REPRESENTATION('material name',(#9290),#15797);
#9277=REPRESENTATION('density',(#9255),#15797);
#9278=REPRESENTATION('material name',(#9291),#15798);
#9279=REPRESENTATION('density',(#9256),#15798);
#9280=REPRESENTATION('material name',(#9292),#15799);
#9281=REPRESENTATION('density',(#9257),#15799);
#9282=REPRESENTATION('material name',(#9293),#15801);
#9283=REPRESENTATION('density',(#9258),#15801);
#9284=REPRESENTATION('material name',(#9294),#15804);
#9285=REPRESENTATION('density',(#9259),#15804);
#9286=REPRESENTATION('material name',(#9295),#15805);
#9287=REPRESENTATION('density',(#9260),#15805);
#9288=REPRESENTATION('material name',(#9296),#15806);
#9289=REPRESENTATION('density',(#9261),#15806);
#9290=DESCRIPTIVE_REPRESENTATION_ITEM('Steel','Steel');
#9291=DESCRIPTIVE_REPRESENTATION_ITEM('Steel','Steel');
#9292=DESCRIPTIVE_REPRESENTATION_ITEM('Steel','Steel');
#9293=DESCRIPTIVE_REPRESENTATION_ITEM('Steel','Steel');
#9294=DESCRIPTIVE_REPRESENTATION_ITEM('Steel','Steel');
#9295=DESCRIPTIVE_REPRESENTATION_ITEM('Steel','Steel');
#9296=DESCRIPTIVE_REPRESENTATION_ITEM('Steel','Steel');
#9297=PROPERTY_DEFINITION('material property','material name',#15884);
#9298=PROPERTY_DEFINITION('material property','density of part',#15884);
#9299=PROPERTY_DEFINITION('material property','material name',#15885);
#9300=PROPERTY_DEFINITION('material property','density of part',#15885);
#9301=PROPERTY_DEFINITION('material property','material name',#15886);
#9302=PROPERTY_DEFINITION('material property','density of part',#15886);
#9303=PROPERTY_DEFINITION('material property','material name',#15888);
#9304=PROPERTY_DEFINITION('material property','density of part',#15888);
#9305=PROPERTY_DEFINITION('material property','material name',#15891);
#9306=PROPERTY_DEFINITION('material property','density of part',#15891);
#9307=PROPERTY_DEFINITION('material property','material name',#15892);
#9308=PROPERTY_DEFINITION('material property','density of part',#15892);
#9309=PROPERTY_DEFINITION('material property','material name',#15893);
#9310=PROPERTY_DEFINITION('material property','density of part',#15893);
#9311=AXIS2_PLACEMENT_3D('',#13012,#10263,#10264);
#9312=AXIS2_PLACEMENT_3D('',#13013,#10265,#10266);
#9313=AXIS2_PLACEMENT_3D('',#13014,#10267,#10268);
#9314=AXIS2_PLACEMENT_3D('',#13015,#10269,#10270);
#9315=AXIS2_PLACEMENT_3D('',#13016,#10271,#10272);
#9316=AXIS2_PLACEMENT_3D('',#13017,#10273,#10274);
#9317=AXIS2_PLACEMENT_3D('',#13018,#10275,#10276);
#9318=AXIS2_PLACEMENT_3D('',#13019,#10277,#10278);
#9319=AXIS2_PLACEMENT_3D('',#13021,#10279,#10280);
#9320=AXIS2_PLACEMENT_3D('',#13024,#10282,#10283);
#9321=AXIS2_PLACEMENT_3D('',#13025,#10284,#10285);
#9322=AXIS2_PLACEMENT_3D('',#13027,#10286,#10287);
#9323=AXIS2_PLACEMENT_3D('',#13028,#10288,#10289);
#9324=AXIS2_PLACEMENT_3D('',#13030,#10290,#10291);
#9325=AXIS2_PLACEMENT_3D('',#13034,#10293,#10294);
#9326=AXIS2_PLACEMENT_3D('',#13038,#10296,#10297);
#9327=AXIS2_PLACEMENT_3D('',#13041,#10299,#10300);
#9328=AXIS2_PLACEMENT_3D('',#13043,#10301,#10302);
#9329=AXIS2_PLACEMENT_3D('',#13046,#10304,#10305);
#9330=AXIS2_PLACEMENT_3D('',#13047,#10306,#10307);
#9331=AXIS2_PLACEMENT_3D('',#13049,#10308,#10309);
#9332=AXIS2_PLACEMENT_3D('',#13050,#10310,#10311);
#9333=AXIS2_PLACEMENT_3D('',#13052,#10312,#10313);
#9334=AXIS2_PLACEMENT_3D('',#13054,#10315,#10316);
#9335=AXIS2_PLACEMENT_3D('',#13055,#10317,#10318);
#9336=AXIS2_PLACEMENT_3D('',#13067,#10324,#10325);
#9337=AXIS2_PLACEMENT_3D('',#13069,#10326,#10327);
#9338=AXIS2_PLACEMENT_3D('',#13071,#10329,#10330);
#9339=AXIS2_PLACEMENT_3D('',#13075,#10333,#10334);
#9340=AXIS2_PLACEMENT_3D('',#13079,#10337,#10338);
#9341=AXIS2_PLACEMENT_3D('',#13085,#10342,#10343);
#9342=AXIS2_PLACEMENT_3D('',#13094,#10348,#10349);
#9343=AXIS2_PLACEMENT_3D('',#13103,#10354,#10355);
#9344=AXIS2_PLACEMENT_3D('',#13112,#10360,#10361);
#9345=AXIS2_PLACEMENT_3D('',#13113,#10362,#10363);
#9346=AXIS2_PLACEMENT_3D('',#13114,#10364,#10365);
#9347=AXIS2_PLACEMENT_3D('',#13120,#10369,#10370);
#9348=AXIS2_PLACEMENT_3D('',#13123,#10372,#10373);
#9349=AXIS2_PLACEMENT_3D('',#13124,#10374,#10375);
#9350=AXIS2_PLACEMENT_3D('',#13128,#10377,#10378);
#9351=AXIS2_PLACEMENT_3D('',#13131,#10380,#10381);
#9352=AXIS2_PLACEMENT_3D('',#13132,#10382,#10383);
#9353=AXIS2_PLACEMENT_3D('',#13136,#10385,#10386);
#9354=AXIS2_PLACEMENT_3D('',#13139,#10388,#10389);
#9355=AXIS2_PLACEMENT_3D('',#13140,#10390,#10391);
#9356=AXIS2_PLACEMENT_3D('',#13143,#10393,#10394);
#9357=AXIS2_PLACEMENT_3D('',#13144,#10395,#10396);
#9358=AXIS2_PLACEMENT_3D('',#13146,#10397,#10398);
#9359=AXIS2_PLACEMENT_3D('',#13148,#10400,#10401);
#9360=AXIS2_PLACEMENT_3D('',#13153,#10403,#10404);
#9361=AXIS2_PLACEMENT_3D('',#13155,#10406,#10407);
#9362=AXIS2_PLACEMENT_3D('',#13156,#10408,#10409);
#9363=AXIS2_PLACEMENT_3D('',#13161,#10411,#10412);
#9364=AXIS2_PLACEMENT_3D('',#13164,#10414,#10415);
#9365=AXIS2_PLACEMENT_3D('',#13165,#10416,#10417);
#9366=AXIS2_PLACEMENT_3D('',#13170,#10420,#10421);
#9367=AXIS2_PLACEMENT_3D('',#13171,#10422,#10423);
#9368=AXIS2_PLACEMENT_3D('',#13174,#10426,#10427);
#9369=AXIS2_PLACEMENT_3D('',#13178,#10430,#10431);
#9370=AXIS2_PLACEMENT_3D('',#13179,#10432,#10433);
#9371=AXIS2_PLACEMENT_3D('',#13181,#10435,#10436);
#9372=AXIS2_PLACEMENT_3D('',#13183,#10438,#10439);
#9373=AXIS2_PLACEMENT_3D('',#13186,#10442,#10443);
#9374=AXIS2_PLACEMENT_3D('',#13190,#10446,#10447);
#9375=AXIS2_PLACEMENT_3D('',#13192,#10448,#10449);
#9376=AXIS2_PLACEMENT_3D('',#13193,#10450,#10451);
#9377=AXIS2_PLACEMENT_3D('',#13197,#10454,#10455);
#9378=AXIS2_PLACEMENT_3D('',#13201,#10458,#10459);
#9379=AXIS2_PLACEMENT_3D('',#13205,#10462,#10463);
#9380=AXIS2_PLACEMENT_3D('',#13206,#10464,#10465);
#9381=AXIS2_PLACEMENT_3D('',#13210,#10467,#10468);
#9382=AXIS2_PLACEMENT_3D('',#13213,#10470,#10471);
#9383=AXIS2_PLACEMENT_3D('',#13214,#10472,#10473);
#9384=AXIS2_PLACEMENT_3D('',#13216,#10474,#10475);
#9385=AXIS2_PLACEMENT_3D('',#13219,#10477,#10478);
#9386=AXIS2_PLACEMENT_3D('',#13220,#10479,#10480);
#9387=AXIS2_PLACEMENT_3D('',#13223,#10482,#10483);
#9388=AXIS2_PLACEMENT_3D('',#13224,#10484,#10485);
#9389=AXIS2_PLACEMENT_3D('',#13226,#10486,#10487);
#9390=AXIS2_PLACEMENT_3D('',#13228,#10489,#10490);
#9391=AXIS2_PLACEMENT_3D('',#13233,#10492,#10493);
#9392=AXIS2_PLACEMENT_3D('',#13235,#10495,#10496);
#9393=AXIS2_PLACEMENT_3D('',#13236,#10497,#10498);
#9394=AXIS2_PLACEMENT_3D('',#13239,#10500,#10501);
#9395=AXIS2_PLACEMENT_3D('',#13241,#10503,#10504);
#9396=AXIS2_PLACEMENT_3D('',#13244,#10506,#10507);
#9397=AXIS2_PLACEMENT_3D('',#13245,#10508,#10509);
#9398=AXIS2_PLACEMENT_3D('',#13248,#10511,#10512);
#9399=AXIS2_PLACEMENT_3D('',#13249,#10513,#10514);
#9400=AXIS2_PLACEMENT_3D('',#13252,#10516,#10517);
#9401=AXIS2_PLACEMENT_3D('',#13253,#10518,#10519);
#9402=AXIS2_PLACEMENT_3D('',#13255,#10521,#10522);
#9403=AXIS2_PLACEMENT_3D('',#13257,#10524,#10525);
#9404=AXIS2_PLACEMENT_3D('',#13260,#10528,#10529);
#9405=AXIS2_PLACEMENT_3D('',#13263,#10531,#10532);
#9406=AXIS2_PLACEMENT_3D('',#13264,#10533,#10534);
#9407=AXIS2_PLACEMENT_3D('',#13265,#10535,#10536);
#9408=AXIS2_PLACEMENT_3D('',#13266,#10537,#10538);
#9409=AXIS2_PLACEMENT_3D('',#13268,#10540,#10541);
#9410=AXIS2_PLACEMENT_3D('',#13269,#10542,#10543);
#9411=AXIS2_PLACEMENT_3D('',#13270,#10544,#10545);
#9412=AXIS2_PLACEMENT_3D('',#13271,#10546,#10547);
#9413=AXIS2_PLACEMENT_3D('',#13273,#10548,#10549);
#9414=AXIS2_PLACEMENT_3D('',#13274,#10550,#10551);
#9415=AXIS2_PLACEMENT_3D('',#13276,#10552,#10553);
#9416=AXIS2_PLACEMENT_3D('',#13278,#10555,#10556);
#9417=AXIS2_PLACEMENT_3D('',#13279,#10557,#10558);
#9418=AXIS2_PLACEMENT_3D('',#13281,#10559,#10560);
#9419=AXIS2_PLACEMENT_3D('',#13283,#10562,#10563);
#9420=AXIS2_PLACEMENT_3D('',#13286,#10564,#10565);
#9421=AXIS2_PLACEMENT_3D('',#13290,#10567,#10568);
#9422=AXIS2_PLACEMENT_3D('',#13292,#10570,#10571);
#9423=AXIS2_PLACEMENT_3D('',#13298,#10575,#10576);
#9424=AXIS2_PLACEMENT_3D('',#13304,#10580,#10581);
#9425=AXIS2_PLACEMENT_3D('',#13306,#10582,#10583);
#9426=AXIS2_PLACEMENT_3D('',#13308,#10584,#10585);
#9427=AXIS2_PLACEMENT_3D('',#13310,#10587,#10588);
#9428=AXIS2_PLACEMENT_3D('',#13316,#10592,#10593);
#9429=AXIS2_PLACEMENT_3D('',#13322,#10597,#10598);
#9430=AXIS2_PLACEMENT_3D('',#13324,#10599,#10600);
#9431=AXIS2_PLACEMENT_3D('',#13326,#10601,#10602);
#9432=AXIS2_PLACEMENT_3D('',#13328,#10604,#10605);
#9433=AXIS2_PLACEMENT_3D('',#13334,#10609,#10610);
#9434=AXIS2_PLACEMENT_3D('',#13340,#10614,#10615);
#9435=AXIS2_PLACEMENT_3D('',#13342,#10616,#10617);
#9436=AXIS2_PLACEMENT_3D('',#13344,#10618,#10619);
#9437=AXIS2_PLACEMENT_3D('',#13346,#10621,#10622);
#9438=AXIS2_PLACEMENT_3D('',#13352,#10626,#10627);
#9439=AXIS2_PLACEMENT_3D('',#13355,#10630,#10631);
#9440=AXIS2_PLACEMENT_3D('',#13356,#10632,#10633);
#9441=AXIS2_PLACEMENT_3D('',#13357,#10634,#10635);
#9442=AXIS2_PLACEMENT_3D('',#13359,#10636,#10637);
#9443=AXIS2_PLACEMENT_3D('',#13361,#10638,#10639);
#9444=AXIS2_PLACEMENT_3D('',#13362,#10640,#10641);
#9445=AXIS2_PLACEMENT_3D('',#13364,#10642,#10643);
#9446=AXIS2_PLACEMENT_3D('',#13366,#10645,#10646);
#9447=AXIS2_PLACEMENT_3D('',#13368,#10647,#10648);
#9448=AXIS2_PLACEMENT_3D('',#13370,#10650,#10651);
#9449=AXIS2_PLACEMENT_3D('',#13371,#10652,#10653);
#9450=AXIS2_PLACEMENT_3D('',#13373,#10654,#10655);
#9451=AXIS2_PLACEMENT_3D('',#13375,#10656,#10657);
#9452=AXIS2_PLACEMENT_3D('',#13376,#10658,#10659);
#9453=AXIS2_PLACEMENT_3D('',#13378,#10660,#10661);
#9454=AXIS2_PLACEMENT_3D('',#13380,#10663,#10664);
#9455=AXIS2_PLACEMENT_3D('',#13382,#10665,#10666);
#9456=AXIS2_PLACEMENT_3D('',#13384,#10668,#10669);
#9457=AXIS2_PLACEMENT_3D('',#13385,#10670,#10671);
#9458=AXIS2_PLACEMENT_3D('',#13387,#10672,#10673);
#9459=AXIS2_PLACEMENT_3D('',#13389,#10674,#10675);
#9460=AXIS2_PLACEMENT_3D('',#13390,#10676,#10677);
#9461=AXIS2_PLACEMENT_3D('',#13392,#10678,#10679);
#9462=AXIS2_PLACEMENT_3D('',#13394,#10681,#10682);
#9463=AXIS2_PLACEMENT_3D('',#13396,#10683,#10684);
#9464=AXIS2_PLACEMENT_3D('',#13399,#10687,#10688);
#9465=AXIS2_PLACEMENT_3D('',#13400,#10689,#10690);
#9466=AXIS2_PLACEMENT_3D('',#13401,#10691,#10692);
#9467=AXIS2_PLACEMENT_3D('',#13402,#10693,#10694);
#9468=AXIS2_PLACEMENT_3D('',#13403,#10695,#10696);
#9469=AXIS2_PLACEMENT_3D('',#13404,#10697,#10698);
#9470=AXIS2_PLACEMENT_3D('',#13405,#10699,#10700);
#9471=AXIS2_PLACEMENT_3D('',#13406,#10701,#10702);
#9472=AXIS2_PLACEMENT_3D('',#13407,#10703,#10704);
#9473=AXIS2_PLACEMENT_3D('',#13408,#10705,#10706);
#9474=AXIS2_PLACEMENT_3D('',#13409,#10707,#10708);
#9475=AXIS2_PLACEMENT_3D('',#13410,#10709,#10710);
#9476=AXIS2_PLACEMENT_3D('',#13413,#10711,#10712);
#9477=AXIS2_PLACEMENT_3D('',#13417,#10714,#10715);
#9478=AXIS2_PLACEMENT_3D('',#13424,#10719,#10720);
#9479=AXIS2_PLACEMENT_3D('',#13425,#10721,#10722);
#9480=AXIS2_PLACEMENT_3D('',#13429,#10724,#10725);
#9481=AXIS2_PLACEMENT_3D('',#13431,#10727,#10728);
#9482=AXIS2_PLACEMENT_3D('',#13435,#10730,#10731);
#9483=AXIS2_PLACEMENT_3D('',#13439,#10733,#10734);
#9484=AXIS2_PLACEMENT_3D('',#13444,#10737,#10738);
#9485=AXIS2_PLACEMENT_3D('',#13445,#10739,#10740);
#9486=AXIS2_PLACEMENT_3D('',#13449,#10743,#10744);
#9487=AXIS2_PLACEMENT_3D('',#13455,#10748,#10749);
#9488=AXIS2_PLACEMENT_3D('',#13459,#10751,#10752);
#9489=AXIS2_PLACEMENT_3D('',#13462,#10754,#10755);
#9490=AXIS2_PLACEMENT_3D('',#13463,#10756,#10757);
#9491=AXIS2_PLACEMENT_3D('',#13466,#10760,#10761);
#9492=AXIS2_PLACEMENT_3D('',#13468,#10762,#10763);
#9493=AXIS2_PLACEMENT_3D('',#13471,#10765,#10766);
#9494=AXIS2_PLACEMENT_3D('',#13473,#10767,#10768);
#9495=AXIS2_PLACEMENT_3D('',#13474,#10769,#10770);
#9496=AXIS2_PLACEMENT_3D('',#13476,#10772,#10773);
#9497=AXIS2_PLACEMENT_3D('',#13478,#10775,#10776);
#9498=AXIS2_PLACEMENT_3D('',#13480,#10778,#10779);
#9499=AXIS2_PLACEMENT_3D('',#13481,#10780,#10781);
#9500=AXIS2_PLACEMENT_3D('',#13483,#10783,#10784);
#9501=AXIS2_PLACEMENT_3D('',#13484,#10785,#10786);
#9502=AXIS2_PLACEMENT_3D('',#13485,#10787,#10788);
#9503=AXIS2_PLACEMENT_3D('',#13487,#10789,#10790);
#9504=AXIS2_PLACEMENT_3D('',#13490,#10792,#10793);
#9505=AXIS2_PLACEMENT_3D('',#13491,#10794,#10795);
#9506=AXIS2_PLACEMENT_3D('',#13493,#10796,#10797);
#9507=AXIS2_PLACEMENT_3D('',#13496,#10799,#10800);
#9508=AXIS2_PLACEMENT_3D('',#13497,#10801,#10802);
#9509=AXIS2_PLACEMENT_3D('',#13506,#10807,#10808);
#9510=AXIS2_PLACEMENT_3D('',#13512,#10812,#10813);
#9511=AXIS2_PLACEMENT_3D('',#13518,#10817,#10818);
#9512=AXIS2_PLACEMENT_3D('',#13548,#10834,#10835);
#9513=AXIS2_PLACEMENT_3D('',#13552,#10838,#10839);
#9514=AXIS2_PLACEMENT_3D('',#13554,#10840,#10841);
#9515=AXIS2_PLACEMENT_3D('',#13557,#10843,#10844);
#9516=AXIS2_PLACEMENT_3D('',#13558,#10845,#10846);
#9517=AXIS2_PLACEMENT_3D('',#13560,#10847,#10848);
#9518=AXIS2_PLACEMENT_3D('',#13563,#10850,#10851);
#9519=AXIS2_PLACEMENT_3D('',#13564,#10852,#10853);
#9520=AXIS2_PLACEMENT_3D('',#13570,#10857,#10858);
#9521=AXIS2_PLACEMENT_3D('',#13574,#10861,#10862);
#9522=AXIS2_PLACEMENT_3D('',#13578,#10865,#10866);
#9523=AXIS2_PLACEMENT_3D('',#13582,#10869,#10870);
#9524=AXIS2_PLACEMENT_3D('',#13584,#10871,#10872);
#9525=AXIS2_PLACEMENT_3D('',#13587,#10874,#10875);
#9526=AXIS2_PLACEMENT_3D('',#13588,#10876,#10877);
#9527=AXIS2_PLACEMENT_3D('',#13590,#10878,#10879);
#9528=AXIS2_PLACEMENT_3D('',#13593,#10881,#10882);
#9529=AXIS2_PLACEMENT_3D('',#13594,#10883,#10884);
#9530=AXIS2_PLACEMENT_3D('',#13600,#10888,#10889);
#9531=AXIS2_PLACEMENT_3D('',#13604,#10892,#10893);
#9532=AXIS2_PLACEMENT_3D('',#13608,#10896,#10897);
#9533=AXIS2_PLACEMENT_3D('',#13620,#10905,#10906);
#9534=AXIS2_PLACEMENT_3D('',#13622,#10908,#10909);
#9535=AXIS2_PLACEMENT_3D('',#13623,#10910,#10911);
#9536=AXIS2_PLACEMENT_3D('',#13625,#10913,#10914);
#9537=AXIS2_PLACEMENT_3D('',#13626,#10915,#10916);
#9538=AXIS2_PLACEMENT_3D('',#13628,#10918,#10919);
#9539=AXIS2_PLACEMENT_3D('',#13630,#10921,#10922);
#9540=AXIS2_PLACEMENT_3D('',#13631,#10923,#10924);
#9541=AXIS2_PLACEMENT_3D('',#13632,#10925,#10926);
#9542=AXIS2_PLACEMENT_3D('',#13635,#10927,#10928);
#9543=AXIS2_PLACEMENT_3D('',#13639,#10930,#10931);
#9544=AXIS2_PLACEMENT_3D('',#13646,#10935,#10936);
#9545=AXIS2_PLACEMENT_3D('',#13647,#10937,#10938);
#9546=AXIS2_PLACEMENT_3D('',#13651,#10940,#10941);
#9547=AXIS2_PLACEMENT_3D('',#13653,#10943,#10944);
#9548=AXIS2_PLACEMENT_3D('',#13657,#10946,#10947);
#9549=AXIS2_PLACEMENT_3D('',#13661,#10949,#10950);
#9550=AXIS2_PLACEMENT_3D('',#13666,#10953,#10954);
#9551=AXIS2_PLACEMENT_3D('',#13667,#10955,#10956);
#9552=AXIS2_PLACEMENT_3D('',#13671,#10959,#10960);
#9553=AXIS2_PLACEMENT_3D('',#13677,#10964,#10965);
#9554=AXIS2_PLACEMENT_3D('',#13681,#10967,#10968);
#9555=AXIS2_PLACEMENT_3D('',#13684,#10970,#10971);
#9556=AXIS2_PLACEMENT_3D('',#13685,#10972,#10973);
#9557=AXIS2_PLACEMENT_3D('',#13688,#10976,#10977);
#9558=AXIS2_PLACEMENT_3D('',#13690,#10978,#10979);
#9559=AXIS2_PLACEMENT_3D('',#13693,#10981,#10982);
#9560=AXIS2_PLACEMENT_3D('',#13695,#10983,#10984);
#9561=AXIS2_PLACEMENT_3D('',#13696,#10985,#10986);
#9562=AXIS2_PLACEMENT_3D('',#13698,#10988,#10989);
#9563=AXIS2_PLACEMENT_3D('',#13700,#10991,#10992);
#9564=AXIS2_PLACEMENT_3D('',#13702,#10994,#10995);
#9565=AXIS2_PLACEMENT_3D('',#13703,#10996,#10997);
#9566=AXIS2_PLACEMENT_3D('',#13705,#10999,#11000);
#9567=AXIS2_PLACEMENT_3D('',#13706,#11001,#11002);
#9568=AXIS2_PLACEMENT_3D('',#13707,#11003,#11004);
#9569=AXIS2_PLACEMENT_3D('',#13708,#11005,#11006);
#9570=AXIS2_PLACEMENT_3D('',#13710,#11007,#11008);
#9571=AXIS2_PLACEMENT_3D('',#13713,#11010,#11011);
#9572=AXIS2_PLACEMENT_3D('',#13714,#11012,#11013);
#9573=AXIS2_PLACEMENT_3D('',#13716,#11014,#11015);
#9574=AXIS2_PLACEMENT_3D('',#13719,#11017,#11018);
#9575=AXIS2_PLACEMENT_3D('',#13720,#11019,#11020);
#9576=AXIS2_PLACEMENT_3D('',#13723,#11021,#11022);
#9577=AXIS2_PLACEMENT_3D('',#13727,#11024,#11025);
#9578=AXIS2_PLACEMENT_3D('',#13729,#11027,#11028);
#9579=AXIS2_PLACEMENT_3D('',#13735,#11032,#11033);
#9580=AXIS2_PLACEMENT_3D('',#13739,#11035,#11036);
#9581=AXIS2_PLACEMENT_3D('',#13742,#11038,#11039);
#9582=AXIS2_PLACEMENT_3D('',#13743,#11040,#11041);
#9583=AXIS2_PLACEMENT_3D('',#13746,#11042,#11043);
#9584=AXIS2_PLACEMENT_3D('',#13749,#11046,#11047);
#9585=AXIS2_PLACEMENT_3D('',#13753,#11050,#11051);
#9586=AXIS2_PLACEMENT_3D('',#13755,#11053,#11054);
#9587=AXIS2_PLACEMENT_3D('',#13756,#11055,#11056);
#9588=AXIS2_PLACEMENT_3D('',#13757,#11057,#11058);
#9589=AXIS2_PLACEMENT_3D('',#13758,#11059,#11060);
#9590=AXIS2_PLACEMENT_3D('',#13759,#11061,#11062);
#9591=AXIS2_PLACEMENT_3D('',#13762,#11063,#11064);
#9592=AXIS2_PLACEMENT_3D('',#13766,#11066,#11067);
#9593=AXIS2_PLACEMENT_3D('',#13768,#11069,#11070);
#9594=AXIS2_PLACEMENT_3D('',#13774,#11074,#11075);
#9595=AXIS2_PLACEMENT_3D('',#13781,#11079,#11080);
#9596=AXIS2_PLACEMENT_3D('',#13783,#11081,#11082);
#9597=AXIS2_PLACEMENT_3D('',#13784,#11083,#11084);
#9598=AXIS2_PLACEMENT_3D('',#13787,#11086,#11087);
#9599=AXIS2_PLACEMENT_3D('',#13788,#11088,#11089);
#9600=AXIS2_PLACEMENT_3D('',#13790,#11090,#11091);
#9601=AXIS2_PLACEMENT_3D('',#13794,#11093,#11094);
#9602=AXIS2_PLACEMENT_3D('',#13797,#11096,#11097);
#9603=AXIS2_PLACEMENT_3D('',#13798,#11098,#11099);
#9604=AXIS2_PLACEMENT_3D('',#13800,#11100,#11101);
#9605=AXIS2_PLACEMENT_3D('',#13802,#11103,#11104);
#9606=AXIS2_PLACEMENT_3D('',#13804,#11105,#11106);
#9607=AXIS2_PLACEMENT_3D('',#13806,#11108,#11109);
#9608=AXIS2_PLACEMENT_3D('',#13810,#11112,#11113);
#9609=AXIS2_PLACEMENT_3D('',#13813,#11115,#11116);
#9610=AXIS2_PLACEMENT_3D('',#13815,#11117,#11118);
#9611=AXIS2_PLACEMENT_3D('',#13816,#11119,#11120);
#9612=AXIS2_PLACEMENT_3D('',#13818,#11122,#11123);
#9613=AXIS2_PLACEMENT_3D('',#13820,#11125,#11126);
#9614=AXIS2_PLACEMENT_3D('',#13821,#11127,#11128);
#9615=AXIS2_PLACEMENT_3D('',#13822,#11129,#11130);
#9616=AXIS2_PLACEMENT_3D('',#13824,#11131,#11132);
#9617=AXIS2_PLACEMENT_3D('',#13827,#11134,#11135);
#9618=AXIS2_PLACEMENT_3D('',#13828,#11136,#11137);
#9619=AXIS2_PLACEMENT_3D('',#13830,#11138,#11139);
#9620=AXIS2_PLACEMENT_3D('',#13833,#11141,#11142);
#9621=AXIS2_PLACEMENT_3D('',#13834,#11143,#11144);
#9622=AXIS2_PLACEMENT_3D('',#13837,#11145,#11146);
#9623=AXIS2_PLACEMENT_3D('',#13841,#11148,#11149);
#9624=AXIS2_PLACEMENT_3D('',#13843,#11151,#11152);
#9625=AXIS2_PLACEMENT_3D('',#13849,#11156,#11157);
#9626=AXIS2_PLACEMENT_3D('',#13851,#11158,#11159);
#9627=AXIS2_PLACEMENT_3D('',#13855,#11161,#11162);
#9628=AXIS2_PLACEMENT_3D('',#13857,#11164,#11165);
#9629=AXIS2_PLACEMENT_3D('',#13860,#11166,#11167);
#9630=AXIS2_PLACEMENT_3D('',#13863,#11170,#11171);
#9631=AXIS2_PLACEMENT_3D('',#13867,#11174,#11175);
#9632=AXIS2_PLACEMENT_3D('',#13869,#11177,#11178);
#9633=AXIS2_PLACEMENT_3D('',#13870,#11179,#11180);
#9634=AXIS2_PLACEMENT_3D('',#13871,#11181,#11182);
#9635=AXIS2_PLACEMENT_3D('',#13872,#11183,#11184);
#9636=AXIS2_PLACEMENT_3D('',#13873,#11185,#11186);
#9637=AXIS2_PLACEMENT_3D('',#13874,#11187,#11188);
#9638=AXIS2_PLACEMENT_3D('',#13875,#11189,#11190);
#9639=AXIS2_PLACEMENT_3D('',#13876,#11191,#11192);
#9640=AXIS2_PLACEMENT_3D('',#13877,#11193,#11194);
#9641=AXIS2_PLACEMENT_3D('',#13878,#11195,#11196);
#9642=AXIS2_PLACEMENT_3D('',#13881,#11197,#11198);
#9643=AXIS2_PLACEMENT_3D('',#13885,#11200,#11201);
#9644=AXIS2_PLACEMENT_3D('',#13892,#11205,#11206);
#9645=AXIS2_PLACEMENT_3D('',#13893,#11207,#11208);
#9646=AXIS2_PLACEMENT_3D('',#13897,#11210,#11211);
#9647=AXIS2_PLACEMENT_3D('',#13899,#11213,#11214);
#9648=AXIS2_PLACEMENT_3D('',#13903,#11216,#11217);
#9649=AXIS2_PLACEMENT_3D('',#13907,#11219,#11220);
#9650=AXIS2_PLACEMENT_3D('',#13912,#11223,#11224);
#9651=AXIS2_PLACEMENT_3D('',#13913,#11225,#11226);
#9652=AXIS2_PLACEMENT_3D('',#13917,#11229,#11230);
#9653=AXIS2_PLACEMENT_3D('',#13923,#11234,#11235);
#9654=AXIS2_PLACEMENT_3D('',#13927,#11237,#11238);
#9655=AXIS2_PLACEMENT_3D('',#13930,#11240,#11241);
#9656=AXIS2_PLACEMENT_3D('',#13931,#11242,#11243);
#9657=AXIS2_PLACEMENT_3D('',#13934,#11246,#11247);
#9658=AXIS2_PLACEMENT_3D('',#13936,#11248,#11249);
#9659=AXIS2_PLACEMENT_3D('',#13939,#11251,#11252);
#9660=AXIS2_PLACEMENT_3D('',#13941,#11253,#11254);
#9661=AXIS2_PLACEMENT_3D('',#13942,#11255,#11256);
#9662=AXIS2_PLACEMENT_3D('',#13944,#11258,#11259);
#9663=AXIS2_PLACEMENT_3D('',#13946,#11261,#11262);
#9664=AXIS2_PLACEMENT_3D('',#13948,#11264,#11265);
#9665=AXIS2_PLACEMENT_3D('',#13949,#11266,#11267);
#9666=AXIS2_PLACEMENT_3D('',#13951,#11269,#11270);
#9667=AXIS2_PLACEMENT_3D('',#13952,#11271,#11272);
#9668=AXIS2_PLACEMENT_3D('',#13953,#11273,#11274);
#9669=AXIS2_PLACEMENT_3D('',#13954,#11275,#11276);
#9670=AXIS2_PLACEMENT_3D('',#13955,#11277,#11278);
#9671=AXIS2_PLACEMENT_3D('',#13965,#11283,#11284);
#9672=AXIS2_PLACEMENT_3D('',#13967,#11285,#11286);
#9673=AXIS2_PLACEMENT_3D('',#13968,#11287,#11288);
#9674=AXIS2_PLACEMENT_3D('',#13982,#11295,#11296);
#9675=AXIS2_PLACEMENT_3D('',#13984,#11297,#11298);
#9676=AXIS2_PLACEMENT_3D('',#13993,#11303,#11304);
#9677=AXIS2_PLACEMENT_3D('',#13994,#11305,#11306);
#9678=AXIS2_PLACEMENT_3D('',#13998,#11309,#11310);
#9679=AXIS2_PLACEMENT_3D('',#14008,#11315,#11316);
#9680=AXIS2_PLACEMENT_3D('',#14010,#11317,#11318);
#9681=AXIS2_PLACEMENT_3D('',#14011,#11319,#11320);
#9682=AXIS2_PLACEMENT_3D('',#14017,#11324,#11325);
#9683=AXIS2_PLACEMENT_3D('',#14027,#11330,#11331);
#9684=AXIS2_PLACEMENT_3D('',#14029,#11332,#11333);
#9685=AXIS2_PLACEMENT_3D('',#14030,#11334,#11335);
#9686=AXIS2_PLACEMENT_3D('',#14048,#11344,#11345);
#9687=AXIS2_PLACEMENT_3D('',#14057,#11350,#11351);
#9688=AXIS2_PLACEMENT_3D('',#14058,#11352,#11353);
#9689=AXIS2_PLACEMENT_3D('',#14062,#11356,#11357);
#9690=AXIS2_PLACEMENT_3D('',#14065,#11358,#11359);
#9691=AXIS2_PLACEMENT_3D('',#14069,#11361,#11362);
#9692=AXIS2_PLACEMENT_3D('',#14071,#11364,#11365);
#9693=AXIS2_PLACEMENT_3D('',#14074,#11366,#11367);
#9694=AXIS2_PLACEMENT_3D('',#14078,#11369,#11370);
#9695=AXIS2_PLACEMENT_3D('',#14080,#11372,#11373);
#9696=AXIS2_PLACEMENT_3D('',#14083,#11374,#11375);
#9697=AXIS2_PLACEMENT_3D('',#14087,#11377,#11378);
#9698=AXIS2_PLACEMENT_3D('',#14089,#11380,#11381);
#9699=AXIS2_PLACEMENT_3D('',#14092,#11382,#11383);
#9700=AXIS2_PLACEMENT_3D('',#14096,#11385,#11386);
#9701=AXIS2_PLACEMENT_3D('',#14098,#11388,#11389);
#9702=AXIS2_PLACEMENT_3D('',#14101,#11390,#11391);
#9703=AXIS2_PLACEMENT_3D('',#14105,#11393,#11394);
#9704=AXIS2_PLACEMENT_3D('',#14107,#11396,#11397);
#9705=AXIS2_PLACEMENT_3D('',#14110,#11398,#11399);
#9706=AXIS2_PLACEMENT_3D('',#14114,#11401,#11402);
#9707=AXIS2_PLACEMENT_3D('',#14116,#11404,#11405);
#9708=AXIS2_PLACEMENT_3D('',#14119,#11406,#11407);
#9709=AXIS2_PLACEMENT_3D('',#14123,#11409,#11410);
#9710=AXIS2_PLACEMENT_3D('',#14125,#11412,#11413);
#9711=AXIS2_PLACEMENT_3D('',#14128,#11414,#11415);
#9712=AXIS2_PLACEMENT_3D('',#14132,#11417,#11418);
#9713=AXIS2_PLACEMENT_3D('',#14134,#11420,#11421);
#9714=AXIS2_PLACEMENT_3D('',#14137,#11422,#11423);
#9715=AXIS2_PLACEMENT_3D('',#14141,#11425,#11426);
#9716=AXIS2_PLACEMENT_3D('',#14143,#11428,#11429);
#9717=AXIS2_PLACEMENT_3D('',#14146,#11430,#11431);
#9718=AXIS2_PLACEMENT_3D('',#14149,#11434,#11435);
#9719=AXIS2_PLACEMENT_3D('',#14152,#11436,#11437);
#9720=AXIS2_PLACEMENT_3D('',#14155,#11440,#11441);
#9721=AXIS2_PLACEMENT_3D('',#14158,#11442,#11443);
#9722=AXIS2_PLACEMENT_3D('',#14161,#11446,#11447);
#9723=AXIS2_PLACEMENT_3D('',#14163,#11448,#11449);
#9724=AXIS2_PLACEMENT_3D('',#14169,#11453,#11454);
#9725=AXIS2_PLACEMENT_3D('',#14174,#11459,#11460);
#9726=AXIS2_PLACEMENT_3D('',#14176,#11461,#11462);
#9727=AXIS2_PLACEMENT_3D('',#14178,#11463,#11464);
#9728=AXIS2_PLACEMENT_3D('',#14180,#11465,#11466);
#9729=AXIS2_PLACEMENT_3D('',#14182,#11467,#11468);
#9730=AXIS2_PLACEMENT_3D('',#14184,#11469,#11470);
#9731=AXIS2_PLACEMENT_3D('',#14186,#11471,#11472);
#9732=AXIS2_PLACEMENT_3D('',#14188,#11473,#11474);
#9733=AXIS2_PLACEMENT_3D('',#14189,#11475,#11476);
#9734=AXIS2_PLACEMENT_3D('',#14196,#11480,#11481);
#9735=AXIS2_PLACEMENT_3D('',#14205,#11486,#11487);
#9736=AXIS2_PLACEMENT_3D('',#14211,#11491,#11492);
#9737=AXIS2_PLACEMENT_3D('',#14214,#11495,#11496);
#9738=AXIS2_PLACEMENT_3D('',#14221,#11500,#11501);
#9739=AXIS2_PLACEMENT_3D('',#14227,#11505,#11506);
#9740=AXIS2_PLACEMENT_3D('',#14230,#11509,#11510);
#9741=AXIS2_PLACEMENT_3D('',#14232,#11512,#11513);
#9742=AXIS2_PLACEMENT_3D('',#14275,#11537,#11538);
#9743=AXIS2_PLACEMENT_3D('',#14277,#11539,#11540);
#9744=AXIS2_PLACEMENT_3D('',#14279,#11541,#11542);
#9745=AXIS2_PLACEMENT_3D('',#14281,#11543,#11544);
#9746=AXIS2_PLACEMENT_3D('',#14282,#11545,#11546);
#9747=AXIS2_PLACEMENT_3D('',#14288,#11550,#11551);
#9748=AXIS2_PLACEMENT_3D('',#14291,#11554,#11555);
#9749=AXIS2_PLACEMENT_3D('',#14294,#11558,#11559);
#9750=AXIS2_PLACEMENT_3D('',#14295,#11560,#11561);
#9751=AXIS2_PLACEMENT_3D('',#14301,#11565,#11566);
#9752=AXIS2_PLACEMENT_3D('',#14316,#11575,#11576);
#9753=AXIS2_PLACEMENT_3D('',#14317,#11577,#11578);
#9754=AXIS2_PLACEMENT_3D('',#14320,#11581,#11582);
#9755=AXIS2_PLACEMENT_3D('',#14329,#11587,#11588);
#9756=AXIS2_PLACEMENT_3D('',#14335,#11592,#11593);
#9757=AXIS2_PLACEMENT_3D('',#14337,#11595,#11596);
#9758=AXIS2_PLACEMENT_3D('',#14338,#11597,#11598);
#9759=AXIS2_PLACEMENT_3D('',#14339,#11599,#11600);
#9760=AXIS2_PLACEMENT_3D('',#14340,#11601,#11602);
#9761=AXIS2_PLACEMENT_3D('',#14349,#11607,#11608);
#9762=AXIS2_PLACEMENT_3D('',#14355,#11612,#11613);
#9763=AXIS2_PLACEMENT_3D('',#14357,#11615,#11616);
#9764=AXIS2_PLACEMENT_3D('',#14358,#11617,#11618);
#9765=AXIS2_PLACEMENT_3D('',#14359,#11619,#11620);
#9766=AXIS2_PLACEMENT_3D('',#14360,#11621,#11622);
#9767=AXIS2_PLACEMENT_3D('',#14362,#11624,#11625);
#9768=AXIS2_PLACEMENT_3D('',#14368,#11629,#11630);
#9769=AXIS2_PLACEMENT_3D('',#14390,#11633,#11634);
#9770=AXIS2_PLACEMENT_3D('',#14395,#11635,#11636);
#9771=AXIS2_PLACEMENT_3D('',#14397,#11637,#11638);
#9772=AXIS2_PLACEMENT_3D('',#14398,#11639,#11640);
#9773=AXIS2_PLACEMENT_3D('',#14418,#11641,#11642);
#9774=AXIS2_PLACEMENT_3D('',#14423,#11643,#11644);
#9775=AXIS2_PLACEMENT_3D('',#14425,#11645,#11646);
#9776=AXIS2_PLACEMENT_3D('',#14426,#11647,#11648);
#9777=AXIS2_PLACEMENT_3D('',#14427,#11649,#11650);
#9778=AXIS2_PLACEMENT_3D('',#14428,#11651,#11652);
#9779=AXIS2_PLACEMENT_3D('',#14429,#11653,#11654);
#9780=AXIS2_PLACEMENT_3D('',#14430,#11655,#11656);
#9781=AXIS2_PLACEMENT_3D('',#14431,#11657,#11658);
#9782=AXIS2_PLACEMENT_3D('',#14432,#11659,#11660);
#9783=AXIS2_PLACEMENT_3D('',#14433,#11661,#11662);
#9784=AXIS2_PLACEMENT_3D('',#14434,#11663,#11664);
#9785=AXIS2_PLACEMENT_3D('',#14435,#11665,#11666);
#9786=AXIS2_PLACEMENT_3D('',#14455,#11667,#11668);
#9787=AXIS2_PLACEMENT_3D('',#14460,#11669,#11670);
#9788=AXIS2_PLACEMENT_3D('',#14462,#11671,#11672);
#9789=AXIS2_PLACEMENT_3D('',#14463,#11673,#11674);
#9790=AXIS2_PLACEMENT_3D('',#14483,#11675,#11676);
#9791=AXIS2_PLACEMENT_3D('',#14488,#11677,#11678);
#9792=AXIS2_PLACEMENT_3D('',#14490,#11679,#11680);
#9793=AXIS2_PLACEMENT_3D('',#14491,#11681,#11682);
#9794=AXIS2_PLACEMENT_3D('',#14492,#11683,#11684);
#9795=AXIS2_PLACEMENT_3D('',#14494,#11686,#11687);
#9796=AXIS2_PLACEMENT_3D('',#14495,#11688,#11689);
#9797=AXIS2_PLACEMENT_3D('',#14496,#11690,#11691);
#9798=AXIS2_PLACEMENT_3D('',#14497,#11692,#11693);
#9799=AXIS2_PLACEMENT_3D('',#14498,#11694,#11695);
#9800=AXIS2_PLACEMENT_3D('',#14499,#11696,#11697);
#9801=AXIS2_PLACEMENT_3D('',#14500,#11698,#11699);
#9802=AXIS2_PLACEMENT_3D('',#14501,#11700,#11701);
#9803=AXIS2_PLACEMENT_3D('',#14502,#11702,#11703);
#9804=AXIS2_PLACEMENT_3D('',#14503,#11704,#11705);
#9805=AXIS2_PLACEMENT_3D('',#14507,#11708,#11709);
#9806=AXIS2_PLACEMENT_3D('',#14509,#11710,#11711);
#9807=AXIS2_PLACEMENT_3D('',#14510,#11712,#11713);
#9808=AXIS2_PLACEMENT_3D('',#14515,#11716,#11717);
#9809=AXIS2_PLACEMENT_3D('',#14516,#11718,#11719);
#9810=AXIS2_PLACEMENT_3D('',#14517,#11720,#11721);
#9811=AXIS2_PLACEMENT_3D('',#14518,#11722,#11723);
#9812=AXIS2_PLACEMENT_3D('',#14524,#11727,#11728);
#9813=AXIS2_PLACEMENT_3D('',#14526,#11730,#11731);
#9814=AXIS2_PLACEMENT_3D('',#14527,#11732,#11733);
#9815=AXIS2_PLACEMENT_3D('',#14528,#11734,#11735);
#9816=AXIS2_PLACEMENT_3D('',#14529,#11736,#11737);
#9817=AXIS2_PLACEMENT_3D('',#14549,#11738,#11739);
#9818=AXIS2_PLACEMENT_3D('',#14554,#11740,#11741);
#9819=AXIS2_PLACEMENT_3D('',#14556,#11742,#11743);
#9820=AXIS2_PLACEMENT_3D('',#14557,#11744,#11745);
#9821=AXIS2_PLACEMENT_3D('',#14577,#11746,#11747);
#9822=AXIS2_PLACEMENT_3D('',#14582,#11748,#11749);
#9823=AXIS2_PLACEMENT_3D('',#14584,#11750,#11751);
#9824=AXIS2_PLACEMENT_3D('',#14585,#11752,#11753);
#9825=AXIS2_PLACEMENT_3D('',#14586,#11754,#11755);
#9826=AXIS2_PLACEMENT_3D('',#14587,#11756,#11757);
#9827=AXIS2_PLACEMENT_3D('',#14588,#11758,#11759);
#9828=AXIS2_PLACEMENT_3D('',#14589,#11760,#11761);
#9829=AXIS2_PLACEMENT_3D('',#14590,#11762,#11763);
#9830=AXIS2_PLACEMENT_3D('',#14591,#11764,#11765);
#9831=AXIS2_PLACEMENT_3D('',#14593,#11766,#11767);
#9832=AXIS2_PLACEMENT_3D('',#14596,#11769,#11770);
#9833=AXIS2_PLACEMENT_3D('',#14597,#11771,#11772);
#9834=AXIS2_PLACEMENT_3D('',#14599,#11774,#11775);
#9835=AXIS2_PLACEMENT_3D('',#14601,#11776,#11777);
#9836=AXIS2_PLACEMENT_3D('',#14604,#11779,#11780);
#9837=AXIS2_PLACEMENT_3D('',#14605,#11781,#11782);
#9838=AXIS2_PLACEMENT_3D('',#14607,#11784,#11785);
#9839=AXIS2_PLACEMENT_3D('',#14609,#11786,#11787);
#9840=AXIS2_PLACEMENT_3D('',#14611,#11789,#11790);
#9841=AXIS2_PLACEMENT_3D('',#14613,#11791,#11792);
#9842=AXIS2_PLACEMENT_3D('',#14615,#11794,#11795);
#9843=AXIS2_PLACEMENT_3D('',#14617,#11796,#11797);
#9844=AXIS2_PLACEMENT_3D('',#14619,#11799,#11800);
#9845=AXIS2_PLACEMENT_3D('',#14621,#11801,#11802);
#9846=AXIS2_PLACEMENT_3D('',#14623,#11804,#11805);
#9847=AXIS2_PLACEMENT_3D('',#14626,#11807,#11808);
#9848=AXIS2_PLACEMENT_3D('',#14628,#11809,#11810);
#9849=AXIS2_PLACEMENT_3D('',#14629,#11811,#11812);
#9850=AXIS2_PLACEMENT_3D('',#14630,#11813,#11814);
#9851=AXIS2_PLACEMENT_3D('',#14632,#11816,#11817);
#9852=AXIS2_PLACEMENT_3D('',#14633,#11818,#11819);
#9853=AXIS2_PLACEMENT_3D('',#14635,#11821,#11822);
#9854=AXIS2_PLACEMENT_3D('',#14636,#11823,#11824);
#9855=AXIS2_PLACEMENT_3D('',#14638,#11826,#11827);
#9856=AXIS2_PLACEMENT_3D('',#14640,#11829,#11830);
#9857=AXIS2_PLACEMENT_3D('',#14641,#11831,#11832);
#9858=AXIS2_PLACEMENT_3D('',#14643,#11834,#11835);
#9859=AXIS2_PLACEMENT_3D('',#14645,#11837,#11838);
#9860=AXIS2_PLACEMENT_3D('',#14647,#11840,#11841);
#9861=AXIS2_PLACEMENT_3D('',#14649,#11843,#11844);
#9862=AXIS2_PLACEMENT_3D('',#14650,#11845,#11846);
#9863=AXIS2_PLACEMENT_3D('',#14651,#11847,#11848);
#9864=AXIS2_PLACEMENT_3D('',#14653,#11850,#11851);
#9865=AXIS2_PLACEMENT_3D('',#14655,#11853,#11854);
#9866=AXIS2_PLACEMENT_3D('',#14657,#11856,#11857);
#9867=AXIS2_PLACEMENT_3D('',#14659,#11859,#11860);
#9868=AXIS2_PLACEMENT_3D('',#14661,#11862,#11863);
#9869=AXIS2_PLACEMENT_3D('',#14663,#11865,#11866);
#9870=AXIS2_PLACEMENT_3D('',#14665,#11868,#11869);
#9871=AXIS2_PLACEMENT_3D('',#14667,#11870,#11871);
#9872=AXIS2_PLACEMENT_3D('',#14670,#11873,#11874);
#9873=AXIS2_PLACEMENT_3D('',#14671,#11875,#11876);
#9874=AXIS2_PLACEMENT_3D('',#14673,#11877,#11878);
#9875=AXIS2_PLACEMENT_3D('',#14676,#11880,#11881);
#9876=AXIS2_PLACEMENT_3D('',#14677,#11882,#11883);
#9877=AXIS2_PLACEMENT_3D('',#14679,#11884,#11885);
#9878=AXIS2_PLACEMENT_3D('',#14682,#11887,#11888);
#9879=AXIS2_PLACEMENT_3D('',#14683,#11889,#11890);
#9880=AXIS2_PLACEMENT_3D('',#14685,#11891,#11892);
#9881=AXIS2_PLACEMENT_3D('',#14688,#11894,#11895);
#9882=AXIS2_PLACEMENT_3D('',#14689,#11896,#11897);
#9883=AXIS2_PLACEMENT_3D('',#14692,#11898,#11899);
#9884=AXIS2_PLACEMENT_3D('',#14696,#11901,#11902);
#9885=AXIS2_PLACEMENT_3D('',#14698,#11904,#11905);
#9886=AXIS2_PLACEMENT_3D('',#14699,#11906,#11907);
#9887=AXIS2_PLACEMENT_3D('',#14700,#11908,#11909);
#9888=AXIS2_PLACEMENT_3D('',#14702,#11910,#11911);
#9889=AXIS2_PLACEMENT_3D('',#14704,#11912,#11913);
#9890=AXIS2_PLACEMENT_3D('',#14706,#11914,#11915);
#9891=AXIS2_PLACEMENT_3D('',#14708,#11916,#11917);
#9892=AXIS2_PLACEMENT_3D('',#14710,#11918,#11919);
#9893=AXIS2_PLACEMENT_3D('',#14711,#11920,#11921);
#9894=AXIS2_PLACEMENT_3D('',#14713,#11922,#11923);
#9895=AXIS2_PLACEMENT_3D('',#14715,#11924,#11925);
#9896=AXIS2_PLACEMENT_3D('',#14717,#11926,#11927);
#9897=AXIS2_PLACEMENT_3D('',#14718,#11928,#11929);
#9898=AXIS2_PLACEMENT_3D('',#14722,#11931,#11932);
#9899=AXIS2_PLACEMENT_3D('',#14724,#11934,#11935);
#9900=AXIS2_PLACEMENT_3D('',#14725,#11936,#11937);
#9901=AXIS2_PLACEMENT_3D('',#14726,#11938,#11939);
#9902=AXIS2_PLACEMENT_3D('',#14730,#11941,#11942);
#9903=AXIS2_PLACEMENT_3D('',#14732,#11944,#11945);
#9904=AXIS2_PLACEMENT_3D('',#14733,#11946,#11947);
#9905=AXIS2_PLACEMENT_3D('',#14734,#11948,#11949);
#9906=AXIS2_PLACEMENT_3D('',#14736,#11950,#11951);
#9907=AXIS2_PLACEMENT_3D('',#14738,#11953,#11954);
#9908=AXIS2_PLACEMENT_3D('',#14740,#11955,#11956);
#9909=AXIS2_PLACEMENT_3D('',#14742,#11958,#11959);
#9910=AXIS2_PLACEMENT_3D('',#14744,#11960,#11961);
#9911=AXIS2_PLACEMENT_3D('',#14746,#11963,#11964);
#9912=AXIS2_PLACEMENT_3D('',#14749,#11966,#11967);
#9913=AXIS2_PLACEMENT_3D('',#14750,#11968,#11969);
#9914=AXIS2_PLACEMENT_3D('',#14751,#11970,#11971);
#9915=AXIS2_PLACEMENT_3D('',#14753,#11972,#11973);
#9916=AXIS2_PLACEMENT_3D('',#14755,#11974,#11975);
#9917=AXIS2_PLACEMENT_3D('',#14756,#11976,#11977);
#9918=AXIS2_PLACEMENT_3D('',#14759,#11979,#11980);
#9919=AXIS2_PLACEMENT_3D('',#14760,#11981,#11982);
#9920=AXIS2_PLACEMENT_3D('',#14762,#11983,#11984);
#9921=AXIS2_PLACEMENT_3D('',#14763,#11985,#11986);
#9922=AXIS2_PLACEMENT_3D('',#14765,#11988,#11989);
#9923=AXIS2_PLACEMENT_3D('',#14767,#11990,#11991);
#9924=AXIS2_PLACEMENT_3D('',#14769,#11992,#11993);
#9925=AXIS2_PLACEMENT_3D('',#14770,#11994,#11995);
#9926=AXIS2_PLACEMENT_3D('',#14773,#11997,#11998);
#9927=AXIS2_PLACEMENT_3D('',#14774,#11999,#12000);
#9928=AXIS2_PLACEMENT_3D('',#14776,#12001,#12002);
#9929=AXIS2_PLACEMENT_3D('',#14777,#12003,#12004);
#9930=AXIS2_PLACEMENT_3D('',#14779,#12006,#12007);
#9931=AXIS2_PLACEMENT_3D('',#14788,#12012,#12013);
#9932=AXIS2_PLACEMENT_3D('',#14794,#12017,#12018);
#9933=AXIS2_PLACEMENT_3D('',#14804,#12024,#12025);
#9934=AXIS2_PLACEMENT_3D('',#14806,#12026,#12027);
#9935=AXIS2_PLACEMENT_3D('',#14810,#12029,#12030);
#9936=AXIS2_PLACEMENT_3D('',#14814,#12032,#12033);
#9937=AXIS2_PLACEMENT_3D('',#14816,#12034,#12035);
#9938=AXIS2_PLACEMENT_3D('',#14820,#12037,#12038);
#9939=AXIS2_PLACEMENT_3D('',#14824,#12040,#12041);
#9940=AXIS2_PLACEMENT_3D('',#14826,#12042,#12043);
#9941=AXIS2_PLACEMENT_3D('',#14828,#12044,#12045);
#9942=AXIS2_PLACEMENT_3D('',#14831,#12047,#12048);
#9943=AXIS2_PLACEMENT_3D('',#14836,#12050,#12051);
#9944=AXIS2_PLACEMENT_3D('',#14838,#12052,#12053);
#9945=AXIS2_PLACEMENT_3D('',#14840,#12054,#12055);
#9946=AXIS2_PLACEMENT_3D('',#14843,#12057,#12058);
#9947=AXIS2_PLACEMENT_3D('',#14848,#12060,#12061);
#9948=AXIS2_PLACEMENT_3D('',#14850,#12062,#12063);
#9949=AXIS2_PLACEMENT_3D('',#14852,#12064,#12065);
#9950=AXIS2_PLACEMENT_3D('',#14855,#12067,#12068);
#9951=AXIS2_PLACEMENT_3D('',#14857,#12069,#12070);
#9952=AXIS2_PLACEMENT_3D('',#14859,#12071,#12072);
#9953=AXIS2_PLACEMENT_3D('',#14860,#12073,#12074);
#9954=AXIS2_PLACEMENT_3D('',#14865,#12076,#12077);
#9955=AXIS2_PLACEMENT_3D('',#14867,#12078,#12079);
#9956=AXIS2_PLACEMENT_3D('',#14869,#12080,#12081);
#9957=AXIS2_PLACEMENT_3D('',#14871,#12083,#12084);
#9958=AXIS2_PLACEMENT_3D('',#14876,#12087,#12088);
#9959=AXIS2_PLACEMENT_3D('',#14877,#12089,#12090);
#9960=AXIS2_PLACEMENT_3D('',#14880,#12092,#12093);
#9961=AXIS2_PLACEMENT_3D('',#14881,#12094,#12095);
#9962=AXIS2_PLACEMENT_3D('',#14883,#12096,#12097);
#9963=AXIS2_PLACEMENT_3D('',#14885,#12099,#12100);
#9964=AXIS2_PLACEMENT_3D('',#14887,#12101,#12102);
#9965=AXIS2_PLACEMENT_3D('',#14890,#12104,#12105);
#9966=AXIS2_PLACEMENT_3D('',#14891,#12106,#12107);
#9967=AXIS2_PLACEMENT_3D('',#14900,#12112,#12113);
#9968=AXIS2_PLACEMENT_3D('',#14909,#12118,#12119);
#9969=AXIS2_PLACEMENT_3D('',#14917,#12124,#12125);
#9970=AXIS2_PLACEMENT_3D('',#14923,#12129,#12130);
#9971=AXIS2_PLACEMENT_3D('',#14932,#12135,#12136);
#9972=AXIS2_PLACEMENT_3D('',#14936,#12140,#12141);
#9973=AXIS2_PLACEMENT_3D('',#14938,#12142,#12143);
#9974=AXIS2_PLACEMENT_3D('',#14941,#12145,#12146);
#9975=AXIS2_PLACEMENT_3D('',#14942,#12147,#12148);
#9976=AXIS2_PLACEMENT_3D('',#14945,#12149,#12150);
#9977=AXIS2_PLACEMENT_3D('',#14949,#12152,#12153);
#9978=AXIS2_PLACEMENT_3D('',#14951,#12155,#12156);
#9979=AXIS2_PLACEMENT_3D('',#14957,#12160,#12161);
#9980=AXIS2_PLACEMENT_3D('',#14958,#12162,#12163);
#9981=AXIS2_PLACEMENT_3D('',#14959,#12164,#12165);
#9982=AXIS2_PLACEMENT_3D('',#14960,#12166,#12167);
#9983=AXIS2_PLACEMENT_3D('',#14968,#12172,#12173);
#9984=AXIS2_PLACEMENT_3D('',#14969,#12174,#12175);
#9985=AXIS2_PLACEMENT_3D('',#14977,#12180,#12181);
#9986=AXIS2_PLACEMENT_3D('',#14979,#12183,#12184);
#9987=AXIS2_PLACEMENT_3D('',#14980,#12185,#12186);
#9988=AXIS2_PLACEMENT_3D('',#14984,#12188,#12189);
#9989=AXIS2_PLACEMENT_3D('',#14986,#12190,#12191);
#9990=AXIS2_PLACEMENT_3D('',#14988,#12192,#12193);
#9991=AXIS2_PLACEMENT_3D('',#14994,#12196,#12197);
#9992=AXIS2_PLACEMENT_3D('',#14996,#12198,#12199);
#9993=AXIS2_PLACEMENT_3D('',#14998,#12200,#12201);
#9994=AXIS2_PLACEMENT_3D('',#15004,#12204,#12205);
#9995=AXIS2_PLACEMENT_3D('',#15006,#12206,#12207);
#9996=AXIS2_PLACEMENT_3D('',#15013,#12211,#12212);
#9997=AXIS2_PLACEMENT_3D('',#15016,#12214,#12215);
#9998=AXIS2_PLACEMENT_3D('',#15017,#12216,#12217);
#9999=AXIS2_PLACEMENT_3D('',#15022,#12221,#12222);
#10000=AXIS2_PLACEMENT_3D('',#15024,#12224,#12225);
#10001=AXIS2_PLACEMENT_3D('',#15025,#12226,#12227);
#10002=AXIS2_PLACEMENT_3D('',#15028,#12230,#12231);
#10003=AXIS2_PLACEMENT_3D('',#15030,#12233,#12234);
#10004=AXIS2_PLACEMENT_3D('',#15035,#12237,#12238);
#10005=AXIS2_PLACEMENT_3D('',#15036,#12239,#12240);
#10006=AXIS2_PLACEMENT_3D('',#15039,#12242,#12243);
#10007=AXIS2_PLACEMENT_3D('',#15040,#12244,#12245);
#10008=AXIS2_PLACEMENT_3D('',#15045,#12248,#12249);
#10009=AXIS2_PLACEMENT_3D('',#15046,#12250,#12251);
#10010=AXIS2_PLACEMENT_3D('',#15057,#12259,#12260);
#10011=AXIS2_PLACEMENT_3D('',#15060,#12263,#12264);
#10012=AXIS2_PLACEMENT_3D('',#15062,#12266,#12267);
#10013=AXIS2_PLACEMENT_3D('',#15064,#12269,#12270);
#10014=AXIS2_PLACEMENT_3D('',#15066,#12272,#12273);
#10015=AXIS2_PLACEMENT_3D('',#15067,#12274,#12275);
#10016=AXIS2_PLACEMENT_3D('',#15070,#12278,#12279);
#10017=AXIS2_PLACEMENT_3D('',#15073,#12282,#12283);
#10018=AXIS2_PLACEMENT_3D('',#15075,#12285,#12286);
#10019=AXIS2_PLACEMENT_3D('',#15076,#12287,#12288);
#10020=AXIS2_PLACEMENT_3D('',#15079,#12291,#12292);
#10021=AXIS2_PLACEMENT_3D('',#15081,#12294,#12295);
#10022=AXIS2_PLACEMENT_3D('',#15083,#12297,#12298);
#10023=AXIS2_PLACEMENT_3D('',#15085,#12300,#12301);
#10024=AXIS2_PLACEMENT_3D('',#15086,#12302,#12303);
#10025=AXIS2_PLACEMENT_3D('',#15087,#12304,#12305);
#10026=AXIS2_PLACEMENT_3D('',#15090,#12308,#12309);
#10027=AXIS2_PLACEMENT_3D('',#15091,#12310,#12311);
#10028=AXIS2_PLACEMENT_3D('',#15092,#12312,#12313);
#10029=AXIS2_PLACEMENT_3D('',#15094,#12315,#12316);
#10030=AXIS2_PLACEMENT_3D('',#15095,#12317,#12318);
#10031=AXIS2_PLACEMENT_3D('',#15097,#12319,#12320);
#10032=AXIS2_PLACEMENT_3D('',#15099,#12322,#12323);
#10033=AXIS2_PLACEMENT_3D('',#15100,#12324,#12325);
#10034=AXIS2_PLACEMENT_3D('',#15102,#12326,#12327);
#10035=AXIS2_PLACEMENT_3D('',#15104,#12328,#12329);
#10036=AXIS2_PLACEMENT_3D('',#15105,#12330,#12331);
#10037=AXIS2_PLACEMENT_3D('',#15108,#12333,#12334);
#10038=AXIS2_PLACEMENT_3D('',#15109,#12335,#12336);
#10039=AXIS2_PLACEMENT_3D('',#15111,#12337,#12338);
#10040=AXIS2_PLACEMENT_3D('',#15112,#12339,#12340);
#10041=AXIS2_PLACEMENT_3D('',#15114,#12342,#12343);
#10042=AXIS2_PLACEMENT_3D('',#15116,#12344,#12345);
#10043=AXIS2_PLACEMENT_3D('',#15118,#12346,#12347);
#10044=AXIS2_PLACEMENT_3D('',#15119,#12348,#12349);
#10045=AXIS2_PLACEMENT_3D('',#15122,#12351,#12352);
#10046=AXIS2_PLACEMENT_3D('',#15123,#12353,#12354);
#10047=AXIS2_PLACEMENT_3D('',#15125,#12355,#12356);
#10048=AXIS2_PLACEMENT_3D('',#15126,#12357,#12358);
#10049=AXIS2_PLACEMENT_3D('',#15128,#12360,#12361);
#10050=AXIS2_PLACEMENT_3D('',#15137,#12366,#12367);
#10051=AXIS2_PLACEMENT_3D('',#15143,#12371,#12372);
#10052=AXIS2_PLACEMENT_3D('',#15153,#12378,#12379);
#10053=AXIS2_PLACEMENT_3D('',#15155,#12380,#12381);
#10054=AXIS2_PLACEMENT_3D('',#15159,#12383,#12384);
#10055=AXIS2_PLACEMENT_3D('',#15163,#12386,#12387);
#10056=AXIS2_PLACEMENT_3D('',#15165,#12388,#12389);
#10057=AXIS2_PLACEMENT_3D('',#15169,#12391,#12392);
#10058=AXIS2_PLACEMENT_3D('',#15173,#12394,#12395);
#10059=AXIS2_PLACEMENT_3D('',#15175,#12396,#12397);
#10060=AXIS2_PLACEMENT_3D('',#15177,#12398,#12399);
#10061=AXIS2_PLACEMENT_3D('',#15180,#12401,#12402);
#10062=AXIS2_PLACEMENT_3D('',#15185,#12404,#12405);
#10063=AXIS2_PLACEMENT_3D('',#15187,#12406,#12407);
#10064=AXIS2_PLACEMENT_3D('',#15189,#12408,#12409);
#10065=AXIS2_PLACEMENT_3D('',#15192,#12411,#12412);
#10066=AXIS2_PLACEMENT_3D('',#15197,#12414,#12415);
#10067=AXIS2_PLACEMENT_3D('',#15199,#12416,#12417);
#10068=AXIS2_PLACEMENT_3D('',#15201,#12418,#12419);
#10069=AXIS2_PLACEMENT_3D('',#15204,#12421,#12422);
#10070=AXIS2_PLACEMENT_3D('',#15206,#12423,#12424);
#10071=AXIS2_PLACEMENT_3D('',#15208,#12425,#12426);
#10072=AXIS2_PLACEMENT_3D('',#15209,#12427,#12428);
#10073=AXIS2_PLACEMENT_3D('',#15214,#12430,#12431);
#10074=AXIS2_PLACEMENT_3D('',#15216,#12432,#12433);
#10075=AXIS2_PLACEMENT_3D('',#15218,#12434,#12435);
#10076=AXIS2_PLACEMENT_3D('',#15220,#12437,#12438);
#10077=AXIS2_PLACEMENT_3D('',#15225,#12441,#12442);
#10078=AXIS2_PLACEMENT_3D('',#15226,#12443,#12444);
#10079=AXIS2_PLACEMENT_3D('',#15229,#12446,#12447);
#10080=AXIS2_PLACEMENT_3D('',#15230,#12448,#12449);
#10081=AXIS2_PLACEMENT_3D('',#15232,#12450,#12451);
#10082=AXIS2_PLACEMENT_3D('',#15234,#12453,#12454);
#10083=AXIS2_PLACEMENT_3D('',#15236,#12455,#12456);
#10084=AXIS2_PLACEMENT_3D('',#15239,#12458,#12459);
#10085=AXIS2_PLACEMENT_3D('',#15240,#12460,#12461);
#10086=AXIS2_PLACEMENT_3D('',#15249,#12466,#12467);
#10087=AXIS2_PLACEMENT_3D('',#15258,#12472,#12473);
#10088=AXIS2_PLACEMENT_3D('',#15266,#12478,#12479);
#10089=AXIS2_PLACEMENT_3D('',#15272,#12483,#12484);
#10090=AXIS2_PLACEMENT_3D('',#15281,#12489,#12490);
#10091=AXIS2_PLACEMENT_3D('',#15285,#12494,#12495);
#10092=AXIS2_PLACEMENT_3D('',#15287,#12496,#12497);
#10093=AXIS2_PLACEMENT_3D('',#15290,#12499,#12500);
#10094=AXIS2_PLACEMENT_3D('',#15291,#12501,#12502);
#10095=AXIS2_PLACEMENT_3D('',#15294,#12503,#12504);
#10096=AXIS2_PLACEMENT_3D('',#15298,#12506,#12507);
#10097=AXIS2_PLACEMENT_3D('',#15300,#12509,#12510);
#10098=AXIS2_PLACEMENT_3D('',#15306,#12514,#12515);
#10099=AXIS2_PLACEMENT_3D('',#15307,#12516,#12517);
#10100=AXIS2_PLACEMENT_3D('',#15308,#12518,#12519);
#10101=AXIS2_PLACEMENT_3D('',#15309,#12520,#12521);
#10102=AXIS2_PLACEMENT_3D('',#15317,#12526,#12527);
#10103=AXIS2_PLACEMENT_3D('',#15318,#12528,#12529);
#10104=AXIS2_PLACEMENT_3D('',#15326,#12534,#12535);
#10105=AXIS2_PLACEMENT_3D('',#15328,#12537,#12538);
#10106=AXIS2_PLACEMENT_3D('',#15329,#12539,#12540);
#10107=AXIS2_PLACEMENT_3D('',#15333,#12542,#12543);
#10108=AXIS2_PLACEMENT_3D('',#15335,#12544,#12545);
#10109=AXIS2_PLACEMENT_3D('',#15337,#12546,#12547);
#10110=AXIS2_PLACEMENT_3D('',#15343,#12550,#12551);
#10111=AXIS2_PLACEMENT_3D('',#15345,#12552,#12553);
#10112=AXIS2_PLACEMENT_3D('',#15347,#12554,#12555);
#10113=AXIS2_PLACEMENT_3D('',#15353,#12558,#12559);
#10114=AXIS2_PLACEMENT_3D('',#15355,#12560,#12561);
#10115=AXIS2_PLACEMENT_3D('',#15362,#12565,#12566);
#10116=AXIS2_PLACEMENT_3D('',#15365,#12568,#12569);
#10117=AXIS2_PLACEMENT_3D('',#15366,#12570,#12571);
#10118=AXIS2_PLACEMENT_3D('',#15371,#12575,#12576);
#10119=AXIS2_PLACEMENT_3D('',#15373,#12578,#12579);
#10120=AXIS2_PLACEMENT_3D('',#15374,#12580,#12581);
#10121=AXIS2_PLACEMENT_3D('',#15377,#12584,#12585);
#10122=AXIS2_PLACEMENT_3D('',#15379,#12587,#12588);
#10123=AXIS2_PLACEMENT_3D('',#15384,#12591,#12592);
#10124=AXIS2_PLACEMENT_3D('',#15385,#12593,#12594);
#10125=AXIS2_PLACEMENT_3D('',#15388,#12596,#12597);
#10126=AXIS2_PLACEMENT_3D('',#15389,#12598,#12599);
#10127=AXIS2_PLACEMENT_3D('',#15394,#12602,#12603);
#10128=AXIS2_PLACEMENT_3D('',#15395,#12604,#12605);
#10129=AXIS2_PLACEMENT_3D('',#15406,#12613,#12614);
#10130=AXIS2_PLACEMENT_3D('',#15409,#12617,#12618);
#10131=AXIS2_PLACEMENT_3D('',#15411,#12620,#12621);
#10132=AXIS2_PLACEMENT_3D('',#15413,#12623,#12624);
#10133=AXIS2_PLACEMENT_3D('',#15415,#12626,#12627);
#10134=AXIS2_PLACEMENT_3D('',#15416,#12628,#12629);
#10135=AXIS2_PLACEMENT_3D('',#15419,#12632,#12633);
#10136=AXIS2_PLACEMENT_3D('',#15422,#12636,#12637);
#10137=AXIS2_PLACEMENT_3D('',#15424,#12639,#12640);
#10138=AXIS2_PLACEMENT_3D('',#15425,#12641,#12642);
#10139=AXIS2_PLACEMENT_3D('',#15428,#12645,#12646);
#10140=AXIS2_PLACEMENT_3D('',#15430,#12648,#12649);
#10141=AXIS2_PLACEMENT_3D('',#15432,#12651,#12652);
#10142=AXIS2_PLACEMENT_3D('',#15434,#12654,#12655);
#10143=AXIS2_PLACEMENT_3D('',#15435,#12656,#12657);
#10144=AXIS2_PLACEMENT_3D('',#15436,#12658,#12659);
#10145=AXIS2_PLACEMENT_3D('',#15439,#12662,#12663);
#10146=AXIS2_PLACEMENT_3D('',#15440,#12664,#12665);
#10147=AXIS2_PLACEMENT_3D('',#15441,#12666,#12667);
#10148=AXIS2_PLACEMENT_3D('',#15443,#12669,#12670);
#10149=AXIS2_PLACEMENT_3D('',#15444,#12671,#12672);
#10150=AXIS2_PLACEMENT_3D('',#15446,#12673,#12674);
#10151=AXIS2_PLACEMENT_3D('',#15448,#12676,#12677);
#10152=AXIS2_PLACEMENT_3D('',#15449,#12678,#12679);
#10153=AXIS2_PLACEMENT_3D('',#15458,#12684,#12685);
#10154=AXIS2_PLACEMENT_3D('',#15464,#12689,#12690);
#10155=AXIS2_PLACEMENT_3D('',#15474,#12696,#12697);
#10156=AXIS2_PLACEMENT_3D('',#15476,#12698,#12699);
#10157=AXIS2_PLACEMENT_3D('',#15480,#12701,#12702);
#10158=AXIS2_PLACEMENT_3D('',#15484,#12704,#12705);
#10159=AXIS2_PLACEMENT_3D('',#15486,#12706,#12707);
#10160=AXIS2_PLACEMENT_3D('',#15490,#12709,#12710);
#10161=AXIS2_PLACEMENT_3D('',#15494,#12712,#12713);
#10162=AXIS2_PLACEMENT_3D('',#15496,#12714,#12715);
#10163=AXIS2_PLACEMENT_3D('',#15498,#12716,#12717);
#10164=AXIS2_PLACEMENT_3D('',#15501,#12719,#12720);
#10165=AXIS2_PLACEMENT_3D('',#15506,#12722,#12723);
#10166=AXIS2_PLACEMENT_3D('',#15508,#12724,#12725);
#10167=AXIS2_PLACEMENT_3D('',#15510,#12726,#12727);
#10168=AXIS2_PLACEMENT_3D('',#15513,#12729,#12730);
#10169=AXIS2_PLACEMENT_3D('',#15518,#12732,#12733);
#10170=AXIS2_PLACEMENT_3D('',#15520,#12734,#12735);
#10171=AXIS2_PLACEMENT_3D('',#15522,#12736,#12737);
#10172=AXIS2_PLACEMENT_3D('',#15525,#12739,#12740);
#10173=AXIS2_PLACEMENT_3D('',#15527,#12741,#12742);
#10174=AXIS2_PLACEMENT_3D('',#15529,#12743,#12744);
#10175=AXIS2_PLACEMENT_3D('',#15530,#12745,#12746);
#10176=AXIS2_PLACEMENT_3D('',#15535,#12748,#12749);
#10177=AXIS2_PLACEMENT_3D('',#15537,#12750,#12751);
#10178=AXIS2_PLACEMENT_3D('',#15539,#12752,#12753);
#10179=AXIS2_PLACEMENT_3D('',#15541,#12755,#12756);
#10180=AXIS2_PLACEMENT_3D('',#15546,#12759,#12760);
#10181=AXIS2_PLACEMENT_3D('',#15547,#12761,#12762);
#10182=AXIS2_PLACEMENT_3D('',#15550,#12764,#12765);
#10183=AXIS2_PLACEMENT_3D('',#15551,#12766,#12767);
#10184=AXIS2_PLACEMENT_3D('',#15553,#12768,#12769);
#10185=AXIS2_PLACEMENT_3D('',#15555,#12771,#12772);
#10186=AXIS2_PLACEMENT_3D('',#15557,#12773,#12774);
#10187=AXIS2_PLACEMENT_3D('',#15560,#12776,#12777);
#10188=AXIS2_PLACEMENT_3D('',#15561,#12778,#12779);
#10189=AXIS2_PLACEMENT_3D('',#15570,#12784,#12785);
#10190=AXIS2_PLACEMENT_3D('',#15579,#12790,#12791);
#10191=AXIS2_PLACEMENT_3D('',#15587,#12796,#12797);
#10192=AXIS2_PLACEMENT_3D('',#15593,#12801,#12802);
#10193=AXIS2_PLACEMENT_3D('',#15602,#12807,#12808);
#10194=AXIS2_PLACEMENT_3D('',#15606,#12812,#12813);
#10195=AXIS2_PLACEMENT_3D('',#15608,#12814,#12815);
#10196=AXIS2_PLACEMENT_3D('',#15611,#12817,#12818);
#10197=AXIS2_PLACEMENT_3D('',#15612,#12819,#12820);
#10198=AXIS2_PLACEMENT_3D('',#15615,#12821,#12822);
#10199=AXIS2_PLACEMENT_3D('',#15619,#12824,#12825);
#10200=AXIS2_PLACEMENT_3D('',#15621,#12827,#12828);
#10201=AXIS2_PLACEMENT_3D('',#15627,#12832,#12833);
#10202=AXIS2_PLACEMENT_3D('',#15628,#12834,#12835);
#10203=AXIS2_PLACEMENT_3D('',#15629,#12836,#12837);
#10204=AXIS2_PLACEMENT_3D('',#15630,#12838,#12839);
#10205=AXIS2_PLACEMENT_3D('',#15638,#12844,#12845);
#10206=AXIS2_PLACEMENT_3D('',#15639,#12846,#12847);
#10207=AXIS2_PLACEMENT_3D('',#15647,#12852,#12853);
#10208=AXIS2_PLACEMENT_3D('',#15649,#12855,#12856);
#10209=AXIS2_PLACEMENT_3D('',#15650,#12857,#12858);
#10210=AXIS2_PLACEMENT_3D('',#15654,#12860,#12861);
#10211=AXIS2_PLACEMENT_3D('',#15656,#12862,#12863);
#10212=AXIS2_PLACEMENT_3D('',#15658,#12864,#12865);
#10213=AXIS2_PLACEMENT_3D('',#15664,#12868,#12869);
#10214=AXIS2_PLACEMENT_3D('',#15666,#12870,#12871);
#10215=AXIS2_PLACEMENT_3D('',#15668,#12872,#12873);
#10216=AXIS2_PLACEMENT_3D('',#15674,#12876,#12877);
#10217=AXIS2_PLACEMENT_3D('',#15676,#12878,#12879);
#10218=AXIS2_PLACEMENT_3D('',#15683,#12883,#12884);
#10219=AXIS2_PLACEMENT_3D('',#15686,#12886,#12887);
#10220=AXIS2_PLACEMENT_3D('',#15687,#12888,#12889);
#10221=AXIS2_PLACEMENT_3D('',#15692,#12893,#12894);
#10222=AXIS2_PLACEMENT_3D('',#15694,#12896,#12897);
#10223=AXIS2_PLACEMENT_3D('',#15695,#12898,#12899);
#10224=AXIS2_PLACEMENT_3D('',#15698,#12902,#12903);
#10225=AXIS2_PLACEMENT_3D('',#15700,#12905,#12906);
#10226=AXIS2_PLACEMENT_3D('',#15705,#12909,#12910);
#10227=AXIS2_PLACEMENT_3D('',#15706,#12911,#12912);
#10228=AXIS2_PLACEMENT_3D('',#15709,#12914,#12915);
#10229=AXIS2_PLACEMENT_3D('',#15710,#12916,#12917);
#10230=AXIS2_PLACEMENT_3D('',#15715,#12920,#12921);
#10231=AXIS2_PLACEMENT_3D('',#15716,#12922,#12923);
#10232=AXIS2_PLACEMENT_3D('',#15727,#12931,#12932);
#10233=AXIS2_PLACEMENT_3D('',#15730,#12935,#12936);
#10234=AXIS2_PLACEMENT_3D('',#15732,#12938,#12939);
#10235=AXIS2_PLACEMENT_3D('',#15734,#12941,#12942);
#10236=AXIS2_PLACEMENT_3D('',#15736,#12944,#12945);
#10237=AXIS2_PLACEMENT_3D('',#15737,#12946,#12947);
#10238=AXIS2_PLACEMENT_3D('',#15740,#12950,#12951);
#10239=AXIS2_PLACEMENT_3D('',#15743,#12954,#12955);
#10240=AXIS2_PLACEMENT_3D('',#15745,#12957,#12958);
#10241=AXIS2_PLACEMENT_3D('',#15746,#12959,#12960);
#10242=AXIS2_PLACEMENT_3D('',#15749,#12963,#12964);
#10243=AXIS2_PLACEMENT_3D('',#15751,#12966,#12967);
#10244=AXIS2_PLACEMENT_3D('',#15753,#12969,#12970);
#10245=AXIS2_PLACEMENT_3D('',#15755,#12972,#12973);
#10246=AXIS2_PLACEMENT_3D('',#15756,#12974,#12975);
#10247=AXIS2_PLACEMENT_3D('',#15757,#12976,#12977);
#10248=AXIS2_PLACEMENT_3D('',#15760,#12980,#12981);
#10249=AXIS2_PLACEMENT_3D('',#15761,#12982,#12983);
#10250=AXIS2_PLACEMENT_3D('',#15762,#12984,#12985);
#10251=AXIS2_PLACEMENT_3D('',#15764,#12987,#12988);
#10252=AXIS2_PLACEMENT_3D('',#15765,#12989,#12990);
#10253=AXIS2_PLACEMENT_3D('',#15767,#12991,#12992);
#10254=AXIS2_PLACEMENT_3D('',#15769,#12994,#12995);
#10255=AXIS2_PLACEMENT_3D('',#15770,#12996,#12997);
#10256=AXIS2_PLACEMENT_3D('',#15771,#12998,#12999);
#10257=AXIS2_PLACEMENT_3D('',#15772,#13000,#13001);
#10258=AXIS2_PLACEMENT_3D('',#15773,#13002,#13003);
#10259=AXIS2_PLACEMENT_3D('',#15774,#13004,#13005);
#10260=AXIS2_PLACEMENT_3D('',#15775,#13006,#13007);
#10261=AXIS2_PLACEMENT_3D('',#15776,#13008,#13009);
#10262=AXIS2_PLACEMENT_3D('',#15777,#13010,#13011);
#10263=DIRECTION('axis',(0.,0.,1.));
#10264=DIRECTION('refdir',(1.,0.,0.));
#10265=DIRECTION('axis',(0.,0.,1.));
#10266=DIRECTION('refdir',(1.,0.,0.));
#10267=DIRECTION('axis',(0.,0.,1.));
#10268=DIRECTION('refdir',(1.,0.,0.));
#10269=DIRECTION('axis',(0.,0.,1.));
#10270=DIRECTION('refdir',(1.,0.,0.));
#10271=DIRECTION('axis',(0.,0.,1.));
#10272=DIRECTION('refdir',(1.,0.,0.));
#10273=DIRECTION('axis',(0.,0.,1.));
#10274=DIRECTION('refdir',(1.,0.,0.));
#10275=DIRECTION('axis',(0.,0.,1.));
#10276=DIRECTION('refdir',(1.,0.,0.));
#10277=DIRECTION('center_axis',(0.,1.,0.));
#10278=DIRECTION('ref_axis',(1.,0.,0.));
#10279=DIRECTION('center_axis',(0.,1.,0.));
#10280=DIRECTION('ref_axis',(1.,0.,0.));
#10281=DIRECTION('',(0.,-1.,0.));
#10282=DIRECTION('center_axis',(0.,1.,0.));
#10283=DIRECTION('ref_axis',(1.,0.,0.));
#10284=DIRECTION('center_axis',(0.,1.,0.));
#10285=DIRECTION('ref_axis',(1.,0.,0.));
#10286=DIRECTION('center_axis',(0.,-1.,0.));
#10287=DIRECTION('ref_axis',(-1.,0.,0.));
#10288=DIRECTION('center_axis',(0.,-1.,0.));
#10289=DIRECTION('ref_axis',(-1.,0.,0.));
#10290=DIRECTION('center_axis',(0.,-1.,0.));
#10291=DIRECTION('ref_axis',(-1.,0.,0.));
#10292=DIRECTION('',(0.,1.,0.));
#10293=DIRECTION('center_axis',(0.,1.,0.));
#10294=DIRECTION('ref_axis',(-1.,0.,0.));
#10295=DIRECTION('',(0.,-1.,0.));
#10296=DIRECTION('center_axis',(0.,-1.,0.));
#10297=DIRECTION('ref_axis',(-1.,0.,0.));
#10298=DIRECTION('',(0.,1.,0.));
#10299=DIRECTION('center_axis',(0.,1.,0.));
#10300=DIRECTION('ref_axis',(-1.,0.,0.));
#10301=DIRECTION('center_axis',(0.,-1.,0.));
#10302=DIRECTION('ref_axis',(-1.,0.,0.));
#10303=DIRECTION('',(0.,1.,0.));
#10304=DIRECTION('center_axis',(0.,1.,0.));
#10305=DIRECTION('ref_axis',(-1.,0.,0.));
#10306=DIRECTION('center_axis',(0.,-1.,0.));
#10307=DIRECTION('ref_axis',(-1.,0.,0.));
#10308=DIRECTION('center_axis',(0.,-1.,0.));
#10309=DIRECTION('ref_axis',(-1.,0.,0.));
#10310=DIRECTION('center_axis',(0.,-1.,0.));
#10311=DIRECTION('ref_axis',(-1.,0.,0.));
#10312=DIRECTION('center_axis',(0.,1.,0.));
#10313=DIRECTION('ref_axis',(-1.,0.,0.));
#10314=DIRECTION('',(0.,1.,0.));
#10315=DIRECTION('center_axis',(0.,-1.,0.));
#10316=DIRECTION('ref_axis',(-1.,0.,0.));
#10317=DIRECTION('center_axis',(0.,1.,0.));
#10318=DIRECTION('ref_axis',(0.,0.,-1.));
#10319=DIRECTION('',(0.,0.,-1.));
#10320=DIRECTION('',(-1.,0.,0.));
#10321=DIRECTION('',(0.,0.,1.));
#10322=DIRECTION('',(1.,0.,0.));
#10323=DIRECTION('',(0.,0.,-1.));
#10324=DIRECTION('center_axis',(0.,1.,0.));
#10325=DIRECTION('ref_axis',(-1.,0.,0.));
#10326=DIRECTION('center_axis',(0.,1.,0.));
#10327=DIRECTION('ref_axis',(-1.,0.,0.));
#10328=DIRECTION('',(0.,0.,-1.));
#10329=DIRECTION('center_axis',(-1.,0.,0.));
#10330=DIRECTION('ref_axis',(0.,0.,1.));
#10331=DIRECTION('',(0.,0.,1.));
#10332=DIRECTION('',(0.,-1.,0.));
#10333=DIRECTION('center_axis',(-1.,0.,0.));
#10334=DIRECTION('ref_axis',(0.,0.,1.));
#10335=DIRECTION('',(0.,1.,0.));
#10336=DIRECTION('',(0.,0.,1.));
#10337=DIRECTION('center_axis',(-1.,0.,0.));
#10338=DIRECTION('ref_axis',(0.,0.,1.));
#10339=DIRECTION('',(0.,-1.,0.));
#10340=DIRECTION('',(0.,1.,0.));
#10341=DIRECTION('',(0.,0.,1.));
#10342=DIRECTION('center_axis',(1.,0.,0.));
#10343=DIRECTION('ref_axis',(0.,0.,-1.));
#10344=DIRECTION('',(0.,1.,0.));
#10345=DIRECTION('',(0.,0.,-1.));
#10346=DIRECTION('',(0.,-1.,0.));
#10347=DIRECTION('',(0.,0.,1.));
#10348=DIRECTION('center_axis',(1.,0.,0.));
#10349=DIRECTION('ref_axis',(0.,0.,-1.));
#10350=DIRECTION('',(0.,1.,0.));
#10351=DIRECTION('',(0.,0.,-1.));
#10352=DIRECTION('',(0.,-1.,0.));
#10353=DIRECTION('',(0.,0.,1.));
#10354=DIRECTION('center_axis',(1.,0.,0.));
#10355=DIRECTION('ref_axis',(0.,0.,-1.));
#10356=DIRECTION('',(0.,-1.,0.));
#10357=DIRECTION('',(0.,0.,1.));
#10358=DIRECTION('',(0.,1.,0.));
#10359=DIRECTION('',(0.,0.,-1.));
#10360=DIRECTION('center_axis',(0.,1.,0.));
#10361=DIRECTION('ref_axis',(0.,0.,1.));
#10362=DIRECTION('center_axis',(0.,1.,0.));
#10363=DIRECTION('ref_axis',(-1.,0.,0.));
#10364=DIRECTION('center_axis',(0.,1.,0.));
#10365=DIRECTION('ref_axis',(-1.,0.,0.));
#10366=DIRECTION('',(1.,0.,0.));
#10367=DIRECTION('',(0.,0.,-1.));
#10368=DIRECTION('',(-1.,0.,0.));
#10369=DIRECTION('center_axis',(0.,1.,0.));
#10370=DIRECTION('ref_axis',(-1.,0.,0.));
#10371=DIRECTION('',(0.,-1.,0.));
#10372=DIRECTION('center_axis',(0.,-1.,0.));
#10373=DIRECTION('ref_axis',(-1.,0.,0.));
#10374=DIRECTION('center_axis',(0.,1.,0.));
#10375=DIRECTION('ref_axis',(-0.707106781186546,0.,-0.707106781186549));
#10376=DIRECTION('',(0.,-1.,0.));
#10377=DIRECTION('center_axis',(0.707106781186546,0.707106781186549,0.));
#10378=DIRECTION('ref_axis',(0.707106781186549,-0.707106781186546,0.));
#10379=DIRECTION('',(0.,1.,0.));
#10380=DIRECTION('center_axis',(-0.707106781186546,-0.707106781186549,0.));
#10381=DIRECTION('ref_axis',(0.707106781186549,-0.707106781186546,0.));
#10382=DIRECTION('center_axis',(0.,1.,0.));
#10383=DIRECTION('ref_axis',(0.707106781186546,0.,-0.707106781186549));
#10384=DIRECTION('',(0.,-1.,0.));
#10385=DIRECTION('center_axis',(-0.707106781186546,0.707106781186549,0.));
#10386=DIRECTION('ref_axis',(-0.707106781186549,-0.707106781186546,0.));
#10387=DIRECTION('',(0.,1.,0.));
#10388=DIRECTION('center_axis',(0.707106781186546,-0.707106781186549,0.));
#10389=DIRECTION('ref_axis',(-0.707106781186549,-0.707106781186546,0.));
#10390=DIRECTION('center_axis',(-1.,0.,0.));
#10391=DIRECTION('ref_axis',(0.,0.707106781186546,-0.707106781186549));
#10392=DIRECTION('',(-1.,0.,0.));
#10393=DIRECTION('center_axis',(0.707106781186548,0.707106781186548,0.));
#10394=DIRECTION('ref_axis',(0.707106781186548,-0.707106781186548,0.));
#10395=DIRECTION('center_axis',(1.,0.,0.));
#10396=DIRECTION('ref_axis',(0.,0.707106781186546,-0.707106781186549));
#10397=DIRECTION('center_axis',(-0.707106781186548,0.707106781186548,0.));
#10398=DIRECTION('ref_axis',(-0.707106781186548,-0.707106781186548,0.));
#10399=DIRECTION('',(-1.,0.,0.));
#10400=DIRECTION('center_axis',(-1.,0.,0.));
#10401=DIRECTION('ref_axis',(0.,-0.707106781186546,-0.707106781186549));
#10402=DIRECTION('',(1.,0.,0.));
#10403=DIRECTION('center_axis',(-0.707106781186546,0.707106781186549,0.));
#10404=DIRECTION('ref_axis',(0.707106781186549,0.707106781186546,0.));
#10405=DIRECTION('',(-1.,0.,0.));
#10406=DIRECTION('center_axis',(0.707106781186548,-0.707106781186548,0.));
#10407=DIRECTION('ref_axis',(0.707106781186548,0.707106781186548,0.));
#10408=DIRECTION('center_axis',(-1.,0.,0.));
#10409=DIRECTION('ref_axis',(0.,-0.707106781186547,-0.707106781186548));
#10410=DIRECTION('',(1.,0.,0.));
#10411=DIRECTION('center_axis',(-0.707106781186547,-0.707106781186548,0.));
#10412=DIRECTION('ref_axis',(0.707106781186548,-0.707106781186547,0.));
#10413=DIRECTION('',(-1.,0.,0.));
#10414=DIRECTION('center_axis',(0.707106781186547,-0.707106781186548,0.));
#10415=DIRECTION('ref_axis',(0.707106781186548,0.707106781186547,0.));
#10416=DIRECTION('center_axis',(0.,1.,0.));
#10417=DIRECTION('ref_axis',(0.707106781186546,0.,-0.707106781186549));
#10418=DIRECTION('',(0.,-1.,0.));
#10419=DIRECTION('',(0.,1.,0.));
#10420=DIRECTION('center_axis',(-0.707106781186546,-0.707106781186549,0.));
#10421=DIRECTION('ref_axis',(0.707106781186549,-0.707106781186546,0.));
#10422=DIRECTION('center_axis',(0.,1.,0.));
#10423=DIRECTION('ref_axis',(-0.707106781186546,0.,-0.707106781186549));
#10424=DIRECTION('',(0.,-1.,0.));
#10425=DIRECTION('',(0.,1.,0.));
#10426=DIRECTION('center_axis',(1.,0.,0.));
#10427=DIRECTION('ref_axis',(0.,-0.707106781186546,-0.707106781186549));
#10428=DIRECTION('',(-1.,0.,0.));
#10429=DIRECTION('',(1.,0.,0.));
#10430=DIRECTION('center_axis',(-0.707106781186548,-0.707106781186548,0.));
#10431=DIRECTION('ref_axis',(-0.707106781186548,0.707106781186548,0.));
#10432=DIRECTION('center_axis',(0.,1.,0.));
#10433=DIRECTION('ref_axis',(0.707106781186546,0.,-0.707106781186549));
#10434=DIRECTION('',(0.,1.,0.));
#10435=DIRECTION('center_axis',(0.,-1.,0.));
#10436=DIRECTION('ref_axis',(-0.707106781186546,0.,-0.707106781186549));
#10437=DIRECTION('',(0.,-1.,0.));
#10438=DIRECTION('center_axis',(-1.,0.,0.));
#10439=DIRECTION('ref_axis',(0.,0.707106781186546,-0.707106781186549));
#10440=DIRECTION('',(1.,0.,0.));
#10441=DIRECTION('',(-1.,0.,0.));
#10442=DIRECTION('center_axis',(-1.,0.,0.));
#10443=DIRECTION('ref_axis',(0.,0.,1.));
#10444=DIRECTION('',(0.,-1.,0.));
#10445=DIRECTION('',(0.,0.,1.));
#10446=DIRECTION('center_axis',(0.,-1.,0.));
#10447=DIRECTION('ref_axis',(0.,0.,1.));
#10448=DIRECTION('center_axis',(0.,-1.,0.));
#10449=DIRECTION('ref_axis',(-1.,0.,0.));
#10450=DIRECTION('center_axis',(0.,-1.,0.));
#10451=DIRECTION('ref_axis',(-1.,0.,0.));
#10452=DIRECTION('',(0.,0.,-1.));
#10453=DIRECTION('',(1.,0.,0.));
#10454=DIRECTION('center_axis',(-1.,0.,0.));
#10455=DIRECTION('ref_axis',(0.,0.,1.));
#10456=DIRECTION('',(0.,0.,1.));
#10457=DIRECTION('',(0.,-1.,0.));
#10458=DIRECTION('center_axis',(0.,1.,0.));
#10459=DIRECTION('ref_axis',(1.,0.,0.));
#10460=DIRECTION('',(0.,0.,-1.));
#10461=DIRECTION('',(1.,0.,0.));
#10462=DIRECTION('center_axis',(0.,0.,-1.));
#10463=DIRECTION('ref_axis',(-1.,0.,0.));
#10464=DIRECTION('center_axis',(0.,1.,0.));
#10465=DIRECTION('ref_axis',(0.707106781186546,0.,0.707106781186549));
#10466=DIRECTION('',(0.,-1.,0.));
#10467=DIRECTION('center_axis',(-0.707106781186546,0.707106781186549,0.));
#10468=DIRECTION('ref_axis',(-0.707106781186549,-0.707106781186546,0.));
#10469=DIRECTION('',(0.,1.,0.));
#10470=DIRECTION('center_axis',(0.707106781186546,-0.707106781186549,0.));
#10471=DIRECTION('ref_axis',(-0.707106781186549,-0.707106781186546,0.));
#10472=DIRECTION('center_axis',(0.,1.,0.));
#10473=DIRECTION('ref_axis',(-0.707106781186546,0.,0.707106781186549));
#10474=DIRECTION('center_axis',(0.707106781186546,0.707106781186549,0.));
#10475=DIRECTION('ref_axis',(0.707106781186549,-0.707106781186546,0.));
#10476=DIRECTION('',(0.,1.,0.));
#10477=DIRECTION('center_axis',(-0.707106781186546,-0.707106781186549,0.));
#10478=DIRECTION('ref_axis',(0.707106781186549,-0.707106781186546,0.));
#10479=DIRECTION('center_axis',(1.,0.,0.));
#10480=DIRECTION('ref_axis',(0.,0.707106781186546,0.707106781186549));
#10481=DIRECTION('',(1.,0.,0.));
#10482=DIRECTION('center_axis',(-0.707106781186548,0.707106781186548,0.));
#10483=DIRECTION('ref_axis',(-0.707106781186548,-0.707106781186548,0.));
#10484=DIRECTION('center_axis',(-1.,0.,0.));
#10485=DIRECTION('ref_axis',(0.,0.707106781186546,0.707106781186549));
#10486=DIRECTION('center_axis',(0.707106781186548,0.707106781186548,0.));
#10487=DIRECTION('ref_axis',(0.707106781186548,-0.707106781186548,0.));
#10488=DIRECTION('',(1.,0.,0.));
#10489=DIRECTION('center_axis',(1.,0.,0.));
#10490=DIRECTION('ref_axis',(0.,-0.707106781186546,0.707106781186549));
#10491=DIRECTION('',(-1.,0.,0.));
#10492=DIRECTION('center_axis',(0.707106781186546,0.707106781186549,0.));
#10493=DIRECTION('ref_axis',(-0.707106781186549,0.707106781186546,0.));
#10494=DIRECTION('',(1.,0.,0.));
#10495=DIRECTION('center_axis',(-0.707106781186548,-0.707106781186548,0.));
#10496=DIRECTION('ref_axis',(-0.707106781186548,0.707106781186548,0.));
#10497=DIRECTION('center_axis',(0.,1.,0.));
#10498=DIRECTION('ref_axis',(0.707106781186546,0.,0.707106781186549));
#10499=DIRECTION('',(0.,-1.,0.));
#10500=DIRECTION('center_axis',(0.707106781186547,0.707106781186548,0.));
#10501=DIRECTION('ref_axis',(0.707106781186548,-0.707106781186547,0.));
#10502=DIRECTION('',(0.,1.,0.));
#10503=DIRECTION('center_axis',(1.,0.,0.));
#10504=DIRECTION('ref_axis',(0.,-0.707106781186547,0.707106781186548));
#10505=DIRECTION('',(-1.,0.,0.));
#10506=DIRECTION('center_axis',(0.707106781186547,-0.707106781186548,0.));
#10507=DIRECTION('ref_axis',(-0.707106781186548,-0.707106781186547,0.));
#10508=DIRECTION('center_axis',(0.,1.,0.));
#10509=DIRECTION('ref_axis',(-0.707106781186546,0.,0.707106781186549));
#10510=DIRECTION('',(0.,1.,0.));
#10511=DIRECTION('center_axis',(0.707106781186546,-0.707106781186549,0.));
#10512=DIRECTION('ref_axis',(-0.707106781186549,-0.707106781186546,0.));
#10513=DIRECTION('center_axis',(-1.,0.,0.));
#10514=DIRECTION('ref_axis',(0.,-0.707106781186546,0.707106781186549));
#10515=DIRECTION('',(-1.,0.,0.));
#10516=DIRECTION('center_axis',(0.707106781186548,-0.707106781186548,0.));
#10517=DIRECTION('ref_axis',(0.707106781186548,0.707106781186548,0.));
#10518=DIRECTION('center_axis',(0.,1.,0.));
#10519=DIRECTION('ref_axis',(-0.707106781186546,0.,0.707106781186549));
#10520=DIRECTION('',(0.,1.,0.));
#10521=DIRECTION('center_axis',(0.,-1.,0.));
#10522=DIRECTION('ref_axis',(0.707106781186546,0.,0.707106781186549));
#10523=DIRECTION('',(0.,-1.,0.));
#10524=DIRECTION('center_axis',(1.,0.,0.));
#10525=DIRECTION('ref_axis',(0.,0.707106781186546,0.707106781186549));
#10526=DIRECTION('',(-1.,0.,0.));
#10527=DIRECTION('',(1.,0.,0.));
#10528=DIRECTION('center_axis',(0.,1.,0.));
#10529=DIRECTION('ref_axis',(0.,0.,1.));
#10530=DIRECTION('',(0.,0.,-1.));
#10531=DIRECTION('center_axis',(0.,-1.,0.));
#10532=DIRECTION('ref_axis',(-1.,0.,0.));
#10533=DIRECTION('center_axis',(1.,0.,0.));
#10534=DIRECTION('ref_axis',(0.,0.,-1.));
#10535=DIRECTION('center_axis',(0.,-1.,0.));
#10536=DIRECTION('ref_axis',(0.,0.,-1.));
#10537=DIRECTION('center_axis',(0.,-1.,0.));
#10538=DIRECTION('ref_axis',(-1.,0.,0.));
#10539=DIRECTION('',(0.,0.,1.));
#10540=DIRECTION('center_axis',(0.,-1.,0.));
#10541=DIRECTION('ref_axis',(-1.,0.,0.));
#10542=DIRECTION('center_axis',(0.,0.,1.));
#10543=DIRECTION('ref_axis',(1.,0.,0.));
#10544=DIRECTION('center_axis',(1.,0.,0.));
#10545=DIRECTION('ref_axis',(0.,0.,-1.));
#10546=DIRECTION('center_axis',(0.,1.,0.));
#10547=DIRECTION('ref_axis',(-1.,0.,0.));
#10548=DIRECTION('center_axis',(0.,-1.,0.));
#10549=DIRECTION('ref_axis',(1.,0.,0.));
#10550=DIRECTION('center_axis',(0.,1.,0.));
#10551=DIRECTION('ref_axis',(-1.,0.,0.));
#10552=DIRECTION('center_axis',(0.,1.,0.));
#10553=DIRECTION('ref_axis',(-1.,0.,0.));
#10554=DIRECTION('',(0.,-1.,0.));
#10555=DIRECTION('center_axis',(0.,1.,0.));
#10556=DIRECTION('ref_axis',(-1.,0.,0.));
#10557=DIRECTION('center_axis',(0.,1.,0.));
#10558=DIRECTION('ref_axis',(1.,0.,0.));
#10559=DIRECTION('center_axis',(0.,-1.,0.));
#10560=DIRECTION('ref_axis',(1.,0.,0.));
#10561=DIRECTION('',(0.,-1.,0.));
#10562=DIRECTION('center_axis',(0.,1.,0.));
#10563=DIRECTION('ref_axis',(0.979248452895212,0.,-0.202663434053442));
#10564=DIRECTION('center_axis',(0.,-1.,0.));
#10565=DIRECTION('ref_axis',(0.979248452895212,0.,-0.202663434053442));
#10566=DIRECTION('',(0.,1.,0.));
#10567=DIRECTION('center_axis',(0.,1.,0.));
#10568=DIRECTION('ref_axis',(0.979248452895212,0.,-0.202663434053442));
#10569=DIRECTION('',(0.,1.,0.));
#10570=DIRECTION('center_axis',(0.979248452895212,0.,-0.20266343405344));
#10571=DIRECTION('ref_axis',(-0.20266343405344,0.,-0.979248452895212));
#10572=DIRECTION('',(0.20266343405344,0.,0.979248452895212));
#10573=DIRECTION('',(-0.20266343405344,0.,-0.979248452895212));
#10574=DIRECTION('',(0.,1.,0.));
#10575=DIRECTION('center_axis',(0.202663434049916,0.,-0.979248452895942));
#10576=DIRECTION('ref_axis',(-0.979248452895942,0.,-0.202663434049916));
#10577=DIRECTION('',(0.979248452895942,0.,0.202663434049916));
#10578=DIRECTION('',(-0.979248452895942,0.,-0.202663434049916));
#10579=DIRECTION('',(0.,1.,0.));
#10580=DIRECTION('center_axis',(0.,1.,0.));
#10581=DIRECTION('ref_axis',(0.202663434049917,0.,0.979248452895941));
#10582=DIRECTION('center_axis',(0.,-1.,0.));
#10583=DIRECTION('ref_axis',(0.202663434049917,0.,0.979248452895941));
#10584=DIRECTION('center_axis',(0.,1.,0.));
#10585=DIRECTION('ref_axis',(0.202663434049917,0.,0.979248452895941));
#10586=DIRECTION('',(0.,1.,0.));
#10587=DIRECTION('center_axis',(0.202663434049917,0.,0.979248452895942));
#10588=DIRECTION('ref_axis',(0.979248452895942,0.,-0.202663434049917));
#10589=DIRECTION('',(-0.979248452895942,0.,0.202663434049917));
#10590=DIRECTION('',(0.979248452895942,0.,-0.202663434049917));
#10591=DIRECTION('',(0.,1.,0.));
#10592=DIRECTION('center_axis',(0.979248452895213,0.,0.202663434053439));
#10593=DIRECTION('ref_axis',(0.202663434053439,0.,-0.979248452895212));
#10594=DIRECTION('',(-0.202663434053439,0.,0.979248452895212));
#10595=DIRECTION('',(0.202663434053439,0.,-0.979248452895212));
#10596=DIRECTION('',(0.,1.,0.));
#10597=DIRECTION('center_axis',(0.,1.,0.));
#10598=DIRECTION('ref_axis',(-0.979248452895212,0.,0.202663434053442));
#10599=DIRECTION('center_axis',(0.,-1.,0.));
#10600=DIRECTION('ref_axis',(-0.979248452895212,0.,0.202663434053442));
#10601=DIRECTION('center_axis',(0.,1.,0.));
#10602=DIRECTION('ref_axis',(-0.979248452895212,0.,0.202663434053442));
#10603=DIRECTION('',(0.,1.,0.));
#10604=DIRECTION('center_axis',(-0.979248452895213,0.,0.202663434053439));
#10605=DIRECTION('ref_axis',(0.202663434053439,0.,0.979248452895212));
#10606=DIRECTION('',(-0.202663434053439,0.,-0.979248452895212));
#10607=DIRECTION('',(0.202663434053439,0.,0.979248452895212));
#10608=DIRECTION('',(0.,1.,0.));
#10609=DIRECTION('center_axis',(-0.202663434049917,0.,0.979248452895942));
#10610=DIRECTION('ref_axis',(0.979248452895942,0.,0.202663434049917));
#10611=DIRECTION('',(-0.979248452895942,0.,-0.202663434049917));
#10612=DIRECTION('',(0.979248452895942,0.,0.202663434049917));
#10613=DIRECTION('',(0.,1.,0.));
#10614=DIRECTION('center_axis',(0.,1.,0.));
#10615=DIRECTION('ref_axis',(-0.202663434049915,0.,-0.979248452895942));
#10616=DIRECTION('center_axis',(0.,-1.,0.));
#10617=DIRECTION('ref_axis',(-0.202663434049915,0.,-0.979248452895942));
#10618=DIRECTION('center_axis',(0.,1.,0.));
#10619=DIRECTION('ref_axis',(-0.202663434049915,0.,-0.979248452895942));
#10620=DIRECTION('',(0.,1.,0.));
#10621=DIRECTION('center_axis',(-0.202663434049918,0.,-0.979248452895941));
#10622=DIRECTION('ref_axis',(-0.979248452895942,0.,0.202663434049918));
#10623=DIRECTION('',(0.979248452895942,0.,-0.202663434049918));
#10624=DIRECTION('',(-0.979248452895942,0.,0.202663434049918));
#10625=DIRECTION('',(0.,1.,0.));
#10626=DIRECTION('center_axis',(-0.979248452895213,0.,-0.202663434053439));
#10627=DIRECTION('ref_axis',(-0.202663434053439,0.,0.979248452895213));
#10628=DIRECTION('',(0.202663434053439,0.,-0.979248452895213));
#10629=DIRECTION('',(-0.202663434053439,0.,0.979248452895213));
#10630=DIRECTION('center_axis',(0.,1.,0.));
#10631=DIRECTION('ref_axis',(0.,0.,1.));
#10632=DIRECTION('center_axis',(0.,1.,0.));
#10633=DIRECTION('ref_axis',(0.,0.,1.));
#10634=DIRECTION('center_axis',(0.,-1.,0.));
#10635=DIRECTION('ref_axis',(-1.,0.,0.));
#10636=DIRECTION('center_axis',(0.,1.,0.));
#10637=DIRECTION('ref_axis',(-1.,0.,0.));
#10638=DIRECTION('center_axis',(0.,-1.,0.));
#10639=DIRECTION('ref_axis',(-1.,0.,0.));
#10640=DIRECTION('center_axis',(0.,-1.,0.));
#10641=DIRECTION('ref_axis',(-1.,0.,0.));
#10642=DIRECTION('center_axis',(0.,1.,0.));
#10643=DIRECTION('ref_axis',(-1.,0.,0.));
#10644=DIRECTION('',(0.,1.,0.));
#10645=DIRECTION('center_axis',(0.,-1.,0.));
#10646=DIRECTION('ref_axis',(-1.,0.,0.));
#10647=DIRECTION('center_axis',(0.,-1.,0.));
#10648=DIRECTION('ref_axis',(-1.,0.,0.));
#10649=DIRECTION('',(0.,1.,0.));
#10650=DIRECTION('center_axis',(0.,-1.,0.));
#10651=DIRECTION('ref_axis',(-1.,0.,0.));
#10652=DIRECTION('center_axis',(0.,-1.,0.));
#10653=DIRECTION('ref_axis',(-1.,0.,0.));
#10654=DIRECTION('center_axis',(0.,1.,0.));
#10655=DIRECTION('ref_axis',(-1.,0.,0.));
#10656=DIRECTION('center_axis',(0.,-1.,0.));
#10657=DIRECTION('ref_axis',(-1.,0.,0.));
#10658=DIRECTION('center_axis',(0.,-1.,0.));
#10659=DIRECTION('ref_axis',(-1.,0.,0.));
#10660=DIRECTION('center_axis',(0.,1.,0.));
#10661=DIRECTION('ref_axis',(-1.,0.,0.));
#10662=DIRECTION('',(0.,1.,0.));
#10663=DIRECTION('center_axis',(0.,-1.,0.));
#10664=DIRECTION('ref_axis',(-1.,0.,0.));
#10665=DIRECTION('center_axis',(0.,-1.,0.));
#10666=DIRECTION('ref_axis',(-1.,0.,0.));
#10667=DIRECTION('',(0.,1.,0.));
#10668=DIRECTION('center_axis',(0.,-1.,0.));
#10669=DIRECTION('ref_axis',(-1.,0.,0.));
#10670=DIRECTION('center_axis',(0.,-1.,0.));
#10671=DIRECTION('ref_axis',(-1.,0.,0.));
#10672=DIRECTION('center_axis',(0.,1.,0.));
#10673=DIRECTION('ref_axis',(-1.,0.,0.));
#10674=DIRECTION('center_axis',(0.,-1.,0.));
#10675=DIRECTION('ref_axis',(-1.,0.,0.));
#10676=DIRECTION('center_axis',(0.,-1.,0.));
#10677=DIRECTION('ref_axis',(-1.,0.,0.));
#10678=DIRECTION('center_axis',(0.,1.,0.));
#10679=DIRECTION('ref_axis',(-1.,0.,0.));
#10680=DIRECTION('',(0.,1.,0.));
#10681=DIRECTION('center_axis',(0.,-1.,0.));
#10682=DIRECTION('ref_axis',(-1.,0.,0.));
#10683=DIRECTION('center_axis',(0.,-1.,0.));
#10684=DIRECTION('ref_axis',(-1.,0.,0.));
#10685=DIRECTION('',(0.,1.,0.));
#10686=DIRECTION('',(0.,1.,0.));
#10687=DIRECTION('center_axis',(0.,-1.,0.));
#10688=DIRECTION('ref_axis',(-1.,0.,0.));
#10689=DIRECTION('',(0.,0.,1.));
#10690=DIRECTION('',(1.,0.,0.));
#10691=DIRECTION('',(0.,0.,1.));
#10692=DIRECTION('',(1.,0.,0.));
#10693=DIRECTION('',(5.32856991585218E-15,1.66537959118107E-16,1.));
#10694=DIRECTION('',(1.,1.07552855510562E-16,-5.32871142008904E-15));
#10695=DIRECTION('',(0.,0.,1.));
#10696=DIRECTION('',(1.,0.,0.));
#10697=DIRECTION('',(0.,0.,1.));
#10698=DIRECTION('',(1.,0.,0.));
#10699=DIRECTION('',(5.32856991585218E-15,1.66537959118108E-16,1.));
#10700=DIRECTION('',(1.,1.11022302462516E-16,-5.32871142008904E-15));
#10701=DIRECTION('',(0.,0.,1.));
#10702=DIRECTION('',(1.,0.,0.));
#10703=DIRECTION('',(0.,0.,1.));
#10704=DIRECTION('',(1.,0.,0.));
#10705=DIRECTION('',(5.32856991585218E-15,1.66537959118108E-16,1.));
#10706=DIRECTION('',(1.,1.66533453693773E-16,-5.32871142008904E-15));
#10707=DIRECTION('axis',(0.,0.,1.));
#10708=DIRECTION('refdir',(1.,0.,0.));
#10709=DIRECTION('center_axis',(1.,0.,0.));
#10710=DIRECTION('ref_axis',(0.,1.,0.));
#10711=DIRECTION('center_axis',(-1.,0.,0.));
#10712=DIRECTION('ref_axis',(0.,-0.707106781186548,-0.707106781186548));
#10713=DIRECTION('',(0.,-1.,0.));
#10714=DIRECTION('center_axis',(-1.,0.,0.));
#10715=DIRECTION('ref_axis',(0.,0.707106781186548,-0.707106781186548));
#10716=DIRECTION('',(0.,0.,-1.));
#10717=DIRECTION('',(0.,1.,0.));
#10718=DIRECTION('',(0.,0.,1.));
#10719=DIRECTION('center_axis',(1.,0.,0.));
#10720=DIRECTION('ref_axis',(0.,1.,0.));
#10721=DIRECTION('center_axis',(-1.,0.,0.));
#10722=DIRECTION('ref_axis',(0.,-0.707106781186548,-0.707106781186548));
#10723=DIRECTION('',(1.,0.,0.));
#10724=DIRECTION('center_axis',(-1.,0.,0.));
#10725=DIRECTION('ref_axis',(0.,-0.707106781186548,-0.707106781186548));
#10726=DIRECTION('',(-1.,0.,0.));
#10727=DIRECTION('center_axis',(0.,-1.,0.));
#10728=DIRECTION('ref_axis',(1.,0.,0.));
#10729=DIRECTION('',(1.,0.,0.));
#10730=DIRECTION('center_axis',(0.,1.,0.));
#10731=DIRECTION('ref_axis',(0.707106781186548,0.,0.707106781186547));
#10732=DIRECTION('',(1.,0.,0.));
#10733=DIRECTION('center_axis',(0.,1.,0.));
#10734=DIRECTION('ref_axis',(-0.707106781186548,0.,0.707106781186547));
#10735=DIRECTION('',(-1.,0.,0.));
#10736=DIRECTION('',(0.,0.,1.));
#10737=DIRECTION('center_axis',(0.,1.,0.));
#10738=DIRECTION('ref_axis',(1.,0.,0.));
#10739=DIRECTION('center_axis',(0.,0.,1.));
#10740=DIRECTION('ref_axis',(0.,-1.,0.));
#10741=DIRECTION('',(1.,0.,0.));
#10742=DIRECTION('',(0.,1.,0.));
#10743=DIRECTION('center_axis',(0.,0.,1.));
#10744=DIRECTION('ref_axis',(0.,1.,0.));
#10745=DIRECTION('',(0.,-1.,0.));
#10746=DIRECTION('',(-1.,0.,0.));
#10747=DIRECTION('',(0.,1.,0.));
#10748=DIRECTION('center_axis',(-1.,0.,0.));
#10749=DIRECTION('ref_axis',(0.,-1.,0.));
#10750=DIRECTION('',(0.,0.,-1.));
#10751=DIRECTION('center_axis',(-1.,0.,0.));
#10752=DIRECTION('ref_axis',(0.,0.707106781186548,-0.707106781186548));
#10753=DIRECTION('',(0.,-1.,0.));
#10754=DIRECTION('center_axis',(1.,0.,0.));
#10755=DIRECTION('ref_axis',(0.,1.,0.));
#10756=DIRECTION('center_axis',(1.,0.,0.));
#10757=DIRECTION('ref_axis',(0.,0.707106781186548,-0.707106781186548));
#10758=DIRECTION('',(-1.,0.,0.));
#10759=DIRECTION('',(-1.,0.,0.));
#10760=DIRECTION('center_axis',(0.,1.,0.));
#10761=DIRECTION('ref_axis',(-1.,0.,0.));
#10762=DIRECTION('center_axis',(0.,-1.,0.));
#10763=DIRECTION('ref_axis',(-0.707106781186548,0.,0.707106781186547));
#10764=DIRECTION('',(-1.,0.,0.));
#10765=DIRECTION('center_axis',(0.,-1.,0.));
#10766=DIRECTION('ref_axis',(0.707106781186548,0.,0.707106781186547));
#10767=DIRECTION('center_axis',(0.,-1.,0.));
#10768=DIRECTION('ref_axis',(1.,0.,0.));
#10769=DIRECTION('center_axis',(0.,-1.,0.));
#10770=DIRECTION('ref_axis',(-0.707106781186548,0.,0.707106781186547));
#10771=DIRECTION('',(0.,1.,0.));
#10772=DIRECTION('center_axis',(0.,1.,0.));
#10773=DIRECTION('ref_axis',(0.707106781186548,0.,0.707106781186547));
#10774=DIRECTION('',(0.,-1.,0.));
#10775=DIRECTION('center_axis',(0.,1.,0.));
#10776=DIRECTION('ref_axis',(1.,0.,0.));
#10777=DIRECTION('',(0.,1.,0.));
#10778=DIRECTION('center_axis',(0.,0.,1.));
#10779=DIRECTION('ref_axis',(1.,0.,0.));
#10780=DIRECTION('center_axis',(-1.,0.,0.));
#10781=DIRECTION('ref_axis',(0.,1.,0.));
#10782=DIRECTION('',(-1.,0.,0.));
#10783=DIRECTION('center_axis',(0.,0.,1.));
#10784=DIRECTION('ref_axis',(1.,0.,0.));
#10785=DIRECTION('axis',(0.,0.,1.));
#10786=DIRECTION('refdir',(1.,0.,0.));
#10787=DIRECTION('center_axis',(-0.866025403784438,0.5,0.));
#10788=DIRECTION('ref_axis',(0.5,0.866025403784438,0.));
#10789=DIRECTION('center_axis',(-0.866025403784438,0.5,0.));
#10790=DIRECTION('ref_axis',(0.5,0.866025403784438,0.));
#10791=DIRECTION('',(-0.866025403784438,0.5,0.));
#10792=DIRECTION('center_axis',(1.,-7.69185074553425E-16,0.));
#10793=DIRECTION('ref_axis',(7.13820048177565E-16,1.,0.));
#10794=DIRECTION('center_axis',(-0.866025403784438,0.5,0.));
#10795=DIRECTION('ref_axis',(0.5,0.866025403784438,0.));
#10796=DIRECTION('center_axis',(-0.5,0.866025403784439,0.));
#10797=DIRECTION('ref_axis',(0.866025403784439,0.499999999999999,0.));
#10798=DIRECTION('',(-0.866025403784438,0.5,0.));
#10799=DIRECTION('center_axis',(0.866025403784438,-0.5,0.));
#10800=DIRECTION('ref_axis',(0.5,0.866025403784438,0.));
#10801=DIRECTION('center_axis',(0.866025403784438,-0.5,0.));
#10802=DIRECTION('ref_axis',(-0.5,-0.866025403784438,0.));
#10803=DIRECTION('',(0.5,0.866025403784439,0.));
#10804=DIRECTION('',(0.,0.,-1.));
#10805=DIRECTION('',(-0.5,-0.866025403784439,0.));
#10806=DIRECTION('',(0.,0.,-1.));
#10807=DIRECTION('center_axis',(0.5,0.866025403784438,0.));
#10808=DIRECTION('ref_axis',(0.866025403784438,-0.5,0.));
#10809=DIRECTION('',(-0.866025403784439,0.5,0.));
#10810=DIRECTION('',(0.866025403784439,-0.5,0.));
#10811=DIRECTION('',(0.,0.,-1.));
#10812=DIRECTION('center_axis',(-0.866025403784438,0.5,0.));
#10813=DIRECTION('ref_axis',(0.5,0.866025403784438,0.));
#10814=DIRECTION('',(-0.5,-0.866025403784439,0.));
#10815=DIRECTION('',(0.5,0.866025403784439,0.));
#10816=DIRECTION('',(0.,0.,1.));
#10817=DIRECTION('center_axis',(0.,0.,1.));
#10818=DIRECTION('ref_axis',(1.,0.,0.));
#10819=DIRECTION('',(0.866025403784438,-0.500000000000001,0.));
#10820=DIRECTION('',(0.866025403784439,0.499999999999999,0.));
#10821=DIRECTION('',(1.28197512425571E-16,1.,0.));
#10822=DIRECTION('',(-1.,0.,0.));
#10823=DIRECTION('',(0.,1.,0.));
#10824=DIRECTION('',(1.,0.,0.));
#10825=DIRECTION('',(1.28197512425571E-16,1.,0.));
#10826=DIRECTION('',(-0.866025403784439,0.5,0.));
#10827=DIRECTION('',(-0.866025403784439,-0.5,0.));
#10828=DIRECTION('',(0.5,-0.866025403784439,0.));
#10829=DIRECTION('',(-0.866025403784439,-0.5,0.));
#10830=DIRECTION('',(-0.5,0.866025403784439,0.));
#10831=DIRECTION('',(-0.866025403784439,-0.5,0.));
#10832=DIRECTION('',(-7.69185074553426E-16,-1.,0.));
#10833=DIRECTION('',(0.866025403784438,-0.500000000000001,0.));
#10834=DIRECTION('center_axis',(-0.500000000000001,-0.866025403784438,0.));
#10835=DIRECTION('ref_axis',(0.866025403784438,-0.500000000000001,0.));
#10836=DIRECTION('',(0.866025403784438,-0.500000000000001,0.));
#10837=DIRECTION('',(0.,0.,1.));
#10838=DIRECTION('center_axis',(0.866025403784439,0.5,0.));
#10839=DIRECTION('ref_axis',(0.5,-0.866025403784439,0.));
#10840=DIRECTION('center_axis',(0.866025403784439,0.5,0.));
#10841=DIRECTION('ref_axis',(0.5,-0.866025403784439,0.));
#10842=DIRECTION('',(0.866025403784439,0.5,0.));
#10843=DIRECTION('center_axis',(-0.5,-0.866025403784439,0.));
#10844=DIRECTION('ref_axis',(0.866025403784438,-0.5,0.));
#10845=DIRECTION('center_axis',(0.866025403784439,0.5,0.));
#10846=DIRECTION('ref_axis',(0.5,-0.866025403784439,0.));
#10847=DIRECTION('center_axis',(1.,-7.69185074553425E-16,0.));
#10848=DIRECTION('ref_axis',(-7.13820048177565E-16,-1.,0.));
#10849=DIRECTION('',(0.866025403784439,0.5,0.));
#10850=DIRECTION('center_axis',(-0.866025403784439,-0.5,0.));
#10851=DIRECTION('ref_axis',(0.5,-0.866025403784439,0.));
#10852=DIRECTION('center_axis',(-0.866025403784439,-0.5,0.));
#10853=DIRECTION('ref_axis',(-0.5,0.866025403784439,0.));
#10854=DIRECTION('',(0.5,-0.866025403784439,0.));
#10855=DIRECTION('',(0.,0.,-1.));
#10856=DIRECTION('',(0.,0.,-1.));
#10857=DIRECTION('center_axis',(0.5,-0.866025403784439,0.));
#10858=DIRECTION('ref_axis',(-0.866025403784439,-0.5,0.));
#10859=DIRECTION('',(0.866025403784439,0.5,0.));
#10860=DIRECTION('',(0.,0.,-1.));
#10861=DIRECTION('center_axis',(0.866025403784439,0.5,0.));
#10862=DIRECTION('ref_axis',(0.5,-0.866025403784439,0.));
#10863=DIRECTION('',(-0.5,0.866025403784439,0.));
#10864=DIRECTION('',(0.,0.,1.));
#10865=DIRECTION('center_axis',(-0.5,0.866025403784439,0.));
#10866=DIRECTION('ref_axis',(-0.866025403784439,-0.5,0.));
#10867=DIRECTION('',(-0.866025403784439,-0.5,0.));
#10868=DIRECTION('',(0.,0.,1.));
#10869=DIRECTION('center_axis',(0.,-1.,0.));
#10870=DIRECTION('ref_axis',(-1.,0.,0.));
#10871=DIRECTION('center_axis',(-0.5,-0.866025403784439,0.));
#10872=DIRECTION('ref_axis',(-0.866025403784438,0.5,0.));
#10873=DIRECTION('',(0.,-1.,0.));
#10874=DIRECTION('center_axis',(0.,1.,0.));
#10875=DIRECTION('ref_axis',(-1.,0.,0.));
#10876=DIRECTION('center_axis',(0.,-1.,0.));
#10877=DIRECTION('ref_axis',(-1.,0.,0.));
#10878=DIRECTION('center_axis',(0.,-1.,0.));
#10879=DIRECTION('ref_axis',(-1.,0.,0.));
#10880=DIRECTION('',(0.,-1.,0.));
#10881=DIRECTION('center_axis',(-0.5,0.866025403784439,0.));
#10882=DIRECTION('ref_axis',(-0.866025403784439,-0.5,0.));
#10883=DIRECTION('center_axis',(-1.,0.,0.));
#10884=DIRECTION('ref_axis',(0.,1.,0.));
#10885=DIRECTION('',(0.,-1.,0.));
#10886=DIRECTION('',(0.,0.,-1.));
#10887=DIRECTION('',(0.,0.,-1.));
#10888=DIRECTION('center_axis',(0.,-1.,0.));
#10889=DIRECTION('ref_axis',(-1.,0.,0.));
#10890=DIRECTION('',(1.,0.,0.));
#10891=DIRECTION('',(0.,0.,1.));
#10892=DIRECTION('center_axis',(0.,1.,0.));
#10893=DIRECTION('ref_axis',(1.,0.,0.));
#10894=DIRECTION('',(-1.,0.,0.));
#10895=DIRECTION('',(0.,0.,-1.));
#10896=DIRECTION('center_axis',(0.,0.,1.));
#10897=DIRECTION('ref_axis',(1.,0.,0.));
#10898=DIRECTION('',(0.866025403784438,-0.500000000000001,0.));
#10899=DIRECTION('',(-7.69185074553426E-16,-1.,0.));
#10900=DIRECTION('',(-0.866025403784439,-0.5,0.));
#10901=DIRECTION('',(-0.866025403784439,0.5,0.));
#10902=DIRECTION('',(1.28197512425571E-16,1.,0.));
#10903=DIRECTION('',(1.28197512425571E-16,1.,0.));
#10904=DIRECTION('',(0.866025403784439,0.499999999999999,0.));
#10905=DIRECTION('center_axis',(1.,-1.28197512425571E-16,0.));
#10906=DIRECTION('ref_axis',(1.28197512425571E-16,1.,0.));
#10907=DIRECTION('',(0.,0.,1.));
#10908=DIRECTION('center_axis',(0.5,-0.866025403784439,0.));
#10909=DIRECTION('ref_axis',(0.866025403784439,0.499999999999999,0.));
#10910=DIRECTION('center_axis',(-0.500000000000001,-0.866025403784438,0.));
#10911=DIRECTION('ref_axis',(0.866025403784438,-0.500000000000001,0.));
#10912=DIRECTION('',(0.,0.,1.));
#10913=DIRECTION('center_axis',(-1.,7.69185074553425E-16,0.));
#10914=DIRECTION('ref_axis',(-7.69185074553426E-16,-1.,0.));
#10915=DIRECTION('center_axis',(-0.5,0.866025403784439,0.));
#10916=DIRECTION('ref_axis',(-0.866025403784439,-0.5,0.));
#10917=DIRECTION('',(0.,0.,1.));
#10918=DIRECTION('center_axis',(0.5,0.866025403784439,0.));
#10919=DIRECTION('ref_axis',(-0.866025403784439,0.5,0.));
#10920=DIRECTION('',(0.,0.,1.));
#10921=DIRECTION('center_axis',(1.,-1.28197512425571E-16,0.));
#10922=DIRECTION('ref_axis',(1.28197512425571E-16,1.,0.));
#10923=DIRECTION('axis',(0.,0.,1.));
#10924=DIRECTION('refdir',(1.,0.,0.));
#10925=DIRECTION('center_axis',(1.,0.,0.));
#10926=DIRECTION('ref_axis',(0.,1.,0.));
#10927=DIRECTION('center_axis',(-1.,0.,0.));
#10928=DIRECTION('ref_axis',(0.,-0.707106781186548,-0.707106781186548));
#10929=DIRECTION('',(0.,-1.,0.));
#10930=DIRECTION('center_axis',(-1.,0.,0.));
#10931=DIRECTION('ref_axis',(0.,0.707106781186548,-0.707106781186548));
#10932=DIRECTION('',(0.,0.,-1.));
#10933=DIRECTION('',(0.,1.,0.));
#10934=DIRECTION('',(0.,0.,1.));
#10935=DIRECTION('center_axis',(1.,0.,0.));
#10936=DIRECTION('ref_axis',(0.,1.,0.));
#10937=DIRECTION('center_axis',(-1.,0.,0.));
#10938=DIRECTION('ref_axis',(0.,-0.707106781186548,-0.707106781186548));
#10939=DIRECTION('',(1.,0.,0.));
#10940=DIRECTION('center_axis',(-1.,0.,0.));
#10941=DIRECTION('ref_axis',(0.,-0.707106781186548,-0.707106781186548));
#10942=DIRECTION('',(-1.,0.,0.));
#10943=DIRECTION('center_axis',(0.,-1.,0.));
#10944=DIRECTION('ref_axis',(1.,0.,0.));
#10945=DIRECTION('',(1.,0.,0.));
#10946=DIRECTION('center_axis',(0.,1.,0.));
#10947=DIRECTION('ref_axis',(0.707106781186548,0.,0.707106781186547));
#10948=DIRECTION('',(1.,0.,0.));
#10949=DIRECTION('center_axis',(0.,1.,0.));
#10950=DIRECTION('ref_axis',(-0.707106781186548,0.,0.707106781186547));
#10951=DIRECTION('',(-1.,0.,0.));
#10952=DIRECTION('',(0.,0.,1.));
#10953=DIRECTION('center_axis',(0.,1.,0.));
#10954=DIRECTION('ref_axis',(1.,0.,0.));
#10955=DIRECTION('center_axis',(0.,0.,1.));
#10956=DIRECTION('ref_axis',(0.,-1.,0.));
#10957=DIRECTION('',(1.,0.,0.));
#10958=DIRECTION('',(0.,1.,0.));
#10959=DIRECTION('center_axis',(0.,0.,1.));
#10960=DIRECTION('ref_axis',(0.,1.,0.));
#10961=DIRECTION('',(0.,-1.,0.));
#10962=DIRECTION('',(-1.,0.,0.));
#10963=DIRECTION('',(0.,1.,0.));
#10964=DIRECTION('center_axis',(-1.,0.,0.));
#10965=DIRECTION('ref_axis',(0.,-1.,0.));
#10966=DIRECTION('',(0.,0.,-1.));
#10967=DIRECTION('center_axis',(-1.,0.,0.));
#10968=DIRECTION('ref_axis',(0.,0.707106781186548,-0.707106781186548));
#10969=DIRECTION('',(0.,-1.,0.));
#10970=DIRECTION('center_axis',(1.,0.,0.));
#10971=DIRECTION('ref_axis',(0.,1.,0.));
#10972=DIRECTION('center_axis',(1.,0.,0.));
#10973=DIRECTION('ref_axis',(0.,0.707106781186548,-0.707106781186548));
#10974=DIRECTION('',(-1.,0.,0.));
#10975=DIRECTION('',(-1.,0.,0.));
#10976=DIRECTION('center_axis',(0.,1.,0.));
#10977=DIRECTION('ref_axis',(-1.,0.,0.));
#10978=DIRECTION('center_axis',(0.,-1.,0.));
#10979=DIRECTION('ref_axis',(-0.707106781186548,0.,0.707106781186547));
#10980=DIRECTION('',(-1.,0.,0.));
#10981=DIRECTION('center_axis',(0.,-1.,0.));
#10982=DIRECTION('ref_axis',(0.707106781186548,0.,0.707106781186547));
#10983=DIRECTION('center_axis',(0.,-1.,0.));
#10984=DIRECTION('ref_axis',(1.,0.,0.));
#10985=DIRECTION('center_axis',(0.,-1.,0.));
#10986=DIRECTION('ref_axis',(-0.707106781186548,0.,0.707106781186547));
#10987=DIRECTION('',(0.,1.,0.));
#10988=DIRECTION('center_axis',(0.,1.,0.));
#10989=DIRECTION('ref_axis',(0.707106781186548,0.,0.707106781186547));
#10990=DIRECTION('',(0.,-1.,0.));
#10991=DIRECTION('center_axis',(0.,1.,0.));
#10992=DIRECTION('ref_axis',(1.,0.,0.));
#10993=DIRECTION('',(0.,1.,0.));
#10994=DIRECTION('center_axis',(0.,0.,1.));
#10995=DIRECTION('ref_axis',(1.,0.,0.));
#10996=DIRECTION('center_axis',(-1.,0.,0.));
#10997=DIRECTION('ref_axis',(0.,1.,0.));
#10998=DIRECTION('',(-1.,0.,0.));
#10999=DIRECTION('center_axis',(0.,0.,1.));
#11000=DIRECTION('ref_axis',(1.,0.,0.));
#11001=DIRECTION('axis',(0.,0.,1.));
#11002=DIRECTION('refdir',(1.,0.,0.));
#11003=DIRECTION('axis',(0.,0.,1.));
#11004=DIRECTION('refdir',(1.,0.,0.));
#11005=DIRECTION('center_axis',(0.,-1.,0.));
#11006=DIRECTION('ref_axis',(-1.,0.,0.));
#11007=DIRECTION('center_axis',(0.,-1.,0.));
#11008=DIRECTION('ref_axis',(-1.,0.,0.));
#11009=DIRECTION('',(0.,-1.,0.));
#11010=DIRECTION('center_axis',(0.,1.,0.));
#11011=DIRECTION('ref_axis',(-1.,0.,0.));
#11012=DIRECTION('center_axis',(0.,1.,0.));
#11013=DIRECTION('ref_axis',(1.,0.,0.));
#11014=DIRECTION('center_axis',(0.,1.,0.));
#11015=DIRECTION('ref_axis',(1.,0.,0.));
#11016=DIRECTION('',(0.,1.,0.));
#11017=DIRECTION('center_axis',(0.,-1.,0.));
#11018=DIRECTION('ref_axis',(1.,0.,0.));
#11019=DIRECTION('center_axis',(0.,-1.,0.));
#11020=DIRECTION('ref_axis',(-0.707106781186548,0.,0.707106781186547));
#11021=DIRECTION('center_axis',(0.,1.,0.));
#11022=DIRECTION('ref_axis',(-0.707106781186548,0.,0.707106781186547));
#11023=DIRECTION('',(0.,1.,0.));
#11024=DIRECTION('center_axis',(0.,-1.,0.));
#11025=DIRECTION('ref_axis',(-0.707106781186548,0.,0.707106781186547));
#11026=DIRECTION('',(0.,-1.,0.));
#11027=DIRECTION('center_axis',(-1.,0.,0.));
#11028=DIRECTION('ref_axis',(0.,0.,-1.));
#11029=DIRECTION('',(0.,0.,1.));
#11030=DIRECTION('',(0.,-1.,0.));
#11031=DIRECTION('',(0.,0.,-1.));
#11032=DIRECTION('center_axis',(0.,-1.,0.));
#11033=DIRECTION('ref_axis',(-1.,0.,0.));
#11034=DIRECTION('',(1.,0.,0.));
#11035=DIRECTION('center_axis',(0.,-1.,0.));
#11036=DIRECTION('ref_axis',(0.707106781186547,0.,0.707106781186547));
#11037=DIRECTION('',(0.,0.,-1.));
#11038=DIRECTION('center_axis',(0.,-1.,0.));
#11039=DIRECTION('ref_axis',(-1.,0.,0.));
#11040=DIRECTION('center_axis',(0.,-1.,0.));
#11041=DIRECTION('ref_axis',(0.707106781186547,0.,0.707106781186547));
#11042=DIRECTION('center_axis',(0.,1.,0.));
#11043=DIRECTION('ref_axis',(0.707106781186547,0.,0.707106781186547));
#11044=DIRECTION('',(0.,1.,0.));
#11045=DIRECTION('',(0.,-1.,0.));
#11046=DIRECTION('center_axis',(1.,0.,0.));
#11047=DIRECTION('ref_axis',(0.,0.,1.));
#11048=DIRECTION('',(0.,0.,1.));
#11049=DIRECTION('',(0.,-1.,0.));
#11050=DIRECTION('center_axis',(0.,0.,1.));
#11051=DIRECTION('ref_axis',(-1.,0.,0.));
#11052=DIRECTION('',(-1.,0.,0.));
#11053=DIRECTION('center_axis',(0.,-1.,0.));
#11054=DIRECTION('ref_axis',(-7.27366154732462E-16,0.,-1.));
#11055=DIRECTION('center_axis',(0.,-1.,0.));
#11056=DIRECTION('ref_axis',(-1.,0.,0.));
#11057=DIRECTION('center_axis',(0.,-1.,0.));
#11058=DIRECTION('ref_axis',(-1.,0.,0.));
#11059=DIRECTION('axis',(0.,0.,1.));
#11060=DIRECTION('refdir',(1.,0.,0.));
#11061=DIRECTION('center_axis',(1.,0.,0.));
#11062=DIRECTION('ref_axis',(0.,0.707106781186551,0.707106781186544));
#11063=DIRECTION('center_axis',(-1.,0.,0.));
#11064=DIRECTION('ref_axis',(0.,0.707106781186551,0.707106781186544));
#11065=DIRECTION('',(-1.,0.,0.));
#11066=DIRECTION('center_axis',(1.,0.,0.));
#11067=DIRECTION('ref_axis',(0.,0.707106781186551,0.707106781186544));
#11068=DIRECTION('',(1.,0.,0.));
#11069=DIRECTION('center_axis',(0.,0.,1.));
#11070=DIRECTION('ref_axis',(-1.,0.,0.));
#11071=DIRECTION('',(0.,-1.,0.));
#11072=DIRECTION('',(-1.,0.,0.));
#11073=DIRECTION('',(0.,-1.,0.));
#11074=DIRECTION('center_axis',(-1.,0.,0.));
#11075=DIRECTION('ref_axis',(0.,0.,-1.));
#11076=DIRECTION('',(0.,0.,1.));
#11077=DIRECTION('',(0.,1.,0.));
#11078=DIRECTION('',(0.,0.,-1.));
#11079=DIRECTION('center_axis',(1.,0.,0.));
#11080=DIRECTION('ref_axis',(0.,-0.707106781186551,0.707106781186544));
#11081=DIRECTION('center_axis',(1.,0.,0.));
#11082=DIRECTION('ref_axis',(0.,1.,0.));
#11083=DIRECTION('center_axis',(-1.,0.,0.));
#11084=DIRECTION('ref_axis',(0.,-0.707106781186551,0.707106781186544));
#11085=DIRECTION('',(1.,0.,0.));
#11086=DIRECTION('center_axis',(-1.,0.,0.));
#11087=DIRECTION('ref_axis',(0.,-0.707106781186551,0.707106781186544));
#11088=DIRECTION('center_axis',(0.,-1.,0.));
#11089=DIRECTION('ref_axis',(1.,0.,0.));
#11090=DIRECTION('center_axis',(0.,1.,0.));
#11091=DIRECTION('ref_axis',(-0.707106781186548,0.,-0.707106781186547));
#11092=DIRECTION('',(1.,0.,0.));
#11093=DIRECTION('center_axis',(0.,1.,0.));
#11094=DIRECTION('ref_axis',(0.707106781186546,0.,-0.707106781186549));
#11095=DIRECTION('',(0.,0.,1.));
#11096=DIRECTION('center_axis',(0.,1.,0.));
#11097=DIRECTION('ref_axis',(1.,0.,0.));
#11098=DIRECTION('center_axis',(-1.,0.,0.));
#11099=DIRECTION('ref_axis',(0.,1.,0.));
#11100=DIRECTION('center_axis',(-1.,0.,0.));
#11101=DIRECTION('ref_axis',(0.,1.,0.));
#11102=DIRECTION('',(-1.,0.,0.));
#11103=DIRECTION('center_axis',(0.,-1.,0.));
#11104=DIRECTION('ref_axis',(-0.707106781186548,0.,-0.707106781186547));
#11105=DIRECTION('center_axis',(0.,-1.,0.));
#11106=DIRECTION('ref_axis',(-0.707106781186548,0.,-0.707106781186547));
#11107=DIRECTION('',(0.,-1.,0.));
#11108=DIRECTION('center_axis',(0.,0.,-1.));
#11109=DIRECTION('ref_axis',(1.,0.,0.));
#11110=DIRECTION('',(-1.,0.,0.));
#11111=DIRECTION('',(0.,1.,0.));
#11112=DIRECTION('center_axis',(0.,-1.,0.));
#11113=DIRECTION('ref_axis',(1.,0.,0.));
#11114=DIRECTION('',(0.,0.,-1.));
#11115=DIRECTION('center_axis',(0.,-1.,0.));
#11116=DIRECTION('ref_axis',(0.707106781186546,0.,-0.707106781186549));
#11117=DIRECTION('center_axis',(0.,1.,0.));
#11118=DIRECTION('ref_axis',(1.,0.,0.));
#11119=DIRECTION('center_axis',(0.,-1.,0.));
#11120=DIRECTION('ref_axis',(0.707106781186546,0.,-0.707106781186549));
#11121=DIRECTION('',(0.,-1.,0.));
#11122=DIRECTION('center_axis',(0.,-1.,0.));
#11123=DIRECTION('ref_axis',(1.,0.,0.));
#11124=DIRECTION('',(0.,1.,0.));
#11125=DIRECTION('center_axis',(1.,0.,0.));
#11126=DIRECTION('ref_axis',(0.,0.,1.));
#11127=DIRECTION('axis',(0.,0.,1.));
#11128=DIRECTION('refdir',(1.,0.,0.));
#11129=DIRECTION('center_axis',(0.,1.,0.));
#11130=DIRECTION('ref_axis',(-1.,0.,0.));
#11131=DIRECTION('center_axis',(0.,1.,0.));
#11132=DIRECTION('ref_axis',(-1.,0.,0.));
#11133=DIRECTION('',(0.,-1.,0.));
#11134=DIRECTION('center_axis',(0.,-1.,0.));
#11135=DIRECTION('ref_axis',(-1.,0.,0.));
#11136=DIRECTION('center_axis',(0.,-1.,0.));
#11137=DIRECTION('ref_axis',(1.,0.,0.));
#11138=DIRECTION('center_axis',(0.,-1.,0.));
#11139=DIRECTION('ref_axis',(1.,0.,0.));
#11140=DIRECTION('',(0.,1.,0.));
#11141=DIRECTION('center_axis',(0.,1.,0.));
#11142=DIRECTION('ref_axis',(1.,0.,0.));
#11143=DIRECTION('center_axis',(0.,1.,0.));
#11144=DIRECTION('ref_axis',(-0.707106781186548,0.,-0.707106781186547));
#11145=DIRECTION('center_axis',(0.,-1.,0.));
#11146=DIRECTION('ref_axis',(-0.707106781186548,0.,-0.707106781186547));
#11147=DIRECTION('',(0.,-1.,0.));
#11148=DIRECTION('center_axis',(0.,1.,0.));
#11149=DIRECTION('ref_axis',(-0.707106781186548,0.,-0.707106781186547));
#11150=DIRECTION('',(0.,1.,0.));
#11151=DIRECTION('center_axis',(1.,0.,0.));
#11152=DIRECTION('ref_axis',(0.,0.,1.));
#11153=DIRECTION('',(0.,0.,1.));
#11154=DIRECTION('',(0.,-1.,0.));
#11155=DIRECTION('',(0.,0.,-1.));
#11156=DIRECTION('center_axis',(0.,1.,0.));
#11157=DIRECTION('ref_axis',(-1.,0.,0.));
#11158=DIRECTION('center_axis',(0.,1.,0.));
#11159=DIRECTION('ref_axis',(-1.,0.,0.));
#11160=DIRECTION('',(0.,0.,1.));
#11161=DIRECTION('center_axis',(0.,1.,0.));
#11162=DIRECTION('ref_axis',(0.707106781186547,0.,-0.707106781186547));
#11163=DIRECTION('',(1.,0.,0.));
#11164=DIRECTION('center_axis',(0.,1.,0.));
#11165=DIRECTION('ref_axis',(0.707106781186547,0.,-0.707106781186547));
#11166=DIRECTION('center_axis',(0.,-1.,0.));
#11167=DIRECTION('ref_axis',(0.707106781186547,0.,-0.707106781186547));
#11168=DIRECTION('',(0.,-1.,0.));
#11169=DIRECTION('',(0.,1.,0.));
#11170=DIRECTION('center_axis',(-1.,0.,0.));
#11171=DIRECTION('ref_axis',(0.,0.,-1.));
#11172=DIRECTION('',(0.,-1.,0.));
#11173=DIRECTION('',(0.,0.,-1.));
#11174=DIRECTION('center_axis',(0.,0.,1.));
#11175=DIRECTION('ref_axis',(-1.,0.,0.));
#11176=DIRECTION('',(-1.,0.,0.));
#11177=DIRECTION('center_axis',(0.,1.,0.));
#11178=DIRECTION('ref_axis',(-7.27366154732462E-16,0.,1.));
#11179=DIRECTION('center_axis',(0.,1.,0.));
#11180=DIRECTION('ref_axis',(-1.,0.,0.));
#11181=DIRECTION('center_axis',(0.,1.,0.));
#11182=DIRECTION('ref_axis',(-1.,0.,0.));
#11183=DIRECTION('',(-3.02152846610482E-16,6.10622663543836E-16,1.));
#11184=DIRECTION('',(1.,-3.02169967993171E-16,4.22433811512348E-17));
#11185=DIRECTION('',(-4.40930724688627E-16,7.7715611723761E-16,1.));
#11186=DIRECTION('',(1.,-3.2607976061954E-16,8.79785962144999E-17));
#11187=DIRECTION('',(5.23526660698219E-17,5.55111512312578E-17,-0.999999999999999));
#11188=DIRECTION('',(1.,-2.68033053319212E-16,-4.24870357568141E-16));
#11189=DIRECTION('',(-3.94430452610506E-31,0.,1.));
#11190=DIRECTION('',(1.,-7.88860905221012E-31,0.));
#11191=DIRECTION('',(-3.94430452610506E-31,0.,1.));
#11192=DIRECTION('',(1.,-7.88860905221012E-31,0.));
#11193=DIRECTION('',(0.,0.,-1.));
#11194=DIRECTION('',(1.,0.,0.));
#11195=DIRECTION('center_axis',(1.,0.,0.));
#11196=DIRECTION('ref_axis',(0.,1.,0.));
#11197=DIRECTION('center_axis',(-1.,0.,0.));
#11198=DIRECTION('ref_axis',(0.,-0.707106781186548,-0.707106781186548));
#11199=DIRECTION('',(0.,-1.,0.));
#11200=DIRECTION('center_axis',(-1.,0.,0.));
#11201=DIRECTION('ref_axis',(0.,0.707106781186548,-0.707106781186548));
#11202=DIRECTION('',(0.,0.,-1.));
#11203=DIRECTION('',(0.,1.,0.));
#11204=DIRECTION('',(0.,0.,1.));
#11205=DIRECTION('center_axis',(1.,0.,0.));
#11206=DIRECTION('ref_axis',(0.,1.,0.));
#11207=DIRECTION('center_axis',(-1.,0.,0.));
#11208=DIRECTION('ref_axis',(0.,-0.707106781186548,-0.707106781186548));
#11209=DIRECTION('',(1.,0.,0.));
#11210=DIRECTION('center_axis',(-1.,0.,0.));
#11211=DIRECTION('ref_axis',(0.,-0.707106781186548,-0.707106781186548));
#11212=DIRECTION('',(-1.,0.,0.));
#11213=DIRECTION('center_axis',(0.,-1.,0.));
#11214=DIRECTION('ref_axis',(1.,0.,0.));
#11215=DIRECTION('',(1.,0.,0.));
#11216=DIRECTION('center_axis',(0.,1.,0.));
#11217=DIRECTION('ref_axis',(0.707106781186548,0.,0.707106781186547));
#11218=DIRECTION('',(1.,0.,0.));
#11219=DIRECTION('center_axis',(0.,1.,0.));
#11220=DIRECTION('ref_axis',(-0.707106781186548,0.,0.707106781186547));
#11221=DIRECTION('',(-1.,0.,0.));
#11222=DIRECTION('',(0.,0.,1.));
#11223=DIRECTION('center_axis',(0.,1.,0.));
#11224=DIRECTION('ref_axis',(1.,0.,0.));
#11225=DIRECTION('center_axis',(0.,0.,1.));
#11226=DIRECTION('ref_axis',(0.,-1.,0.));
#11227=DIRECTION('',(1.,0.,0.));
#11228=DIRECTION('',(0.,1.,0.));
#11229=DIRECTION('center_axis',(0.,0.,1.));
#11230=DIRECTION('ref_axis',(0.,1.,0.));
#11231=DIRECTION('',(0.,-1.,0.));
#11232=DIRECTION('',(-1.,0.,0.));
#11233=DIRECTION('',(0.,1.,0.));
#11234=DIRECTION('center_axis',(-1.,0.,0.));
#11235=DIRECTION('ref_axis',(0.,-1.,0.));
#11236=DIRECTION('',(0.,0.,-1.));
#11237=DIRECTION('center_axis',(-1.,0.,0.));
#11238=DIRECTION('ref_axis',(0.,0.707106781186548,-0.707106781186548));
#11239=DIRECTION('',(0.,-1.,0.));
#11240=DIRECTION('center_axis',(1.,0.,0.));
#11241=DIRECTION('ref_axis',(0.,1.,0.));
#11242=DIRECTION('center_axis',(1.,0.,0.));
#11243=DIRECTION('ref_axis',(0.,0.707106781186548,-0.707106781186548));
#11244=DIRECTION('',(-1.,0.,0.));
#11245=DIRECTION('',(-1.,0.,0.));
#11246=DIRECTION('center_axis',(0.,1.,0.));
#11247=DIRECTION('ref_axis',(-1.,0.,0.));
#11248=DIRECTION('center_axis',(0.,-1.,0.));
#11249=DIRECTION('ref_axis',(-0.707106781186548,0.,0.707106781186547));
#11250=DIRECTION('',(-1.,0.,0.));
#11251=DIRECTION('center_axis',(0.,-1.,0.));
#11252=DIRECTION('ref_axis',(0.707106781186548,0.,0.707106781186547));
#11253=DIRECTION('center_axis',(0.,-1.,0.));
#11254=DIRECTION('ref_axis',(1.,0.,0.));
#11255=DIRECTION('center_axis',(0.,-1.,0.));
#11256=DIRECTION('ref_axis',(-0.707106781186548,0.,0.707106781186547));
#11257=DIRECTION('',(0.,1.,0.));
#11258=DIRECTION('center_axis',(0.,1.,0.));
#11259=DIRECTION('ref_axis',(0.707106781186548,0.,0.707106781186547));
#11260=DIRECTION('',(0.,-1.,0.));
#11261=DIRECTION('center_axis',(0.,1.,0.));
#11262=DIRECTION('ref_axis',(1.,0.,0.));
#11263=DIRECTION('',(0.,1.,0.));
#11264=DIRECTION('center_axis',(0.,0.,1.));
#11265=DIRECTION('ref_axis',(1.,0.,0.));
#11266=DIRECTION('center_axis',(-1.,0.,0.));
#11267=DIRECTION('ref_axis',(0.,1.,0.));
#11268=DIRECTION('',(-1.,0.,0.));
#11269=DIRECTION('center_axis',(0.,0.,1.));
#11270=DIRECTION('ref_axis',(1.,0.,0.));
#11271=DIRECTION('',(-4.26380487578298E-17,1.11022302462516E-16,1.));
#11272=DIRECTION('',(1.,4.53525453251358E-17,2.46651094205479E-18));
#11273=DIRECTION('',(-4.26380487578298E-17,1.11022302462516E-16,1.));
#11274=DIRECTION('',(1.,4.53525453251358E-17,2.46651094205479E-18));
#11275=DIRECTION('',(0.,0.,-1.));
#11276=DIRECTION('',(1.,0.,0.));
#11277=DIRECTION('center_axis',(0.,1.,0.));
#11278=DIRECTION('ref_axis',(1.,0.,0.));
#11279=DIRECTION('',(-1.,0.,0.));
#11280=DIRECTION('',(0.,0.,1.));
#11281=DIRECTION('',(-1.,0.,0.));
#11282=DIRECTION('',(0.,0.,1.));
#11283=DIRECTION('center_axis',(0.,1.,0.));
#11284=DIRECTION('ref_axis',(1.,0.,0.));
#11285=DIRECTION('center_axis',(0.,1.,0.));
#11286=DIRECTION('ref_axis',(1.,0.,0.));
#11287=DIRECTION('center_axis',(0.,0.,-1.));
#11288=DIRECTION('ref_axis',(-1.,0.,0.));
#11289=DIRECTION('',(0.,-1.,0.));
#11290=DIRECTION('',(0.,-1.,0.));
#11291=DIRECTION('',(1.,0.,0.));
#11292=DIRECTION('',(-7.69185074553426E-16,-1.,0.));
#11293=DIRECTION('',(-1.,2.69775012886003E-15,0.));
#11294=DIRECTION('',(-0.504479864329054,-0.863423457225097,0.));
#11295=DIRECTION('center_axis',(0.,0.,-1.));
#11296=DIRECTION('ref_axis',(-1.,0.,0.));
#11297=DIRECTION('center_axis',(0.,0.,-1.));
#11298=DIRECTION('ref_axis',(-1.,0.,0.));
#11299=DIRECTION('',(-0.999986580344848,0.00518064959413857,0.));
#11300=DIRECTION('',(-0.996953136986842,0.0780028374618235,0.));
#11301=DIRECTION('',(-0.0780028374618161,-0.996953136986842,0.));
#11302=DIRECTION('',(-0.996953136986842,0.0780028374618235,0.));
#11303=DIRECTION('center_axis',(0.,0.,-1.));
#11304=DIRECTION('ref_axis',(1.,0.,0.));
#11305=DIRECTION('center_axis',(-1.,0.,0.));
#11306=DIRECTION('ref_axis',(0.,1.,0.));
#11307=DIRECTION('',(0.,-1.,0.));
#11308=DIRECTION('',(0.,0.,-1.));
#11309=DIRECTION('center_axis',(-0.866025403784438,0.5,0.));
#11310=DIRECTION('ref_axis',(0.5,0.866025403784438,0.));
#11311=DIRECTION('',(-0.5,-0.866025403784438,0.));
#11312=DIRECTION('',(0.,0.,-1.));
#11313=DIRECTION('',(-0.5,-0.866025403784438,0.));
#11314=DIRECTION('',(0.,0.,-1.));
#11315=DIRECTION('center_axis',(-0.866025403784438,0.5,0.));
#11316=DIRECTION('ref_axis',(-0.5,-0.866025403784439,0.));
#11317=DIRECTION('center_axis',(-0.866025403784438,0.5,0.));
#11318=DIRECTION('ref_axis',(-0.5,-0.866025403784439,0.));
#11319=DIRECTION('center_axis',(0.5,0.866025403784438,0.));
#11320=DIRECTION('ref_axis',(0.866025403784438,-0.5,0.));
#11321=DIRECTION('',(-0.866025403784438,0.5,0.));
#11322=DIRECTION('',(0.,0.,-1.));
#11323=DIRECTION('',(-0.866025403784438,0.5,0.));
#11324=DIRECTION('center_axis',(-0.866025403784439,-0.5,0.));
#11325=DIRECTION('ref_axis',(-0.5,0.866025403784439,0.));
#11326=DIRECTION('',(0.5,-0.866025403784439,0.));
#11327=DIRECTION('',(0.,0.,1.));
#11328=DIRECTION('',(0.5,-0.866025403784439,0.));
#11329=DIRECTION('',(0.,0.,1.));
#11330=DIRECTION('center_axis',(-0.866025403784439,-0.5,0.));
#11331=DIRECTION('ref_axis',(-0.5,0.866025403784438,0.));
#11332=DIRECTION('center_axis',(-0.866025403784439,-0.5,0.));
#11333=DIRECTION('ref_axis',(-0.5,0.866025403784438,0.));
#11334=DIRECTION('center_axis',(0.,0.,-1.));
#11335=DIRECTION('ref_axis',(-1.,0.,0.));
#11336=DIRECTION('',(0.866025403784439,0.5,0.));
#11337=DIRECTION('',(0.866025403784439,0.5,0.));
#11338=DIRECTION('',(-0.5,0.866025403784439,0.));
#11339=DIRECTION('',(0.866025403784439,0.5,0.));
#11340=DIRECTION('',(0.499999999999998,-0.86602540378444,0.));
#11341=DIRECTION('',(0.996953136986842,-0.0780028374618164,0.));
#11342=DIRECTION('',(0.00518064959413778,0.999986580344848,0.));
#11343=DIRECTION('',(0.999986580344848,-0.00518064959413857,0.));
#11344=DIRECTION('center_axis',(0.,0.,-1.));
#11345=DIRECTION('ref_axis',(-1.,0.,0.));
#11346=DIRECTION('',(0.495506716015794,-0.868604106819236,0.));
#11347=DIRECTION('',(0.430924129684222,-0.9023881617441,0.));
#11348=DIRECTION('',(0.902388161744101,0.43092412968422,0.));
#11349=DIRECTION('',(0.430924129684222,-0.9023881617441,0.));
#11350=DIRECTION('center_axis',(0.,0.,-1.));
#11351=DIRECTION('ref_axis',(-0.5,0.866025403784439,0.));
#11352=DIRECTION('center_axis',(0.5,-0.866025403784439,0.));
#11353=DIRECTION('ref_axis',(-0.866025403784439,-0.5,0.));
#11354=DIRECTION('',(0.866025403784439,0.5,0.));
#11355=DIRECTION('',(0.,0.,-1.));
#11356=DIRECTION('center_axis',(0.868604106819236,0.495506716015794,7.99596578298482E-16));
#11357=DIRECTION('ref_axis',(-0.468113431867273,0.820584739287767,0.327887939018));
#11358=DIRECTION('center_axis',(0.868604106819236,0.495506716015794,1.78220756788231E-16));
#11359=DIRECTION('ref_axis',(-0.468113431867273,0.820584739287767,0.327887939018));
#11360=DIRECTION('',(-0.868604106819236,-0.495506716015795,0.));
#11361=DIRECTION('center_axis',(-0.868604106819236,-0.495506716015794,-1.78220756788231E-16));
#11362=DIRECTION('ref_axis',(-0.468113431867273,0.820584739287767,0.327887939018));
#11363=DIRECTION('',(-0.868604106819236,-0.495506716015795,0.));
#11364=DIRECTION('center_axis',(0.868604106819236,0.495506716015795,4.74126763403267E-17));
#11365=DIRECTION('ref_axis',(-0.0385647851748481,0.0676025767134224,-0.996966724101724));
#11366=DIRECTION('center_axis',(0.868604106819236,0.495506716015794,1.78220756788231E-16));
#11367=DIRECTION('ref_axis',(-0.0385647851748481,0.0676025767134224,-0.996966724101724));
#11368=DIRECTION('',(-0.868604106819236,-0.495506716015795,0.));
#11369=DIRECTION('center_axis',(-0.868604106819236,-0.495506716015794,-1.78220756788231E-16));
#11370=DIRECTION('ref_axis',(-0.0385647851748481,0.0676025767134224,-0.996966724101724));
#11371=DIRECTION('',(-0.868604106819236,-0.495506716015795,0.));
#11372=DIRECTION('center_axis',(-0.005180649594138,-0.999986580344848,2.6236762725419E-16));
#11373=DIRECTION('ref_axis',(0.944703946114674,-0.00489424579411025,0.327887939017998));
#11374=DIRECTION('center_axis',(-0.00518064959413857,-0.999986580344848,
1.78220756788231E-16));
#11375=DIRECTION('ref_axis',(0.944703946114674,-0.00489424579411025,0.327887939017998));
#11376=DIRECTION('',(0.00518064959413778,0.999986580344848,0.));
#11377=DIRECTION('center_axis',(0.00518064959413857,0.999986580344848,-1.78220756788231E-16));
#11378=DIRECTION('ref_axis',(0.944703946114674,-0.00489424579411025,0.327887939017998));
#11379=DIRECTION('',(0.00518064959413778,0.999986580344848,0.));
#11380=DIRECTION('center_axis',(-0.863423457225098,0.504479864329053,-9.99495722873104E-17));
#11381=DIRECTION('ref_axis',(-0.476590514247401,-0.815690493493658,0.327887939017998));
#11382=DIRECTION('center_axis',(-0.863423457225097,0.504479864329054,1.78220756788231E-16));
#11383=DIRECTION('ref_axis',(-0.476590514247401,-0.815690493493658,0.327887939017998));
#11384=DIRECTION('',(0.863423457225098,-0.504479864329053,0.));
#11385=DIRECTION('center_axis',(0.863423457225097,-0.504479864329054,-1.78220756788231E-16));
#11386=DIRECTION('ref_axis',(-0.476590514247401,-0.815690493493658,0.327887939017998));
#11387=DIRECTION('',(0.863423457225098,-0.504479864329053,0.));
#11388=DIRECTION('center_axis',(-0.00518064959413774,-0.999986580344848,
3.11145688483394E-17));
#11389=DIRECTION('ref_axis',(0.0778279413825331,-0.000403204703803536,-0.996966724101724));
#11390=DIRECTION('center_axis',(-0.00518064959413857,-0.999986580344848,
1.78220756788231E-16));
#11391=DIRECTION('ref_axis',(0.0778279413825331,-0.000403204703803536,-0.996966724101724));
#11392=DIRECTION('',(0.00518064959413778,0.999986580344848,0.));
#11393=DIRECTION('center_axis',(0.00518064959413857,0.999986580344848,-1.78220756788231E-16));
#11394=DIRECTION('ref_axis',(0.0778279413825331,-0.000403204703803536,-0.996966724101724));
#11395=DIRECTION('',(0.00518064959413778,0.999986580344848,0.));
#11396=DIRECTION('center_axis',(-0.863423457225098,0.504479864329053,0.));
#11397=DIRECTION('ref_axis',(-0.0261213751062573,-0.0447070529399907,-0.998658576881999));
#11398=DIRECTION('center_axis',(-0.863423457225097,0.504479864329054,1.78220756788231E-16));
#11399=DIRECTION('ref_axis',(-0.0261213751062573,-0.0447070529399907,-0.998658576881999));
#11400=DIRECTION('',(0.863423457225098,-0.504479864329053,0.));
#11401=DIRECTION('center_axis',(0.863423457225097,-0.504479864329054,-1.78220756788231E-16));
#11402=DIRECTION('ref_axis',(-0.0261213751062573,-0.0447070529399907,-0.998658576881999));
#11403=DIRECTION('',(0.863423457225098,-0.504479864329053,0.));
#11404=DIRECTION('center_axis',(0.00518064959413778,0.999986580344848,0.));
#11405=DIRECTION('ref_axis',(-0.206597421515905,0.00107032321129466,0.978425449296574));
#11406=DIRECTION('center_axis',(0.00518064959413857,0.999986580344848,-1.78220756788231E-16));
#11407=DIRECTION('ref_axis',(-0.206597421515905,0.00107032321129466,0.978425449296574));
#11408=DIRECTION('',(-0.00518064959413778,-0.999986580344848,0.));
#11409=DIRECTION('center_axis',(-0.00518064959413857,-0.999986580344848,
1.78220756788231E-16));
#11410=DIRECTION('ref_axis',(-0.206597421515905,0.00107032321129466,0.978425449296574));
#11411=DIRECTION('',(-0.00518064959413778,-0.999986580344848,0.));
#11412=DIRECTION('center_axis',(-0.868604106819236,-0.495506716015795,0.));
#11413=DIRECTION('ref_axis',(0.10237178366671,-0.179453776994781,0.978425449296574));
#11414=DIRECTION('center_axis',(-0.868604106819236,-0.495506716015794,-1.78220756788231E-16));
#11415=DIRECTION('ref_axis',(0.10237178366671,-0.179453776994781,0.978425449296574));
#11416=DIRECTION('',(0.868604106819236,0.495506716015795,0.));
#11417=DIRECTION('center_axis',(0.868604106819236,0.495506716015794,1.78220756788231E-16));
#11418=DIRECTION('ref_axis',(0.10237178366671,-0.179453776994781,0.978425449296574));
#11419=DIRECTION('',(0.868604106819236,0.495506716015795,0.));
#11420=DIRECTION('center_axis',(0.863423457225098,-0.504479864329053,0.));
#11421=DIRECTION('ref_axis',(0.104225637849193,0.178383453783487,0.978425449296574));
#11422=DIRECTION('center_axis',(0.863423457225097,-0.504479864329054,-1.78220756788231E-16));
#11423=DIRECTION('ref_axis',(0.104225637849193,0.178383453783487,0.978425449296574));
#11424=DIRECTION('',(-0.863423457225098,0.504479864329053,0.));
#11425=DIRECTION('center_axis',(-0.863423457225097,0.504479864329054,1.78220756788231E-16));
#11426=DIRECTION('ref_axis',(0.104225637849193,0.178383453783487,0.978425449296574));
#11427=DIRECTION('',(-0.863423457225098,0.504479864329053,0.));
#11428=DIRECTION('center_axis',(5.19889030496444E-15,0.,-1.));
#11429=DIRECTION('ref_axis',(-1.,0.,-5.19889030496444E-15));
#11430=DIRECTION('center_axis',(5.19889030496444E-15,0.,-1.));
#11431=DIRECTION('ref_axis',(-1.,0.,0.));
#11432=DIRECTION('',(0.999986580344848,-0.00518064959413857,5.32907051820074E-15));
#11433=DIRECTION('',(-0.999986580344848,0.00518064959413857,-5.32907051820074E-15));
#11434=DIRECTION('center_axis',(-2.59944515248222E-15,-4.15911224397155E-15,
-1.));
#11435=DIRECTION('ref_axis',(-1.,0.,2.59944515248222E-15));
#11436=DIRECTION('center_axis',(-2.59944515248222E-15,-4.15911224397155E-15,
-1.));
#11437=DIRECTION('ref_axis',(-1.,0.,0.));
#11438=DIRECTION('',(-0.504479864329054,-0.863423457225097,5.32907051820074E-15));
#11439=DIRECTION('',(0.504479864329054,0.863423457225097,-5.32907051820074E-15));
#11440=DIRECTION('center_axis',(-3.11933418297866E-15,4.679001274468E-15,
-1.));
#11441=DIRECTION('ref_axis',(-1.,0.,3.11933418297866E-15));
#11442=DIRECTION('center_axis',(-3.11933418297866E-15,4.679001274468E-15,
-1.));
#11443=DIRECTION('ref_axis',(-1.,0.,0.));
#11444=DIRECTION('',(-0.495506716015794,0.868604106819236,5.32907051820075E-15));
#11445=DIRECTION('',(0.495506716015794,-0.868604106819236,-5.32907051820075E-15));
#11446=DIRECTION('center_axis',(0.,0.,-1.));
#11447=DIRECTION('ref_axis',(-1.,0.,0.));
#11448=DIRECTION('center_axis',(0.,0.,-1.));
#11449=DIRECTION('ref_axis',(-1.,0.,0.));
#11450=DIRECTION('',(0.,0.,1.));
#11451=DIRECTION('',(0.,0.,-1.));
#11452=DIRECTION('',(0.,0.,1.));
#11453=DIRECTION('center_axis',(0.,0.,-1.));
#11454=DIRECTION('ref_axis',(-1.,0.,0.));
#11455=DIRECTION('',(0.,0.,-1.));
#11456=DIRECTION('',(0.,0.,1.));
#11457=DIRECTION('',(0.,0.,-1.));
#11458=DIRECTION('',(0.,0.,1.));
#11459=DIRECTION('center_axis',(0.,0.,-1.));
#11460=DIRECTION('ref_axis',(-1.,0.,0.));
#11461=DIRECTION('center_axis',(0.,0.,1.));
#11462=DIRECTION('ref_axis',(0.5,-0.866025403784438,0.));
#11463=DIRECTION('center_axis',(0.,0.,1.));
#11464=DIRECTION('ref_axis',(0.5,0.866025403784439,0.));
#11465=DIRECTION('center_axis',(0.,0.,1.));
#11466=DIRECTION('ref_axis',(-1.,0.,0.));
#11467=DIRECTION('center_axis',(0.,0.,1.));
#11468=DIRECTION('ref_axis',(-1.,0.,0.));
#11469=DIRECTION('center_axis',(0.,0.,1.));
#11470=DIRECTION('ref_axis',(-0.5,-0.866025403784438,0.));
#11471=DIRECTION('center_axis',(0.,0.,1.));
#11472=DIRECTION('ref_axis',(-0.5,0.866025403784439,0.));
#11473=DIRECTION('center_axis',(0.,0.,1.));
#11474=DIRECTION('ref_axis',(1.,0.,0.));
#11475=DIRECTION('center_axis',(0.,0.,1.));
#11476=DIRECTION('ref_axis',(0.824385324282285,-0.566029007302622,0.));
#11477=DIRECTION('',(-0.504479864329054,-0.863423457225097,0.));
#11478=DIRECTION('',(0.824385324282285,-0.566029007302622,0.));
#11479=DIRECTION('',(0.566029007302634,0.824385324282277,0.));
#11480=DIRECTION('center_axis',(-0.824385324282277,0.566029007302634,0.));
#11481=DIRECTION('ref_axis',(0.,0.,1.));
#11482=DIRECTION('',(0.,0.,1.));
#11483=DIRECTION('',(0.566029007302634,0.824385324282277,0.));
#11484=DIRECTION('',(0.,0.,1.));
#11485=DIRECTION('',(0.566029007302634,0.824385324282277,0.));
#11486=DIRECTION('center_axis',(0.824385324282277,-0.566029007302634,-1.78695396136605E-16));
#11487=DIRECTION('ref_axis',(-1.47313862091827E-16,1.01146777684752E-16,
-1.));
#11488=DIRECTION('',(-1.47313862091827E-16,1.01146777684752E-16,-1.));
#11489=DIRECTION('',(-1.47313862091827E-16,1.01146777684752E-16,-1.));
#11490=DIRECTION('',(0.566029007302634,0.824385324282277,0.));
#11491=DIRECTION('center_axis',(0.566029007302634,0.824385324282277,0.));
#11492=DIRECTION('ref_axis',(0.,0.,-1.));
#11493=DIRECTION('',(0.824385324282277,-0.566029007302634,0.));
#11494=DIRECTION('',(-0.824385324282285,0.566029007302622,0.));
#11495=DIRECTION('center_axis',(0.,0.,1.));
#11496=DIRECTION('ref_axis',(0.078002837461816,0.996953136986842,0.));
#11497=DIRECTION('',(0.999986580344848,-0.00518064959413857,0.));
#11498=DIRECTION('',(0.078002837461816,0.996953136986842,0.));
#11499=DIRECTION('',(-0.996953136986842,0.0780028374618235,0.));
#11500=DIRECTION('center_axis',(-0.0780028374618235,-0.996953136986842,
0.));
#11501=DIRECTION('ref_axis',(0.,0.,1.));
#11502=DIRECTION('',(0.,0.,1.));
#11503=DIRECTION('',(0.,0.,1.));
#11504=DIRECTION('',(-0.996953136986842,0.0780028374618235,0.));
#11505=DIRECTION('center_axis',(0.0780028374618235,0.996953136986842,2.70053588653924E-17));
#11506=DIRECTION('ref_axis',(2.10649461817522E-18,2.69230772363084E-17,
-1.));
#11507=DIRECTION('',(-2.10649461817522E-18,-2.69230772363084E-17,1.));
#11508=DIRECTION('',(2.10649461817522E-18,2.69230772363084E-17,-1.));
#11509=DIRECTION('center_axis',(-0.996953136986842,0.0780028374618235,0.));
#11510=DIRECTION('ref_axis',(0.,0.,1.));
#11511=DIRECTION('',(0.0780028374618235,0.996953136986842,0.));
#11512=DIRECTION('center_axis',(0.,0.,-1.));
#11513=DIRECTION('ref_axis',(-1.,0.,0.));
#11514=DIRECTION('',(-0.504479864329054,-0.863423457225097,0.));
#11515=DIRECTION('',(-0.863423457225098,0.504479864329053,0.));
#11516=DIRECTION('',(0.504479864329054,0.863423457225097,0.));
#11517=DIRECTION('',(-1.,2.69775012886003E-15,0.));
#11518=DIRECTION('',(-7.69185074553426E-16,-1.,0.));
#11519=DIRECTION('',(1.,0.,0.));
#11520=DIRECTION('',(0.,-1.,0.));
#11521=DIRECTION('',(0.999986580344848,-0.00518064959413857,0.));
#11522=DIRECTION('',(-0.00518064959413769,-0.999986580344848,0.));
#11523=DIRECTION('',(-0.996953136986842,0.0780028374618164,0.));
#11524=DIRECTION('',(0.499999999999998,-0.86602540378444,0.));
#11525=DIRECTION('',(0.866025403784439,0.5,0.));
#11526=DIRECTION('',(-0.5,0.866025403784439,0.));
#11527=DIRECTION('',(0.866025403784439,0.5,0.));
#11528=DIRECTION('',(0.430924129684222,-0.9023881617441,0.));
#11529=DIRECTION('',(-0.9023881617441,-0.430924129684222,0.));
#11530=DIRECTION('',(-0.495506716015794,0.868604106819236,0.));
#11531=DIRECTION('',(0.868604106819236,0.495506716015795,0.));
#11532=DIRECTION('',(0.43092412968422,-0.902388161744101,0.));
#11533=DIRECTION('',(0.500000000000003,0.866025403784437,0.));
#11534=DIRECTION('',(-0.866025403784439,0.5,0.));
#11535=DIRECTION('',(0.5,0.866025403784438,0.));
#11536=DIRECTION('',(-0.866025403784439,0.5,0.));
#11537=DIRECTION('center_axis',(0.,0.,-1.));
#11538=DIRECTION('ref_axis',(-1.,0.,0.));
#11539=DIRECTION('center_axis',(0.,0.,-1.));
#11540=DIRECTION('ref_axis',(-1.,0.,0.));
#11541=DIRECTION('center_axis',(0.,0.,-1.));
#11542=DIRECTION('ref_axis',(0.5,0.866025403784439,0.));
#11543=DIRECTION('center_axis',(0.,0.,-1.));
#11544=DIRECTION('ref_axis',(0.5,-0.866025403784438,0.));
#11545=DIRECTION('center_axis',(0.,0.,1.));
#11546=DIRECTION('ref_axis',(-0.902388161744101,-0.43092412968422,0.));
#11547=DIRECTION('',(-0.495506716015794,0.868604106819236,0.));
#11548=DIRECTION('',(-0.902388161744101,-0.43092412968422,0.));
#11549=DIRECTION('',(0.430924129684222,-0.9023881617441,0.));
#11550=DIRECTION('center_axis',(0.9023881617441,0.430924129684222,0.));
#11551=DIRECTION('ref_axis',(0.,0.,1.));
#11552=DIRECTION('',(0.,0.,1.));
#11553=DIRECTION('',(0.,0.,1.));
#11554=DIRECTION('center_axis',(-0.9023881617441,-0.430924129684222,-1.78695396136605E-16));
#11555=DIRECTION('ref_axis',(1.61252610031845E-16,7.70041580587436E-17,
-1.));
#11556=DIRECTION('',(1.61252610031845E-16,7.70041580587436E-17,-1.));
#11557=DIRECTION('',(1.61252610031845E-16,7.70041580587436E-17,-1.));
#11558=DIRECTION('center_axis',(0.430924129684222,-0.9023881617441,0.));
#11559=DIRECTION('ref_axis',(0.,0.,-1.));
#11560=DIRECTION('center_axis',(-0.0780028374618161,-0.996953136986842,
0.));
#11561=DIRECTION('ref_axis',(-0.996953136986842,0.0780028374618161,0.));
#11562=DIRECTION('',(5.19678381034627E-15,-4.0660274574971E-16,-1.));
#11563=DIRECTION('',(0.,0.,-1.));
#11564=DIRECTION('',(-0.996953136986842,0.0780028374618164,0.));
#11565=DIRECTION('center_axis',(0.,0.,-1.));
#11566=DIRECTION('ref_axis',(-1.,0.,0.));
#11567=DIRECTION('',(-0.866025403784438,0.5,0.));
#11568=DIRECTION('',(0.500000000000003,0.866025403784437,0.));
#11569=DIRECTION('',(-0.43092412968422,0.902388161744101,0.));
#11570=DIRECTION('',(-0.868604106819236,-0.495506716015795,0.));
#11571=DIRECTION('',(-0.495506716015794,0.868604106819236,0.));
#11572=DIRECTION('',(0.504479864329054,0.863423457225097,0.));
#11573=DIRECTION('',(-0.866025403784439,0.5,0.));
#11574=DIRECTION('',(0.5,0.866025403784438,0.));
#11575=DIRECTION('center_axis',(0.,0.,-1.));
#11576=DIRECTION('ref_axis',(-0.5,-0.866025403784438,0.));
#11577=DIRECTION('center_axis',(0.902388161744101,0.43092412968422,0.));
#11578=DIRECTION('ref_axis',(0.43092412968422,-0.902388161744101,0.));
#11579=DIRECTION('',(2.42480492571792E-15,-5.07772739741932E-15,1.));
#11580=DIRECTION('',(0.,0.,-1.));
#11581=DIRECTION('center_axis',(0.999986580344848,-0.00518064959413778,
5.24095102666416E-15));
#11582=DIRECTION('ref_axis',(-0.00518064959413778,-0.999986580344848,0.));
#11583=DIRECTION('',(0.00518064959413778,0.999986580344848,0.));
#11584=DIRECTION('',(-5.23995739561739E-15,2.05369895936321E-16,1.));
#11585=DIRECTION('',(-0.00518064959413778,-0.999986580344848,0.));
#11586=DIRECTION('',(5.23995739561739E-15,-2.05369895936321E-16,-1.));
#11587=DIRECTION('center_axis',(5.24102135936345E-15,0.,-1.));
#11588=DIRECTION('ref_axis',(-1.,0.,-5.24102135936345E-15));
#11589=DIRECTION('',(-0.999986580344848,0.00518064959413857,-5.24095102666416E-15));
#11590=DIRECTION('',(0.999986580344848,-0.00518064959413857,5.24095102666416E-15));
#11591=DIRECTION('',(0.00518064959413769,0.999986580344848,2.71518951782532E-17));
#11592=DIRECTION('center_axis',(0.00518064959413857,0.999986580344848,-1.78220756788231E-16));
#11593=DIRECTION('ref_axis',(-0.999986580344848,0.00518064959413857,-7.88860905221012E-31));
#11594=DIRECTION('',(-5.60854933640564E-15,2.07279467250557E-16,1.));
#11595=DIRECTION('center_axis',(0.00518064959413857,0.999986580344848,5.55104062907503E-17));
#11596=DIRECTION('ref_axis',(-0.999986580344848,0.00518064959413857,-7.88860905221012E-31));
#11597=DIRECTION('center_axis',(-0.00518064959413857,-0.999986580344848,
-5.55104062907503E-17));
#11598=DIRECTION('ref_axis',(-0.999986580344848,0.00518064959413857,-7.88860905221012E-31));
#11599=DIRECTION('center_axis',(-0.00518064959413857,-0.999986580344848,
-5.55104062907503E-17));
#11600=DIRECTION('ref_axis',(-0.999986580344848,0.00518064959413857,-7.88860905221012E-31));
#11601=DIRECTION('center_axis',(-0.495506716015795,0.868604106819236,5.5249514187899E-15));
#11602=DIRECTION('ref_axis',(0.868604106819236,0.495506716015795,0.));
#11603=DIRECTION('',(-0.868604106819236,-0.495506716015795,0.));
#11604=DIRECTION('',(2.5828472524047E-15,-4.88730507425966E-15,1.));
#11605=DIRECTION('',(0.868604106819236,0.495506716015795,0.));
#11606=DIRECTION('',(-2.5828472524047E-15,4.88730507425966E-15,-1.));
#11607=DIRECTION('center_axis',(-3.49401423957563E-15,4.36751779946954E-15,
-1.));
#11608=DIRECTION('ref_axis',(-1.,0.,3.49401423957563E-15));
#11609=DIRECTION('',(0.495506716015794,-0.868604106819236,-5.5249514187899E-15));
#11610=DIRECTION('',(-0.495506716015794,0.868604106819236,5.5249514187899E-15));
#11611=DIRECTION('',(-0.868604106819236,-0.495506716015795,8.707807158246E-16));
#11612=DIRECTION('center_axis',(-0.868604106819236,-0.495506716015794,-1.78220756788231E-16));
#11613=DIRECTION('ref_axis',(0.495506716015794,-0.868604106819236,-7.88860905221012E-31));
#11614=DIRECTION('',(2.62476538388093E-15,-4.96078593733092E-15,1.));
#11615=DIRECTION('center_axis',(-0.868604106819236,-0.495506716015794,5.55104062907503E-17));
#11616=DIRECTION('ref_axis',(0.495506716015794,-0.868604106819236,-7.88860905221012E-31));
#11617=DIRECTION('center_axis',(0.868604106819236,0.495506716015794,-5.55104062907503E-17));
#11618=DIRECTION('ref_axis',(0.495506716015794,-0.868604106819236,-7.88860905221012E-31));
#11619=DIRECTION('center_axis',(0.868604106819236,0.495506716015794,-5.55104062907503E-17));
#11620=DIRECTION('ref_axis',(0.495506716015794,-0.868604106819236,-7.88860905221012E-31));
#11621=DIRECTION('center_axis',(0.495506716015795,-0.868604106819236,-5.61204199642838E-15));
#11622=DIRECTION('ref_axis',(0.,6.46098947998216E-15,-1.));
#11623=DIRECTION('',(-2.62476538388093E-15,4.96078593733092E-15,-1.));
#11624=DIRECTION('center_axis',(0.0780028374618165,0.996953136986842,7.70494077389382E-14));
#11625=DIRECTION('ref_axis',(6.01007242838959E-15,7.68146487483127E-14,
-1.));
#11626=DIRECTION('',(-4.67314285379943E-14,8.09412085380808E-14,-1.));
#11627=DIRECTION('',(-6.01007242838959E-15,-7.68146487483127E-14,1.));
#11628=DIRECTION('',(-0.996953136986842,0.0780028374618164,0.));
#11629=DIRECTION('center_axis',(-3.02770442660401E-17,-3.8697046468975E-16,
1.));
#11630=DIRECTION('ref_axis',(0.0780028374618161,0.996953136986842,3.8815311405641E-16));
#11631=DIRECTION('',(-0.499999999999998,0.86602540378444,3.19987730802573E-16));
#11632=DIRECTION('',(-0.00518064959413778,-0.999986580344848,2.07608118856452E-33));
#11633=DIRECTION('center_axis',(0.868604106819236,0.495506716015794,1.78220756788231E-16));
#11634=DIRECTION('ref_axis',(-0.495506716015794,0.868604106819236,0.));
#11635=DIRECTION('center_axis',(0.902388161744101,0.43092412968422,0.));
#11636=DIRECTION('ref_axis',(-0.43092412968422,0.902388161744101,0.));
#11637=DIRECTION('center_axis',(0.902388161744101,0.43092412968422,0.));
#11638=DIRECTION('ref_axis',(-0.43092412968422,0.902388161744101,0.));
#11639=DIRECTION('center_axis',(0.902388161744101,0.43092412968422,0.));
#11640=DIRECTION('ref_axis',(-0.43092412968422,0.902388161744101,0.));
#11641=DIRECTION('center_axis',(0.868604106819236,0.495506716015794,1.78220756788231E-16));
#11642=DIRECTION('ref_axis',(-0.495506716015794,0.868604106819236,0.));
#11643=DIRECTION('center_axis',(0.902388161744101,0.43092412968422,0.));
#11644=DIRECTION('ref_axis',(-0.43092412968422,0.902388161744101,0.));
#11645=DIRECTION('center_axis',(0.902388161744101,0.43092412968422,0.));
#11646=DIRECTION('ref_axis',(-0.43092412968422,0.902388161744101,0.));
#11647=DIRECTION('center_axis',(0.902388161744101,0.43092412968422,0.));
#11648=DIRECTION('ref_axis',(-0.43092412968422,0.902388161744101,0.));
#11649=DIRECTION('center_axis',(-0.868604106819236,-0.495506716015794,-1.78220756788231E-16));
#11650=DIRECTION('ref_axis',(0.495506716015794,-0.868604106819236,-7.88860905221012E-31));
#11651=DIRECTION('center_axis',(-0.868604106819236,-0.495506716015794,-1.78220756788231E-16));
#11652=DIRECTION('ref_axis',(0.495506716015794,-0.868604106819236,-7.88860905221012E-31));
#11653=DIRECTION('center_axis',(-0.868604106819236,-0.495506716015795,0.));
#11654=DIRECTION('ref_axis',(-0.495506716015795,0.868604106819236,5.45153519811549E-15));
#11655=DIRECTION('center_axis',(0.868604106819236,0.495506716015794,-5.55104062907503E-17));
#11656=DIRECTION('ref_axis',(0.495506716015794,-0.868604106819236,-7.88860905221012E-31));
#11657=DIRECTION('center_axis',(-0.868604106819236,-0.495506716015795,0.));
#11658=DIRECTION('ref_axis',(0.495506716015795,-0.868604106819236,-7.88860905221012E-31));
#11659=DIRECTION('center_axis',(0.868604106819236,0.495506716015794,-5.55104062907503E-17));
#11660=DIRECTION('ref_axis',(0.495506716015794,-0.868604106819236,-7.88860905221012E-31));
#11661=DIRECTION('center_axis',(-0.868604106819236,-0.495506716015795,0.));
#11662=DIRECTION('ref_axis',(-0.415387224494971,0.728157737230497,0.545196995074006));
#11663=DIRECTION('center_axis',(-0.868604106819236,-0.495506716015794,5.55104062907503E-17));
#11664=DIRECTION('ref_axis',(0.495506716015794,-0.868604106819236,-7.88860905221012E-31));
#11665=DIRECTION('center_axis',(-0.868604106819236,-0.495506716015794,-1.78220756788231E-16));
#11666=DIRECTION('ref_axis',(0.495506716015794,-0.868604106819236,-7.88860905221012E-31));
#11667=DIRECTION('center_axis',(-0.00518064959413857,-0.999986580344848,
1.78220756788231E-16));
#11668=DIRECTION('ref_axis',(0.999986580344848,-0.00518064959413857,0.));
#11669=DIRECTION('center_axis',(0.0780028374618161,0.996953136986842,0.));
#11670=DIRECTION('ref_axis',(0.996953136986842,-0.0780028374618161,0.));
#11671=DIRECTION('center_axis',(0.0780028374618161,0.996953136986842,0.));
#11672=DIRECTION('ref_axis',(0.996953136986842,-0.0780028374618161,0.));
#11673=DIRECTION('center_axis',(0.0780028374618161,0.996953136986842,0.));
#11674=DIRECTION('ref_axis',(0.996953136986842,-0.0780028374618161,0.));
#11675=DIRECTION('center_axis',(-0.00518064959413857,-0.999986580344848,
1.78220756788231E-16));
#11676=DIRECTION('ref_axis',(0.999986580344848,-0.00518064959413857,0.));
#11677=DIRECTION('center_axis',(0.0780028374618161,0.996953136986842,0.));
#11678=DIRECTION('ref_axis',(0.996953136986842,-0.0780028374618161,0.));
#11679=DIRECTION('center_axis',(0.0780028374618161,0.996953136986842,0.));
#11680=DIRECTION('ref_axis',(0.996953136986842,-0.0780028374618161,0.));
#11681=DIRECTION('center_axis',(0.0780028374618161,0.996953136986842,0.));
#11682=DIRECTION('ref_axis',(0.996953136986842,-0.0780028374618161,0.));
#11683=DIRECTION('center_axis',(-0.999986580344848,0.00518064959413769,
-5.61204199642838E-15));
#11684=DIRECTION('ref_axis',(-5.61211730910734E-15,0.,1.));
#11685=DIRECTION('',(5.60854933640564E-15,-2.07279467250557E-16,-1.));
#11686=DIRECTION('center_axis',(0.00518064959413857,0.999986580344848,-1.78220756788231E-16));
#11687=DIRECTION('ref_axis',(-0.999986580344848,0.00518064959413857,-7.88860905221012E-31));
#11688=DIRECTION('center_axis',(0.00518064959413778,0.999986580344848,0.));
#11689=DIRECTION('ref_axis',(0.999986580344848,-0.00518064959413778,5.45153519811549E-15));
#11690=DIRECTION('center_axis',(-0.00518064959413857,-0.999986580344848,
-5.55104062907503E-17));
#11691=DIRECTION('ref_axis',(-0.999986580344848,0.00518064959413857,-7.88860905221012E-31));
#11692=DIRECTION('center_axis',(0.00518064959413778,0.999986580344848,0.));
#11693=DIRECTION('ref_axis',(-0.999986580344848,0.00518064959413778,-7.88860905221012E-31));
#11694=DIRECTION('center_axis',(-0.00518064959413857,-0.999986580344848,
-5.55104062907503E-17));
#11695=DIRECTION('ref_axis',(-0.999986580344848,0.00518064959413857,-7.88860905221012E-31));
#11696=DIRECTION('center_axis',(0.00518064959413778,0.999986580344848,0.));
#11697=DIRECTION('ref_axis',(0.83829671065129,-0.00434297979509382,0.545196995074008));
#11698=DIRECTION('center_axis',(0.00518064959413857,0.999986580344848,5.55104062907503E-17));
#11699=DIRECTION('ref_axis',(-0.999986580344848,0.00518064959413857,-7.88860905221012E-31));
#11700=DIRECTION('center_axis',(0.00518064959413857,0.999986580344848,-1.78220756788231E-16));
#11701=DIRECTION('ref_axis',(-0.999986580344848,0.00518064959413857,-7.88860905221012E-31));
#11702=DIRECTION('center_axis',(0.00518064959413857,0.999986580344848,-1.78220756788231E-16));
#11703=DIRECTION('ref_axis',(-0.999986580344848,0.00518064959413857,-7.88860905221012E-31));
#11704=DIRECTION('center_axis',(2.69775012886003E-15,1.,0.));
#11705=DIRECTION('ref_axis',(1.,-2.69775012886003E-15,0.));
#11706=DIRECTION('',(2.06411761571782E-16,-5.56847356378501E-31,1.));
#11707=DIRECTION('',(0.,0.,1.));
#11708=DIRECTION('center_axis',(2.69775012886003E-15,1.,0.));
#11709=DIRECTION('ref_axis',(1.,0.,0.));
#11710=DIRECTION('center_axis',(2.69775012886003E-15,1.,0.));
#11711=DIRECTION('ref_axis',(1.,0.,0.));
#11712=DIRECTION('center_axis',(0.863423457225097,-0.504479864329054,-1.78220756788231E-16));
#11713=DIRECTION('ref_axis',(0.504479864329054,0.863423457225097,-7.88860905221012E-31));
#11714=DIRECTION('',(-0.504479864329054,-0.863423457225097,6.28788061103706E-15));
#11715=DIRECTION('',(3.32598913954863E-15,5.33919483259513E-15,1.));
#11716=DIRECTION('center_axis',(0.863423457225097,-0.504479864329054,5.55104062907503E-17));
#11717=DIRECTION('ref_axis',(0.504479864329054,0.863423457225097,-7.88860905221012E-31));
#11718=DIRECTION('center_axis',(-0.863423457225097,0.504479864329054,-5.55104062907503E-17));
#11719=DIRECTION('ref_axis',(0.504479864329054,0.863423457225097,-7.88860905221012E-31));
#11720=DIRECTION('center_axis',(-0.863423457225097,0.504479864329054,-5.55104062907503E-17));
#11721=DIRECTION('ref_axis',(0.504479864329054,0.863423457225097,-7.88860905221012E-31));
#11722=DIRECTION('center_axis',(-0.504479864329053,-0.863423457225098,6.28788061103706E-15));
#11723=DIRECTION('ref_axis',(-0.863423457225098,0.504479864329053,0.));
#11724=DIRECTION('',(0.863423457225098,-0.504479864329053,0.));
#11725=DIRECTION('',(-0.863423457225098,0.504479864329053,0.));
#11726=DIRECTION('',(-3.32598913954863E-15,-5.33919483259513E-15,-1.));
#11727=DIRECTION('center_axis',(-3.49401423957563E-15,-5.24102135936345E-15,
-1.));
#11728=DIRECTION('ref_axis',(-1.,0.,3.49401423957563E-15));
#11729=DIRECTION('',(0.504479864329054,0.863423457225097,-6.28788061103706E-15));
#11730=DIRECTION('center_axis',(0.863423457225097,-0.504479864329054,-1.78220756788231E-16));
#11731=DIRECTION('ref_axis',(0.504479864329054,0.863423457225097,-7.88860905221012E-31));
#11732=DIRECTION('center_axis',(0.863423457225097,-0.504479864329054,5.55104062907503E-17));
#11733=DIRECTION('ref_axis',(0.504479864329054,0.863423457225097,-7.88860905221012E-31));
#11734=DIRECTION('center_axis',(-0.863423457225097,0.504479864329054,-5.55104062907503E-17));
#11735=DIRECTION('ref_axis',(0.504479864329054,0.863423457225097,-7.88860905221012E-31));
#11736=DIRECTION('center_axis',(-0.863423457225097,0.504479864329054,-5.55104062907503E-17));
#11737=DIRECTION('ref_axis',(0.504479864329054,0.863423457225097,-7.88860905221012E-31));
#11738=DIRECTION('center_axis',(-0.863423457225097,0.504479864329054,1.78220756788231E-16));
#11739=DIRECTION('ref_axis',(-0.504479864329054,-0.863423457225097,0.));
#11740=DIRECTION('center_axis',(-0.824385324282285,0.566029007302622,0.));
#11741=DIRECTION('ref_axis',(-0.566029007302622,-0.824385324282285,0.));
#11742=DIRECTION('center_axis',(-0.824385324282285,0.566029007302622,0.));
#11743=DIRECTION('ref_axis',(-0.566029007302622,-0.824385324282285,0.));
#11744=DIRECTION('center_axis',(-0.824385324282285,0.566029007302622,0.));
#11745=DIRECTION('ref_axis',(-0.566029007302622,-0.824385324282285,0.));
#11746=DIRECTION('center_axis',(-0.863423457225097,0.504479864329054,1.78220756788231E-16));
#11747=DIRECTION('ref_axis',(-0.504479864329054,-0.863423457225097,0.));
#11748=DIRECTION('center_axis',(-0.824385324282285,0.566029007302622,0.));
#11749=DIRECTION('ref_axis',(-0.566029007302622,-0.824385324282285,0.));
#11750=DIRECTION('center_axis',(-0.824385324282285,0.566029007302622,0.));
#11751=DIRECTION('ref_axis',(-0.566029007302622,-0.824385324282285,0.));
#11752=DIRECTION('center_axis',(-0.824385324282285,0.566029007302622,0.));
#11753=DIRECTION('ref_axis',(-0.566029007302622,-0.824385324282285,0.));
#11754=DIRECTION('center_axis',(0.863423457225097,-0.504479864329054,-1.78220756788231E-16));
#11755=DIRECTION('ref_axis',(0.504479864329054,0.863423457225097,-7.88860905221012E-31));
#11756=DIRECTION('center_axis',(0.863423457225097,-0.504479864329054,-1.78220756788231E-16));
#11757=DIRECTION('ref_axis',(0.504479864329054,0.863423457225097,-7.88860905221012E-31));
#11758=DIRECTION('center_axis',(0.863423457225098,-0.504479864329053,0.));
#11759=DIRECTION('ref_axis',(-0.504479864329053,-0.863423457225098,5.45153519811549E-15));
#11760=DIRECTION('center_axis',(0.863423457225098,-0.504479864329053,0.));
#11761=DIRECTION('ref_axis',(0.504479864329053,0.863423457225098,-7.88860905221012E-31));
#11762=DIRECTION('center_axis',(0.863423457225098,-0.504479864329053,0.));
#11763=DIRECTION('ref_axis',(-0.422909486156319,-0.723814757435403,0.545196995074007));
#11764=DIRECTION('center_axis',(-0.866025403784438,-0.5,0.));
#11765=DIRECTION('ref_axis',(-0.5,0.866025403784438,0.));
#11766=DIRECTION('center_axis',(-0.86602540378444,-0.499999999999998,0.));
#11767=DIRECTION('ref_axis',(-0.5,0.866025403784438,0.));
#11768=DIRECTION('',(-0.866025403784438,-0.5,0.));
#11769=DIRECTION('center_axis',(0.866025403784439,0.5,0.));
#11770=DIRECTION('ref_axis',(-0.5,0.866025403784438,0.));
#11771=DIRECTION('center_axis',(-0.866025403784438,-0.5,0.));
#11772=DIRECTION('ref_axis',(-0.5,0.866025403784438,0.));
#11773=DIRECTION('',(-0.866025403784438,-0.5,0.));
#11774=DIRECTION('center_axis',(-0.866025403784438,-0.5,0.));
#11775=DIRECTION('ref_axis',(-0.5,0.866025403784438,0.));
#11776=DIRECTION('center_axis',(-0.86602540378444,-0.499999999999998,0.));
#11777=DIRECTION('ref_axis',(-0.5,0.866025403784438,0.));
#11778=DIRECTION('',(-0.866025403784438,-0.5,0.));
#11779=DIRECTION('center_axis',(0.866025403784439,0.5,0.));
#11780=DIRECTION('ref_axis',(-0.5,0.866025403784438,0.));
#11781=DIRECTION('center_axis',(-0.866025403784438,-0.5,0.));
#11782=DIRECTION('ref_axis',(-0.5,0.866025403784438,0.));
#11783=DIRECTION('',(-0.866025403784438,-0.5,0.));
#11784=DIRECTION('center_axis',(0.866025403784439,-0.5,0.));
#11785=DIRECTION('ref_axis',(-0.5,-0.866025403784439,0.));
#11786=DIRECTION('center_axis',(0.866025403784437,-0.500000000000003,0.));
#11787=DIRECTION('ref_axis',(-0.5,-0.866025403784439,0.));
#11788=DIRECTION('',(0.866025403784439,-0.5,0.));
#11789=DIRECTION('center_axis',(0.866025403784439,-0.5,0.));
#11790=DIRECTION('ref_axis',(-0.5,-0.866025403784439,0.));
#11791=DIRECTION('center_axis',(0.866025403784438,-0.5,0.));
#11792=DIRECTION('ref_axis',(-0.5,-0.866025403784439,0.));
#11793=DIRECTION('',(0.866025403784439,-0.5,0.));
#11794=DIRECTION('center_axis',(0.866025403784439,-0.5,0.));
#11795=DIRECTION('ref_axis',(-0.5,-0.866025403784439,0.));
#11796=DIRECTION('center_axis',(0.866025403784437,-0.500000000000003,0.));
#11797=DIRECTION('ref_axis',(-0.5,-0.866025403784439,0.));
#11798=DIRECTION('',(0.866025403784439,-0.5,0.));
#11799=DIRECTION('center_axis',(0.866025403784439,-0.5,0.));
#11800=DIRECTION('ref_axis',(-0.5,-0.866025403784439,0.));
#11801=DIRECTION('center_axis',(0.866025403784438,-0.5,0.));
#11802=DIRECTION('ref_axis',(-0.5,-0.866025403784439,0.));
#11803=DIRECTION('',(0.866025403784439,-0.5,0.));
#11804=DIRECTION('center_axis',(0.,-1.,0.));
#11805=DIRECTION('ref_axis',(-1.,0.,0.));
#11806=DIRECTION('',(0.,0.,1.));
#11807=DIRECTION('center_axis',(0.,-1.,0.));
#11808=DIRECTION('ref_axis',(1.,0.,0.));
#11809=DIRECTION('center_axis',(0.,-1.,0.));
#11810=DIRECTION('ref_axis',(1.,0.,0.));
#11811=DIRECTION('center_axis',(1.,-7.69185074553426E-16,0.));
#11812=DIRECTION('ref_axis',(7.69185074553426E-16,1.,0.));
#11813=DIRECTION('center_axis',(-0.5,-0.866025403784439,0.));
#11814=DIRECTION('ref_axis',(0.866025403784439,-0.5,0.));
#11815=DIRECTION('',(0.,0.,-1.));
#11816=DIRECTION('center_axis',(0.866025403784438,-0.5,0.));
#11817=DIRECTION('ref_axis',(-0.5,-0.866025403784438,0.));
#11818=DIRECTION('center_axis',(-0.5,-0.866025403784439,0.));
#11819=DIRECTION('ref_axis',(0.866025403784439,-0.5,0.));
#11820=DIRECTION('',(0.,0.,1.));
#11821=DIRECTION('center_axis',(0.866025403784437,-0.500000000000003,0.));
#11822=DIRECTION('ref_axis',(-0.500000000000003,-0.866025403784437,0.));
#11823=DIRECTION('center_axis',(-0.86602540378444,-0.499999999999998,0.));
#11824=DIRECTION('ref_axis',(-0.499999999999998,0.86602540378444,0.));
#11825=DIRECTION('',(0.,0.,1.));
#11826=DIRECTION('center_axis',(0.866025403784439,0.5,0.));
#11827=DIRECTION('ref_axis',(0.5,-0.866025403784439,0.));
#11828=DIRECTION('',(0.,0.,1.));
#11829=DIRECTION('center_axis',(-0.5,0.866025403784439,0.));
#11830=DIRECTION('ref_axis',(-0.866025403784439,-0.5,0.));
#11831=DIRECTION('center_axis',(0.,1.,0.));
#11832=DIRECTION('ref_axis',(1.,0.,0.));
#11833=DIRECTION('',(0.,1.,0.));
#11834=DIRECTION('center_axis',(0.,1.,0.));
#11835=DIRECTION('ref_axis',(1.,0.,0.));
#11836=DIRECTION('',(0.,1.,0.));
#11837=DIRECTION('center_axis',(0.,1.,0.));
#11838=DIRECTION('ref_axis',(1.,0.,0.));
#11839=DIRECTION('',(0.,1.,0.));
#11840=DIRECTION('center_axis',(0.,1.,0.));
#11841=DIRECTION('ref_axis',(1.,0.,0.));
#11842=DIRECTION('',(0.,1.,0.));
#11843=DIRECTION('center_axis',(1.,-7.69185074553426E-16,0.));
#11844=DIRECTION('ref_axis',(7.69185074553426E-16,1.,0.));
#11845=DIRECTION('center_axis',(-0.5,0.866025403784439,0.));
#11846=DIRECTION('ref_axis',(-0.866025403784439,-0.5,0.));
#11847=DIRECTION('center_axis',(0.,0.,-1.));
#11848=DIRECTION('ref_axis',(0.5,-0.866025403784438,0.));
#11849=DIRECTION('',(0.,0.,-1.));
#11850=DIRECTION('center_axis',(0.,0.,-1.));
#11851=DIRECTION('ref_axis',(0.5,0.866025403784439,0.));
#11852=DIRECTION('',(0.,0.,-1.));
#11853=DIRECTION('center_axis',(0.,0.,-1.));
#11854=DIRECTION('ref_axis',(-1.,0.,0.));
#11855=DIRECTION('',(0.,0.,-1.));
#11856=DIRECTION('center_axis',(0.,0.,-1.));
#11857=DIRECTION('ref_axis',(-1.,0.,0.));
#11858=DIRECTION('',(0.,0.,-1.));
#11859=DIRECTION('center_axis',(0.,0.,1.));
#11860=DIRECTION('ref_axis',(-0.5,-0.866025403784438,0.));
#11861=DIRECTION('',(0.,0.,1.));
#11862=DIRECTION('center_axis',(0.,0.,1.));
#11863=DIRECTION('ref_axis',(-0.5,0.866025403784439,0.));
#11864=DIRECTION('',(0.,0.,1.));
#11865=DIRECTION('center_axis',(0.,0.,1.));
#11866=DIRECTION('ref_axis',(1.,0.,0.));
#11867=DIRECTION('',(0.,0.,1.));
#11868=DIRECTION('center_axis',(0.,0.,-1.));
#11869=DIRECTION('ref_axis',(0.5,-0.866025403784438,0.));
#11870=DIRECTION('center_axis',(0.,0.,-1.));
#11871=DIRECTION('ref_axis',(0.5,-0.866025403784438,0.));
#11872=DIRECTION('',(0.,0.,-1.));
#11873=DIRECTION('center_axis',(0.,0.,1.));
#11874=DIRECTION('ref_axis',(0.5,-0.866025403784438,0.));
#11875=DIRECTION('center_axis',(0.,0.,-1.));
#11876=DIRECTION('ref_axis',(0.5,0.866025403784439,0.));
#11877=DIRECTION('center_axis',(0.,0.,-1.));
#11878=DIRECTION('ref_axis',(0.5,0.866025403784439,0.));
#11879=DIRECTION('',(0.,0.,-1.));
#11880=DIRECTION('center_axis',(0.,0.,1.));
#11881=DIRECTION('ref_axis',(0.5,0.866025403784439,0.));
#11882=DIRECTION('center_axis',(0.,0.,-1.));
#11883=DIRECTION('ref_axis',(-1.,0.,0.));
#11884=DIRECTION('center_axis',(0.,0.,-1.));
#11885=DIRECTION('ref_axis',(-1.,0.,0.));
#11886=DIRECTION('',(0.,0.,-1.));
#11887=DIRECTION('center_axis',(0.,0.,1.));
#11888=DIRECTION('ref_axis',(-1.,0.,0.));
#11889=DIRECTION('center_axis',(0.,0.,-1.));
#11890=DIRECTION('ref_axis',(-1.,0.,0.));
#11891=DIRECTION('center_axis',(0.,0.,-1.));
#11892=DIRECTION('ref_axis',(-1.,0.,0.));
#11893=DIRECTION('',(0.,0.,-1.));
#11894=DIRECTION('center_axis',(0.,0.,1.));
#11895=DIRECTION('ref_axis',(-1.,0.,0.));
#11896=DIRECTION('center_axis',(0.,0.,-1.));
#11897=DIRECTION('ref_axis',(0.5,0.866025403784438,0.));
#11898=DIRECTION('center_axis',(0.,0.,-1.));
#11899=DIRECTION('ref_axis',(0.5,0.866025403784438,0.));
#11900=DIRECTION('',(0.,0.,1.));
#11901=DIRECTION('center_axis',(0.,0.,-1.));
#11902=DIRECTION('ref_axis',(0.5,0.866025403784438,0.));
#11903=DIRECTION('',(0.,0.,-1.));
#11904=DIRECTION('center_axis',(0.,0.,1.));
#11905=DIRECTION('ref_axis',(0.5,0.866025403784438,0.));
#11906=DIRECTION('center_axis',(0.,0.,-1.));
#11907=DIRECTION('ref_axis',(1.,0.,0.));
#11908=DIRECTION('center_axis',(0.,0.,1.));
#11909=DIRECTION('ref_axis',(1.,0.,0.));
#11910=DIRECTION('center_axis',(0.,0.,1.));
#11911=DIRECTION('ref_axis',(1.,0.,0.));
#11912=DIRECTION('center_axis',(0.,0.,-1.));
#11913=DIRECTION('ref_axis',(-1.,0.,0.));
#11914=DIRECTION('center_axis',(0.,0.,1.));
#11915=DIRECTION('ref_axis',(1.,0.,0.));
#11916=DIRECTION('center_axis',(0.,0.,-1.));
#11917=DIRECTION('ref_axis',(0.5,-0.866025403784439,0.));
#11918=DIRECTION('center_axis',(0.,0.,1.));
#11919=DIRECTION('ref_axis',(1.,0.,0.));
#11920=DIRECTION('center_axis',(0.,0.,1.));
#11921=DIRECTION('ref_axis',(1.,0.,0.));
#11922=DIRECTION('center_axis',(0.,0.,-1.));
#11923=DIRECTION('ref_axis',(1.,0.,0.));
#11924=DIRECTION('center_axis',(0.,0.,-1.));
#11925=DIRECTION('ref_axis',(-0.5,0.866025403784439,0.));
#11926=DIRECTION('center_axis',(0.,0.,-1.));
#11927=DIRECTION('ref_axis',(-0.5,-0.866025403784438,0.));
#11928=DIRECTION('center_axis',(0.,0.,-1.));
#11929=DIRECTION('ref_axis',(0.5,-0.866025403784439,0.));
#11930=DIRECTION('',(0.,0.,1.));
#11931=DIRECTION('center_axis',(0.,0.,-1.));
#11932=DIRECTION('ref_axis',(0.5,-0.866025403784439,0.));
#11933=DIRECTION('',(0.,0.,-1.));
#11934=DIRECTION('center_axis',(0.,0.,1.));
#11935=DIRECTION('ref_axis',(0.5,-0.866025403784439,0.));
#11936=DIRECTION('center_axis',(0.,0.,-1.));
#11937=DIRECTION('ref_axis',(1.,0.,0.));
#11938=DIRECTION('center_axis',(0.,0.,-1.));
#11939=DIRECTION('ref_axis',(-1.,0.,0.));
#11940=DIRECTION('',(0.,0.,1.));
#11941=DIRECTION('center_axis',(0.,0.,-1.));
#11942=DIRECTION('ref_axis',(-1.,0.,0.));
#11943=DIRECTION('',(0.,0.,-1.));
#11944=DIRECTION('center_axis',(0.,0.,1.));
#11945=DIRECTION('ref_axis',(-1.,0.,0.));
#11946=DIRECTION('center_axis',(0.,0.,-1.));
#11947=DIRECTION('ref_axis',(1.,0.,0.));
#11948=DIRECTION('center_axis',(0.,0.,1.));
#11949=DIRECTION('ref_axis',(-0.5,-0.866025403784438,0.));
#11950=DIRECTION('center_axis',(0.,0.,1.));
#11951=DIRECTION('ref_axis',(-0.5,-0.866025403784438,0.));
#11952=DIRECTION('',(0.,0.,1.));
#11953=DIRECTION('center_axis',(0.,0.,1.));
#11954=DIRECTION('ref_axis',(-0.5,0.866025403784439,0.));
#11955=DIRECTION('center_axis',(0.,0.,1.));
#11956=DIRECTION('ref_axis',(-0.5,0.866025403784439,0.));
#11957=DIRECTION('',(0.,0.,1.));
#11958=DIRECTION('center_axis',(0.,0.,1.));
#11959=DIRECTION('ref_axis',(1.,0.,0.));
#11960=DIRECTION('center_axis',(0.,0.,1.));
#11961=DIRECTION('ref_axis',(1.,0.,0.));
#11962=DIRECTION('',(0.,0.,1.));
#11963=DIRECTION('center_axis',(0.,0.,1.));
#11964=DIRECTION('ref_axis',(1.,0.,0.));
#11965=DIRECTION('',(0.,0.,-1.));
#11966=DIRECTION('center_axis',(0.,0.,1.));
#11967=DIRECTION('ref_axis',(1.,0.,0.));
#11968=DIRECTION('center_axis',(0.,0.,1.));
#11969=DIRECTION('ref_axis',(1.,0.,0.));
#11970=DIRECTION('center_axis',(-0.868604106819236,-0.495506716015794,0.));
#11971=DIRECTION('ref_axis',(0.495506716015794,-0.868604106819236,0.));
#11972=DIRECTION('center_axis',(0.868604106819236,0.495506716015794,0.));
#11973=DIRECTION('ref_axis',(0.495506716015794,-0.868604106819236,0.));
#11974=DIRECTION('center_axis',(-0.868604106819236,-0.495506716015794,0.));
#11975=DIRECTION('ref_axis',(0.495506716015794,-0.868604106819236,0.));
#11976=DIRECTION('center_axis',(0.868604106819236,0.495506716015794,0.));
#11977=DIRECTION('ref_axis',(0.495506716015794,-0.868604106819236,0.));
#11978=DIRECTION('',(0.868604106819236,0.495506716015794,0.));
#11979=DIRECTION('center_axis',(-0.868604106819236,-0.495506716015794,0.));
#11980=DIRECTION('ref_axis',(0.495506716015794,-0.868604106819236,0.));
#11981=DIRECTION('center_axis',(-0.868604106819236,-0.495506716015794,0.));
#11982=DIRECTION('ref_axis',(0.495506716015794,-0.868604106819236,0.));
#11983=DIRECTION('center_axis',(0.868604106819236,0.495506716015794,0.));
#11984=DIRECTION('ref_axis',(0.495506716015794,-0.868604106819236,0.));
#11985=DIRECTION('center_axis',(-0.868604106819236,-0.495506716015794,0.));
#11986=DIRECTION('ref_axis',(0.495506716015794,-0.868604106819236,0.));
#11987=DIRECTION('',(0.868604106819236,0.495506716015794,0.));
#11988=DIRECTION('center_axis',(0.863423457225097,-0.504479864329054,0.));
#11989=DIRECTION('ref_axis',(0.504479864329054,0.863423457225097,0.));
#11990=DIRECTION('center_axis',(-0.863423457225097,0.504479864329054,0.));
#11991=DIRECTION('ref_axis',(0.504479864329054,0.863423457225097,0.));
#11992=DIRECTION('center_axis',(0.863423457225097,-0.504479864329054,0.));
#11993=DIRECTION('ref_axis',(0.504479864329054,0.863423457225097,0.));
#11994=DIRECTION('center_axis',(-0.863423457225097,0.504479864329054,0.));
#11995=DIRECTION('ref_axis',(0.504479864329054,0.863423457225097,0.));
#11996=DIRECTION('',(-0.863423457225097,0.504479864329054,0.));
#11997=DIRECTION('center_axis',(0.863423457225097,-0.504479864329054,0.));
#11998=DIRECTION('ref_axis',(0.504479864329054,0.863423457225097,0.));
#11999=DIRECTION('center_axis',(0.863423457225097,-0.504479864329054,0.));
#12000=DIRECTION('ref_axis',(0.504479864329054,0.863423457225097,0.));
#12001=DIRECTION('center_axis',(-0.863423457225097,0.504479864329054,0.));
#12002=DIRECTION('ref_axis',(0.504479864329054,0.863423457225097,0.));
#12003=DIRECTION('center_axis',(0.863423457225097,-0.504479864329054,0.));
#12004=DIRECTION('ref_axis',(0.504479864329054,0.863423457225097,0.));
#12005=DIRECTION('',(-0.863423457225097,0.504479864329054,0.));
#12006=DIRECTION('center_axis',(-0.171520607111477,-0.293559616644961,0.940427260776384));
#12007=DIRECTION('ref_axis',(-0.474426616927814,-0.811986956768274,-0.339994951710501));
#12008=DIRECTION('',(0.474426616927814,0.811986956768274,0.339994951710501));
#12009=DIRECTION('',(0.863423457225097,-0.504479864329054,0.));
#12010=DIRECTION('',(-0.474426616927814,-0.811986956768274,-0.339994951710501));
#12011=DIRECTION('',(-0.863423457225097,0.504479864329054,-8.41233987695303E-17));
#12012=DIRECTION('center_axis',(-0.474426616927815,-0.811986956768274,-0.339994951710501));
#12013=DIRECTION('ref_axis',(0.171520607111477,0.293559616644961,-0.940427260776384));
#12014=DIRECTION('',(-0.171520607111477,-0.293559616644961,0.940427260776384));
#12015=DIRECTION('',(0.863423457225097,-0.504479864329054,0.));
#12016=DIRECTION('',(0.171520607111477,0.293559616644961,-0.940427260776384));
#12017=DIRECTION('center_axis',(0.494011126661014,0.845506084681113,0.202663434053433));
#12018=DIRECTION('ref_axis',(-0.102239621715736,-0.174984362883525,0.979248452895214));
#12019=DIRECTION('',(0.102239621715736,0.174984362883526,-0.979248452895214));
#12020=DIRECTION('',(0.863423457225097,-0.504479864329054,0.));
#12021=DIRECTION('',(-0.102239621715736,-0.174984362883526,0.979248452895214));
#12022=DIRECTION('',(0.863423457225097,-0.504479864329054,0.));
#12023=DIRECTION('',(-0.102239621715736,-0.174984362883526,0.979248452895214));
#12024=DIRECTION('center_axis',(-0.863423457225097,0.504479864329054,0.));
#12025=DIRECTION('ref_axis',(-0.504479864329054,-0.863423457225097,0.));
#12026=DIRECTION('center_axis',(-0.863423457225097,0.504479864329054,0.));
#12027=DIRECTION('ref_axis',(-0.504479864329054,-0.863423457225097,0.));
#12028=DIRECTION('',(-0.354566812265199,-0.606845435288999,0.711351525835856));
#12029=DIRECTION('center_axis',(0.863423457225097,-0.504479864329054,0.));
#12030=DIRECTION('ref_axis',(0.274324786245282,0.469510226453644,0.839229443541472));
#12031=DIRECTION('',(0.423374355818749,0.724610387547672,-0.54377747387426));
#12032=DIRECTION('center_axis',(-0.863423457225097,0.504479864329054,0.));
#12033=DIRECTION('ref_axis',(-0.504479864329054,-0.863423457225097,0.));
#12034=DIRECTION('center_axis',(0.863423457225097,-0.504479864329054,0.));
#12035=DIRECTION('ref_axis',(0.102239621713958,0.174984362880482,-0.979248452895943));
#12036=DIRECTION('',(-0.49401112666138,-0.845506084681741,0.202663434049923));
#12037=DIRECTION('center_axis',(-0.863423457225097,0.504479864329054,0.));
#12038=DIRECTION('ref_axis',(-0.504479864329054,-0.863423457225097,0.));
#12039=DIRECTION('',(0.494011126661381,0.845506084681743,0.202663434049912));
#12040=DIRECTION('center_axis',(0.863423457225097,-0.504479864329054,0.));
#12041=DIRECTION('ref_axis',(0.102239621713958,0.174984362880482,-0.979248452895943));
#12042=DIRECTION('center_axis',(-0.863423457225097,0.504479864329054,0.));
#12043=DIRECTION('ref_axis',(-0.504479864329054,-0.863423457225097,0.));
#12044=DIRECTION('center_axis',(0.863423457225097,-0.504479864329054,0.));
#12045=DIRECTION('ref_axis',(-0.494011126661013,-0.845506084681113,-0.202663434053436));
#12046=DIRECTION('',(0.102239621715742,0.174984362883537,0.979248452895211));
#12047=DIRECTION('center_axis',(-0.863423457225097,0.504479864329054,0.));
#12048=DIRECTION('ref_axis',(-0.504479864329054,-0.863423457225097,0.));
#12049=DIRECTION('',(-0.494011126661381,-0.845506084681743,-0.20266343404991));
#12050=DIRECTION('center_axis',(0.863423457225097,-0.504479864329054,0.));
#12051=DIRECTION('ref_axis',(-0.102239621713959,-0.174984362880485,0.979248452895943));
#12052=DIRECTION('center_axis',(0.863423457225097,-0.504479864329054,0.));
#12053=DIRECTION('ref_axis',(-0.504479864329053,-0.863423457225098,0.));
#12054=DIRECTION('center_axis',(0.863423457225097,-0.504479864329054,0.));
#12055=DIRECTION('ref_axis',(-0.102239621713959,-0.174984362880485,0.979248452895943));
#12056=DIRECTION('',(0.49401112666138,0.84550608468174,-0.202663434049923));
#12057=DIRECTION('center_axis',(-0.863423457225097,0.504479864329054,0.));
#12058=DIRECTION('ref_axis',(-0.504479864329054,-0.863423457225097,0.));
#12059=DIRECTION('',(-0.102239621715737,-0.174984362883528,0.979248452895213));
#12060=DIRECTION('center_axis',(0.863423457225097,-0.504479864329054,0.));
#12061=DIRECTION('ref_axis',(0.494011126661013,0.845506084681113,0.202663434053437));
#12062=DIRECTION('center_axis',(0.863423457225097,-0.504479864329054,0.));
#12063=DIRECTION('ref_axis',(-0.504479864329053,-0.863423457225098,0.));
#12064=DIRECTION('center_axis',(0.863423457225097,-0.504479864329054,0.));
#12065=DIRECTION('ref_axis',(0.494011126661013,0.845506084681113,0.202663434053437));
#12066=DIRECTION('',(-0.102239621715742,-0.174984362883535,-0.979248452895212));
#12067=DIRECTION('center_axis',(-0.863423457225097,0.504479864329054,0.));
#12068=DIRECTION('ref_axis',(-0.504479864329054,-0.863423457225097,0.));
#12069=DIRECTION('center_axis',(0.863423457225097,-0.504479864329054,0.));
#12070=DIRECTION('ref_axis',(0.504479864329054,0.863423457225097,0.));
#12071=DIRECTION('center_axis',(0.863423457225097,-0.504479864329054,0.));
#12072=DIRECTION('ref_axis',(-0.504479864329055,-0.863423457225097,0.));
#12073=DIRECTION('center_axis',(0.863423457225097,-0.504479864329054,0.));
#12074=DIRECTION('ref_axis',(0.504479864329054,0.863423457225097,0.));
#12075=DIRECTION('',(-0.102239621715742,-0.174984362883537,-0.979248452895211));
#12076=DIRECTION('center_axis',(-0.863423457225097,0.504479864329054,1.15817049401008E-20));
#12077=DIRECTION('ref_axis',(-0.494011126661013,-0.845506084681113,-0.202663434053436));
#12078=DIRECTION('center_axis',(0.863423457225097,-0.504479864329054,0.));
#12079=DIRECTION('ref_axis',(0.504479864329054,0.863423457225097,0.));
#12080=DIRECTION('center_axis',(-0.863423457225097,0.504479864329054,1.294093974273E-19));
#12081=DIRECTION('ref_axis',(0.102239621713958,0.174984362880482,-0.979248452895943));
#12082=DIRECTION('',(-0.494011126661381,-0.845506084681743,-0.202663434049912));
#12083=DIRECTION('center_axis',(0.863423457225097,-0.504479864329054,0.));
#12084=DIRECTION('ref_axis',(0.504479864329054,0.863423457225097,-5.25249914422221E-14));
#12085=DIRECTION('',(0.863423457225097,-0.504479864329054,0.));
#12086=DIRECTION('',(-0.863423457225097,0.504479864329054,0.));
#12087=DIRECTION('center_axis',(0.863423457225097,-0.504479864329054,0.));
#12088=DIRECTION('ref_axis',(-0.504479864329054,-0.863423457225097,0.));
#12089=DIRECTION('center_axis',(0.863423457225097,-0.504479864329055,0.));
#12090=DIRECTION('ref_axis',(-0.504479864329055,-0.863423457225097,0.));
#12091=DIRECTION('',(0.863423457225097,-0.504479864329055,0.));
#12092=DIRECTION('center_axis',(-0.863423457225097,0.504479864329054,0.));
#12093=DIRECTION('ref_axis',(-0.504479864329055,-0.863423457225097,0.));
#12094=DIRECTION('center_axis',(-0.863423457225097,0.504479864329054,0.));
#12095=DIRECTION('ref_axis',(0.504479864329054,0.863423457225097,0.));
#12096=DIRECTION('center_axis',(-0.863423457225097,0.504479864329054,0.));
#12097=DIRECTION('ref_axis',(0.504479864329054,0.863423457225097,0.));
#12098=DIRECTION('',(-0.863423457225097,0.504479864329054,0.));
#12099=DIRECTION('center_axis',(-0.863423457225097,0.504479864329054,0.));
#12100=DIRECTION('ref_axis',(0.504479864329054,0.863423457225097,0.));
#12101=DIRECTION('center_axis',(-0.863423457225097,0.504479864329054,0.));
#12102=DIRECTION('ref_axis',(0.504479864329054,0.863423457225097,0.));
#12103=DIRECTION('',(-0.863423457225097,0.504479864329054,0.));
#12104=DIRECTION('center_axis',(0.863423457225097,-0.504479864329054,0.));
#12105=DIRECTION('ref_axis',(0.504479864329054,0.863423457225097,0.));
#12106=DIRECTION('center_axis',(-0.421852091024358,-0.72200501273587,0.548406395734635));
#12107=DIRECTION('ref_axis',(0.863423457225098,-0.504479864329053,0.));
#12108=DIRECTION('',(-0.863423457225098,0.504479864329053,0.));
#12109=DIRECTION('',(0.276659984117376,0.473506946169564,0.836211949877151));
#12110=DIRECTION('',(0.863423457225098,-0.504479864329053,0.));
#12111=DIRECTION('',(0.276659984117376,0.473506946169564,0.836211949877151));
#12112=DIRECTION('center_axis',(-0.421852091024446,-0.722005012735818,0.548406395734635));
#12113=DIRECTION('ref_axis',(0.863423457225054,-0.504479864329127,5.52542431190321E-14));
#12114=DIRECTION('',(0.863423457225054,-0.504479864329127,5.52542431190321E-14));
#12115=DIRECTION('',(0.276659984117376,0.473506946169564,0.836211949877151));
#12116=DIRECTION('',(0.863423457225054,-0.504479864329127,5.52542431190321E-14));
#12117=DIRECTION('',(0.276659984117376,0.473506946169564,0.836211949877151));
#12118=DIRECTION('center_axis',(-0.863423457225103,0.504479864329044,-1.73749903353837E-14));
#12119=DIRECTION('ref_axis',(-0.421852091024366,-0.722005012735882,0.548406395734613));
#12120=DIRECTION('',(0.423374355818749,0.724610387547672,-0.54377747387426));
#12121=DIRECTION('',(-0.421852091024366,-0.722005012735882,0.548406395734613));
#12122=DIRECTION('',(0.276659984117376,0.473506946169564,0.836211949877151));
#12123=DIRECTION('',(0.274324786245282,0.469510226453643,0.839229443541472));
#12124=DIRECTION('center_axis',(0.421852091024358,0.72200501273587,-0.548406395734635));
#12125=DIRECTION('ref_axis',(-0.863423457225098,0.504479864329053,4.71851988801941E-16));
#12126=DIRECTION('',(-0.863423457225098,0.504479864329053,4.71851988801941E-16));
#12127=DIRECTION('',(-0.863423457225098,0.504479864329053,4.71851988801941E-16));
#12128=DIRECTION('',(0.276659984117376,0.473506946169564,0.836211949877151));
#12129=DIRECTION('center_axis',(0.421852091024359,0.722005012735869,-0.548406395734635));
#12130=DIRECTION('ref_axis',(-0.863423457225097,0.504479864329054,0.));
#12131=DIRECTION('',(0.863423457225097,-0.504479864329054,0.));
#12132=DIRECTION('',(0.276659984117376,0.473506946169564,0.836211949877151));
#12133=DIRECTION('',(-0.863423457225097,0.504479864329054,0.));
#12134=DIRECTION('',(0.276659984117376,0.473506946169564,0.836211949877151));
#12135=DIRECTION('center_axis',(0.276659984117376,0.473506946169564,0.836211949877151));
#12136=DIRECTION('ref_axis',(0.949388469675957,0.,-0.314104335605773));
#12137=DIRECTION('',(0.421852091024366,0.722005012735882,-0.548406395734613));
#12138=DIRECTION('',(-0.421852091024366,-0.722005012735882,0.548406395734613));
#12139=DIRECTION('',(-0.421852091024366,-0.722005012735882,0.548406395734613));
#12140=DIRECTION('center_axis',(0.863423457225097,-0.504479864329054,0.));
#12141=DIRECTION('ref_axis',(0.504479864329054,0.863423457225097,0.));
#12142=DIRECTION('center_axis',(-0.863423457225097,0.504479864329054,0.));
#12143=DIRECTION('ref_axis',(-0.357957573915401,-0.612648765319896,-0.704647334223729));
#12144=DIRECTION('',(-0.355480391569016,-0.608409037439901,0.70955770334159));
#12145=DIRECTION('center_axis',(-0.863423457225097,0.504479864329054,0.));
#12146=DIRECTION('ref_axis',(0.504479864329054,0.863423457225097,0.));
#12147=DIRECTION('center_axis',(0.863423457225097,-0.504479864329054,5.55111512312578E-17));
#12148=DIRECTION('ref_axis',(-0.428648601531219,-0.733637323584797,-0.52729181090613));
#12149=DIRECTION('center_axis',(-0.863423457225097,0.504479864329054,0.));
#12150=DIRECTION('ref_axis',(-0.428648601531219,-0.733637323584797,-0.52729181090613));
#12151=DIRECTION('',(0.863423457225097,-0.504479864329054,5.55111512312578E-17));
#12152=DIRECTION('center_axis',(0.863423457225097,-0.504479864329054,0.));
#12153=DIRECTION('ref_axis',(-0.428648601531219,-0.733637323584797,-0.52729181090613));
#12154=DIRECTION('',(0.863423457225097,-0.504479864329054,0.));
#12155=DIRECTION('center_axis',(-0.357957573915401,-0.612648765319896,-0.704647334223729));
#12156=DIRECTION('ref_axis',(-0.355480391569016,-0.608409037439901,0.70955770334159));
#12157=DIRECTION('',(0.863423457225097,-0.504479864329054,0.));
#12158=DIRECTION('',(-0.355480391569016,-0.608409037439901,0.70955770334159));
#12159=DIRECTION('',(0.863423457225097,-0.504479864329054,0.));
#12160=DIRECTION('center_axis',(-0.863423457225097,0.504479864329054,0.));
#12161=DIRECTION('ref_axis',(-0.357957573915401,-0.612648765319896,-0.704647334223729));
#12162=DIRECTION('center_axis',(-0.863423457225097,0.504479864329054,0.));
#12163=DIRECTION('ref_axis',(-0.357957573915401,-0.612648765319896,-0.704647334223729));
#12164=DIRECTION('center_axis',(0.863423457225097,-0.504479864329054,0.));
#12165=DIRECTION('ref_axis',(0.504479864329054,0.863423457225097,0.));
#12166=DIRECTION('center_axis',(-0.863423457225097,0.504479864329054,0.));
#12167=DIRECTION('ref_axis',(0.504479864329054,0.863423457225097,0.));
#12168=DIRECTION('',(0.423374355818749,0.724610387547673,-0.543777473874259));
#12169=DIRECTION('',(0.274324786245282,0.469510226453643,0.839229443541472));
#12170=DIRECTION('',(-0.375771797436085,-0.643138026730689,0.667209888134618));
#12171=DIRECTION('',(-0.274324786245283,-0.469510226453645,-0.839229443541471));
#12172=DIRECTION('center_axis',(-0.863423457225097,0.504479864329054,0.));
#12173=DIRECTION('ref_axis',(0.504479864329053,0.863423457225098,0.));
#12174=DIRECTION('center_axis',(0.423374355818749,0.724610387547671,-0.543777473874261));
#12175=DIRECTION('ref_axis',(0.274324786245283,0.469510226453645,0.839229443541471));
#12176=DIRECTION('',(-0.863423457225097,0.504479864329054,2.67777309837286E-17));
#12177=DIRECTION('',(-0.274324786245282,-0.469510226453643,-0.839229443541472));
#12178=DIRECTION('',(0.274324786245282,0.469510226453643,0.839229443541472));
#12179=DIRECTION('',(-0.863423457225097,0.504479864329054,1.46091226050121E-19));
#12180=DIRECTION('center_axis',(0.336593953845155,0.576084668307963,0.744869763901979));
#12181=DIRECTION('ref_axis',(-0.372437106887544,-0.645079991753187,0.667204920285323));
#12182=DIRECTION('',(-0.375771797436085,-0.643138026730689,0.667209888134618));
#12183=DIRECTION('center_axis',(0.863423457225097,-0.504479864329054,0.));
#12184=DIRECTION('ref_axis',(0.504479864329054,0.863423457225097,0.));
#12185=DIRECTION('center_axis',(0.863423457225097,-0.504479864329054,0.));
#12186=DIRECTION('ref_axis',(0.504479864329054,0.863423457225097,0.));
#12187=DIRECTION('',(-0.49401112666138,-0.84550608468174,0.202663434049923));
#12188=DIRECTION('center_axis',(-0.863423457225097,0.504479864329054,0.));
#12189=DIRECTION('ref_axis',(-0.102239621713959,-0.174984362880485,0.979248452895943));
#12190=DIRECTION('center_axis',(-0.863423457225097,0.504479864329054,0.));
#12191=DIRECTION('ref_axis',(-0.504479864329053,-0.863423457225098,0.));
#12192=DIRECTION('center_axis',(-0.863423457225097,0.504479864329054,0.));
#12193=DIRECTION('ref_axis',(-0.102239621713959,-0.174984362880485,0.979248452895943));
#12194=DIRECTION('',(0.494011126661381,0.845506084681743,0.20266343404991));
#12195=DIRECTION('',(0.102239621715742,0.174984362883535,0.979248452895212));
#12196=DIRECTION('center_axis',(-0.863423457225097,0.504479864329054,0.));
#12197=DIRECTION('ref_axis',(0.494011126661013,0.845506084681113,0.202663434053437));
#12198=DIRECTION('center_axis',(-0.863423457225097,0.504479864329054,0.));
#12199=DIRECTION('ref_axis',(-0.504479864329053,-0.863423457225098,0.));
#12200=DIRECTION('center_axis',(-0.863423457225097,0.504479864329054,0.));
#12201=DIRECTION('ref_axis',(0.494011126661013,0.845506084681113,0.202663434053437));
#12202=DIRECTION('',(0.102239621715737,0.174984362883528,-0.979248452895213));
#12203=DIRECTION('',(0.49401112666138,0.845506084681741,-0.202663434049923));
#12204=DIRECTION('center_axis',(-0.863423457225097,0.504479864329054,0.));
#12205=DIRECTION('ref_axis',(0.102239621713958,0.174984362880482,-0.979248452895943));
#12206=DIRECTION('center_axis',(0.863423457225097,-0.504479864329054,0.));
#12207=DIRECTION('ref_axis',(-0.504479864329054,-0.863423457225097,0.));
#12208=DIRECTION('',(-0.423374355818749,-0.724610387547672,0.54377747387426));
#12209=DIRECTION('',(0.274324786245282,0.469510226453643,0.839229443541472));
#12210=DIRECTION('',(-0.423374355818749,-0.724610387547672,0.54377747387426));
#12211=DIRECTION('center_axis',(-0.863423457225097,0.504479864329054,0.));
#12212=DIRECTION('ref_axis',(0.274324786245282,0.469510226453644,0.839229443541472));
#12213=DIRECTION('',(0.354566812265199,0.606845435288999,-0.711351525835856));
#12214=DIRECTION('center_axis',(0.863423457225097,-0.504479864329054,0.));
#12215=DIRECTION('ref_axis',(-0.504479864329054,-0.863423457225097,0.));
#12216=DIRECTION('center_axis',(-0.863423457225097,0.504479864329054,-3.03576608295941E-18));
#12217=DIRECTION('ref_axis',(-0.423374355818749,-0.724610387547672,0.54377747387426));
#12218=DIRECTION('',(-0.423374355818749,-0.724610387547672,0.54377747387426));
#12219=DIRECTION('',(0.274324786245282,0.469510226453643,0.839229443541472));
#12220=DIRECTION('',(-0.423374355818749,-0.724610387547672,0.54377747387426));
#12221=DIRECTION('center_axis',(-0.423374355818749,-0.724610387547673,0.543777473874259));
#12222=DIRECTION('ref_axis',(0.863423457225097,-0.504479864329054,0.));
#12223=DIRECTION('',(0.863423457225097,-0.504479864329054,-1.46091226050121E-19));
#12224=DIRECTION('center_axis',(0.274324786245282,0.469510226453643,0.839229443541472));
#12225=DIRECTION('ref_axis',(-0.419616386847151,-0.726796901707741,0.543772334306712));
#12226=DIRECTION('center_axis',(0.863423457225098,-0.504479864329053,-2.01899336019688E-18));
#12227=DIRECTION('ref_axis',(0.274324786245282,0.469510226453644,0.839229443541472));
#12228=DIRECTION('',(0.863423457225098,-0.504479864329053,-2.01899336019688E-18));
#12229=DIRECTION('',(-0.863423457225098,0.504479864329053,2.01899336019688E-18));
#12230=DIRECTION('center_axis',(-0.358862521243937,-0.614197593739544,-0.702836401085629));
#12231=DIRECTION('ref_axis',(0.354566812265199,0.606845435288999,-0.711351525835856));
#12232=DIRECTION('',(-0.863423457225097,0.504479864329054,0.));
#12233=DIRECTION('center_axis',(0.863423457225097,-0.504479864329054,0.));
#12234=DIRECTION('ref_axis',(-0.504479864329054,-0.863423457225097,0.));
#12235=DIRECTION('',(0.863423457225097,-0.504479864329054,0.));
#12236=DIRECTION('',(-0.863423457225097,0.504479864329054,0.));
#12237=DIRECTION('center_axis',(0.863423457225097,-0.504479864329054,0.));
#12238=DIRECTION('ref_axis',(-0.504479864329054,-0.863423457225097,0.));
#12239=DIRECTION('center_axis',(0.863423457225097,-0.504479864329054,0.));
#12240=DIRECTION('ref_axis',(-0.504479864329054,-0.863423457225097,0.));
#12241=DIRECTION('',(0.863423457225097,-0.504479864329054,0.));
#12242=DIRECTION('center_axis',(0.863423457225097,-0.504479864329054,0.));
#12243=DIRECTION('ref_axis',(-0.504479864329054,-0.863423457225097,0.));
#12244=DIRECTION('center_axis',(0.863423457225097,-0.504479864329054,0.));
#12245=DIRECTION('ref_axis',(-0.504479864329054,-0.863423457225097,0.));
#12246=DIRECTION('',(0.863423457225097,-0.504479864329054,0.));
#12247=DIRECTION('',(-0.863423457225097,0.504479864329054,0.));
#12248=DIRECTION('center_axis',(0.863423457225097,-0.504479864329054,0.));
#12249=DIRECTION('ref_axis',(-0.504479864329054,-0.863423457225097,0.));
#12250=DIRECTION('center_axis',(-0.863423457225097,0.504479864329054,0.));
#12251=DIRECTION('ref_axis',(-0.504479864329054,-0.863423457225097,0.));
#12252=DIRECTION('',(0.102239621715737,0.174984362883528,-0.979248452895213));
#12253=DIRECTION('',(0.102239621715742,0.174984362883535,0.979248452895211));
#12254=DIRECTION('',(0.494011126661381,0.845506084681743,0.20266343404991));
#12255=DIRECTION('',(-0.49401112666138,-0.84550608468174,0.202663434049923));
#12256=DIRECTION('',(-0.102239621715742,-0.174984362883537,-0.979248452895211));
#12257=DIRECTION('',(-0.494011126661381,-0.845506084681743,-0.202663434049912));
#12258=DIRECTION('',(0.49401112666138,0.845506084681741,-0.202663434049922));
#12259=DIRECTION('center_axis',(-0.494011126661012,-0.845506084681111,0.202663434053446));
#12260=DIRECTION('ref_axis',(-0.102239621715742,-0.174984362883537,-0.979248452895211));
#12261=DIRECTION('',(-0.863423457225097,0.504479864329054,0.));
#12262=DIRECTION('',(0.863423457225097,-0.504479864329054,0.));
#12263=DIRECTION('center_axis',(-0.10223962171396,-0.174984362880485,0.979248452895943));
#12264=DIRECTION('ref_axis',(-0.494011126661381,-0.845506084681743,-0.202663434049912));
#12265=DIRECTION('',(0.863423457225097,-0.504479864329054,0.));
#12266=DIRECTION('center_axis',(0.863423457225097,-0.504479864329054,0.));
#12267=DIRECTION('ref_axis',(-0.494011126661013,-0.845506084681113,-0.202663434053436));
#12268=DIRECTION('',(0.863423457225097,-0.504479864329054,0.));
#12269=DIRECTION('center_axis',(-0.863423457225097,0.504479864329054,0.));
#12270=DIRECTION('ref_axis',(-0.504479864329054,-0.863423457225097,0.));
#12271=DIRECTION('',(0.863423457225097,-0.504479864329054,0.));
#12272=DIRECTION('center_axis',(0.863423457225097,-0.504479864329054,0.));
#12273=DIRECTION('ref_axis',(0.102239621713958,0.174984362880482,-0.979248452895943));
#12274=DIRECTION('center_axis',(-0.102239621713965,-0.174984362880495,-0.97924845289594));
#12275=DIRECTION('ref_axis',(0.49401112666138,0.845506084681741,-0.202663434049923));
#12276=DIRECTION('',(0.863423457225097,-0.504479864329054,0.));
#12277=DIRECTION('',(0.863423457225097,-0.504479864329054,0.));
#12278=DIRECTION('center_axis',(0.494011126661012,0.845506084681111,-0.202663434053444));
#12279=DIRECTION('ref_axis',(0.102239621715742,0.174984362883535,0.979248452895212));
#12280=DIRECTION('',(0.863423457225097,-0.504479864329054,0.));
#12281=DIRECTION('',(0.863423457225097,-0.504479864329054,0.));
#12282=DIRECTION('center_axis',(0.102239621713965,0.174984362880495,0.97924845289594));
#12283=DIRECTION('ref_axis',(-0.494011126661379,-0.845506084681741,0.202663434049923));
#12284=DIRECTION('',(0.863423457225097,-0.504479864329054,0.));
#12285=DIRECTION('center_axis',(-0.863423457225097,0.504479864329054,0.));
#12286=DIRECTION('ref_axis',(-0.504479864329054,-0.863423457225097,0.));
#12287=DIRECTION('center_axis',(-0.863423457225097,0.504479864329054,0.));
#12288=DIRECTION('ref_axis',(-0.504479864329054,-0.863423457225097,0.));
#12289=DIRECTION('',(-0.863423457225097,0.504479864329054,0.));
#12290=DIRECTION('',(0.863423457225097,-0.504479864329054,0.));
#12291=DIRECTION('center_axis',(0.863423457225097,-0.504479864329054,0.));
#12292=DIRECTION('ref_axis',(-0.102239621713959,-0.174984362880485,0.979248452895943));
#12293=DIRECTION('',(0.863423457225097,-0.504479864329054,0.));
#12294=DIRECTION('center_axis',(0.863423457225098,-0.504479864329053,0.));
#12295=DIRECTION('ref_axis',(-0.504479864329053,-0.863423457225098,0.));
#12296=DIRECTION('',(0.863423457225097,-0.504479864329054,0.));
#12297=DIRECTION('center_axis',(0.863423457225097,-0.504479864329054,0.));
#12298=DIRECTION('ref_axis',(-0.102239621713959,-0.174984362880485,0.979248452895943));
#12299=DIRECTION('',(0.863423457225097,-0.504479864329054,0.));
#12300=DIRECTION('center_axis',(0.274324786245282,0.469510226453644,0.839229443541472));
#12301=DIRECTION('ref_axis',(-0.423374355818749,-0.724610387547672,0.54377747387426));
#12302=DIRECTION('center_axis',(0.863423457225097,-0.504479864329054,0.));
#12303=DIRECTION('ref_axis',(0.102239621713958,0.174984362880482,-0.979248452895943));
#12304=DIRECTION('center_axis',(0.863423457225098,-0.504479864329053,0.));
#12305=DIRECTION('ref_axis',(-0.504479864329053,-0.863423457225098,0.));
#12306=DIRECTION('',(0.863423457225097,-0.504479864329054,0.));
#12307=DIRECTION('',(0.863423457225097,-0.504479864329054,0.));
#12308=DIRECTION('center_axis',(0.102239621713959,0.174984362880484,-0.979248452895943));
#12309=DIRECTION('ref_axis',(0.494011126661381,0.845506084681743,0.20266343404991));
#12310=DIRECTION('center_axis',(0.863423457225097,-0.504479864329054,0.));
#12311=DIRECTION('ref_axis',(0.494011126661013,0.845506084681113,0.202663434053437));
#12312=DIRECTION('center_axis',(-0.494011126661013,-0.845506084681113,-0.202663434053435));
#12313=DIRECTION('ref_axis',(0.102239621715737,0.174984362883528,-0.979248452895213));
#12314=DIRECTION('',(0.863423457225097,-0.504479864329054,0.));
#12315=DIRECTION('center_axis',(0.863423457225097,-0.504479864329054,0.));
#12316=DIRECTION('ref_axis',(0.494011126661013,0.845506084681113,0.202663434053437));
#12317=DIRECTION('center_axis',(-0.863423457225098,0.504479864329053,0.));
#12318=DIRECTION('ref_axis',(0.504479864329053,0.863423457225098,0.));
#12319=DIRECTION('center_axis',(-0.863423457225097,0.504479864329054,0.));
#12320=DIRECTION('ref_axis',(0.504479864329054,0.863423457225097,0.));
#12321=DIRECTION('',(0.863423457225097,-0.504479864329054,0.));
#12322=DIRECTION('center_axis',(0.863423457225097,-0.504479864329054,0.));
#12323=DIRECTION('ref_axis',(0.504479864329054,0.863423457225097,0.));
#12324=DIRECTION('center_axis',(0.863423457225097,-0.504479864329054,0.));
#12325=DIRECTION('ref_axis',(0.504479864329054,0.863423457225097,0.));
#12326=DIRECTION('center_axis',(-0.863423457225097,0.504479864329054,0.));
#12327=DIRECTION('ref_axis',(0.504479864329054,0.863423457225097,0.));
#12328=DIRECTION('center_axis',(0.863423457225097,-0.504479864329054,0.));
#12329=DIRECTION('ref_axis',(0.504479864329054,0.863423457225097,0.));
#12330=DIRECTION('center_axis',(-0.863423457225097,0.504479864329054,0.));
#12331=DIRECTION('ref_axis',(0.504479864329054,0.863423457225097,0.));
#12332=DIRECTION('',(-0.863423457225098,0.504479864329054,0.));
#12333=DIRECTION('center_axis',(0.863423457225097,-0.504479864329054,0.));
#12334=DIRECTION('ref_axis',(0.504479864329054,0.863423457225097,0.));
#12335=DIRECTION('center_axis',(0.863423457225097,-0.504479864329054,0.));
#12336=DIRECTION('ref_axis',(0.504479864329054,0.863423457225097,0.));
#12337=DIRECTION('center_axis',(-0.863423457225097,0.504479864329054,0.));
#12338=DIRECTION('ref_axis',(0.504479864329054,0.863423457225097,0.));
#12339=DIRECTION('center_axis',(0.863423457225097,-0.504479864329054,0.));
#12340=DIRECTION('ref_axis',(0.504479864329054,0.863423457225097,0.));
#12341=DIRECTION('',(-0.863423457225097,0.504479864329054,0.));
#12342=DIRECTION('center_axis',(0.00518064959413933,0.999986580344848,0.));
#12343=DIRECTION('ref_axis',(-0.999986580344848,0.00518064959413939,0.));
#12344=DIRECTION('center_axis',(-0.00518064959413933,-0.999986580344848,
0.));
#12345=DIRECTION('ref_axis',(-0.999986580344848,0.00518064959413947,0.));
#12346=DIRECTION('center_axis',(0.00518064959413933,0.999986580344848,0.));
#12347=DIRECTION('ref_axis',(-0.999986580344848,0.00518064959413928,0.));
#12348=DIRECTION('center_axis',(-0.00518064959413927,-0.999986580344848,
0.));
#12349=DIRECTION('ref_axis',(-0.999986580344848,0.00518064959413928,0.));
#12350=DIRECTION('',(-0.00518064959413928,-0.999986580344848,0.));
#12351=DIRECTION('center_axis',(0.00518064959413933,0.999986580344848,0.));
#12352=DIRECTION('ref_axis',(-0.999986580344848,0.00518064959413928,0.));
#12353=DIRECTION('center_axis',(0.00518064959413933,0.999986580344848,0.));
#12354=DIRECTION('ref_axis',(-0.999986580344848,0.00518064959413939,0.));
#12355=DIRECTION('center_axis',(-0.00518064959413933,-0.999986580344848,
0.));
#12356=DIRECTION('ref_axis',(-0.999986580344848,0.00518064959413937,0.));
#12357=DIRECTION('center_axis',(0.00518064959413939,0.999986580344848,0.));
#12358=DIRECTION('ref_axis',(-0.999986580344848,0.00518064959413947,0.));
#12359=DIRECTION('',(-0.00518064959413939,-0.999986580344848,0.));
#12360=DIRECTION('center_axis',(0.339990389095496,-0.00176139470858855,
0.940427260776384));
#12361=DIRECTION('ref_axis',(0.940414640566849,-0.00487202410685877,-0.339994951710501));
#12362=DIRECTION('',(-0.940414640566849,0.00487202410685877,0.339994951710501));
#12363=DIRECTION('',(0.00518064959413966,0.999986580344848,0.));
#12364=DIRECTION('',(0.940414640566849,-0.00487202410685877,-0.339994951710501));
#12365=DIRECTION('',(-0.00518064959413944,-0.999986580344848,-8.41233987695303E-17));
#12366=DIRECTION('center_axis',(0.940414640566849,-0.00487202410685905,
-0.339994951710502));
#12367=DIRECTION('ref_axis',(-0.339990389095496,0.00176139470858844,-0.940427260776384));
#12368=DIRECTION('',(0.339990389095496,-0.00176139470858849,0.940427260776384));
#12369=DIRECTION('',(0.00518064959413955,0.999986580344848,0.));
#12370=DIRECTION('',(-0.339990389095496,0.00176139470858849,-0.940427260776384));
#12371=DIRECTION('center_axis',(-0.979235311718668,0.0050731431000533,0.202663434053433));
#12372=DIRECTION('ref_axis',(0.202660714380036,-0.00104992823737618,0.979248452895214));
#12373=DIRECTION('',(-0.202660714380036,0.0010499282373758,-0.979248452895214));
#12374=DIRECTION('',(0.00518064959413966,0.999986580344848,0.));
#12375=DIRECTION('',(0.202660714380036,-0.0010499282373758,0.979248452895214));
#12376=DIRECTION('',(0.0051806495941395,0.999986580344848,0.));
#12377=DIRECTION('',(0.202660714380036,-0.0010499282373758,0.979248452895214));
#12378=DIRECTION('center_axis',(-0.00518064959413944,-0.999986580344848,
0.));
#12379=DIRECTION('ref_axis',(0.999986580344848,-0.00518064959413939,0.));
#12380=DIRECTION('center_axis',(-0.00518064959413944,-0.999986580344848,
0.));
#12381=DIRECTION('ref_axis',(0.999986580344848,-0.00518064959413937,0.));
#12382=DIRECTION('',(0.702826969263498,-0.00364114911603058,0.711351525835856));
#12383=DIRECTION('center_axis',(0.00518064959413944,0.999986580344848,0.));
#12384=DIRECTION('ref_axis',(-0.543770176568081,0.00281712054932789,0.839229443541472));
#12385=DIRECTION('',(-0.839218181371746,0.00434775367607293,-0.54377747387426));
#12386=DIRECTION('center_axis',(-0.00518064959413944,-0.999986580344848,
0.));
#12387=DIRECTION('ref_axis',(0.999986580344848,-0.00518064959413937,0.));
#12388=DIRECTION('center_axis',(0.00518064959413944,0.999986580344848,0.));
#12389=DIRECTION('ref_axis',(-0.202660714376512,0.00104992823735757,-0.979248452895943));
#12390=DIRECTION('',(0.979235311719394,-0.00507314310005696,0.202663434049923));
#12391=DIRECTION('center_axis',(-0.00518064959413944,-0.999986580344848,
0.));
#12392=DIRECTION('ref_axis',(0.999986580344848,-0.0051806495941394,0.));
#12393=DIRECTION('',(-0.979235311719396,0.00507314310005696,0.202663434049912));
#12394=DIRECTION('center_axis',(0.00518064959413944,0.999986580344848,0.));
#12395=DIRECTION('ref_axis',(-0.202660714376512,0.00104992823735757,-0.979248452895943));
#12396=DIRECTION('center_axis',(-0.00518064959413944,-0.999986580344848,
0.));
#12397=DIRECTION('ref_axis',(0.999986580344848,-0.00518064959413937,0.));
#12398=DIRECTION('center_axis',(0.00518064959413944,0.999986580344848,0.));
#12399=DIRECTION('ref_axis',(0.979235311718667,-0.00507314310005329,-0.202663434053436));
#12400=DIRECTION('',(-0.202660714380049,0.00104992823737586,0.979248452895211));
#12401=DIRECTION('center_axis',(-0.00518064959413944,-0.999986580344848,
0.));
#12402=DIRECTION('ref_axis',(0.999986580344848,-0.0051806495941394,0.));
#12403=DIRECTION('',(0.979235311719397,-0.00507314310005696,-0.20266343404991));
#12404=DIRECTION('center_axis',(0.00518064959413944,0.999986580344848,0.));
#12405=DIRECTION('ref_axis',(0.202660714376514,-0.00104992823735759,0.979248452895943));
#12406=DIRECTION('center_axis',(0.00518064959413944,0.999986580344848,0.));
#12407=DIRECTION('ref_axis',(0.999986580344848,-0.00518064959413787,0.));
#12408=DIRECTION('center_axis',(0.00518064959413944,0.999986580344848,0.));
#12409=DIRECTION('ref_axis',(0.202660714376514,-0.00104992823735759,0.979248452895943));
#12410=DIRECTION('',(-0.979235311719394,0.00507314310005696,-0.202663434049923));
#12411=DIRECTION('center_axis',(-0.00518064959413944,-0.999986580344848,
0.));
#12412=DIRECTION('ref_axis',(0.999986580344848,-0.0051806495941394,0.));
#12413=DIRECTION('',(0.202660714380038,-0.0010499282373758,0.979248452895213));
#12414=DIRECTION('center_axis',(0.00518064959413944,0.999986580344848,0.));
#12415=DIRECTION('ref_axis',(-0.979235311718667,0.00507314310005329,0.202663434053437));
#12416=DIRECTION('center_axis',(0.00518064959413944,0.999986580344848,0.));
#12417=DIRECTION('ref_axis',(0.999986580344848,-0.00518064959413787,0.));
#12418=DIRECTION('center_axis',(0.00518064959413944,0.999986580344848,0.));
#12419=DIRECTION('ref_axis',(-0.979235311718667,0.00507314310005329,0.202663434053437));
#12420=DIRECTION('',(0.202660714380047,-0.00104992823737585,-0.979248452895212));
#12421=DIRECTION('center_axis',(-0.00518064959413944,-0.999986580344848,
0.));
#12422=DIRECTION('ref_axis',(0.999986580344848,-0.0051806495941394,0.));
#12423=DIRECTION('center_axis',(0.00518064959413944,0.999986580344848,0.));
#12424=DIRECTION('ref_axis',(-0.999986580344848,0.00518064959413936,0.));
#12425=DIRECTION('center_axis',(0.00518064959413944,0.999986580344848,0.));
#12426=DIRECTION('ref_axis',(0.999986580344848,-0.00518064959414016,0.));
#12427=DIRECTION('center_axis',(0.00518064959413944,0.999986580344848,0.));
#12428=DIRECTION('ref_axis',(-0.999986580344848,0.00518064959413939,0.));
#12429=DIRECTION('',(0.202660714380049,-0.00104992823737586,-0.979248452895211));
#12430=DIRECTION('center_axis',(-0.00518064959413944,-0.999986580344848,
1.15817049401008E-20));
#12431=DIRECTION('ref_axis',(0.979235311718667,-0.00507314310005321,-0.202663434053436));
#12432=DIRECTION('center_axis',(0.00518064959413944,0.999986580344848,0.));
#12433=DIRECTION('ref_axis',(-0.999986580344848,0.00518064959413926,0.));
#12434=DIRECTION('center_axis',(-0.00518064959413944,-0.999986580344848,
1.294093974273E-19));
#12435=DIRECTION('ref_axis',(-0.202660714376511,0.00104992823735754,-0.979248452895943));
#12436=DIRECTION('',(0.979235311719396,-0.00507314310005658,-0.202663434049912));
#12437=DIRECTION('center_axis',(0.00518064959413966,0.999986580344848,0.));
#12438=DIRECTION('ref_axis',(-0.999986580344848,0.00518064959413963,-5.29690806520722E-14));
#12439=DIRECTION('',(0.00518064959413966,0.999986580344848,0.));
#12440=DIRECTION('',(-0.00518064959413966,-0.999986580344848,0.));
#12441=DIRECTION('center_axis',(0.00518064959413939,0.999986580344848,0.));
#12442=DIRECTION('ref_axis',(0.999986580344848,-0.00518064959413933,0.));
#12443=DIRECTION('center_axis',(0.00518064959414022,0.999986580344848,0.));
#12444=DIRECTION('ref_axis',(0.999986580344848,-0.00518064959414016,0.));
#12445=DIRECTION('',(0.00518064959414022,0.999986580344848,0.));
#12446=DIRECTION('center_axis',(-0.00518064959413939,-0.999986580344848,
0.));
#12447=DIRECTION('ref_axis',(0.999986580344848,-0.00518064959414016,0.));
#12448=DIRECTION('center_axis',(-0.00518064959413944,-0.999986580344848,
0.));
#12449=DIRECTION('ref_axis',(-0.999986580344848,0.00518064959413936,0.));
#12450=DIRECTION('center_axis',(-0.00518064959413944,-0.999986580344848,
0.));
#12451=DIRECTION('ref_axis',(-0.999986580344848,0.00518064959413936,0.));
#12452=DIRECTION('',(-0.00518064959413944,-0.999986580344848,0.));
#12453=DIRECTION('center_axis',(-0.00518064959413944,-0.999986580344848,
0.));
#12454=DIRECTION('ref_axis',(-0.999986580344848,0.00518064959413936,0.));
#12455=DIRECTION('center_axis',(-0.00518064959413933,-0.999986580344848,
0.));
#12456=DIRECTION('ref_axis',(-0.999986580344848,0.00518064959413936,0.));
#12457=DIRECTION('',(-0.00518064959413944,-0.999986580344848,0.));
#12458=DIRECTION('center_axis',(0.00518064959413933,0.999986580344848,0.));
#12459=DIRECTION('ref_axis',(-0.999986580344848,0.00518064959413936,0.));
#12460=DIRECTION('center_axis',(0.836200728201149,-0.00433212109874498,
0.548406395734635));
#12461=DIRECTION('ref_axis',(0.00518064959413872,0.999986580344848,0.));
#12462=DIRECTION('',(-0.00518064959413872,-0.999986580344848,0.));
#12463=DIRECTION('',(-0.548399036309921,0.00284110137146529,0.836211949877151));
#12464=DIRECTION('',(0.00518064959413872,0.999986580344848,0.));
#12465=DIRECTION('',(-0.548399036309921,0.00284110137146529,0.836211949877151));
#12466=DIRECTION('center_axis',(0.836200728201149,-0.0043321210988469,0.548406395734635));
#12467=DIRECTION('ref_axis',(0.00518064959422443,0.999986580344847,5.52542431190321E-14));
#12468=DIRECTION('',(0.00518064959422443,0.999986580344847,5.52542431190321E-14));
#12469=DIRECTION('',(-0.548399036309921,0.00284110137146529,0.836211949877151));
#12470=DIRECTION('',(0.00518064959422443,0.999986580344847,5.52542431190321E-14));
#12471=DIRECTION('',(-0.548399036309921,0.00284110137146529,0.836211949877151));
#12472=DIRECTION('center_axis',(-0.00518064959412795,-0.999986580344848,
-1.73749903353837E-14));
#12473=DIRECTION('ref_axis',(0.836200728201164,-0.00433212109874559,0.548406395734613));
#12474=DIRECTION('',(-0.839218181371746,0.00434775367607293,-0.54377747387426));
#12475=DIRECTION('',(0.836200728201164,-0.00433212109874564,0.548406395734613));
#12476=DIRECTION('',(-0.548399036309921,0.00284110137146529,0.836211949877151));
#12477=DIRECTION('',(-0.54377017656808,0.00281712054932878,0.839229443541472));
#12478=DIRECTION('center_axis',(-0.836200728201149,0.00433212109874464,
-0.548406395734635));
#12479=DIRECTION('ref_axis',(-0.00518064959413861,-0.999986580344848,4.71851988801941E-16));
#12480=DIRECTION('',(-0.00518064959413861,-0.999986580344848,4.71851988801941E-16));
#12481=DIRECTION('',(-0.00518064959413861,-0.999986580344848,4.71851988801941E-16));
#12482=DIRECTION('',(-0.548399036309921,0.00284110137146529,0.836211949877151));
#12483=DIRECTION('center_axis',(-0.836200728201149,0.00433212109874559,
-0.548406395734635));
#12484=DIRECTION('ref_axis',(-0.0051806495941395,-0.999986580344848,0.));
#12485=DIRECTION('',(0.0051806495941395,0.999986580344848,0.));
#12486=DIRECTION('',(-0.548399036309921,0.00284110137146529,0.836211949877151));
#12487=DIRECTION('',(-0.0051806495941395,-0.999986580344848,0.));
#12488=DIRECTION('',(-0.548399036309921,0.00284110137146529,0.836211949877151));
#12489=DIRECTION('center_axis',(-0.548399036309921,0.00284110137146529,
0.836211949877151));
#12490=DIRECTION('ref_axis',(-0.474694234837978,0.822194532799411,-0.314104335605773));
#12491=DIRECTION('',(-0.836200728201164,0.00433212109874559,-0.548406395734613));
#12492=DIRECTION('',(0.836200728201164,-0.00433212109874559,0.548406395734613));
#12493=DIRECTION('',(0.836200728201164,-0.00433212109874559,0.548406395734613));
#12494=DIRECTION('center_axis',(0.00518064959413933,0.999986580344848,0.));
#12495=DIRECTION('ref_axis',(-0.999986580344848,0.00518064959413933,0.));
#12496=DIRECTION('center_axis',(-0.00518064959413933,-0.999986580344848,
0.));
#12497=DIRECTION('ref_axis',(0.709548181321901,-0.00367596982783485,-0.704647334223729));
#12498=DIRECTION('',(0.7046378780995,-0.00365053092605755,0.70955770334159));
#12499=DIRECTION('center_axis',(-0.00518064959413933,-0.999986580344848,
0.));
#12500=DIRECTION('ref_axis',(-0.999986580344848,0.00518064959413938,0.));
#12501=DIRECTION('center_axis',(0.00518064959413922,0.999986580344848,5.55111512312578E-17));
#12502=DIRECTION('ref_axis',(0.849672860154468,-0.0044019164303109,-0.52729181090613));
#12503=DIRECTION('center_axis',(-0.00518064959413944,-0.999986580344848,
0.));
#12504=DIRECTION('ref_axis',(0.849672860154468,-0.0044019164303109,-0.52729181090613));
#12505=DIRECTION('',(0.00518064959413922,0.999986580344848,5.55111512312578E-17));
#12506=DIRECTION('center_axis',(0.00518064959413933,0.999986580344848,0.));
#12507=DIRECTION('ref_axis',(0.849672860154468,-0.0044019164303109,-0.52729181090613));
#12508=DIRECTION('',(0.00518064959413922,0.999986580344848,0.));
#12509=DIRECTION('center_axis',(0.709548181321901,-0.00367596982783508,
-0.704647334223729));
#12510=DIRECTION('ref_axis',(0.7046378780995,-0.00365053092605755,0.70955770334159));
#12511=DIRECTION('',(0.0051806495941394,0.999986580344848,0.));
#12512=DIRECTION('',(0.7046378780995,-0.00365053092605755,0.70955770334159));
#12513=DIRECTION('',(0.0051806495941395,0.999986580344848,0.));
#12514=DIRECTION('center_axis',(-0.0051806495941395,-0.999986580344848,
0.));
#12515=DIRECTION('ref_axis',(0.709548181321901,-0.00367596982783485,-0.704647334223729));
#12516=DIRECTION('center_axis',(-0.00518064959413933,-0.999986580344848,
0.));
#12517=DIRECTION('ref_axis',(0.709548181321901,-0.00367596982783485,-0.704647334223729));
#12518=DIRECTION('center_axis',(0.00518064959413933,0.999986580344848,0.));
#12519=DIRECTION('ref_axis',(-0.999986580344848,0.00518064959413933,0.));
#12520=DIRECTION('center_axis',(-0.00518064959413933,-0.999986580344848,
0.));
#12521=DIRECTION('ref_axis',(-0.999986580344848,0.00518064959413938,0.));
#12522=DIRECTION('',(-0.839218181371746,0.00434775367607293,-0.543777473874259));
#12523=DIRECTION('',(-0.54377017656808,0.00281712054932878,0.839229443541472));
#12524=DIRECTION('',(0.744859768006614,-0.00385890924004545,0.667209888134618));
#12525=DIRECTION('',(0.543770176568082,-0.00281712054932881,-0.839229443541471));
#12526=DIRECTION('center_axis',(-0.00518064959413933,-0.999986580344848,
0.));
#12527=DIRECTION('ref_axis',(-0.999986580344848,0.00518064959413875,0.));
#12528=DIRECTION('center_axis',(-0.839218181371745,0.00434775367607282,
-0.543777473874262));
#12529=DIRECTION('ref_axis',(-0.543770176568082,0.00281712054932878,0.839229443541471));
#12530=DIRECTION('',(-0.00518064959413922,-0.999986580344848,2.67777309837286E-17));
#12531=DIRECTION('',(0.54377017656808,-0.00281712054932878,-0.839229443541472));
#12532=DIRECTION('',(-0.54377017656808,0.00281712054932878,0.839229443541472));
#12533=DIRECTION('',(-0.00518064959413922,-0.999986580344848,1.46091226050121E-19));
#12534=DIRECTION('center_axis',(-0.667200934408005,0.00345658063617021,
0.744869763901979));
#12535=DIRECTION('ref_axis',(0.744874213775088,-5.55111512312578E-16,0.667204920285323));
#12536=DIRECTION('',(0.744859768006614,-0.00385890924004534,0.667209888134618));
#12537=DIRECTION('center_axis',(0.0051806495941395,0.999986580344848,0.));
#12538=DIRECTION('ref_axis',(-0.999986580344848,0.00518064959413938,0.));
#12539=DIRECTION('center_axis',(0.00518064959413944,0.999986580344848,0.));
#12540=DIRECTION('ref_axis',(-0.999986580344848,0.00518064959413939,0.));
#12541=DIRECTION('',(0.979235311719394,-0.00507314310005696,0.202663434049923));
#12542=DIRECTION('center_axis',(-0.00518064959413944,-0.999986580344848,
0.));
#12543=DIRECTION('ref_axis',(0.202660714376514,-0.00104992823735759,0.979248452895943));
#12544=DIRECTION('center_axis',(-0.00518064959413944,-0.999986580344848,
0.));
#12545=DIRECTION('ref_axis',(0.999986580344848,-0.00518064959413787,0.));
#12546=DIRECTION('center_axis',(-0.00518064959413944,-0.999986580344848,
0.));
#12547=DIRECTION('ref_axis',(0.202660714376514,-0.00104992823735759,0.979248452895943));
#12548=DIRECTION('',(-0.979235311719397,0.00507314310005696,0.20266343404991));
#12549=DIRECTION('',(-0.202660714380047,0.00104992823737585,0.979248452895212));
#12550=DIRECTION('center_axis',(-0.00518064959413944,-0.999986580344848,
0.));
#12551=DIRECTION('ref_axis',(-0.979235311718667,0.00507314310005329,0.202663434053437));
#12552=DIRECTION('center_axis',(-0.00518064959413944,-0.999986580344848,
0.));
#12553=DIRECTION('ref_axis',(0.999986580344848,-0.00518064959413787,0.));
#12554=DIRECTION('center_axis',(-0.00518064959413944,-0.999986580344848,
0.));
#12555=DIRECTION('ref_axis',(-0.979235311718667,0.00507314310005329,0.202663434053437));
#12556=DIRECTION('',(-0.202660714380038,0.0010499282373758,-0.979248452895213));
#12557=DIRECTION('',(-0.979235311719394,0.00507314310005696,-0.202663434049923));
#12558=DIRECTION('center_axis',(-0.00518064959413944,-0.999986580344848,
0.));
#12559=DIRECTION('ref_axis',(-0.202660714376512,0.00104992823735757,-0.979248452895943));
#12560=DIRECTION('center_axis',(0.00518064959413944,0.999986580344848,0.));
#12561=DIRECTION('ref_axis',(0.999986580344848,-0.00518064959413937,0.));
#12562=DIRECTION('',(0.839218181371746,-0.00434775367607293,0.54377747387426));
#12563=DIRECTION('',(-0.54377017656808,0.00281712054932878,0.839229443541472));
#12564=DIRECTION('',(0.839218181371746,-0.00434775367607293,0.54377747387426));
#12565=DIRECTION('center_axis',(-0.00518064959413944,-0.999986580344848,
0.));
#12566=DIRECTION('ref_axis',(-0.543770176568081,0.00281712054932789,0.839229443541472));
#12567=DIRECTION('',(-0.702826969263498,0.00364114911603058,-0.711351525835856));
#12568=DIRECTION('center_axis',(0.00518064959413944,0.999986580344848,0.));
#12569=DIRECTION('ref_axis',(0.999986580344848,-0.00518064959413937,0.));
#12570=DIRECTION('center_axis',(-0.00518064959413933,-0.999986580344848,
-3.03576608295941E-18));
#12571=DIRECTION('ref_axis',(0.839218181371746,-0.00434775367607293,0.54377747387426));
#12572=DIRECTION('',(0.839218181371746,-0.00434775367607293,0.54377747387426));
#12573=DIRECTION('',(-0.54377017656808,0.00281712054932878,0.839229443541472));
#12574=DIRECTION('',(0.839218181371746,-0.00434775367607293,0.54377747387426));
#12575=DIRECTION('center_axis',(0.839218181371746,-0.00434775367607276,
0.543777473874259));
#12576=DIRECTION('ref_axis',(0.00518064959413922,0.999986580344848,0.));
#12577=DIRECTION('',(0.00518064959413922,0.999986580344848,-1.46091226050121E-19));
#12578=DIRECTION('center_axis',(-0.54377017656808,0.00281712054932878,0.839229443541472));
#12579=DIRECTION('ref_axis',(0.8392327736943,-6.10622663543836E-16,0.543772334306712));
#12580=DIRECTION('center_axis',(0.00518064959413794,0.999986580344848,-2.01899336019688E-18));
#12581=DIRECTION('ref_axis',(-0.543770176568081,0.00281712054932789,0.839229443541472));
#12582=DIRECTION('',(0.00518064959413786,0.999986580344848,-2.01899336019688E-18));
#12583=DIRECTION('',(-0.00518064959413786,-0.999986580344848,2.01899336019688E-18));
#12584=DIRECTION('center_axis',(0.711341979743688,-0.00368526299361094,
-0.702836401085629));
#12585=DIRECTION('ref_axis',(-0.702826969263498,0.00364114911603058,-0.711351525835856));
#12586=DIRECTION('',(-0.0051806495941395,-0.999986580344848,0.));
#12587=DIRECTION('center_axis',(0.00518064959413966,0.999986580344848,0.));
#12588=DIRECTION('ref_axis',(0.999986580344848,-0.0051806495941397,0.));
#12589=DIRECTION('',(0.00518064959413966,0.999986580344848,0.));
#12590=DIRECTION('',(-0.00518064959413966,-0.999986580344848,0.));
#12591=DIRECTION('center_axis',(0.00518064959413939,0.999986580344848,0.));
#12592=DIRECTION('ref_axis',(0.999986580344848,-0.00518064959413933,0.));
#12593=DIRECTION('center_axis',(0.00518064959413966,0.999986580344848,0.));
#12594=DIRECTION('ref_axis',(0.999986580344848,-0.0051806495941397,0.));
#12595=DIRECTION('',(0.00518064959413961,0.999986580344848,0.));
#12596=DIRECTION('center_axis',(0.00518064959413939,0.999986580344848,0.));
#12597=DIRECTION('ref_axis',(0.999986580344848,-0.00518064959413933,0.));
#12598=DIRECTION('center_axis',(0.00518064959413966,0.999986580344848,0.));
#12599=DIRECTION('ref_axis',(0.999986580344848,-0.0051806495941397,0.));
#12600=DIRECTION('',(0.00518064959413966,0.999986580344848,0.));
#12601=DIRECTION('',(-0.00518064959413966,-0.999986580344848,0.));
#12602=DIRECTION('center_axis',(0.00518064959413939,0.999986580344848,0.));
#12603=DIRECTION('ref_axis',(0.999986580344848,-0.00518064959413933,0.));
#12604=DIRECTION('center_axis',(-0.00518064959413939,-0.999986580344848,
0.));
#12605=DIRECTION('ref_axis',(0.999986580344848,-0.00518064959413939,0.));
#12606=DIRECTION('',(-0.202660714380038,0.0010499282373758,-0.979248452895213));
#12607=DIRECTION('',(-0.202660714380047,0.00104992823737586,0.979248452895212));
#12608=DIRECTION('',(-0.979235311719397,0.00507314310005696,0.20266343404991));
#12609=DIRECTION('',(0.979235311719394,-0.00507314310005696,0.202663434049923));
#12610=DIRECTION('',(0.202660714380049,-0.00104992823737586,-0.979248452895211));
#12611=DIRECTION('',(0.979235311719396,-0.00507314310005696,-0.202663434049912));
#12612=DIRECTION('',(-0.979235311719394,0.00507314310005696,-0.202663434049923));
#12613=DIRECTION('center_axis',(0.979235311718665,-0.00507314310005325,
0.202663434053446));
#12614=DIRECTION('ref_axis',(0.202660714380049,-0.00104992823737586,-0.979248452895211));
#12615=DIRECTION('',(-0.0051806495941395,-0.999986580344848,0.));
#12616=DIRECTION('',(0.0051806495941395,0.999986580344848,0.));
#12617=DIRECTION('center_axis',(0.202660714376515,-0.00104992823735757,
0.979248452895943));
#12618=DIRECTION('ref_axis',(0.979235311719396,-0.00507314310005658,-0.202663434049912));
#12619=DIRECTION('',(0.0051806495941395,0.999986580344848,0.));
#12620=DIRECTION('center_axis',(0.0051806495941395,0.999986580344848,0.));
#12621=DIRECTION('ref_axis',(0.979235311718667,-0.00507314310005329,-0.202663434053436));
#12622=DIRECTION('',(0.0051806495941395,0.999986580344848,0.));
#12623=DIRECTION('center_axis',(-0.0051806495941395,-0.999986580344848,
0.));
#12624=DIRECTION('ref_axis',(0.999986580344848,-0.00518064959413937,0.));
#12625=DIRECTION('',(0.0051806495941395,0.999986580344848,0.));
#12626=DIRECTION('center_axis',(0.0051806495941395,0.999986580344848,0.));
#12627=DIRECTION('ref_axis',(-0.202660714376512,0.00104992823735757,-0.979248452895943));
#12628=DIRECTION('center_axis',(0.202660714376526,-0.00104992823735764,
-0.97924845289594));
#12629=DIRECTION('ref_axis',(-0.979235311719394,0.00507314310005657,-0.202663434049923));
#12630=DIRECTION('',(0.0051806495941395,0.999986580344848,0.));
#12631=DIRECTION('',(0.0051806495941395,0.999986580344848,0.));
#12632=DIRECTION('center_axis',(-0.979235311718665,0.00507314310005325,
-0.202663434053444));
#12633=DIRECTION('ref_axis',(-0.202660714380047,0.00104992823737622,0.979248452895212));
#12634=DIRECTION('',(0.0051806495941395,0.999986580344848,0.));
#12635=DIRECTION('',(0.0051806495941395,0.999986580344848,0.));
#12636=DIRECTION('center_axis',(-0.202660714376526,0.00104992823735762,
0.97924845289594));
#12637=DIRECTION('ref_axis',(0.979235311719394,-0.00507314310005624,0.202663434049923));
#12638=DIRECTION('',(0.0051806495941395,0.999986580344848,0.));
#12639=DIRECTION('center_axis',(-0.0051806495941395,-0.999986580344848,
0.));
#12640=DIRECTION('ref_axis',(0.999986580344848,-0.00518064959413937,0.));
#12641=DIRECTION('center_axis',(-0.0051806495941395,-0.999986580344848,
0.));
#12642=DIRECTION('ref_axis',(0.999986580344848,-0.00518064959413937,0.));
#12643=DIRECTION('',(-0.0051806495941395,-0.999986580344848,0.));
#12644=DIRECTION('',(0.0051806495941395,0.999986580344848,0.));
#12645=DIRECTION('center_axis',(0.0051806495941395,0.999986580344848,0.));
#12646=DIRECTION('ref_axis',(0.202660714376514,-0.00104992823735759,0.979248452895943));
#12647=DIRECTION('',(0.0051806495941395,0.999986580344848,0.));
#12648=DIRECTION('center_axis',(0.00518064959413794,0.999986580344848,0.));
#12649=DIRECTION('ref_axis',(0.999986580344848,-0.00518064959413787,0.));
#12650=DIRECTION('',(0.0051806495941395,0.999986580344848,0.));
#12651=DIRECTION('center_axis',(0.0051806495941395,0.999986580344848,0.));
#12652=DIRECTION('ref_axis',(0.202660714376514,-0.00104992823735759,0.979248452895943));
#12653=DIRECTION('',(0.0051806495941395,0.999986580344848,0.));
#12654=DIRECTION('center_axis',(-0.543770176568081,0.00281712054932801,
0.839229443541472));
#12655=DIRECTION('ref_axis',(0.839218181371746,-0.00434775367607293,0.54377747387426));
#12656=DIRECTION('center_axis',(0.0051806495941395,0.999986580344848,0.));
#12657=DIRECTION('ref_axis',(-0.202660714376512,0.00104992823735757,-0.979248452895943));
#12658=DIRECTION('center_axis',(0.00518064959413794,0.999986580344848,0.));
#12659=DIRECTION('ref_axis',(0.999986580344848,-0.00518064959413787,0.));
#12660=DIRECTION('',(0.0051806495941395,0.999986580344848,0.));
#12661=DIRECTION('',(0.0051806495941395,0.999986580344848,0.));
#12662=DIRECTION('center_axis',(-0.202660714376513,0.00104992823735756,
-0.979248452895943));
#12663=DIRECTION('ref_axis',(-0.979235311719397,0.00507314310005619,0.20266343404991));
#12664=DIRECTION('center_axis',(0.0051806495941395,0.999986580344848,0.));
#12665=DIRECTION('ref_axis',(-0.979235311718667,0.00507314310005329,0.202663434053437));
#12666=DIRECTION('center_axis',(0.979235311718667,-0.0050731431000533,-0.202663434053435));
#12667=DIRECTION('ref_axis',(-0.202660714380038,0.0010499282373758,-0.979248452895213));
#12668=DIRECTION('',(0.0051806495941395,0.999986580344848,0.));
#12669=DIRECTION('center_axis',(0.0051806495941395,0.999986580344848,0.));
#12670=DIRECTION('ref_axis',(-0.979235311718667,0.00507314310005329,0.202663434053437));
#12671=DIRECTION('center_axis',(-0.00518064959413883,-0.999986580344848,
0.));
#12672=DIRECTION('ref_axis',(-0.999986580344848,0.00518064959413875,0.));
#12673=DIRECTION('center_axis',(-0.00518064959413933,-0.999986580344848,
0.));
#12674=DIRECTION('ref_axis',(-0.999986580344848,0.00518064959413934,0.));
#12675=DIRECTION('',(0.00518064959413883,0.999986580344848,0.));
#12676=DIRECTION('center_axis',(0.00518064959413933,0.999986580344848,0.));
#12677=DIRECTION('ref_axis',(-0.999986580344848,0.00518064959413933,0.));
#12678=DIRECTION('center_axis',(-0.168469781984019,0.295321011353549,0.940427260776384));
#12679=DIRECTION('ref_axis',(-0.465988023639034,0.816858980875133,-0.339994951710501));
#12680=DIRECTION('',(0.465988023639034,-0.816858980875133,0.339994951710501));
#12681=DIRECTION('',(-0.868604106819237,-0.495506716015793,0.));
#12682=DIRECTION('',(-0.465988023639034,0.816858980875133,-0.339994951710501));
#12683=DIRECTION('',(0.868604106819236,0.495506716015793,-8.41233987695303E-17));
#12684=DIRECTION('center_axis',(-0.465988023639034,0.816858980875133,-0.339994951710501));
#12685=DIRECTION('ref_axis',(0.168469781984019,-0.29532101135355,-0.940427260776384));
#12686=DIRECTION('',(-0.168469781984019,0.29532101135355,0.940427260776384));
#12687=DIRECTION('',(-0.868604106819237,-0.495506716015793,0.));
#12688=DIRECTION('',(0.168469781984019,-0.29532101135355,-0.940427260776384));
#12689=DIRECTION('center_axis',(0.485224185057654,-0.850579227781167,0.202663434053433));
#12690=DIRECTION('ref_axis',(-0.1004210926643,0.176034291120902,0.979248452895214));
#12691=DIRECTION('',(0.1004210926643,-0.176034291120901,-0.979248452895214));
#12692=DIRECTION('',(-0.868604106819237,-0.495506716015793,0.));
#12693=DIRECTION('',(-0.1004210926643,0.176034291120901,0.979248452895214));
#12694=DIRECTION('',(-0.868604106819237,-0.495506716015793,0.));
#12695=DIRECTION('',(-0.1004210926643,0.176034291120901,0.979248452895214));
#12696=DIRECTION('center_axis',(0.868604106819237,0.495506716015793,0.));
#12697=DIRECTION('ref_axis',(-0.495506716015793,0.868604106819237,0.));
#12698=DIRECTION('center_axis',(0.868604106819237,0.495506716015793,0.));
#12699=DIRECTION('ref_axis',(-0.495506716015793,0.868604106819237,0.));
#12700=DIRECTION('',(-0.348260156998299,0.61048658440503,0.711351525835856));
#12701=DIRECTION('center_axis',(-0.868604106819237,-0.495506716015793,0.));
#12702=DIRECTION('ref_axis',(0.269445390322799,-0.472327347002972,0.839229443541472));
#12703=DIRECTION('',(0.415843825552996,-0.728958141223745,-0.54377747387426));
#12704=DIRECTION('center_axis',(0.868604106819237,0.495506716015793,0.));
#12705=DIRECTION('ref_axis',(-0.495506716015793,0.868604106819237,0.));
#12706=DIRECTION('center_axis',(-0.868604106819237,-0.495506716015793,0.));
#12707=DIRECTION('ref_axis',(0.100421092662553,-0.17603429111784,-0.979248452895943));
#12708=DIRECTION('',(-0.485224185058014,0.850579227781798,0.202663434049923));
#12709=DIRECTION('center_axis',(0.868604106819237,0.495506716015793,0.));
#12710=DIRECTION('ref_axis',(-0.495506716015793,0.868604106819237,0.));
#12711=DIRECTION('',(0.485224185058015,-0.8505792277818,0.202663434049912));
#12712=DIRECTION('center_axis',(-0.868604106819237,-0.495506716015793,0.));
#12713=DIRECTION('ref_axis',(0.100421092662553,-0.17603429111784,-0.979248452895943));
#12714=DIRECTION('center_axis',(0.868604106819237,0.495506716015793,0.));
#12715=DIRECTION('ref_axis',(-0.495506716015793,0.868604106819237,0.));
#12716=DIRECTION('center_axis',(-0.868604106819237,-0.495506716015793,0.));
#12717=DIRECTION('ref_axis',(-0.485224185057654,0.850579227781166,-0.202663434053436));
#12718=DIRECTION('',(0.100421092664306,-0.176034291120912,0.979248452895211));
#12719=DIRECTION('center_axis',(0.868604106819237,0.495506716015793,0.));
#12720=DIRECTION('ref_axis',(-0.495506716015793,0.868604106819237,0.));
#12721=DIRECTION('',(-0.485224185058015,0.8505792277818,-0.20266343404991));
#12722=DIRECTION('center_axis',(-0.868604106819237,-0.495506716015793,0.));
#12723=DIRECTION('ref_axis',(-0.100421092662555,0.176034291117842,0.979248452895943));
#12724=DIRECTION('center_axis',(-0.868604106819237,-0.495506716015793,0.));
#12725=DIRECTION('ref_axis',(-0.495506716015795,0.868604106819236,0.));
#12726=DIRECTION('center_axis',(-0.868604106819237,-0.495506716015793,0.));
#12727=DIRECTION('ref_axis',(-0.100421092662555,0.176034291117842,0.979248452895943));
#12728=DIRECTION('',(0.485224185058014,-0.850579227781798,-0.202663434049923));
#12729=DIRECTION('center_axis',(0.868604106819237,0.495506716015793,0.));
#12730=DIRECTION('ref_axis',(-0.495506716015793,0.868604106819237,0.));
#12731=DIRECTION('',(-0.100421092664301,0.176034291120903,0.979248452895213));
#12732=DIRECTION('center_axis',(-0.868604106819237,-0.495506716015793,0.));
#12733=DIRECTION('ref_axis',(0.485224185057653,-0.850579227781166,0.202663434053437));
#12734=DIRECTION('center_axis',(-0.868604106819237,-0.495506716015793,0.));
#12735=DIRECTION('ref_axis',(-0.495506716015795,0.868604106819236,0.));
#12736=DIRECTION('center_axis',(-0.868604106819237,-0.495506716015793,0.));
#12737=DIRECTION('ref_axis',(0.485224185057653,-0.850579227781166,0.202663434053437));
#12738=DIRECTION('',(-0.100421092664305,0.176034291120911,-0.979248452895212));
#12739=DIRECTION('center_axis',(0.868604106819237,0.495506716015793,0.));
#12740=DIRECTION('ref_axis',(-0.495506716015793,0.868604106819237,0.));
#12741=DIRECTION('center_axis',(-0.868604106819237,-0.495506716015793,0.));
#12742=DIRECTION('ref_axis',(0.495506716015793,-0.868604106819237,0.));
#12743=DIRECTION('center_axis',(-0.868604106819237,-0.495506716015793,0.));
#12744=DIRECTION('ref_axis',(-0.495506716015793,0.868604106819237,0.));
#12745=DIRECTION('center_axis',(-0.868604106819237,-0.495506716015793,0.));
#12746=DIRECTION('ref_axis',(0.495506716015793,-0.868604106819237,0.));
#12747=DIRECTION('',(-0.100421092664306,0.176034291120912,-0.979248452895211));
#12748=DIRECTION('center_axis',(0.868604106819237,0.495506716015793,1.15817049401008E-20));
#12749=DIRECTION('ref_axis',(-0.485224185057654,0.850579227781166,-0.202663434053436));
#12750=DIRECTION('center_axis',(-0.868604106819237,-0.495506716015793,0.));
#12751=DIRECTION('ref_axis',(0.495506716015793,-0.868604106819237,0.));
#12752=DIRECTION('center_axis',(0.868604106819237,0.495506716015793,1.294093974273E-19));
#12753=DIRECTION('ref_axis',(0.100421092662553,-0.17603429111784,-0.979248452895943));
#12754=DIRECTION('',(-0.485224185058015,0.850579227781799,-0.202663434049912));
#12755=DIRECTION('center_axis',(-0.868604106819237,-0.495506716015793,0.));
#12756=DIRECTION('ref_axis',(0.495506716015793,-0.868604106819237,-5.25249914422221E-14));
#12757=DIRECTION('',(-0.868604106819237,-0.495506716015793,0.));
#12758=DIRECTION('',(0.868604106819237,0.495506716015793,0.));
#12759=DIRECTION('center_axis',(-0.868604106819237,-0.495506716015794,0.));
#12760=DIRECTION('ref_axis',(-0.495506716015793,0.868604106819237,0.));
#12761=DIRECTION('center_axis',(-0.868604106819237,-0.495506716015793,0.));
#12762=DIRECTION('ref_axis',(-0.495506716015793,0.868604106819237,0.));
#12763=DIRECTION('',(-0.868604106819237,-0.495506716015793,0.));
#12764=DIRECTION('center_axis',(0.868604106819237,0.495506716015794,0.));
#12765=DIRECTION('ref_axis',(-0.495506716015793,0.868604106819237,0.));
#12766=DIRECTION('center_axis',(0.868604106819237,0.495506716015793,0.));
#12767=DIRECTION('ref_axis',(0.495506716015793,-0.868604106819237,0.));
#12768=DIRECTION('center_axis',(0.868604106819237,0.495506716015793,0.));
#12769=DIRECTION('ref_axis',(0.495506716015793,-0.868604106819237,0.));
#12770=DIRECTION('',(0.868604106819237,0.495506716015793,0.));
#12771=DIRECTION('center_axis',(0.868604106819237,0.495506716015793,0.));
#12772=DIRECTION('ref_axis',(0.495506716015793,-0.868604106819237,0.));
#12773=DIRECTION('center_axis',(0.868604106819237,0.495506716015793,0.));
#12774=DIRECTION('ref_axis',(0.495506716015793,-0.868604106819237,0.));
#12775=DIRECTION('',(0.868604106819237,0.495506716015793,0.));
#12776=DIRECTION('center_axis',(-0.868604106819237,-0.495506716015793,0.));
#12777=DIRECTION('ref_axis',(0.495506716015793,-0.868604106819237,0.));
#12778=DIRECTION('center_axis',(-0.414348637176791,0.726337133834615,0.548406395734635));
#12779=DIRECTION('ref_axis',(-0.868604106819236,-0.495506716015794,0.));
#12780=DIRECTION('',(0.868604106819236,0.495506716015794,0.));
#12781=DIRECTION('',(0.271739052192545,-0.476348047541029,0.836211949877151));
#12782=DIRECTION('',(-0.868604106819236,-0.495506716015794,0.));
#12783=DIRECTION('',(0.271739052192545,-0.476348047541029,0.836211949877151));
#12784=DIRECTION('center_axis',(-0.414348637176702,0.726337133834665,0.548406395734635));
#12785=DIRECTION('ref_axis',(-0.868604106819279,-0.495506716015719,5.52542431190321E-14));
#12786=DIRECTION('',(-0.868604106819279,-0.495506716015719,5.52542431190321E-14));
#12787=DIRECTION('',(0.271739052192545,-0.476348047541029,0.836211949877151));
#12788=DIRECTION('',(-0.868604106819279,-0.495506716015719,5.52542431190321E-14));
#12789=DIRECTION('',(0.271739052192545,-0.476348047541029,0.836211949877151));
#12790=DIRECTION('center_axis',(0.868604106819231,0.495506716015803,-1.73749903353837E-14));
#12791=DIRECTION('ref_axis',(-0.414348637176797,0.726337133834628,0.548406395734613));
#12792=DIRECTION('',(0.415843825552996,-0.728958141223745,-0.54377747387426));
#12793=DIRECTION('',(-0.414348637176797,0.726337133834628,0.548406395734613));
#12794=DIRECTION('',(0.271739052192545,-0.476348047541029,0.836211949877151));
#12795=DIRECTION('',(0.269445390322798,-0.472327347002972,0.839229443541472));
#12796=DIRECTION('center_axis',(0.414348637176791,-0.726337133834615,-0.548406395734635));
#12797=DIRECTION('ref_axis',(0.868604106819236,0.495506716015794,4.71851988801941E-16));
#12798=DIRECTION('',(0.868604106819236,0.495506716015794,4.71851988801941E-16));
#12799=DIRECTION('',(0.868604106819236,0.495506716015794,4.71851988801941E-16));
#12800=DIRECTION('',(0.271739052192545,-0.476348047541029,0.836211949877151));
#12801=DIRECTION('center_axis',(0.41434863717679,-0.726337133834615,-0.548406395734635));
#12802=DIRECTION('ref_axis',(0.868604106819237,0.495506716015793,0.));
#12803=DIRECTION('',(-0.868604106819237,-0.495506716015793,0.));
#12804=DIRECTION('',(0.271739052192545,-0.476348047541029,0.836211949877151));
#12805=DIRECTION('',(0.868604106819237,0.495506716015793,0.));
#12806=DIRECTION('',(0.271739052192545,-0.476348047541029,0.836211949877151));
#12807=DIRECTION('center_axis',(0.271739052192545,-0.476348047541029,0.836211949877151));
#12808=DIRECTION('ref_axis',(-0.474694234837979,-0.822194532799411,-0.314104335605773));
#12809=DIRECTION('',(0.414348637176797,-0.726337133834628,-0.548406395734613));
#12810=DIRECTION('',(-0.414348637176797,0.726337133834628,0.548406395734613));
#12811=DIRECTION('',(-0.414348637176797,0.726337133834628,0.548406395734613));
#12812=DIRECTION('center_axis',(-0.868604106819237,-0.495506716015793,0.));
#12813=DIRECTION('ref_axis',(0.495506716015793,-0.868604106819237,0.));
#12814=DIRECTION('center_axis',(0.868604106819237,0.495506716015793,0.));
#12815=DIRECTION('ref_axis',(-0.3515906074065,0.616324735147731,-0.704647334223729));
#12816=DIRECTION('',(-0.349157486530483,0.612059568365958,0.70955770334159));
#12817=DIRECTION('center_axis',(0.868604106819237,0.495506716015793,0.));
#12818=DIRECTION('ref_axis',(0.495506716015793,-0.868604106819237,0.));
#12819=DIRECTION('center_axis',(-0.868604106819237,-0.495506716015794,5.55111512312578E-17));
#12820=DIRECTION('ref_axis',(-0.421024258623249,0.738039240015108,-0.52729181090613));
#12821=DIRECTION('center_axis',(0.868604106819237,0.495506716015793,0.));
#12822=DIRECTION('ref_axis',(-0.421024258623249,0.738039240015108,-0.52729181090613));
#12823=DIRECTION('',(-0.868604106819236,-0.495506716015794,5.55111512312578E-17));
#12824=DIRECTION('center_axis',(-0.868604106819237,-0.495506716015793,0.));
#12825=DIRECTION('ref_axis',(-0.421024258623249,0.738039240015108,-0.52729181090613));
#12826=DIRECTION('',(-0.868604106819236,-0.495506716015794,0.));
#12827=DIRECTION('center_axis',(-0.3515906074065,0.616324735147731,-0.704647334223729));
#12828=DIRECTION('ref_axis',(-0.349157486530483,0.612059568365958,0.70955770334159));
#12829=DIRECTION('',(-0.868604106819237,-0.495506716015793,0.));
#12830=DIRECTION('',(-0.349157486530483,0.612059568365958,0.70955770334159));
#12831=DIRECTION('',(-0.868604106819237,-0.495506716015793,0.));
#12832=DIRECTION('center_axis',(0.868604106819237,0.495506716015793,0.));
#12833=DIRECTION('ref_axis',(-0.3515906074065,0.616324735147731,-0.704647334223729));
#12834=DIRECTION('center_axis',(0.868604106819237,0.495506716015793,0.));
#12835=DIRECTION('ref_axis',(-0.3515906074065,0.616324735147731,-0.704647334223729));
#12836=DIRECTION('center_axis',(-0.868604106819237,-0.495506716015793,0.));
#12837=DIRECTION('ref_axis',(0.495506716015793,-0.868604106819237,0.));
#12838=DIRECTION('center_axis',(0.868604106819237,0.495506716015793,0.));
#12839=DIRECTION('ref_axis',(0.495506716015793,-0.868604106819237,0.));
#12840=DIRECTION('',(0.415843825552997,-0.728958141223746,-0.543777473874259));
#12841=DIRECTION('',(0.269445390322798,-0.472327347002972,0.839229443541472));
#12842=DIRECTION('',(-0.369087970570529,0.646996935970734,0.667209888134618));
#12843=DIRECTION('',(-0.269445390322799,0.472327347002974,-0.839229443541471));
#12844=DIRECTION('center_axis',(0.868604106819237,0.495506716015793,0.));
#12845=DIRECTION('ref_axis',(0.495506716015794,-0.868604106819236,0.));
#12846=DIRECTION('center_axis',(0.415843825552996,-0.728958141223744,-0.543777473874261));
#12847=DIRECTION('ref_axis',(0.269445390322799,-0.472327347002974,0.839229443541471));
#12848=DIRECTION('',(0.868604106819236,0.495506716015794,2.67777309837286E-17));
#12849=DIRECTION('',(-0.269445390322798,0.472327347002972,-0.839229443541472));
#12850=DIRECTION('',(0.269445390322798,-0.472327347002972,0.839229443541472));
#12851=DIRECTION('',(0.868604106819237,0.495506716015794,1.46091226050121E-19));
#12852=DIRECTION('center_axis',(0.33060698056285,-0.579541248944133,0.744869763901979));
#12853=DIRECTION('ref_axis',(-0.372437106887544,0.645079991753187,0.667204920285323));
#12854=DIRECTION('',(-0.369087970570529,0.646996935970734,0.667209888134618));
#12855=DIRECTION('center_axis',(-0.868604106819237,-0.495506716015793,0.));
#12856=DIRECTION('ref_axis',(0.495506716015793,-0.868604106819237,0.));
#12857=DIRECTION('center_axis',(-0.868604106819237,-0.495506716015793,0.));
#12858=DIRECTION('ref_axis',(0.495506716015793,-0.868604106819237,0.));
#12859=DIRECTION('',(-0.485224185058014,0.850579227781798,0.202663434049923));
#12860=DIRECTION('center_axis',(0.868604106819237,0.495506716015793,0.));
#12861=DIRECTION('ref_axis',(-0.100421092662555,0.176034291117842,0.979248452895943));
#12862=DIRECTION('center_axis',(0.868604106819237,0.495506716015793,0.));
#12863=DIRECTION('ref_axis',(-0.495506716015795,0.868604106819236,0.));
#12864=DIRECTION('center_axis',(0.868604106819237,0.495506716015793,0.));
#12865=DIRECTION('ref_axis',(-0.100421092662555,0.176034291117842,0.979248452895943));
#12866=DIRECTION('',(0.485224185058015,-0.8505792277818,0.20266343404991));
#12867=DIRECTION('',(0.100421092664305,-0.176034291120911,0.979248452895212));
#12868=DIRECTION('center_axis',(0.868604106819237,0.495506716015793,0.));
#12869=DIRECTION('ref_axis',(0.485224185057653,-0.850579227781166,0.202663434053437));
#12870=DIRECTION('center_axis',(0.868604106819237,0.495506716015793,0.));
#12871=DIRECTION('ref_axis',(-0.495506716015795,0.868604106819236,0.));
#12872=DIRECTION('center_axis',(0.868604106819237,0.495506716015793,0.));
#12873=DIRECTION('ref_axis',(0.485224185057653,-0.850579227781166,0.202663434053437));
#12874=DIRECTION('',(0.100421092664301,-0.176034291120903,-0.979248452895213));
#12875=DIRECTION('',(0.485224185058014,-0.850579227781798,-0.202663434049923));
#12876=DIRECTION('center_axis',(0.868604106819237,0.495506716015793,0.));
#12877=DIRECTION('ref_axis',(0.100421092662553,-0.17603429111784,-0.979248452895943));
#12878=DIRECTION('center_axis',(-0.868604106819237,-0.495506716015793,0.));
#12879=DIRECTION('ref_axis',(-0.495506716015793,0.868604106819237,0.));
#12880=DIRECTION('',(-0.415843825552996,0.728958141223745,0.54377747387426));
#12881=DIRECTION('',(0.269445390322798,-0.472327347002972,0.839229443541472));
#12882=DIRECTION('',(-0.415843825552996,0.728958141223745,0.54377747387426));
#12883=DIRECTION('center_axis',(0.868604106819237,0.495506716015793,0.));
#12884=DIRECTION('ref_axis',(0.269445390322799,-0.472327347002972,0.839229443541472));
#12885=DIRECTION('',(0.348260156998299,-0.61048658440503,-0.711351525835856));
#12886=DIRECTION('center_axis',(-0.868604106819237,-0.495506716015793,0.));
#12887=DIRECTION('ref_axis',(-0.495506716015793,0.868604106819237,0.));
#12888=DIRECTION('center_axis',(0.868604106819237,0.495506716015793,-3.03576608295941E-18));
#12889=DIRECTION('ref_axis',(-0.415843825552996,0.728958141223745,0.54377747387426));
#12890=DIRECTION('',(-0.415843825552996,0.728958141223745,0.54377747387426));
#12891=DIRECTION('',(0.269445390322798,-0.472327347002972,0.839229443541472));
#12892=DIRECTION('',(-0.415843825552996,0.728958141223745,0.54377747387426));
#12893=DIRECTION('center_axis',(-0.415843825552997,0.728958141223746,0.543777473874259));
#12894=DIRECTION('ref_axis',(-0.868604106819236,-0.495506716015794,0.));
#12895=DIRECTION('',(-0.868604106819237,-0.495506716015794,-1.46091226050121E-19));
#12896=DIRECTION('center_axis',(0.269445390322798,-0.472327347002972,0.839229443541472));
#12897=DIRECTION('ref_axis',(-0.41961638684715,0.726796901707741,0.543772334306712));
#12898=DIRECTION('center_axis',(-0.868604106819236,-0.495506716015795,-2.01899336019688E-18));
#12899=DIRECTION('ref_axis',(0.269445390322799,-0.472327347002972,0.839229443541472));
#12900=DIRECTION('',(-0.868604106819236,-0.495506716015795,-2.01899336019688E-18));
#12901=DIRECTION('',(0.868604106819236,0.495506716015795,2.01899336019688E-18));
#12902=DIRECTION('center_axis',(-0.35247945849975,0.617882856733155,-0.702836401085629));
#12903=DIRECTION('ref_axis',(0.348260156998299,-0.61048658440503,-0.711351525835856));
#12904=DIRECTION('',(0.868604106819237,0.495506716015793,0.));
#12905=DIRECTION('center_axis',(-0.868604106819237,-0.495506716015793,0.));
#12906=DIRECTION('ref_axis',(-0.495506716015793,0.868604106819237,0.));
#12907=DIRECTION('',(-0.868604106819237,-0.495506716015793,0.));
#12908=DIRECTION('',(0.868604106819237,0.495506716015793,0.));
#12909=DIRECTION('center_axis',(-0.868604106819237,-0.495506716015794,0.));
#12910=DIRECTION('ref_axis',(-0.495506716015793,0.868604106819237,0.));
#12911=DIRECTION('center_axis',(-0.868604106819237,-0.495506716015793,0.));
#12912=DIRECTION('ref_axis',(-0.495506716015793,0.868604106819237,0.));
#12913=DIRECTION('',(-0.868604106819237,-0.495506716015793,0.));
#12914=DIRECTION('center_axis',(-0.868604106819237,-0.495506716015794,0.));
#12915=DIRECTION('ref_axis',(-0.495506716015793,0.868604106819237,0.));
#12916=DIRECTION('center_axis',(-0.868604106819237,-0.495506716015793,0.));
#12917=DIRECTION('ref_axis',(-0.495506716015793,0.868604106819237,0.));
#12918=DIRECTION('',(-0.868604106819237,-0.495506716015793,0.));
#12919=DIRECTION('',(0.868604106819237,0.495506716015793,0.));
#12920=DIRECTION('center_axis',(-0.868604106819237,-0.495506716015794,0.));
#12921=DIRECTION('ref_axis',(-0.495506716015793,0.868604106819237,0.));
#12922=DIRECTION('center_axis',(0.868604106819237,0.495506716015794,0.));
#12923=DIRECTION('ref_axis',(-0.495506716015793,0.868604106819236,0.));
#12924=DIRECTION('',(0.100421092664301,-0.176034291120903,-0.979248452895213));
#12925=DIRECTION('',(0.100421092664305,-0.176034291120911,0.979248452895211));
#12926=DIRECTION('',(0.485224185058015,-0.8505792277818,0.20266343404991));
#12927=DIRECTION('',(-0.485224185058014,0.850579227781797,0.202663434049923));
#12928=DIRECTION('',(-0.100421092664306,0.176034291120912,-0.979248452895211));
#12929=DIRECTION('',(-0.485224185058015,0.8505792277818,-0.202663434049912));
#12930=DIRECTION('',(0.485224185058014,-0.850579227781798,-0.202663434049922));
#12931=DIRECTION('center_axis',(-0.485224185057652,0.850579227781164,0.202663434053446));
#12932=DIRECTION('ref_axis',(-0.100421092664306,0.176034291120912,-0.979248452895211));
#12933=DIRECTION('',(0.868604106819237,0.495506716015793,0.));
#12934=DIRECTION('',(-0.868604106819237,-0.495506716015793,0.));
#12935=DIRECTION('center_axis',(-0.100421092662555,0.176034291117843,0.979248452895943));
#12936=DIRECTION('ref_axis',(-0.485224185058015,0.850579227781799,-0.202663434049912));
#12937=DIRECTION('',(-0.868604106819237,-0.495506716015793,0.));
#12938=DIRECTION('center_axis',(-0.868604106819237,-0.495506716015793,0.));
#12939=DIRECTION('ref_axis',(-0.485224185057654,0.850579227781166,-0.202663434053436));
#12940=DIRECTION('',(-0.868604106819237,-0.495506716015793,0.));
#12941=DIRECTION('center_axis',(0.868604106819237,0.495506716015793,0.));
#12942=DIRECTION('ref_axis',(-0.495506716015793,0.868604106819237,0.));
#12943=DIRECTION('',(-0.868604106819237,-0.495506716015793,0.));
#12944=DIRECTION('center_axis',(-0.868604106819237,-0.495506716015793,0.));
#12945=DIRECTION('ref_axis',(0.100421092662553,-0.17603429111784,-0.979248452895943));
#12946=DIRECTION('center_axis',(-0.10042109266256,0.176034291117852,-0.97924845289594));
#12947=DIRECTION('ref_axis',(0.485224185058014,-0.850579227781797,-0.202663434049923));
#12948=DIRECTION('',(-0.868604106819237,-0.495506716015793,0.));
#12949=DIRECTION('',(-0.868604106819237,-0.495506716015793,0.));
#12950=DIRECTION('center_axis',(0.485224185057653,-0.850579227781165,-0.202663434053444));
#12951=DIRECTION('ref_axis',(0.100421092664305,-0.176034291120911,0.979248452895212));
#12952=DIRECTION('',(-0.868604106819237,-0.495506716015793,0.));
#12953=DIRECTION('',(-0.868604106819237,-0.495506716015793,0.));
#12954=DIRECTION('center_axis',(0.100421092662561,-0.176034291117853,0.97924845289594));
#12955=DIRECTION('ref_axis',(-0.485224185058014,0.850579227781797,0.202663434049923));
#12956=DIRECTION('',(-0.868604106819237,-0.495506716015793,0.));
#12957=DIRECTION('center_axis',(0.868604106819237,0.495506716015793,0.));
#12958=DIRECTION('ref_axis',(-0.495506716015793,0.868604106819237,0.));
#12959=DIRECTION('center_axis',(0.868604106819237,0.495506716015793,0.));
#12960=DIRECTION('ref_axis',(-0.495506716015793,0.868604106819237,0.));
#12961=DIRECTION('',(0.868604106819237,0.495506716015793,0.));
#12962=DIRECTION('',(-0.868604106819237,-0.495506716015793,0.));
#12963=DIRECTION('center_axis',(-0.868604106819237,-0.495506716015793,0.));
#12964=DIRECTION('ref_axis',(-0.100421092662555,0.176034291117842,0.979248452895943));
#12965=DIRECTION('',(-0.868604106819237,-0.495506716015793,0.));
#12966=DIRECTION('center_axis',(-0.868604106819236,-0.495506716015795,0.));
#12967=DIRECTION('ref_axis',(-0.495506716015795,0.868604106819236,0.));
#12968=DIRECTION('',(-0.868604106819237,-0.495506716015793,0.));
#12969=DIRECTION('center_axis',(-0.868604106819237,-0.495506716015793,0.));
#12970=DIRECTION('ref_axis',(-0.100421092662555,0.176034291117842,0.979248452895943));
#12971=DIRECTION('',(-0.868604106819237,-0.495506716015793,0.));
#12972=DIRECTION('center_axis',(0.269445390322799,-0.472327347002972,0.839229443541472));
#12973=DIRECTION('ref_axis',(-0.415843825552996,0.728958141223745,0.54377747387426));
#12974=DIRECTION('center_axis',(-0.868604106819237,-0.495506716015793,0.));
#12975=DIRECTION('ref_axis',(0.100421092662553,-0.17603429111784,-0.979248452895943));
#12976=DIRECTION('center_axis',(-0.868604106819236,-0.495506716015795,0.));
#12977=DIRECTION('ref_axis',(-0.495506716015795,0.868604106819236,0.));
#12978=DIRECTION('',(-0.868604106819237,-0.495506716015793,0.));
#12979=DIRECTION('',(-0.868604106819237,-0.495506716015793,0.));
#12980=DIRECTION('center_axis',(0.100421092662554,-0.176034291117842,-0.979248452895943));
#12981=DIRECTION('ref_axis',(0.485224185058016,-0.850579227781799,0.20266343404991));
#12982=DIRECTION('center_axis',(-0.868604106819237,-0.495506716015793,0.));
#12983=DIRECTION('ref_axis',(0.485224185057653,-0.850579227781166,0.202663434053437));
#12984=DIRECTION('center_axis',(-0.485224185057654,0.850579227781166,-0.202663434053435));
#12985=DIRECTION('ref_axis',(0.100421092664301,-0.176034291120903,-0.979248452895213));
#12986=DIRECTION('',(-0.868604106819237,-0.495506716015793,0.));
#12987=DIRECTION('center_axis',(-0.868604106819237,-0.495506716015793,0.));
#12988=DIRECTION('ref_axis',(0.485224185057653,-0.850579227781166,0.202663434053437));
#12989=DIRECTION('center_axis',(0.868604106819236,0.495506716015794,0.));
#12990=DIRECTION('ref_axis',(0.495506716015794,-0.868604106819236,0.));
#12991=DIRECTION('center_axis',(0.868604106819237,0.495506716015793,0.));
#12992=DIRECTION('ref_axis',(0.495506716015793,-0.868604106819237,0.));
#12993=DIRECTION('',(-0.868604106819236,-0.495506716015794,0.));
#12994=DIRECTION('center_axis',(-0.868604106819237,-0.495506716015793,0.));
#12995=DIRECTION('ref_axis',(0.495506716015793,-0.868604106819237,0.));
#12996=DIRECTION('',(0.,0.,1.));
#12997=DIRECTION('',(-0.999986580344849,0.00518064959413868,0.));
#12998=DIRECTION('',(0.,0.,1.));
#12999=DIRECTION('',(0.495506716015794,-0.868604106819237,0.));
#13000=DIRECTION('',(0.,0.,1.));
#13001=DIRECTION('',(0.504479864329054,0.863423457225098,0.));
#13002=DIRECTION('',(0.233723520941456,0.400020664361871,0.886203579231214));
#13003=DIRECTION('',(0.863423457225098,-0.504479864329054,-1.91844835572659E-17));
#13004=DIRECTION('',(0.00264143832330734,0.00452085399323113,0.999986292247433));
#13005=DIRECTION('',(0.99998312270227,-0.00518656739169829,-0.00261798191571133));
#13006=DIRECTION('',(-0.515224173421892,-1.22944903177028E-16,0.857055453936156));
#13007=DIRECTION('',(5.63857176303301E-15,-1.,3.31883003025513E-15));
#13008=DIRECTION('',(0.270468298580789,-0.468464834978637,0.841063373266992));
#13009=DIRECTION('',(0.866025403784439,0.500000000000001,5.96942974788174E-16));
#13010=DIRECTION('center_axis',(0.,0.,1.));
#13011=DIRECTION('ref_axis',(1.,0.,0.));
#13012=CARTESIAN_POINT('',(0.,0.,0.));
#13013=CARTESIAN_POINT('',(0.,0.,0.));
#13014=CARTESIAN_POINT('',(0.,0.,0.));
#13015=CARTESIAN_POINT('',(0.,0.,0.));
#13016=CARTESIAN_POINT('',(0.,0.,0.));
#13017=CARTESIAN_POINT('',(0.,0.,0.));
#13018=CARTESIAN_POINT('',(0.,0.,0.));
#13019=CARTESIAN_POINT('Origin',(-9.99999999999999,42.45,0.));
#13020=CARTESIAN_POINT('',(-14.35,45.45,5.32721357629099E-16));
#13021=CARTESIAN_POINT('Origin',(-9.99999999999999,45.45,0.));
#13022=CARTESIAN_POINT('',(-14.35,42.45,5.32721357629099E-16));
#13023=CARTESIAN_POINT('',(-14.35,42.45,5.32721357629099E-16));
#13024=CARTESIAN_POINT('Origin',(-9.99999999999999,42.45,0.));
#13025=CARTESIAN_POINT('Origin',(-9.99999999999999,42.45,0.));
#13026=CARTESIAN_POINT('',(-7.09999999999999,42.45,-3.55147571752732E-16));
#13027=CARTESIAN_POINT('Origin',(-9.99999999999999,42.45,0.));
#13028=CARTESIAN_POINT('Origin',(-24.25,31.25,5.));
#13029=CARTESIAN_POINT('',(-21.25,28.75,5.));
#13030=CARTESIAN_POINT('Origin',(-24.25,28.75,5.));
#13031=CARTESIAN_POINT('',(-21.25,30.,5.));
#13032=CARTESIAN_POINT('',(-21.25,31.25,5.));
#13033=CARTESIAN_POINT('',(-27.,30.,6.19895788082821));
#13034=CARTESIAN_POINT('Origin',(-24.25,30.,5.));
#13035=CARTESIAN_POINT('',(-27.,32.5,6.19895788082821));
#13036=CARTESIAN_POINT('',(-27.,31.25,6.19895788082821));
#13037=CARTESIAN_POINT('',(-21.25,32.5,5.));
#13038=CARTESIAN_POINT('Origin',(-24.25,32.5,5.));
#13039=CARTESIAN_POINT('',(-21.25,33.75,5.));
#13040=CARTESIAN_POINT('',(-21.25,31.25,5.));
#13041=CARTESIAN_POINT('Origin',(-24.25,33.75,5.));
#13042=CARTESIAN_POINT('',(-27.,32.5,3.80104211917179));
#13043=CARTESIAN_POINT('Origin',(-24.25,32.5,5.));
#13044=CARTESIAN_POINT('',(-27.,30.,3.80104211917179));
#13045=CARTESIAN_POINT('',(-27.,31.25,3.80104211917179));
#13046=CARTESIAN_POINT('Origin',(-24.25,30.,5.));
#13047=CARTESIAN_POINT('Origin',(-24.25,33.75,5.));
#13048=CARTESIAN_POINT('',(-22.625,33.75,5.));
#13049=CARTESIAN_POINT('Origin',(-24.25,33.75,5.));
#13050=CARTESIAN_POINT('Origin',(-24.25,31.25,5.));
#13051=CARTESIAN_POINT('',(-22.625,28.75,5.));
#13052=CARTESIAN_POINT('Origin',(-24.25,28.75,5.));
#13053=CARTESIAN_POINT('',(-22.625,31.25,5.));
#13054=CARTESIAN_POINT('Origin',(-24.25,28.75,5.));
#13055=CARTESIAN_POINT('Origin',(-20.,32.5,10.));
#13056=CARTESIAN_POINT('',(-27.,32.5,9.5));
#13057=CARTESIAN_POINT('',(-27.,32.5,5.));
#13058=CARTESIAN_POINT('',(-20.,32.5,9.5));
#13059=CARTESIAN_POINT('',(-20.,32.5,9.5));
#13060=CARTESIAN_POINT('',(-20.,32.5,-9.5));
#13061=CARTESIAN_POINT('',(-20.,32.5,0.));
#13062=CARTESIAN_POINT('',(-27.,32.5,-9.5));
#13063=CARTESIAN_POINT('',(0.,32.5,-9.5));
#13064=CARTESIAN_POINT('',(-27.,32.5,-6.19895788082821));
#13065=CARTESIAN_POINT('',(-27.,32.5,5.));
#13066=CARTESIAN_POINT('',(-21.25,32.5,-5.));
#13067=CARTESIAN_POINT('Origin',(-24.25,32.5,-5.));
#13068=CARTESIAN_POINT('',(-27.,32.5,-3.80104211917179));
#13069=CARTESIAN_POINT('Origin',(-24.25,32.5,-5.));
#13070=CARTESIAN_POINT('',(-27.,32.5,5.));
#13071=CARTESIAN_POINT('Origin',(-27.,31.25,0.));
#13072=CARTESIAN_POINT('',(-27.,30.,9.5));
#13073=CARTESIAN_POINT('',(-27.,30.,-5.));
#13074=CARTESIAN_POINT('',(-27.,15.625,9.5));
#13075=CARTESIAN_POINT('Origin',(-27.,31.25,0.));
#13076=CARTESIAN_POINT('',(-27.,30.,-3.80104211917179));
#13077=CARTESIAN_POINT('',(-27.,31.25,-3.80104211917179));
#13078=CARTESIAN_POINT('',(-27.,30.,-5.));
#13079=CARTESIAN_POINT('Origin',(-27.,31.25,0.));
#13080=CARTESIAN_POINT('',(-27.,30.,-6.19895788082821));
#13081=CARTESIAN_POINT('',(-27.,31.25,-6.19895788082821));
#13082=CARTESIAN_POINT('',(-27.,30.,-9.5));
#13083=CARTESIAN_POINT('',(-27.,15.625,-9.5));
#13084=CARTESIAN_POINT('',(-27.,30.,-5.));
#13085=CARTESIAN_POINT('Origin',(27.,31.25,0.));
#13086=CARTESIAN_POINT('',(27.,30.,-6.19895788082819));
#13087=CARTESIAN_POINT('',(27.,32.5,-6.19895788082819));
#13088=CARTESIAN_POINT('',(27.,31.25,-6.19895788082819));
#13089=CARTESIAN_POINT('',(27.,30.,-9.5));
#13090=CARTESIAN_POINT('',(27.,30.,-10.));
#13091=CARTESIAN_POINT('',(27.,32.5,-9.5));
#13092=CARTESIAN_POINT('',(27.,15.625,-9.5));
#13093=CARTESIAN_POINT('',(27.,32.5,10.));
#13094=CARTESIAN_POINT('Origin',(27.,31.25,0.));
#13095=CARTESIAN_POINT('',(27.,30.,3.80104211917181));
#13096=CARTESIAN_POINT('',(27.,32.5,3.80104211917181));
#13097=CARTESIAN_POINT('',(27.,31.25,3.80104211917181));
#13098=CARTESIAN_POINT('',(27.,30.,-3.80104211917181));
#13099=CARTESIAN_POINT('',(27.,30.,-10.));
#13100=CARTESIAN_POINT('',(27.,32.5,-3.80104211917181));
#13101=CARTESIAN_POINT('',(27.,31.25,-3.80104211917181));
#13102=CARTESIAN_POINT('',(27.,32.5,10.));
#13103=CARTESIAN_POINT('Origin',(27.,31.25,0.));
#13104=CARTESIAN_POINT('',(27.,32.5,6.19895788082819));
#13105=CARTESIAN_POINT('',(27.,30.,6.19895788082819));
#13106=CARTESIAN_POINT('',(27.,31.25,6.19895788082819));
#13107=CARTESIAN_POINT('',(27.,32.5,9.5));
#13108=CARTESIAN_POINT('',(27.,32.5,10.));
#13109=CARTESIAN_POINT('',(27.,30.,9.5));
#13110=CARTESIAN_POINT('',(27.,15.625,9.5));
#13111=CARTESIAN_POINT('',(27.,30.,-10.));
#13112=CARTESIAN_POINT('Origin',(20.,32.5,-10.));
#13113=CARTESIAN_POINT('Origin',(24.25,32.5,5.));
#13114=CARTESIAN_POINT('Origin',(24.25,32.5,-5.));
#13115=CARTESIAN_POINT('',(20.,32.5,-9.5));
#13116=CARTESIAN_POINT('',(20.,32.5,-9.5));
#13117=CARTESIAN_POINT('',(20.,32.5,9.5));
#13118=CARTESIAN_POINT('',(20.,32.5,0.));
#13119=CARTESIAN_POINT('',(0.,32.5,9.5));
#13120=CARTESIAN_POINT('Origin',(-9.99999999999999,40.2,0.));
#13121=CARTESIAN_POINT('',(-7.09999999999999,42.2,3.55147571752732E-16));
#13122=CARTESIAN_POINT('',(-7.09999999999999,40.2,-3.55147571752732E-16));
#13123=CARTESIAN_POINT('Origin',(-9.99999999999999,42.2,0.));
#13124=CARTESIAN_POINT('Origin',(-19.5,0.,-9.5));
#13125=CARTESIAN_POINT('',(-19.5,39.7,-10.));
#13126=CARTESIAN_POINT('',(-19.5,32.,-10.));
#13127=CARTESIAN_POINT('',(-19.5,0.,-10.));
#13128=CARTESIAN_POINT('Origin',(-19.5,32.,-9.5));
#13129=CARTESIAN_POINT('',(-20.,40.2,-9.5));
#13130=CARTESIAN_POINT('',(-20.,0.,-9.5));
#13131=CARTESIAN_POINT('Origin',(-19.5,39.7,-9.5));
#13132=CARTESIAN_POINT('Origin',(19.5,0.,-9.5));
#13133=CARTESIAN_POINT('',(20.,40.2,-9.5));
#13134=CARTESIAN_POINT('',(20.,0.,-9.5));
#13135=CARTESIAN_POINT('',(19.5,32.,-10.));
#13136=CARTESIAN_POINT('Origin',(19.5,32.,-9.5));
#13137=CARTESIAN_POINT('',(19.5,39.7,-10.));
#13138=CARTESIAN_POINT('',(19.5,0.,-10.));
#13139=CARTESIAN_POINT('Origin',(19.5,39.7,-9.5));
#13140=CARTESIAN_POINT('Origin',(0.,32.,-9.5));
#13141=CARTESIAN_POINT('',(-26.5,32.,-10.));
#13142=CARTESIAN_POINT('',(0.,32.,-10.));
#13143=CARTESIAN_POINT('Origin',(-26.5,32.,-9.5));
#13144=CARTESIAN_POINT('Origin',(20.,32.,-9.5));
#13145=CARTESIAN_POINT('',(26.5,32.,-10.));
#13146=CARTESIAN_POINT('Origin',(26.5,32.,-9.5));
#13147=CARTESIAN_POINT('',(20.,32.,-10.));
#13148=CARTESIAN_POINT('Origin',(0.,30.5,-9.5));
#13149=CARTESIAN_POINT('',(-26.5,30.5,-10.));
#13150=CARTESIAN_POINT('',(-19.5,30.5,-10.));
#13151=CARTESIAN_POINT('',(0.,30.5,-10.));
#13152=CARTESIAN_POINT('',(-20.,30.,-9.5));
#13153=CARTESIAN_POINT('Origin',(-19.5,30.5,-9.5));
#13154=CARTESIAN_POINT('',(0.,30.,-9.5));
#13155=CARTESIAN_POINT('Origin',(-26.5,30.5,-9.5));
#13156=CARTESIAN_POINT('Origin',(10.,0.5,-9.5));
#13157=CARTESIAN_POINT('',(-19.5,0.5,-10.));
#13158=CARTESIAN_POINT('',(19.5,0.5,-10.));
#13159=CARTESIAN_POINT('',(10.,0.5,-10.));
#13160=CARTESIAN_POINT('',(20.,0.,-9.5));
#13161=CARTESIAN_POINT('Origin',(19.5,0.5,-9.5));
#13162=CARTESIAN_POINT('',(-20.,0.,-9.5));
#13163=CARTESIAN_POINT('',(10.,0.,-9.5));
#13164=CARTESIAN_POINT('Origin',(-19.5,0.5,-9.5));
#13165=CARTESIAN_POINT('Origin',(19.5,0.,-9.5));
#13166=CARTESIAN_POINT('',(20.,30.,-9.5));
#13167=CARTESIAN_POINT('',(20.,0.,-9.5));
#13168=CARTESIAN_POINT('',(19.5,30.5,-10.));
#13169=CARTESIAN_POINT('',(19.5,0.,-10.));
#13170=CARTESIAN_POINT('Origin',(19.5,30.5,-9.5));
#13171=CARTESIAN_POINT('Origin',(-19.5,0.,-9.5));
#13172=CARTESIAN_POINT('',(-19.5,0.,-10.));
#13173=CARTESIAN_POINT('',(-20.,0.,-9.5));
#13174=CARTESIAN_POINT('Origin',(20.,30.5,-9.5));
#13175=CARTESIAN_POINT('',(20.,30.,-9.5));
#13176=CARTESIAN_POINT('',(26.5,30.5,-10.));
#13177=CARTESIAN_POINT('',(20.,30.5,-10.));
#13178=CARTESIAN_POINT('Origin',(26.5,30.5,-9.5));
#13179=CARTESIAN_POINT('Origin',(26.5,15.625,-9.5));
#13180=CARTESIAN_POINT('',(26.5,15.625,-10.));
#13181=CARTESIAN_POINT('Origin',(-26.5,15.625,-9.5));
#13182=CARTESIAN_POINT('',(-26.5,15.625,-10.));
#13183=CARTESIAN_POINT('Origin',(10.,39.7,-9.5));
#13184=CARTESIAN_POINT('',(10.,40.2,-9.5));
#13185=CARTESIAN_POINT('',(10.,39.7,-10.));
#13186=CARTESIAN_POINT('Origin',(-20.,0.,-10.));
#13187=CARTESIAN_POINT('',(-20.,40.2,9.5));
#13188=CARTESIAN_POINT('',(-20.,0.,9.5));
#13189=CARTESIAN_POINT('',(-20.,40.2,-10.));
#13190=CARTESIAN_POINT('Origin',(-20.,30.,-10.));
#13191=CARTESIAN_POINT('',(-21.25,30.,-5.));
#13192=CARTESIAN_POINT('Origin',(-24.25,30.,-5.));
#13193=CARTESIAN_POINT('Origin',(-24.25,30.,-5.));
#13194=CARTESIAN_POINT('',(-20.,30.,9.5));
#13195=CARTESIAN_POINT('',(-20.,30.,-10.));
#13196=CARTESIAN_POINT('',(-20.,30.,9.5));
#13197=CARTESIAN_POINT('Origin',(-20.,0.,-10.));
#13198=CARTESIAN_POINT('',(-20.,0.,9.5));
#13199=CARTESIAN_POINT('',(-20.,0.,-10.));
#13200=CARTESIAN_POINT('',(-20.,0.,9.5));
#13201=CARTESIAN_POINT('Origin',(0.,0.,0.));
#13202=CARTESIAN_POINT('',(20.,0.,9.5));
#13203=CARTESIAN_POINT('',(20.,0.,10.));
#13204=CARTESIAN_POINT('',(-10.,0.,9.5));
#13205=CARTESIAN_POINT('Origin',(20.,0.,-10.));
#13206=CARTESIAN_POINT('Origin',(19.5,0.,9.5));
#13207=CARTESIAN_POINT('',(19.5,39.7,10.));
#13208=CARTESIAN_POINT('',(19.5,32.,10.));
#13209=CARTESIAN_POINT('',(19.5,0.,10.));
#13210=CARTESIAN_POINT('Origin',(19.5,32.,9.5));
#13211=CARTESIAN_POINT('',(20.,40.2,9.5));
#13212=CARTESIAN_POINT('',(20.,0.,9.5));
#13213=CARTESIAN_POINT('Origin',(19.5,39.7,9.5));
#13214=CARTESIAN_POINT('Origin',(-19.5,0.,9.5));
#13215=CARTESIAN_POINT('',(-19.5,32.,10.));
#13216=CARTESIAN_POINT('Origin',(-19.5,32.,9.5));
#13217=CARTESIAN_POINT('',(-19.5,39.7,10.));
#13218=CARTESIAN_POINT('',(-19.5,0.,10.));
#13219=CARTESIAN_POINT('Origin',(-19.5,39.7,9.5));
#13220=CARTESIAN_POINT('Origin',(0.,32.,9.5));
#13221=CARTESIAN_POINT('',(26.5,32.,10.));
#13222=CARTESIAN_POINT('',(0.,32.,10.));
#13223=CARTESIAN_POINT('Origin',(26.5,32.,9.5));
#13224=CARTESIAN_POINT('Origin',(-20.,32.,9.5));
#13225=CARTESIAN_POINT('',(-26.5,32.,10.));
#13226=CARTESIAN_POINT('Origin',(-26.5,32.,9.5));
#13227=CARTESIAN_POINT('',(-20.,32.,10.));
#13228=CARTESIAN_POINT('Origin',(0.,30.5,9.5));
#13229=CARTESIAN_POINT('',(26.5,30.5,10.));
#13230=CARTESIAN_POINT('',(19.5,30.5,10.));
#13231=CARTESIAN_POINT('',(0.,30.5,10.));
#13232=CARTESIAN_POINT('',(20.,30.,9.5));
#13233=CARTESIAN_POINT('Origin',(19.5,30.5,9.5));
#13234=CARTESIAN_POINT('',(0.,30.,9.5));
#13235=CARTESIAN_POINT('Origin',(26.5,30.5,9.5));
#13236=CARTESIAN_POINT('Origin',(19.5,0.,9.5));
#13237=CARTESIAN_POINT('',(19.5,0.5,10.));
#13238=CARTESIAN_POINT('',(19.5,0.,10.));
#13239=CARTESIAN_POINT('Origin',(19.5,0.5,9.5));
#13240=CARTESIAN_POINT('',(20.,0.,9.5));
#13241=CARTESIAN_POINT('Origin',(-10.,0.5,9.5));
#13242=CARTESIAN_POINT('',(-19.5,0.5,10.));
#13243=CARTESIAN_POINT('',(-10.,0.5,10.));
#13244=CARTESIAN_POINT('Origin',(-19.5,0.5,9.5));
#13245=CARTESIAN_POINT('Origin',(-19.5,0.,9.5));
#13246=CARTESIAN_POINT('',(-19.5,30.5,10.));
#13247=CARTESIAN_POINT('',(-19.5,0.,10.));
#13248=CARTESIAN_POINT('Origin',(-19.5,30.5,9.5));
#13249=CARTESIAN_POINT('Origin',(-20.,30.5,9.5));
#13250=CARTESIAN_POINT('',(-26.5,30.5,10.));
#13251=CARTESIAN_POINT('',(-20.,30.5,10.));
#13252=CARTESIAN_POINT('Origin',(-26.5,30.5,9.5));
#13253=CARTESIAN_POINT('Origin',(-26.5,15.625,9.5));
#13254=CARTESIAN_POINT('',(-26.5,15.625,10.));
#13255=CARTESIAN_POINT('Origin',(26.5,15.625,9.5));
#13256=CARTESIAN_POINT('',(26.5,15.625,10.));
#13257=CARTESIAN_POINT('Origin',(-10.,39.7,9.5));
#13258=CARTESIAN_POINT('',(-10.,40.2,9.5));
#13259=CARTESIAN_POINT('',(-10.,39.7,10.));
#13260=CARTESIAN_POINT('Origin',(0.,40.2,0.));
#13261=CARTESIAN_POINT('',(20.,40.2,10.));
#13262=CARTESIAN_POINT('',(-3.49999999999999,40.2,-7.9602041944578E-16));
#13263=CARTESIAN_POINT('Origin',(-9.99999999999999,40.2,0.));
#13264=CARTESIAN_POINT('Origin',(20.,0.,10.));
#13265=CARTESIAN_POINT('Origin',(20.,30.,10.));
#13266=CARTESIAN_POINT('Origin',(24.25,30.,5.));
#13267=CARTESIAN_POINT('',(20.,30.,10.));
#13268=CARTESIAN_POINT('Origin',(24.25,30.,-5.));
#13269=CARTESIAN_POINT('Origin',(-20.,0.,10.));
#13270=CARTESIAN_POINT('Origin',(20.,0.,10.));
#13271=CARTESIAN_POINT('Origin',(-9.99999999999999,46.2,0.));
#13272=CARTESIAN_POINT('',(-12.9,46.2,3.55147571752732E-16));
#13273=CARTESIAN_POINT('Origin',(-9.99999999999999,46.2,0.));
#13274=CARTESIAN_POINT('Origin',(-9.99999999999999,40.2,0.));
#13275=CARTESIAN_POINT('',(-3.49999999999999,42.2,-7.9602041944578E-16));
#13276=CARTESIAN_POINT('Origin',(-9.99999999999999,42.2,0.));
#13277=CARTESIAN_POINT('',(-3.49999999999999,40.2,-7.9602041944578E-16));
#13278=CARTESIAN_POINT('Origin',(-9.99999999999999,42.2,0.));
#13279=CARTESIAN_POINT('Origin',(-9.99999999999999,45.45,0.));
#13280=CARTESIAN_POINT('',(-12.9,48.05,3.55147571752732E-16));
#13281=CARTESIAN_POINT('Origin',(-9.99999999999999,48.05,0.));
#13282=CARTESIAN_POINT('',(-12.9,45.45,3.55147571752732E-16));
#13283=CARTESIAN_POINT('Origin',(-10.,45.45,-15.9287263938571));
#13284=CARTESIAN_POINT('',(-12.3220660101647,45.45,-16.4092968459496));
#13285=CARTESIAN_POINT('',(-7.67793398983532,45.45,-16.4092968459496));
#13286=CARTESIAN_POINT('Origin',(-10.,45.45,-15.9287263938571));
#13287=CARTESIAN_POINT('',(-12.3220660101647,48.05,-16.4092968459496));
#13288=CARTESIAN_POINT('',(-12.3220660101647,45.45,-16.4092968459496));
#13289=CARTESIAN_POINT('',(-7.67793398983532,48.05,-16.4092968459496));
#13290=CARTESIAN_POINT('Origin',(-10.,48.05,-15.9287263938571));
#13291=CARTESIAN_POINT('',(-7.67793398983532,45.45,-16.4092968459496));
#13292=CARTESIAN_POINT('Origin',(-5.26238456605013,45.45,-4.73761543394988));
#13293=CARTESIAN_POINT('',(-5.26238456605013,45.45,-4.73761543394988));
#13294=CARTESIAN_POINT('',(-4.88956884737071,45.45,-2.93620899160382));
#13295=CARTESIAN_POINT('',(-5.26238456605013,48.05,-4.73761543394988));
#13296=CARTESIAN_POINT('',(-4.88956884737071,48.05,-2.93620899160382));
#13297=CARTESIAN_POINT('',(-5.26238456605013,45.45,-4.73761543394988));
#13298=CARTESIAN_POINT('Origin',(6.40929684594996,45.45,-2.32206601020841));
#13299=CARTESIAN_POINT('',(6.40929684594996,45.45,-2.32206601020841));
#13300=CARTESIAN_POINT('',(-1.22795030240734,45.45,-3.90265644075412));
#13301=CARTESIAN_POINT('',(6.40929684594996,48.05,-2.32206601020841));
#13302=CARTESIAN_POINT('',(-1.22795030240734,48.05,-3.90265644075412));
#13303=CARTESIAN_POINT('',(6.40929684594996,45.45,-2.32206601020841));
#13304=CARTESIAN_POINT('Origin',(5.92872639385712,45.45,-4.44089209850063E-15));
#13305=CARTESIAN_POINT('',(6.40929684594996,45.45,2.3220660102084));
#13306=CARTESIAN_POINT('Origin',(5.92872639385712,45.45,-4.44089209850063E-15));
#13307=CARTESIAN_POINT('',(6.40929684594996,48.05,2.3220660102084));
#13308=CARTESIAN_POINT('Origin',(5.92872639385712,48.05,-4.44089209850063E-15));
#13309=CARTESIAN_POINT('',(6.40929684594996,45.45,2.3220660102084));
#13310=CARTESIAN_POINT('Origin',(-5.26238456605013,45.45,4.73761543394987));
#13311=CARTESIAN_POINT('',(-5.26238456605013,45.45,4.73761543394987));
#13312=CARTESIAN_POINT('',(-7.06379100840739,45.45,5.11043115262486));
#13313=CARTESIAN_POINT('',(-5.26238456605013,48.05,4.73761543394987));
#13314=CARTESIAN_POINT('',(-7.06379100840739,48.05,5.11043115262486));
#13315=CARTESIAN_POINT('',(-5.26238456605013,45.45,4.73761543394987));
#13316=CARTESIAN_POINT('Origin',(-7.67793398983532,45.45,16.4092968459496));
#13317=CARTESIAN_POINT('',(-7.67793398983532,45.45,16.4092968459496));
#13318=CARTESIAN_POINT('',(-6.0973435592633,45.45,8.77204969760369));
#13319=CARTESIAN_POINT('',(-7.67793398983532,48.05,16.4092968459496));
#13320=CARTESIAN_POINT('',(-6.0973435592633,48.05,8.77204969760369));
#13321=CARTESIAN_POINT('',(-7.67793398983532,45.45,16.4092968459496));
#13322=CARTESIAN_POINT('Origin',(-9.99999999999999,45.45,15.9287263938571));
#13323=CARTESIAN_POINT('',(-12.3220660101647,45.45,16.4092968459496));
#13324=CARTESIAN_POINT('Origin',(-9.99999999999999,45.45,15.9287263938571));
#13325=CARTESIAN_POINT('',(-12.3220660101647,48.05,16.4092968459496));
#13326=CARTESIAN_POINT('Origin',(-9.99999999999999,48.05,15.9287263938571));
#13327=CARTESIAN_POINT('',(-12.3220660101647,45.45,16.4092968459496));
#13328=CARTESIAN_POINT('Origin',(-14.7376154339499,45.45,4.73761543394987));
#13329=CARTESIAN_POINT('',(-14.7376154339499,45.45,4.73761543394987));
#13330=CARTESIAN_POINT('',(-15.1104311526293,45.45,2.93620899160381));
#13331=CARTESIAN_POINT('',(-14.7376154339499,48.05,4.73761543394987));
#13332=CARTESIAN_POINT('',(-15.1104311526293,48.05,2.93620899160381));
#13333=CARTESIAN_POINT('',(-14.7376154339499,45.45,4.73761543394987));
#13334=CARTESIAN_POINT('Origin',(-26.4092968459499,45.45,2.3220660102084));
#13335=CARTESIAN_POINT('',(-26.4092968459499,45.45,2.3220660102084));
#13336=CARTESIAN_POINT('',(-18.7720496975926,45.45,3.90265644075412));
#13337=CARTESIAN_POINT('',(-26.4092968459499,48.05,2.3220660102084));
#13338=CARTESIAN_POINT('',(-18.7720496975926,48.05,3.90265644075412));
#13339=CARTESIAN_POINT('',(-26.4092968459499,45.45,2.3220660102084));
#13340=CARTESIAN_POINT('Origin',(-25.9287263938571,45.45,1.33226762955019E-14));
#13341=CARTESIAN_POINT('',(-26.4092968459499,45.45,-2.32206601020839));
#13342=CARTESIAN_POINT('Origin',(-25.9287263938571,45.45,1.33226762955019E-14));
#13343=CARTESIAN_POINT('',(-26.4092968459499,48.05,-2.32206601020839));
#13344=CARTESIAN_POINT('Origin',(-25.9287263938571,48.05,1.33226762955019E-14));
#13345=CARTESIAN_POINT('',(-26.4092968459499,45.45,-2.32206601020839));
#13346=CARTESIAN_POINT('Origin',(-14.7376154339499,45.45,-4.73761543394987));
#13347=CARTESIAN_POINT('',(-14.7376154339499,45.45,-4.73761543394987));
#13348=CARTESIAN_POINT('',(-12.9362089915926,45.45,-5.11043115262486));
#13349=CARTESIAN_POINT('',(-14.7376154339499,48.05,-4.73761543394987));
#13350=CARTESIAN_POINT('',(-12.9362089915926,48.05,-5.11043115262486));
#13351=CARTESIAN_POINT('',(-14.7376154339499,45.45,-4.73761543394987));
#13352=CARTESIAN_POINT('Origin',(-12.3220660101647,45.45,-16.4092968459496));
#13353=CARTESIAN_POINT('',(-13.9026564407367,45.45,-8.77204969760369));
#13354=CARTESIAN_POINT('',(-13.9026564407367,48.05,-8.77204969760369));
#13355=CARTESIAN_POINT('Origin',(-10.,48.05,0.));
#13356=CARTESIAN_POINT('Origin',(-10.,45.45,0.));
#13357=CARTESIAN_POINT('Origin',(24.25,33.75,-5.));
#13358=CARTESIAN_POINT('',(27.25,33.75,-5.));
#13359=CARTESIAN_POINT('Origin',(24.25,33.75,-5.));
#13360=CARTESIAN_POINT('',(25.875,33.75,-5.));
#13361=CARTESIAN_POINT('Origin',(24.25,33.75,-5.));
#13362=CARTESIAN_POINT('Origin',(24.25,31.25,-5.));
#13363=CARTESIAN_POINT('',(25.875,28.75,-5.));
#13364=CARTESIAN_POINT('Origin',(24.25,28.75,-5.));
#13365=CARTESIAN_POINT('',(25.875,31.25,-5.));
#13366=CARTESIAN_POINT('Origin',(24.25,31.25,-5.));
#13367=CARTESIAN_POINT('',(27.25,28.75,-5.));
#13368=CARTESIAN_POINT('Origin',(24.25,28.75,-5.));
#13369=CARTESIAN_POINT('',(27.25,31.25,-5.));
#13370=CARTESIAN_POINT('Origin',(24.25,28.75,-5.));
#13371=CARTESIAN_POINT('Origin',(24.25,33.75,5.));
#13372=CARTESIAN_POINT('',(27.25,33.75,5.));
#13373=CARTESIAN_POINT('Origin',(24.25,33.75,5.));
#13374=CARTESIAN_POINT('',(25.875,33.75,5.));
#13375=CARTESIAN_POINT('Origin',(24.25,33.75,5.));
#13376=CARTESIAN_POINT('Origin',(24.25,31.25,5.));
#13377=CARTESIAN_POINT('',(25.875,28.75,5.));
#13378=CARTESIAN_POINT('Origin',(24.25,28.75,5.));
#13379=CARTESIAN_POINT('',(25.875,31.25,5.));
#13380=CARTESIAN_POINT('Origin',(24.25,31.25,5.));
#13381=CARTESIAN_POINT('',(27.25,28.75,5.));
#13382=CARTESIAN_POINT('Origin',(24.25,28.75,5.));
#13383=CARTESIAN_POINT('',(27.25,31.25,5.));
#13384=CARTESIAN_POINT('Origin',(24.25,28.75,5.));
#13385=CARTESIAN_POINT('Origin',(-24.25,33.75,-5.));
#13386=CARTESIAN_POINT('',(-21.25,33.75,-5.));
#13387=CARTESIAN_POINT('Origin',(-24.25,33.75,-5.));
#13388=CARTESIAN_POINT('',(-22.625,33.75,-5.));
#13389=CARTESIAN_POINT('Origin',(-24.25,33.75,-5.));
#13390=CARTESIAN_POINT('Origin',(-24.25,31.25,-5.));
#13391=CARTESIAN_POINT('',(-22.625,28.75,-5.));
#13392=CARTESIAN_POINT('Origin',(-24.25,28.75,-5.));
#13393=CARTESIAN_POINT('',(-22.625,31.25,-5.));
#13394=CARTESIAN_POINT('Origin',(-24.25,31.25,-5.));
#13395=CARTESIAN_POINT('',(-21.25,28.75,-5.));
#13396=CARTESIAN_POINT('Origin',(-24.25,28.75,-5.));
#13397=CARTESIAN_POINT('',(-21.25,31.25,-5.));
#13398=CARTESIAN_POINT('',(-21.25,31.25,-5.));
#13399=CARTESIAN_POINT('Origin',(-24.25,28.75,-5.));
#13400=CARTESIAN_POINT('',(0.,0.,0.));
#13401=CARTESIAN_POINT('',(0.,0.,0.));
#13402=CARTESIAN_POINT('',(30.7414010551492,19.0505236745842,10.2712153818674));
#13403=CARTESIAN_POINT('',(0.,0.,0.));
#13404=CARTESIAN_POINT('',(0.,0.,0.));
#13405=CARTESIAN_POINT('',(30.7414010551492,19.0505236745842,10.2712153818674));
#13406=CARTESIAN_POINT('',(0.,0.,0.));
#13407=CARTESIAN_POINT('',(0.,0.,0.));
#13408=CARTESIAN_POINT('',(30.7414010551492,19.0505236745842,10.2712153818674));
#13409=CARTESIAN_POINT('',(0.,0.,0.));
#13410=CARTESIAN_POINT('Origin',(0.6,0.,0.));
#13411=CARTESIAN_POINT('',(0.6,3.,0.));
#13412=CARTESIAN_POINT('',(0.6,0.,3.));
#13413=CARTESIAN_POINT('Origin',(0.600000000000001,3.,3.));
#13414=CARTESIAN_POINT('',(0.6,7.,0.));
#13415=CARTESIAN_POINT('',(0.600000000000001,2.5,0.));
#13416=CARTESIAN_POINT('',(0.6,10.,3.));
#13417=CARTESIAN_POINT('Origin',(0.600000000000001,7.,3.));
#13418=CARTESIAN_POINT('',(0.6,10.,31.));
#13419=CARTESIAN_POINT('',(0.6,10.,0.));
#13420=CARTESIAN_POINT('',(0.6,0.,31.));
#13421=CARTESIAN_POINT('',(0.6,5.,31.));
#13422=CARTESIAN_POINT('',(0.599999999999996,0.,0.));
#13423=CARTESIAN_POINT('',(0.6,3.25,4.38874893200884));
#13424=CARTESIAN_POINT('Origin',(0.6,5.,4.38874893200884));
#13425=CARTESIAN_POINT('Origin',(-37.8,3.,3.));
#13426=CARTESIAN_POINT('',(-51.,0.,3.));
#13427=CARTESIAN_POINT('',(0.,0.,3.));
#13428=CARTESIAN_POINT('',(-51.,3.,0.));
#13429=CARTESIAN_POINT('Origin',(-51.,3.,3.));
#13430=CARTESIAN_POINT('',(-50.4,3.,0.));
#13431=CARTESIAN_POINT('Origin',(-50.4,0.,0.));
#13432=CARTESIAN_POINT('',(0.,0.,31.));
#13433=CARTESIAN_POINT('',(0.,0.,31.));
#13434=CARTESIAN_POINT('',(-9.,0.,40.));
#13435=CARTESIAN_POINT('Origin',(-9.,0.,31.));
#13436=CARTESIAN_POINT('',(-41.4,0.,40.));
#13437=CARTESIAN_POINT('',(0.,0.,40.));
#13438=CARTESIAN_POINT('',(-50.4,0.,31.));
#13439=CARTESIAN_POINT('Origin',(-41.4,0.,31.));
#13440=CARTESIAN_POINT('',(-51.,0.,31.));
#13441=CARTESIAN_POINT('',(-50.4,0.,31.));
#13442=CARTESIAN_POINT('',(-51.,0.,0.));
#13443=CARTESIAN_POINT('',(-26.95,0.,26.4737645129795));
#13444=CARTESIAN_POINT('Origin',(-25.2,0.,26.4737645129795));
#13445=CARTESIAN_POINT('Origin',(0.,10.,31.));
#13446=CARTESIAN_POINT('',(0.,10.,31.));
#13447=CARTESIAN_POINT('',(0.,10.,31.));
#13448=CARTESIAN_POINT('',(0.,2.5,31.));
#13449=CARTESIAN_POINT('Origin',(-50.4,0.,31.));
#13450=CARTESIAN_POINT('',(-50.4,10.,31.));
#13451=CARTESIAN_POINT('',(-50.4,7.5,31.));
#13452=CARTESIAN_POINT('',(-51.,10.,31.));
#13453=CARTESIAN_POINT('',(-50.4,10.,31.));
#13454=CARTESIAN_POINT('',(-51.,7.5,31.));
#13455=CARTESIAN_POINT('Origin',(-51.,10.,0.));
#13456=CARTESIAN_POINT('',(-51.,10.,3.));
#13457=CARTESIAN_POINT('',(-51.,10.,0.));
#13458=CARTESIAN_POINT('',(-51.,7.,0.));
#13459=CARTESIAN_POINT('Origin',(-51.,7.,3.));
#13460=CARTESIAN_POINT('',(-51.,0.,0.));
#13461=CARTESIAN_POINT('',(-51.,3.25,4.38874893200884));
#13462=CARTESIAN_POINT('Origin',(-51.,5.,4.38874893200884));
#13463=CARTESIAN_POINT('Origin',(-12.6,7.,3.));
#13464=CARTESIAN_POINT('',(-50.4,7.,0.));
#13465=CARTESIAN_POINT('',(-50.4,10.,3.));
#13466=CARTESIAN_POINT('Origin',(0.,10.,0.));
#13467=CARTESIAN_POINT('',(-41.4,10.,40.));
#13468=CARTESIAN_POINT('Origin',(-41.4,10.,31.));
#13469=CARTESIAN_POINT('',(-9.,10.,40.));
#13470=CARTESIAN_POINT('',(-50.4,10.,40.));
#13471=CARTESIAN_POINT('Origin',(-9.,10.,31.));
#13472=CARTESIAN_POINT('',(-26.95,10.,26.4737645129795));
#13473=CARTESIAN_POINT('Origin',(-25.2,10.,26.4737645129795));
#13474=CARTESIAN_POINT('Origin',(-41.4,7.5,31.));
#13475=CARTESIAN_POINT('',(-41.4,7.5,40.));
#13476=CARTESIAN_POINT('Origin',(-9.,2.5,31.));
#13477=CARTESIAN_POINT('',(-9.,2.5,40.));
#13478=CARTESIAN_POINT('Origin',(-25.2,0.,26.4737645129795));
#13479=CARTESIAN_POINT('',(-26.95,0.,26.4737645129795));
#13480=CARTESIAN_POINT('Origin',(-25.2,5.,40.));
#13481=CARTESIAN_POINT('Origin',(0.,5.,4.38874893200884));
#13482=CARTESIAN_POINT('',(0.,3.25,4.38874893200884));
#13483=CARTESIAN_POINT('Origin',(-25.2,5.,0.));
#13484=CARTESIAN_POINT('',(0.,0.,0.));
#13485=CARTESIAN_POINT('Origin',(-31.0096612964493,-17.4605809656502,4.2525));
#13486=CARTESIAN_POINT('',(-31.880592042702,-18.9690772680337,4.2525));
#13487=CARTESIAN_POINT('Origin',(-31.0096612964493,-17.4605809656502,4.2525));
#13488=CARTESIAN_POINT('',(-37.10125,-15.9549289910408,4.2525));
#13489=CARTESIAN_POINT('',(-31.880592042702,-18.9690772680337,4.2525));
#13490=CARTESIAN_POINT('Origin',(-37.10125,-13.9436005878628,4.2525));
#13491=CARTESIAN_POINT('Origin',(-31.0096612964493,-17.4605809656502,4.2525));
#13492=CARTESIAN_POINT('',(0.218463359151798,-37.5014755450268,4.2525));
#13493=CARTESIAN_POINT('Origin',(1.96032485165716,-36.4958113434378,4.2525));
#13494=CARTESIAN_POINT('',(-5.00219459814628,-34.4873272680338,4.2525));
#13495=CARTESIAN_POINT('',(-31.880592042702,-18.9690772680337,4.2525));
#13496=CARTESIAN_POINT('Origin',(-4.1312638518936,-32.9788309656502,4.2525));
#13497=CARTESIAN_POINT('Origin',(0.76482372227782,-24.4985585288787,10.));
#13498=CARTESIAN_POINT('',(-6.41955127772219,-36.9422610495063,-1.495));
#13499=CARTESIAN_POINT('',(0.76482372227782,-24.4985585288787,-1.495));
#13500=CARTESIAN_POINT('',(5.79388622227782,-15.7879667644393,-1.495));
#13501=CARTESIAN_POINT('',(-6.41955127772219,-36.9422610495063,10.));
#13502=CARTESIAN_POINT('',(-6.41955127772219,-36.9422610495063,4.2525));
#13503=CARTESIAN_POINT('',(0.76482372227782,-24.4985585288787,10.));
#13504=CARTESIAN_POINT('',(5.79388622227782,-15.7879667644393,10.));
#13505=CARTESIAN_POINT('',(0.76482372227782,-24.4985585288787,10.));
#13506=CARTESIAN_POINT('Origin',(-26.1135737222779,-8.98030852887868,10.));
#13507=CARTESIAN_POINT('',(-26.1135737222779,-8.98030852887868,-1.495));
#13508=CARTESIAN_POINT('',(-19.3939743611389,-12.8598710288787,-1.495));
#13509=CARTESIAN_POINT('',(-26.1135737222779,-8.98030852887868,10.));
#13510=CARTESIAN_POINT('',(-19.3939743611389,-12.8598710288787,10.));
#13511=CARTESIAN_POINT('',(-26.1135737222779,-8.98030852887868,10.));
#13512=CARTESIAN_POINT('Origin',(-33.2979487222779,-21.4240110495063,10.));
#13513=CARTESIAN_POINT('',(-33.2979487222779,-21.4240110495063,-1.495));
#13514=CARTESIAN_POINT('',(-24.6766987222779,-6.49156802475315,-1.495));
#13515=CARTESIAN_POINT('',(-33.2979487222779,-21.4240110495063,10.));
#13516=CARTESIAN_POINT('',(-24.6766987222779,-6.49156802475315,10.));
#13517=CARTESIAN_POINT('',(-33.2979487222779,-21.4240110495063,4.2525));
#13518=CARTESIAN_POINT('Origin',(-2.61624999999999,0.681749999999987,10.));
#13519=CARTESIAN_POINT('',(-2.61625000000002,-39.1380980660085,10.));
#13520=CARTESIAN_POINT('',(-37.10125,-19.2281740330042,10.));
#13521=CARTESIAN_POINT('',(31.86875,-19.2281740330043,10.));
#13522=CARTESIAN_POINT('',(-2.61625000000002,-39.1380980660085,10.));
#13523=CARTESIAN_POINT('',(31.86875,-14.8365,10.));
#13524=CARTESIAN_POINT('',(31.86875,-19.2281740330043,10.));
#13525=CARTESIAN_POINT('',(17.5,-14.8365,10.));
#13526=CARTESIAN_POINT('',(14.62625,-14.8365,10.));
#13527=CARTESIAN_POINT('',(17.5,16.2,10.));
#13528=CARTESIAN_POINT('',(17.5,-7.07737500000002,10.));
#13529=CARTESIAN_POINT('',(31.86875,16.2,10.));
#13530=CARTESIAN_POINT('',(7.44187500000001,16.2,10.));
#13531=CARTESIAN_POINT('',(31.86875,20.5916740330042,10.));
#13532=CARTESIAN_POINT('',(31.86875,-19.2281740330043,10.));
#13533=CARTESIAN_POINT('',(-2.61625,40.5015980660085,10.));
#13534=CARTESIAN_POINT('',(31.86875,20.5916740330042,10.));
#13535=CARTESIAN_POINT('',(-6.4195512777221,38.3057610495064,10.));
#13536=CARTESIAN_POINT('',(-2.61625,40.5015980660085,10.));
#13537=CARTESIAN_POINT('',(0.764823722277902,25.8620585288787,10.));
#13538=CARTESIAN_POINT('',(2.20169872227791,23.3733180247532,10.));
#13539=CARTESIAN_POINT('',(-26.1135737222778,10.3438085288787,10.));
#13540=CARTESIAN_POINT('',(-5.95477563886105,21.9824960288787,10.));
#13541=CARTESIAN_POINT('',(-33.2979487222778,22.7875110495064,10.));
#13542=CARTESIAN_POINT('',(-21.0845112222778,1.63321676443937,10.));
#13543=CARTESIAN_POINT('',(-37.10125,20.5916740330042,10.));
#13544=CARTESIAN_POINT('',(-2.61625,40.5015980660085,10.));
#13545=CARTESIAN_POINT('',(-37.10125,-19.2281740330042,10.));
#13546=CARTESIAN_POINT('',(-37.1012499999999,20.5916740330043,10.));
#13547=CARTESIAN_POINT('',(-37.10125,-19.2281740330042,10.));
#13548=CARTESIAN_POINT('Origin',(-37.10125,-19.2281740330042,-1.495));
#13549=CARTESIAN_POINT('',(-2.61625000000002,-39.1380980660085,-1.495));
#13550=CARTESIAN_POINT('',(-37.10125,-19.2281740330042,-1.495));
#13551=CARTESIAN_POINT('',(-2.61625000000002,-39.1380980660085,-1.495));
#13552=CARTESIAN_POINT('Origin',(-4.13126385189351,34.3423309656503,4.2525));
#13553=CARTESIAN_POINT('',(-5.0021945981462,35.8508272680338,4.2525));
#13554=CARTESIAN_POINT('Origin',(-4.13126385189352,34.3423309656503,4.2525));
#13555=CARTESIAN_POINT('',(0.218463359151779,38.8649755450268,4.2525));
#13556=CARTESIAN_POINT('',(-5.0021945981462,35.8508272680338,4.2525));
#13557=CARTESIAN_POINT('Origin',(1.96032485165714,37.8593113434377,4.2525));
#13558=CARTESIAN_POINT('Origin',(-4.13126385189351,34.3423309656503,4.2525));
#13559=CARTESIAN_POINT('',(-37.1012499999999,17.3184289910409,4.2525));
#13560=CARTESIAN_POINT('Origin',(-37.1012499999999,15.3071005878628,4.2525));
#13561=CARTESIAN_POINT('',(-31.8805920427019,20.3325772680338,4.2525));
#13562=CARTESIAN_POINT('',(-5.0021945981462,35.8508272680338,4.2525));
#13563=CARTESIAN_POINT('Origin',(-31.0096612964493,18.8240809656503,4.2525));
#13564=CARTESIAN_POINT('Origin',(-26.1135737222778,10.3438085288787,10.));
#13565=CARTESIAN_POINT('',(-33.2979487222778,22.7875110495064,-1.495));
#13566=CARTESIAN_POINT('',(-26.1135737222778,10.3438085288787,-1.495));
#13567=CARTESIAN_POINT('',(-21.0845112222778,1.63321676443937,-1.495));
#13568=CARTESIAN_POINT('',(-33.2979487222778,22.7875110495064,4.2525));
#13569=CARTESIAN_POINT('',(-26.1135737222778,10.3438085288787,10.));
#13570=CARTESIAN_POINT('Origin',(0.764823722277902,25.8620585288787,10.));
#13571=CARTESIAN_POINT('',(0.764823722277902,25.8620585288787,-1.495));
#13572=CARTESIAN_POINT('',(-5.95477563886105,21.9824960288787,-1.495));
#13573=CARTESIAN_POINT('',(0.764823722277902,25.8620585288787,10.));
#13574=CARTESIAN_POINT('Origin',(-6.4195512777221,38.3057610495064,10.));
#13575=CARTESIAN_POINT('',(-6.4195512777221,38.3057610495064,-1.495));
#13576=CARTESIAN_POINT('',(2.20169872227791,23.3733180247532,-1.495));
#13577=CARTESIAN_POINT('',(-6.41955127772208,38.3057610495064,4.2525));
#13578=CARTESIAN_POINT('Origin',(-2.61625,40.5015980660085,-1.495));
#13579=CARTESIAN_POINT('',(-37.1012499999999,20.5916740330043,-1.495));
#13580=CARTESIAN_POINT('',(-2.61625,40.5015980660085,-1.495));
#13581=CARTESIAN_POINT('',(-37.1012499999999,20.5916740330043,-1.495));
#13582=CARTESIAN_POINT('Origin',(27.2921751483428,-14.8365,4.2525));
#13583=CARTESIAN_POINT('',(29.0340366408482,22.2282965539859,4.2525));
#13584=CARTESIAN_POINT('Origin',(27.2921751483428,23.2339607555749,4.2525));
#13585=CARTESIAN_POINT('',(29.0340366408482,16.2,4.2525));
#13586=CARTESIAN_POINT('',(29.0340366408482,-14.8365,4.2525));
#13587=CARTESIAN_POINT('Origin',(27.2921751483428,16.2,4.2525));
#13588=CARTESIAN_POINT('Origin',(27.2921751483428,-14.8365,4.2525));
#13589=CARTESIAN_POINT('',(29.0340366408482,-14.8365,4.2525));
#13590=CARTESIAN_POINT('Origin',(27.2921751483428,-14.8365,4.2525));
#13591=CARTESIAN_POINT('',(29.0340366408482,-20.864796553986,4.2525));
#13592=CARTESIAN_POINT('',(29.0340366408482,-14.8365,4.2525));
#13593=CARTESIAN_POINT('Origin',(27.2921751483428,-21.870460755575,4.2525));
#13594=CARTESIAN_POINT('Origin',(17.5,-14.8365,10.));
#13595=CARTESIAN_POINT('',(17.5,16.2,-1.495));
#13596=CARTESIAN_POINT('',(17.5,-14.8365,-1.495));
#13597=CARTESIAN_POINT('',(17.5,-7.07737500000002,-1.495));
#13598=CARTESIAN_POINT('',(17.5,16.2,10.));
#13599=CARTESIAN_POINT('',(17.5,-14.8365,10.));
#13600=CARTESIAN_POINT('Origin',(31.86875,-14.8365,10.));
#13601=CARTESIAN_POINT('',(31.86875,-14.8365,-1.495));
#13602=CARTESIAN_POINT('',(14.62625,-14.8365,-1.495));
#13603=CARTESIAN_POINT('',(31.86875,-14.8365,4.2525));
#13604=CARTESIAN_POINT('Origin',(17.5,16.2,10.));
#13605=CARTESIAN_POINT('',(31.86875,16.2,-1.495));
#13606=CARTESIAN_POINT('',(7.44187500000001,16.2,-1.495));
#13607=CARTESIAN_POINT('',(31.86875,16.2,4.2525));
#13608=CARTESIAN_POINT('Origin',(-2.61624999999999,0.681749999999987,-1.495));
#13609=CARTESIAN_POINT('',(-37.10125,-19.2281740330042,-1.495));
#13610=CARTESIAN_POINT('',(-37.10125,-19.2281740330042,-1.495));
#13611=CARTESIAN_POINT('',(-37.1012499999999,20.5916740330043,-1.495));
#13612=CARTESIAN_POINT('',(-2.61625,40.5015980660085,-1.495));
#13613=CARTESIAN_POINT('',(-2.61625,40.5015980660085,-1.495));
#13614=CARTESIAN_POINT('',(31.86875,20.5916740330042,-1.495));
#13615=CARTESIAN_POINT('',(31.86875,20.5916740330042,-1.495));
#13616=CARTESIAN_POINT('',(31.86875,-19.2281740330043,-1.495));
#13617=CARTESIAN_POINT('',(31.86875,-19.2281740330043,-1.495));
#13618=CARTESIAN_POINT('',(31.86875,-19.2281740330043,-1.495));
#13619=CARTESIAN_POINT('',(-2.61625000000002,-39.1380980660085,-1.495));
#13620=CARTESIAN_POINT('Origin',(31.86875,-19.2281740330043,-1.495));
#13621=CARTESIAN_POINT('',(31.86875,-19.2281740330043,-1.495));
#13622=CARTESIAN_POINT('Origin',(-2.61625000000002,-39.1380980660085,-1.495));
#13623=CARTESIAN_POINT('Origin',(-37.10125,-19.2281740330042,-1.495));
#13624=CARTESIAN_POINT('',(-37.10125,-19.2281740330042,-1.495));
#13625=CARTESIAN_POINT('Origin',(-37.1012499999999,20.5916740330043,-1.495));
#13626=CARTESIAN_POINT('Origin',(-2.61625,40.5015980660085,-1.495));
#13627=CARTESIAN_POINT('',(-2.61625,40.5015980660085,-1.495));
#13628=CARTESIAN_POINT('Origin',(31.86875,20.5916740330042,-1.495));
#13629=CARTESIAN_POINT('',(31.86875,20.5916740330042,-1.495));
#13630=CARTESIAN_POINT('Origin',(31.86875,-19.2281740330043,-1.495));
#13631=CARTESIAN_POINT('',(0.,0.,0.));
#13632=CARTESIAN_POINT('Origin',(0.6,0.,0.));
#13633=CARTESIAN_POINT('',(0.6,3.,0.));
#13634=CARTESIAN_POINT('',(0.6,0.,3.));
#13635=CARTESIAN_POINT('Origin',(0.600000000000001,3.,3.));
#13636=CARTESIAN_POINT('',(0.6,7.,0.));
#13637=CARTESIAN_POINT('',(0.600000000000001,2.5,0.));
#13638=CARTESIAN_POINT('',(0.6,10.,3.));
#13639=CARTESIAN_POINT('Origin',(0.600000000000001,7.,3.));
#13640=CARTESIAN_POINT('',(0.6,10.,31.));
#13641=CARTESIAN_POINT('',(0.6,10.,0.));
#13642=CARTESIAN_POINT('',(0.6,0.,31.));
#13643=CARTESIAN_POINT('',(0.6,5.,31.));
#13644=CARTESIAN_POINT('',(0.599999999999996,0.,0.));
#13645=CARTESIAN_POINT('',(0.6,3.25,4.38874893200884));
#13646=CARTESIAN_POINT('Origin',(0.6,5.,4.38874893200884));
#13647=CARTESIAN_POINT('Origin',(-37.8,3.,3.));
#13648=CARTESIAN_POINT('',(-51.,0.,3.));
#13649=CARTESIAN_POINT('',(0.,0.,3.));
#13650=CARTESIAN_POINT('',(-51.,3.,0.));
#13651=CARTESIAN_POINT('Origin',(-51.,3.,3.));
#13652=CARTESIAN_POINT('',(-50.4,3.,0.));
#13653=CARTESIAN_POINT('Origin',(-50.4,0.,0.));
#13654=CARTESIAN_POINT('',(0.,0.,31.));
#13655=CARTESIAN_POINT('',(0.,0.,31.));
#13656=CARTESIAN_POINT('',(-9.,0.,40.));
#13657=CARTESIAN_POINT('Origin',(-9.,0.,31.));
#13658=CARTESIAN_POINT('',(-41.4,0.,40.));
#13659=CARTESIAN_POINT('',(0.,0.,40.));
#13660=CARTESIAN_POINT('',(-50.4,0.,31.));
#13661=CARTESIAN_POINT('Origin',(-41.4,0.,31.));
#13662=CARTESIAN_POINT('',(-51.,0.,31.));
#13663=CARTESIAN_POINT('',(-50.4,0.,31.));
#13664=CARTESIAN_POINT('',(-51.,0.,0.));
#13665=CARTESIAN_POINT('',(-26.95,0.,26.4737645129795));
#13666=CARTESIAN_POINT('Origin',(-25.2,0.,26.4737645129795));
#13667=CARTESIAN_POINT('Origin',(0.,10.,31.));
#13668=CARTESIAN_POINT('',(0.,10.,31.));
#13669=CARTESIAN_POINT('',(0.,10.,31.));
#13670=CARTESIAN_POINT('',(0.,2.5,31.));
#13671=CARTESIAN_POINT('Origin',(-50.4,0.,31.));
#13672=CARTESIAN_POINT('',(-50.4,10.,31.));
#13673=CARTESIAN_POINT('',(-50.4,7.5,31.));
#13674=CARTESIAN_POINT('',(-51.,10.,31.));
#13675=CARTESIAN_POINT('',(-50.4,10.,31.));
#13676=CARTESIAN_POINT('',(-51.,7.5,31.));
#13677=CARTESIAN_POINT('Origin',(-51.,10.,0.));
#13678=CARTESIAN_POINT('',(-51.,10.,3.));
#13679=CARTESIAN_POINT('',(-51.,10.,0.));
#13680=CARTESIAN_POINT('',(-51.,7.,0.));
#13681=CARTESIAN_POINT('Origin',(-51.,7.,3.));
#13682=CARTESIAN_POINT('',(-51.,0.,0.));
#13683=CARTESIAN_POINT('',(-51.,3.25,4.38874893200884));
#13684=CARTESIAN_POINT('Origin',(-51.,5.,4.38874893200884));
#13685=CARTESIAN_POINT('Origin',(-12.6,7.,3.));
#13686=CARTESIAN_POINT('',(-50.4,7.,0.));
#13687=CARTESIAN_POINT('',(-50.4,10.,3.));
#13688=CARTESIAN_POINT('Origin',(0.,10.,0.));
#13689=CARTESIAN_POINT('',(-41.4,10.,40.));
#13690=CARTESIAN_POINT('Origin',(-41.4,10.,31.));
#13691=CARTESIAN_POINT('',(-9.,10.,40.));
#13692=CARTESIAN_POINT('',(-50.4,10.,40.));
#13693=CARTESIAN_POINT('Origin',(-9.,10.,31.));
#13694=CARTESIAN_POINT('',(-26.95,10.,26.4737645129795));
#13695=CARTESIAN_POINT('Origin',(-25.2,10.,26.4737645129795));
#13696=CARTESIAN_POINT('Origin',(-41.4,7.5,31.));
#13697=CARTESIAN_POINT('',(-41.4,7.5,40.));
#13698=CARTESIAN_POINT('Origin',(-9.,2.5,31.));
#13699=CARTESIAN_POINT('',(-9.,2.5,40.));
#13700=CARTESIAN_POINT('Origin',(-25.2,0.,26.4737645129795));
#13701=CARTESIAN_POINT('',(-26.95,0.,26.4737645129795));
#13702=CARTESIAN_POINT('Origin',(-25.2,5.,40.));
#13703=CARTESIAN_POINT('Origin',(0.,5.,4.38874893200884));
#13704=CARTESIAN_POINT('',(0.,3.25,4.38874893200884));
#13705=CARTESIAN_POINT('Origin',(-25.2,5.,0.));
#13706=CARTESIAN_POINT('',(0.,0.,0.));
#13707=CARTESIAN_POINT('',(0.,0.,0.));
#13708=CARTESIAN_POINT('Origin',(-25.2618394384806,-11.0721364863609,26.3440551007051));
#13709=CARTESIAN_POINT('',(-23.2618394384806,-11.0721364863609,26.3440551007051));
#13710=CARTESIAN_POINT('Origin',(-25.2618394384806,-11.0721364863609,26.3440551007051));
#13711=CARTESIAN_POINT('',(-23.2618394384806,-16.0721364863609,26.3440551007051));
#13712=CARTESIAN_POINT('',(-23.2618394384806,-11.0721364863609,26.3440551007051));
#13713=CARTESIAN_POINT('Origin',(-25.2618394384806,-16.0721364863609,26.3440551007051));
#13714=CARTESIAN_POINT('Origin',(-25.2681339048616,-16.0721364863609,186.698808123683));
#13715=CARTESIAN_POINT('',(-27.2681339048616,-16.0721364863609,186.698808123683));
#13716=CARTESIAN_POINT('Origin',(-25.2681339048616,-16.0721364863609,186.698808123683));
#13717=CARTESIAN_POINT('',(-27.2681339048616,-11.0721364863609,186.698808123683));
#13718=CARTESIAN_POINT('',(-27.2681339048616,-16.0721364863609,186.698808123683));
#13719=CARTESIAN_POINT('Origin',(-25.2681339048616,-11.0721364863609,186.698808123683));
#13720=CARTESIAN_POINT('Origin',(-26.2555449720996,-11.0721364863609,187.698808123683));
#13721=CARTESIAN_POINT('',(-35.2555449720996,-16.0721364863609,187.698808123683));
#13722=CARTESIAN_POINT('',(-26.2555449720996,-16.0721364863609,196.698808123683));
#13723=CARTESIAN_POINT('Origin',(-26.2555449720996,-16.0721364863609,187.698808123683));
#13724=CARTESIAN_POINT('',(-26.2555449720996,-11.0721364863609,196.698808123683));
#13725=CARTESIAN_POINT('',(-26.2555449720996,-11.0721364863609,196.698808123683));
#13726=CARTESIAN_POINT('',(-35.2555449720996,-11.0721364863609,187.698808123683));
#13727=CARTESIAN_POINT('Origin',(-26.2555449720996,-11.0721364863609,187.698808123683));
#13728=CARTESIAN_POINT('',(-35.2555449720996,-11.0721364863609,187.698808123683));
#13729=CARTESIAN_POINT('Origin',(-35.2555449720996,-11.0721364863609,196.698808123683));
#13730=CARTESIAN_POINT('',(-35.2555449720996,-11.0721364863609,26.6988081236834));
#13731=CARTESIAN_POINT('',(-35.2555449720996,-11.0721364863609,26.6988081236834));
#13732=CARTESIAN_POINT('',(-35.2555449720996,-16.0721364863609,26.6988081236834));
#13733=CARTESIAN_POINT('',(-35.2555449720996,-11.0721364863609,26.6988081236834));
#13734=CARTESIAN_POINT('',(-35.2555449720996,-16.0721364863609,26.6988081236834));
#13735=CARTESIAN_POINT('Origin',(-25.2618394384806,-11.0721364863609,106.521431612194));
#13736=CARTESIAN_POINT('',(-25.2681339048615,-11.0721364863609,196.698808123683));
#13737=CARTESIAN_POINT('',(-35.2555449720996,-11.0721364863609,196.698808123683));
#13738=CARTESIAN_POINT('',(-15.2681339048615,-11.0721364863609,186.698808123683));
#13739=CARTESIAN_POINT('Origin',(-25.2681339048615,-11.0721364863609,186.698808123683));
#13740=CARTESIAN_POINT('',(-15.2681339048615,-11.0721364863609,26.6988081236834));
#13741=CARTESIAN_POINT('',(-15.2681339048615,-11.0721364863609,196.698808123683));
#13742=CARTESIAN_POINT('Origin',(-25.2618394384806,-11.0721364863609,26.3440551007051));
#13743=CARTESIAN_POINT('Origin',(-25.2681339048615,-11.0721364863609,186.698808123683));
#13744=CARTESIAN_POINT('',(-25.2681339048615,-16.0721364863609,196.698808123683));
#13745=CARTESIAN_POINT('',(-15.2681339048615,-16.0721364863609,186.698808123683));
#13746=CARTESIAN_POINT('Origin',(-25.2681339048615,-16.0721364863609,186.698808123683));
#13747=CARTESIAN_POINT('',(-15.2681339048615,-11.0721364863609,186.698808123683));
#13748=CARTESIAN_POINT('',(-25.2681339048615,-11.0721364863609,196.698808123683));
#13749=CARTESIAN_POINT('Origin',(-15.2681339048615,-11.0721364863609,26.6988081236834));
#13750=CARTESIAN_POINT('',(-15.2681339048615,-16.0721364863609,26.6988081236834));
#13751=CARTESIAN_POINT('',(-15.2681339048615,-16.0721364863609,196.698808123683));
#13752=CARTESIAN_POINT('',(-15.2681339048615,-11.0721364863609,26.6988081236834));
#13753=CARTESIAN_POINT('Origin',(-15.2681339048615,-11.0721364863609,196.698808123683));
#13754=CARTESIAN_POINT('',(-35.2555449720996,-16.0721364863609,196.698808123683));
#13755=CARTESIAN_POINT('Origin',(-25.2618394384806,-11.0721364863609,26.3440551007051));
#13756=CARTESIAN_POINT('Origin',(-25.2618394384806,-16.0721364863609,26.3440551007051));
#13757=CARTESIAN_POINT('Origin',(-25.2618394384806,-16.0721364863609,106.521431612194));
#13758=CARTESIAN_POINT('',(0.,0.,0.));
#13759=CARTESIAN_POINT('Origin',(-17.706294466381,9.007,218.828517535958));
#13760=CARTESIAN_POINT('',(-10.206294466381,9.007,221.828517535958));
#13761=CARTESIAN_POINT('',(-10.206294466381,12.007,218.828517535958));
#13762=CARTESIAN_POINT('Origin',(-10.206294466381,9.007,218.828517535958));
#13763=CARTESIAN_POINT('',(-40.206294466381,12.007,218.828517535958));
#13764=CARTESIAN_POINT('',(-17.706294466381,12.007,218.828517535958));
#13765=CARTESIAN_POINT('',(-40.206294466381,9.007,221.828517535958));
#13766=CARTESIAN_POINT('Origin',(-40.206294466381,9.007,218.828517535958));
#13767=CARTESIAN_POINT('',(-17.706294466381,9.007,221.828517535958));
#13768=CARTESIAN_POINT('Origin',(-10.206294466381,12.007,221.828517535958));
#13769=CARTESIAN_POINT('',(-40.206294466381,3.,221.828517535958));
#13770=CARTESIAN_POINT('',(-40.206294466381,12.007,221.828517535958));
#13771=CARTESIAN_POINT('',(-10.206294466381,3.,221.828517535958));
#13772=CARTESIAN_POINT('',(-17.706294466381,3.,221.828517535958));
#13773=CARTESIAN_POINT('',(-10.206294466381,12.007,221.828517535958));
#13774=CARTESIAN_POINT('Origin',(-40.206294466381,12.007,221.828517535958));
#13775=CARTESIAN_POINT('',(-40.206294466381,12.007,180.828517535958));
#13776=CARTESIAN_POINT('',(-40.206294466381,12.007,201.828517535958));
#13777=CARTESIAN_POINT('',(-40.206294466381,-2.22044604925031E-15,180.828517535958));
#13778=CARTESIAN_POINT('',(-40.206294466381,12.007,180.828517535958));
#13779=CARTESIAN_POINT('',(-40.206294466381,-2.22044604925031E-15,218.828517535958));
#13780=CARTESIAN_POINT('',(-40.206294466381,-2.22044604925031E-15,201.828517535958));
#13781=CARTESIAN_POINT('Origin',(-40.206294466381,3.,218.828517535958));
#13782=CARTESIAN_POINT('',(-40.206294466381,4.25349999999999,213.965515499758));
#13783=CARTESIAN_POINT('Origin',(-40.206294466381,6.0035,213.965515499758));
#13784=CARTESIAN_POINT('Origin',(-17.706294466381,3.,218.828517535958));
#13785=CARTESIAN_POINT('',(-10.206294466381,-2.22044604925031E-15,218.828517535958));
#13786=CARTESIAN_POINT('',(-17.706294466381,-2.22044604925031E-15,218.828517535958));
#13787=CARTESIAN_POINT('Origin',(-10.206294466381,3.,218.828517535958));
#13788=CARTESIAN_POINT('Origin',(-25.206294466381,-2.22044604925031E-15,
196.828517535958));
#13789=CARTESIAN_POINT('',(-31.206294466381,-2.22044604925031E-15,171.828517535958));
#13790=CARTESIAN_POINT('Origin',(-31.206294466381,-2.22044604925031E-15,
180.828517535958));
#13791=CARTESIAN_POINT('',(-17.206294466381,-2.22044604925031E-15,171.828517535958));
#13792=CARTESIAN_POINT('',(-10.206294466381,-2.22044604925031E-15,171.828517535958));
#13793=CARTESIAN_POINT('',(-10.206294466381,-2.22044604925031E-15,178.828517535958));
#13794=CARTESIAN_POINT('Origin',(-17.206294466381,-2.22044604925031E-15,
178.828517535958));
#13795=CARTESIAN_POINT('',(-10.206294466381,-2.22044604925031E-15,201.828517535958));
#13796=CARTESIAN_POINT('',(-27.206294466381,-2.22044604925031E-15,186.828517535958));
#13797=CARTESIAN_POINT('Origin',(-25.206294466381,-2.22044604925031E-15,
186.828517535958));
#13798=CARTESIAN_POINT('Origin',(-10.206294466381,6.0035,213.965515499758));
#13799=CARTESIAN_POINT('',(-10.206294466381,4.25349999999999,213.965515499758));
#13800=CARTESIAN_POINT('Origin',(-10.206294466381,6.0035,213.965515499758));
#13801=CARTESIAN_POINT('',(-10.206294466381,4.25349999999999,213.965515499758));
#13802=CARTESIAN_POINT('Origin',(-31.206294466381,12.007,180.828517535958));
#13803=CARTESIAN_POINT('',(-31.206294466381,12.007,171.828517535958));
#13804=CARTESIAN_POINT('Origin',(-31.206294466381,12.007,180.828517535958));
#13805=CARTESIAN_POINT('',(-31.206294466381,12.007,171.828517535958));
#13806=CARTESIAN_POINT('Origin',(-40.206294466381,12.007,171.828517535958));
#13807=CARTESIAN_POINT('',(-17.206294466381,12.007,171.828517535958));
#13808=CARTESIAN_POINT('',(-10.206294466381,12.007,171.828517535958));
#13809=CARTESIAN_POINT('',(-17.206294466381,12.007,171.828517535958));
#13810=CARTESIAN_POINT('Origin',(-25.206294466381,12.007,196.828517535958));
#13811=CARTESIAN_POINT('',(-10.206294466381,12.007,178.828517535958));
#13812=CARTESIAN_POINT('',(-10.206294466381,12.007,201.828517535958));
#13813=CARTESIAN_POINT('Origin',(-17.206294466381,12.007,178.828517535958));
#13814=CARTESIAN_POINT('',(-27.206294466381,12.007,186.828517535958));
#13815=CARTESIAN_POINT('Origin',(-25.206294466381,12.007,186.828517535958));
#13816=CARTESIAN_POINT('Origin',(-17.206294466381,12.007,178.828517535958));
#13817=CARTESIAN_POINT('',(-10.206294466381,12.007,178.828517535958));
#13818=CARTESIAN_POINT('Origin',(-25.206294466381,12.007,186.828517535958));
#13819=CARTESIAN_POINT('',(-27.206294466381,12.007,186.828517535958));
#13820=CARTESIAN_POINT('Origin',(-10.206294466381,12.007,171.828517535958));
#13821=CARTESIAN_POINT('',(0.,0.,0.));
#13822=CARTESIAN_POINT('Origin',(-25.2618394384806,-11.0721364863609,-26.3440551007051));
#13823=CARTESIAN_POINT('',(-23.2618394384806,-11.0721364863609,-26.3440551007051));
#13824=CARTESIAN_POINT('Origin',(-25.2618394384806,-11.0721364863609,-26.3440551007051));
#13825=CARTESIAN_POINT('',(-23.2618394384806,-16.0721364863609,-26.3440551007051));
#13826=CARTESIAN_POINT('',(-23.2618394384806,-11.0721364863609,-26.3440551007051));
#13827=CARTESIAN_POINT('Origin',(-25.2618394384806,-16.0721364863609,-26.3440551007051));
#13828=CARTESIAN_POINT('Origin',(-25.2681339048616,-16.0721364863609,-186.698808123683));
#13829=CARTESIAN_POINT('',(-27.2681339048616,-16.0721364863609,-186.698808123683));
#13830=CARTESIAN_POINT('Origin',(-25.2681339048616,-16.0721364863609,-186.698808123683));
#13831=CARTESIAN_POINT('',(-27.2681339048616,-11.0721364863609,-186.698808123683));
#13832=CARTESIAN_POINT('',(-27.2681339048616,-16.0721364863609,-186.698808123683));
#13833=CARTESIAN_POINT('Origin',(-25.2681339048616,-11.0721364863609,-186.698808123683));
#13834=CARTESIAN_POINT('Origin',(-26.2555449720996,-11.0721364863609,-187.698808123683));
#13835=CARTESIAN_POINT('',(-35.2555449720996,-16.0721364863609,-187.698808123683));
#13836=CARTESIAN_POINT('',(-26.2555449720996,-16.0721364863609,-196.698808123683));
#13837=CARTESIAN_POINT('Origin',(-26.2555449720996,-16.0721364863609,-187.698808123683));
#13838=CARTESIAN_POINT('',(-35.2555449720996,-11.0721364863609,-187.698808123683));
#13839=CARTESIAN_POINT('',(-35.2555449720996,-11.0721364863609,-187.698808123683));
#13840=CARTESIAN_POINT('',(-26.2555449720996,-11.0721364863609,-196.698808123683));
#13841=CARTESIAN_POINT('Origin',(-26.2555449720996,-11.0721364863609,-187.698808123683));
#13842=CARTESIAN_POINT('',(-26.2555449720996,-11.0721364863609,-196.698808123683));
#13843=CARTESIAN_POINT('Origin',(-35.2555449720996,-11.0721364863609,-196.698808123683));
#13844=CARTESIAN_POINT('',(-35.2555449720996,-16.0721364863609,-26.6988081236834));
#13845=CARTESIAN_POINT('',(-35.2555449720996,-16.0721364863609,-26.6988081236834));
#13846=CARTESIAN_POINT('',(-35.2555449720996,-11.0721364863609,-26.6988081236834));
#13847=CARTESIAN_POINT('',(-35.2555449720996,-11.0721364863609,-26.6988081236834));
#13848=CARTESIAN_POINT('',(-35.2555449720996,-11.0721364863609,-26.6988081236834));
#13849=CARTESIAN_POINT('Origin',(-25.2618394384806,-11.0721364863609,-106.521431612194));
#13850=CARTESIAN_POINT('',(-15.2681339048615,-11.0721364863609,-26.6988081236834));
#13851=CARTESIAN_POINT('Origin',(-25.2618394384806,-11.0721364863609,-26.3440551007051));
#13852=CARTESIAN_POINT('',(-15.2681339048615,-11.0721364863609,-186.698808123683));
#13853=CARTESIAN_POINT('',(-15.2681339048615,-11.0721364863609,-196.698808123683));
#13854=CARTESIAN_POINT('',(-25.2681339048615,-11.0721364863609,-196.698808123683));
#13855=CARTESIAN_POINT('Origin',(-25.2681339048615,-11.0721364863609,-186.698808123683));
#13856=CARTESIAN_POINT('',(-35.2555449720996,-11.0721364863609,-196.698808123683));
#13857=CARTESIAN_POINT('Origin',(-25.2681339048615,-11.0721364863609,-186.698808123683));
#13858=CARTESIAN_POINT('',(-25.2681339048615,-16.0721364863609,-196.698808123683));
#13859=CARTESIAN_POINT('',(-15.2681339048615,-16.0721364863609,-186.698808123683));
#13860=CARTESIAN_POINT('Origin',(-25.2681339048615,-16.0721364863609,-186.698808123683));
#13861=CARTESIAN_POINT('',(-25.2681339048615,-11.0721364863609,-196.698808123683));
#13862=CARTESIAN_POINT('',(-15.2681339048615,-11.0721364863609,-186.698808123683));
#13863=CARTESIAN_POINT('Origin',(-15.2681339048615,-11.0721364863609,-26.6988081236834));
#13864=CARTESIAN_POINT('',(-15.2681339048615,-16.0721364863609,-26.6988081236834));
#13865=CARTESIAN_POINT('',(-15.2681339048615,-11.0721364863609,-26.6988081236834));
#13866=CARTESIAN_POINT('',(-15.2681339048615,-16.0721364863609,-196.698808123683));
#13867=CARTESIAN_POINT('Origin',(-15.2681339048615,-11.0721364863609,-196.698808123683));
#13868=CARTESIAN_POINT('',(-35.2555449720996,-16.0721364863609,-196.698808123683));
#13869=CARTESIAN_POINT('Origin',(-25.2618394384806,-11.0721364863609,-26.3440551007051));
#13870=CARTESIAN_POINT('Origin',(-25.2618394384806,-16.0721364863609,-26.3440551007051));
#13871=CARTESIAN_POINT('Origin',(-25.2618394384806,-16.0721364863609,-106.521431612194));
#13872=CARTESIAN_POINT('',(0.0618394384806065,28.0791364863608,0.129709412274434));
#13873=CARTESIAN_POINT('',(5.77315972805081E-14,-1.44700000000004,-2.05391259555654E-14));
#13874=CARTESIAN_POINT('',(0.0618394384806509,-17.1811364863609,0.129709412274354));
#13875=CARTESIAN_POINT('',(0.0618394384805754,28.0791364863609,0.129709412274446));
#13876=CARTESIAN_POINT('',(-4.44089209850063E-15,-1.447,0.));
#13877=CARTESIAN_POINT('',(0.0618394384805798,-18.0791364863609,0.129709412274446));
#13878=CARTESIAN_POINT('Origin',(0.6,0.,0.));
#13879=CARTESIAN_POINT('',(0.6,3.,0.));
#13880=CARTESIAN_POINT('',(0.6,0.,3.));
#13881=CARTESIAN_POINT('Origin',(0.600000000000001,3.,3.));
#13882=CARTESIAN_POINT('',(0.6,7.,0.));
#13883=CARTESIAN_POINT('',(0.600000000000001,2.5,0.));
#13884=CARTESIAN_POINT('',(0.6,10.,3.));
#13885=CARTESIAN_POINT('Origin',(0.600000000000001,7.,3.));
#13886=CARTESIAN_POINT('',(0.6,10.,31.));
#13887=CARTESIAN_POINT('',(0.6,10.,0.));
#13888=CARTESIAN_POINT('',(0.6,0.,31.));
#13889=CARTESIAN_POINT('',(0.6,5.,31.));
#13890=CARTESIAN_POINT('',(0.599999999999996,0.,0.));
#13891=CARTESIAN_POINT('',(0.6,3.25,4.38874893200884));
#13892=CARTESIAN_POINT('Origin',(0.6,5.,4.38874893200884));
#13893=CARTESIAN_POINT('Origin',(-37.8,3.,3.));
#13894=CARTESIAN_POINT('',(-51.,0.,3.));
#13895=CARTESIAN_POINT('',(0.,0.,3.));
#13896=CARTESIAN_POINT('',(-51.,3.,0.));
#13897=CARTESIAN_POINT('Origin',(-51.,3.,3.));
#13898=CARTESIAN_POINT('',(-50.4,3.,0.));
#13899=CARTESIAN_POINT('Origin',(-50.4,0.,0.));
#13900=CARTESIAN_POINT('',(0.,0.,31.));
#13901=CARTESIAN_POINT('',(0.,0.,31.));
#13902=CARTESIAN_POINT('',(-9.,0.,40.));
#13903=CARTESIAN_POINT('Origin',(-9.,0.,31.));
#13904=CARTESIAN_POINT('',(-41.4,0.,40.));
#13905=CARTESIAN_POINT('',(0.,0.,40.));
#13906=CARTESIAN_POINT('',(-50.4,0.,31.));
#13907=CARTESIAN_POINT('Origin',(-41.4,0.,31.));
#13908=CARTESIAN_POINT('',(-51.,0.,31.));
#13909=CARTESIAN_POINT('',(-50.4,0.,31.));
#13910=CARTESIAN_POINT('',(-51.,0.,0.));
#13911=CARTESIAN_POINT('',(-26.95,0.,26.4737645129795));
#13912=CARTESIAN_POINT('Origin',(-25.2,0.,26.4737645129795));
#13913=CARTESIAN_POINT('Origin',(0.,10.,31.));
#13914=CARTESIAN_POINT('',(0.,10.,31.));
#13915=CARTESIAN_POINT('',(0.,10.,31.));
#13916=CARTESIAN_POINT('',(0.,2.5,31.));
#13917=CARTESIAN_POINT('Origin',(-50.4,0.,31.));
#13918=CARTESIAN_POINT('',(-50.4,10.,31.));
#13919=CARTESIAN_POINT('',(-50.4,7.5,31.));
#13920=CARTESIAN_POINT('',(-51.,10.,31.));
#13921=CARTESIAN_POINT('',(-50.4,10.,31.));
#13922=CARTESIAN_POINT('',(-51.,7.5,31.));
#13923=CARTESIAN_POINT('Origin',(-51.,10.,0.));
#13924=CARTESIAN_POINT('',(-51.,10.,3.));
#13925=CARTESIAN_POINT('',(-51.,10.,0.));
#13926=CARTESIAN_POINT('',(-51.,7.,0.));
#13927=CARTESIAN_POINT('Origin',(-51.,7.,3.));
#13928=CARTESIAN_POINT('',(-51.,0.,0.));
#13929=CARTESIAN_POINT('',(-51.,3.25,4.38874893200884));
#13930=CARTESIAN_POINT('Origin',(-51.,5.,4.38874893200884));
#13931=CARTESIAN_POINT('Origin',(-12.6,7.,3.));
#13932=CARTESIAN_POINT('',(-50.4,7.,0.));
#13933=CARTESIAN_POINT('',(-50.4,10.,3.));
#13934=CARTESIAN_POINT('Origin',(0.,10.,0.));
#13935=CARTESIAN_POINT('',(-41.4,10.,40.));
#13936=CARTESIAN_POINT('Origin',(-41.4,10.,31.));
#13937=CARTESIAN_POINT('',(-9.,10.,40.));
#13938=CARTESIAN_POINT('',(-50.4,10.,40.));
#13939=CARTESIAN_POINT('Origin',(-9.,10.,31.));
#13940=CARTESIAN_POINT('',(-26.95,10.,26.4737645129795));
#13941=CARTESIAN_POINT('Origin',(-25.2,10.,26.4737645129795));
#13942=CARTESIAN_POINT('Origin',(-41.4,7.5,31.));
#13943=CARTESIAN_POINT('',(-41.4,7.5,40.));
#13944=CARTESIAN_POINT('Origin',(-9.,2.5,31.));
#13945=CARTESIAN_POINT('',(-9.,2.5,40.));
#13946=CARTESIAN_POINT('Origin',(-25.2,0.,26.4737645129795));
#13947=CARTESIAN_POINT('',(-26.95,0.,26.4737645129795));
#13948=CARTESIAN_POINT('Origin',(-25.2,5.,40.));
#13949=CARTESIAN_POINT('Origin',(0.,5.,4.38874893200884));
#13950=CARTESIAN_POINT('',(0.,3.25,4.38874893200884));
#13951=CARTESIAN_POINT('Origin',(-25.2,5.,0.));
#13952=CARTESIAN_POINT('',(0.0618394384805754,28.0791364863608,0.129709412274437));
#13953=CARTESIAN_POINT('',(-8.88178419700125E-15,-1.447,-8.88178419700125E-15));
#13954=CARTESIAN_POINT('',(0.0618394384805798,-18.0791364863609,0.129709412274446));
#13955=CARTESIAN_POINT('Origin',(20.,-9.39472300552013,20.));
#13956=CARTESIAN_POINT('',(30.,-9.39472300552013,18.5));
#13957=CARTESIAN_POINT('',(20.,-9.39472300552013,18.5));
#13958=CARTESIAN_POINT('',(10.,-9.39472300552013,18.5));
#13959=CARTESIAN_POINT('',(20.,-9.39472300552013,0.));
#13960=CARTESIAN_POINT('',(20.,-9.39472300552013,20.));
#13961=CARTESIAN_POINT('',(30.,-9.39472300552013,0.));
#13962=CARTESIAN_POINT('',(10.,-9.39472300552013,0.));
#13963=CARTESIAN_POINT('',(30.,-9.39472300552013,10.));
#13964=CARTESIAN_POINT('',(23.9281484287451,-9.39472300552013,14.987354384349));
#13965=CARTESIAN_POINT('Origin',(25.7281484287451,-9.39472300552013,14.987354384349));
#13966=CARTESIAN_POINT('',(23.7857472558585,-9.39472300552013,5.07485895983972));
#13967=CARTESIAN_POINT('Origin',(25.5857472558585,-9.39472300552013,5.07485895983972));
#13968=CARTESIAN_POINT('Origin',(0.,0.,0.));
#13969=CARTESIAN_POINT('',(30.,17.3205080756888,0.));
#13970=CARTESIAN_POINT('',(30.,-3.19736150276006,0.));
#13971=CARTESIAN_POINT('',(20.,-12.3947230055201,0.));
#13972=CARTESIAN_POINT('',(20.,-6.19736150276006,0.));
#13973=CARTESIAN_POINT('',(30.,-12.3947230055201,0.));
#13974=CARTESIAN_POINT('',(15.,-12.3947230055201,0.));
#13975=CARTESIAN_POINT('',(30.,-22.0455080756888,0.));
#13976=CARTESIAN_POINT('',(30.,-8.66025403784439,0.));
#13977=CARTESIAN_POINT('',(18.5510080682219,-22.0455080756887,0.));
#13978=CARTESIAN_POINT('',(5.94619391156341,-22.0455080756887,0.));
#13979=CARTESIAN_POINT('',(5.32384187671871,-44.683964771176,0.));
#13980=CARTESIAN_POINT('',(20.9916813404736,-17.8682659225511,0.));
#13981=CARTESIAN_POINT('',(45.,-5.51091059616309E-15,0.));
#13982=CARTESIAN_POINT('Origin',(0.,0.,0.));
#13983=CARTESIAN_POINT('',(39.2915790510927,21.9356289098747,0.));
#13984=CARTESIAN_POINT('Origin',(0.,0.,0.));
#13985=CARTESIAN_POINT('',(30.3647111889631,21.9818765048684,0.));
#13986=CARTESIAN_POINT('',(24.7804334138755,22.0108070794958,0.));
#13987=CARTESIAN_POINT('',(30.0905490762917,22.0033272851704,0.));
#13988=CARTESIAN_POINT('',(30.3647111889631,21.9818765048684,0.));
#13989=CARTESIAN_POINT('',(29.7258378873286,17.3419588559908,0.));
#13990=CARTESIAN_POINT('',(28.9611050897278,7.56792003467073,0.));
#13991=CARTESIAN_POINT('',(30.,17.3205080756888,0.));
#13992=CARTESIAN_POINT('',(17.185876360284,-30.8520490854615,0.));
#13993=CARTESIAN_POINT('Origin',(18.985876360284,-30.8520490854615,0.));
#13994=CARTESIAN_POINT('Origin',(20.,-12.3947230055201,20.));
#13995=CARTESIAN_POINT('',(20.,-12.3947230055201,18.5));
#13996=CARTESIAN_POINT('',(20.,-6.19736150276006,18.5));
#13997=CARTESIAN_POINT('',(20.,-12.3947230055201,20.));
#13998=CARTESIAN_POINT('Origin',(-23.1360687842985,-21.2834006107731,20.));
#13999=CARTESIAN_POINT('',(-18.1360687842985,-12.6231465729287,18.5));
#14000=CARTESIAN_POINT('',(-23.1360687842985,-21.2834006107731,18.5));
#14001=CARTESIAN_POINT('',(-15.6360687842985,-8.29301955400651,18.5));
#14002=CARTESIAN_POINT('',(-23.1360687842985,-21.2834006107731,0.));
#14003=CARTESIAN_POINT('',(-23.1360687842985,-21.2834006107731,10.));
#14004=CARTESIAN_POINT('',(-18.1360687842985,-12.6231465729287,0.));
#14005=CARTESIAN_POINT('',(-15.6360687842985,-8.29301955400651,0.));
#14006=CARTESIAN_POINT('',(-18.1360687842985,-12.6231465729287,20.));
#14007=CARTESIAN_POINT('',(-20.1001429986711,-16.0250229020579,14.987354384349));
#14008=CARTESIAN_POINT('Origin',(-21.0001429986711,-17.5838686288699,14.987354384349));
#14009=CARTESIAN_POINT('',(-20.0289424122278,-15.9016998688094,5.07485895983973));
#14010=CARTESIAN_POINT('Origin',(-20.9289424122278,-17.4605455956214,5.07485895983973));
#14011=CARTESIAN_POINT('Origin',(-20.7341449956518,-11.1231465729287,20.));
#14012=CARTESIAN_POINT('',(-15.5379925729452,-14.1231465729287,0.));
#14013=CARTESIAN_POINT('',(-15.3670724978259,-14.2218273243087,0.));
#14014=CARTESIAN_POINT('',(-15.5379925729452,-14.1231465729287,18.5));
#14015=CARTESIAN_POINT('',(-15.5379925729452,-14.1231465729287,20.));
#14016=CARTESIAN_POINT('',(-15.3670724978259,-14.2218273243087,18.5));
#14017=CARTESIAN_POINT('Origin',(-1.86393121570147,22.0178695784488,20.));
#14018=CARTESIAN_POINT('',(-6.86393121570147,30.6781236162932,18.5));
#14019=CARTESIAN_POINT('',(-1.86393121570147,22.0178695784488,18.5));
#14020=CARTESIAN_POINT('',(3.13606878429852,13.3576155406045,18.5));
#14021=CARTESIAN_POINT('',(-1.86393121570147,22.0178695784488,0.));
#14022=CARTESIAN_POINT('',(-1.86393121570148,22.0178695784488,20.));
#14023=CARTESIAN_POINT('',(-6.86393121570147,30.6781236162932,0.));
#14024=CARTESIAN_POINT('',(3.13606878429853,13.3576155406045,0.));
#14025=CARTESIAN_POINT('',(-6.86393121570146,30.6781236162932,10.));
#14026=CARTESIAN_POINT('',(-3.82800543007402,25.419745907578,14.987354384349));
#14027=CARTESIAN_POINT('Origin',(-4.72800543007402,26.97859163439,14.987354384349));
#14028=CARTESIAN_POINT('',(-3.75680484363073,25.2964228743295,5.07485895983972));
#14029=CARTESIAN_POINT('Origin',(-4.65680484363073,26.8552686011415,5.07485895983972));
#14030=CARTESIAN_POINT('Origin',(0.,0.,0.));
#14031=CARTESIAN_POINT('',(-30.,17.3205080756888,0.));
#14032=CARTESIAN_POINT('',(-12.2310037135274,27.5794428649132,0.));
#14033=CARTESIAN_POINT('',(0.734144995651843,23.5178695784488,0.));
#14034=CARTESIAN_POINT('',(-4.63292750217408,20.4191888270688,0.));
#14035=CARTESIAN_POINT('',(-4.26585500434815,32.1781236162932,0.));
#14036=CARTESIAN_POINT('',(3.23414499565184,19.1877425595266,0.));
#14037=CARTESIAN_POINT('',(7.69185074553425E-15,34.6410161513775,0.));
#14038=CARTESIAN_POINT('',(-7.49999999999999,30.3108891324553,0.));
#14039=CARTESIAN_POINT('',(4.21929498955228,27.3329828573521,-8.88178419700125E-15));
#14040=CARTESIAN_POINT('',(12.0269030442182,13.8098090210866,-2.22044604925031E-15));
#14041=CARTESIAN_POINT('',(9.65297262294411,26.9078452480374,0.));
#14042=CARTESIAN_POINT('',(5.91339645922726,27.2004342784066,0.));
#14043=CARTESIAN_POINT('',(9.65391238045898,27.0892404353726,0.));
#14044=CARTESIAN_POINT('',(9.58314396081857,13.4292797167989,6.93889390390723E-17));
#14045=CARTESIAN_POINT('',(36.035527695288,26.9525646965578,0.));
#14046=CARTESIAN_POINT('',(4.89725473111247,27.1138833425925,0.));
#14047=CARTESIAN_POINT('',(-38.6426014094862,23.0596911581134,0.));
#14048=CARTESIAN_POINT('Origin',(0.,0.,0.));
#14049=CARTESIAN_POINT('',(-34.2192190705498,15.3056730157854,1.11022302462516E-15));
#14050=CARTESIAN_POINT('',(-31.4521347955794,10.4550813134571,-6.93889390390723E-17));
#14051=CARTESIAN_POINT('',(-34.1149354311662,15.0872950806434,0.));
#14052=CARTESIAN_POINT('',(-34.2192190705498,15.3056730157854,1.11022302462516E-15));
#14053=CARTESIAN_POINT('',(-29.8957163606164,17.1021301405467,0.));
#14054=CARTESIAN_POINT('',(-21.0487840449775,21.3268715213772,1.11022302462516E-15));
#14055=CARTESIAN_POINT('',(-30.,17.3205080756888,0.));
#14056=CARTESIAN_POINT('',(18.1257200866722,30.3094300570352,4.44089209850063E-15));
#14057=CARTESIAN_POINT('Origin',(17.2257200866722,31.8682757838472,4.44089209850063E-15));
#14058=CARTESIAN_POINT('Origin',(0.734144995651843,23.5178695784488,20.));
#14059=CARTESIAN_POINT('',(0.734144995651844,23.5178695784488,18.5));
#14060=CARTESIAN_POINT('',(-4.63292750217407,20.4191888270688,18.5));
#14061=CARTESIAN_POINT('',(0.734144995651843,23.5178695784488,20.));
#14062=CARTESIAN_POINT('Origin',(-51.3474384860761,45.3307791262603,14.8859234970927));
#14063=CARTESIAN_POINT('',(-52.5994068998658,47.5254313290995,19.7712153818675));
#14064=CARTESIAN_POINT('',(-53.9220623613461,49.843995192343,16.6893071616917));
#14065=CARTESIAN_POINT('Origin',(-51.3474384860762,45.3307791262603,14.8859234970927));
#14066=CARTESIAN_POINT('',(-56.942427433962,45.0478977490205,19.7712153818675));
#14067=CARTESIAN_POINT('',(-52.5994068998658,47.5254313290995,19.7712153818675));
#14068=CARTESIAN_POINT('',(-58.2650828954423,47.366461612264,16.6893071616917));
#14069=CARTESIAN_POINT('Origin',(-55.6904590201724,42.8532455461813,14.8859234970927));
#14070=CARTESIAN_POINT('',(-53.9220623613461,49.843995192343,16.6893071616917));
#14071=CARTESIAN_POINT('Origin',(-51.2394998788015,45.1415669228074,6.25453236442697));
#14072=CARTESIAN_POINT('',(-53.9220623613462,49.8439951923431,5.28446695574816));
#14073=CARTESIAN_POINT('',(-51.4516061972632,45.5133810947312,0.771215381867481));
#14074=CARTESIAN_POINT('Origin',(-51.2394998788015,45.1415669228073,6.25453236442697));
#14075=CARTESIAN_POINT('',(-58.2650828954424,47.3664616122641,5.28446695574816));
#14076=CARTESIAN_POINT('',(-53.9220623613462,49.8439951923431,5.28446695574816));
#14077=CARTESIAN_POINT('',(-55.7946267313594,43.0358475146522,0.771215381867481));
#14078=CARTESIAN_POINT('Origin',(-55.5825204128977,42.6640333427284,6.25453236442697));
#14079=CARTESIAN_POINT('',(-51.4516061972632,45.5133810947312,0.771215381867481));
#14080=CARTESIAN_POINT('Origin',(64.9313255397208,21.8027965850706,14.8859234970927));
#14081=CARTESIAN_POINT('',(67.4579343067459,21.7897069347286,19.7712153818675));
#14082=CARTESIAN_POINT('',(70.1271972433515,21.775878233203,16.6893071616917));
#14083=CARTESIAN_POINT('Origin',(64.9313255397208,21.8027965850706,14.8859234970927));
#14084=CARTESIAN_POINT('',(67.4838375547166,26.7896398364528,19.7712153818675));
#14085=CARTESIAN_POINT('',(67.4579343067459,21.7897069347286,19.7712153818675));
#14086=CARTESIAN_POINT('',(70.1531004913222,26.7758111349272,16.6893071616917));
#14087=CARTESIAN_POINT('Origin',(64.9572287876915,26.8027294867948,14.8859234970927));
#14088=CARTESIAN_POINT('',(70.1271972433515,21.775878233203,16.6893071616917));
#14089=CARTESIAN_POINT('Origin',(-13.5838870536447,-67.1335757113309,14.8859234970927));
#14090=CARTESIAN_POINT('',(-14.8585274068801,-69.315138263828,19.7712153818675));
#14091=CARTESIAN_POINT('',(-16.2051348820054,-71.619873425546,16.6893071616917));
#14092=CARTESIAN_POINT('Origin',(-13.5838870536447,-67.1335757113309,14.8859234970927));
#14093=CARTESIAN_POINT('',(-10.5414101207546,-71.8375375854733,19.7712153818675));
#14094=CARTESIAN_POINT('',(-14.8585274068801,-69.315138263828,19.7712153818675));
#14095=CARTESIAN_POINT('',(-11.8880175958799,-74.1422727471913,16.6893071616917));
#14096=CARTESIAN_POINT('Origin',(-9.26676976751922,-69.6559750329761,14.8859234970927));
#14097=CARTESIAN_POINT('',(-16.2051348820054,-71.619873425546,16.6893071616917));
#14098=CARTESIAN_POINT('Origin',(64.7134936611873,21.8039251108481,6.25453236442697));
#14099=CARTESIAN_POINT('',(70.1271972433516,21.775878233203,5.28446695574816));
#14100=CARTESIAN_POINT('',(65.1415473387912,21.8017074849772,0.771215381867481));
#14101=CARTESIAN_POINT('Origin',(64.7134936611873,21.8039251108481,6.25453236442697));
#14102=CARTESIAN_POINT('',(70.1531004913223,26.7758111349272,5.28446695574816));
#14103=CARTESIAN_POINT('',(70.1271972433516,21.775878233203,5.28446695574816));
#14104=CARTESIAN_POINT('',(65.1674505867619,26.8016403867015,0.771215381867481));
#14105=CARTESIAN_POINT('Origin',(64.7393969091579,26.8038580125724,6.25453236442697));
#14106=CARTESIAN_POINT('',(65.1415473387912,21.8017074849772,0.771215381867481));
#14107=CARTESIAN_POINT('Origin',(-13.5509231832125,-67.0771576439617,6.08607632803348));
#14108=CARTESIAN_POINT('',(-16.2051348820055,-71.619873425546,5.28446695574816));
#14109=CARTESIAN_POINT('',(-13.689941141528,-67.3150885797084,0.771215381867481));
#14110=CARTESIAN_POINT('Origin',(-13.5509231832125,-67.0771576439617,6.08607632803348));
#14111=CARTESIAN_POINT('',(-11.88801759588,-74.1422727471913,5.28446695574816));
#14112=CARTESIAN_POINT('',(-16.2051348820055,-71.619873425546,5.28446695574816));
#14113=CARTESIAN_POINT('',(-9.37282385540254,-69.8374879013536,0.771215381867481));
#14114=CARTESIAN_POINT('Origin',(-9.23380589708703,-69.599556965607,6.08607632803348));
#14115=CARTESIAN_POINT('',(-13.689941141528,-67.3150885797084,0.771215381867481));
#14116=CARTESIAN_POINT('Origin',(90.3862782673219,21.6709216248371,-130.884803089283));
#14117=CARTESIAN_POINT('',(49.4720762419265,26.8829537126276,-7.4997846181326));
#14118=CARTESIAN_POINT('',(63.5545167182249,26.8099965440296,-3.68949468072871));
#14119=CARTESIAN_POINT('Origin',(90.4121815152926,26.6708545265613,-130.884803089283));
#14120=CARTESIAN_POINT('',(63.5286134702542,21.8100636423054,-3.68949468072871));
#14121=CARTESIAN_POINT('',(63.5286134702542,21.8100636423054,-3.68949468072871));
#14122=CARTESIAN_POINT('',(49.4461729939558,21.8830208109034,-7.4997846181326));
#14123=CARTESIAN_POINT('Origin',(90.3862782673219,21.6709216248371,-130.884803089283));
#14124=CARTESIAN_POINT('',(49.4461729939558,21.8830208109034,-7.4997846181326));
#14125=CARTESIAN_POINT('Origin',(-63.9607077841912,67.4413523206113,-130.884803089283));
#14126=CARTESIAN_POINT('',(-48.01735896486,29.4025979471551,-7.4997846181326));
#14127=CARTESIAN_POINT('',(-54.9953964416151,41.6348277312107,-3.68949468072872));
#14128=CARTESIAN_POINT('Origin',(-68.3037283182874,64.9638187405323,-130.884803089283));
#14129=CARTESIAN_POINT('',(-50.6523759075189,44.1123613112897,-3.68949468072872));
#14130=CARTESIAN_POINT('',(-50.6523759075189,44.1123613112897,-3.68949468072872));
#14131=CARTESIAN_POINT('',(-43.6743384307638,31.8801315272341,-7.4997846181326));
#14132=CARTESIAN_POINT('Origin',(-63.9607077841912,67.4413523206113,-130.884803089283));
#14133=CARTESIAN_POINT('',(-43.6743384307638,31.8801315272341,-7.4997846181326));
#14134=CARTESIAN_POINT('Origin',(-26.4255704831304,-89.1122739454484,-130.884803089283));
#14135=CARTESIAN_POINT('',(-1.45471727706653,-56.2855516597828,-7.4997846181326));
#14136=CARTESIAN_POINT('',(-8.55912027660981,-68.4448242752403,-3.68949468072872));
#14137=CARTESIAN_POINT('Origin',(-22.1084531970049,-91.6346732670937,-130.884803089283));
#14138=CARTESIAN_POINT('',(-12.8762375627353,-65.9224249535951,-3.68949468072872));
#14139=CARTESIAN_POINT('',(-12.8762375627353,-65.9224249535951,-3.68949468072872));
#14140=CARTESIAN_POINT('',(-5.77183456319202,-53.7631523381375,-7.4997846181326));
#14141=CARTESIAN_POINT('Origin',(-26.4255704831304,-89.1122739454484,-130.884803089283));
#14142=CARTESIAN_POINT('',(-5.77183456319202,-53.7631523381375,-7.4997846181326));
#14143=CARTESIAN_POINT('Origin',(49.4461729939558,21.8830208109034,-7.49978461813261));
#14144=CARTESIAN_POINT('',(36.0355276952879,26.9525646965578,-7.49978461813268));
#14145=CARTESIAN_POINT('',(39.2915790510927,21.9356289098747,-7.49978461813266));
#14146=CARTESIAN_POINT('Origin',(0.,0.,-7.49978461813261));
#14147=CARTESIAN_POINT('',(70.1531004913223,26.7758111349272,-7.49978461813249));
#14148=CARTESIAN_POINT('',(70.1271972433517,21.775878233203,-7.49978461813249));
#14149=CARTESIAN_POINT('Origin',(-5.77183456319203,-53.7631523381375,-7.49978461813262));
#14150=CARTESIAN_POINT('',(5.3238418767187,-44.683964771176,-7.49978461813268));
#14151=CARTESIAN_POINT('',(-0.648977641606548,-44.9953200679881,-7.49978461813266));
#14152=CARTESIAN_POINT('Origin',(0.,0.,-7.49978461813262));
#14153=CARTESIAN_POINT('',(-11.88801759588,-74.1422727471914,-7.49978461813249));
#14154=CARTESIAN_POINT('',(-16.2051348820055,-71.6198734255461,-7.49978461813249));
#14155=CARTESIAN_POINT('Origin',(-43.6743384307638,31.8801315272341,-7.4997846181326));
#14156=CARTESIAN_POINT('',(-41.3593695720067,17.7314000746181,-7.49978461813268));
#14157=CARTESIAN_POINT('',(-38.6426014094862,23.0596911581134,-7.49978461813266));
#14158=CARTESIAN_POINT('Origin',(0.,0.,-7.4997846181326));
#14159=CARTESIAN_POINT('',(-58.2650828954424,47.3664616122641,-7.49978461813249));
#14160=CARTESIAN_POINT('',(-53.9220623613462,49.8439951923431,-7.49978461813249));
#14161=CARTESIAN_POINT('Origin',(0.,0.,0.));
#14162=CARTESIAN_POINT('',(45.,-4.44089209850063E-15,-7.5));
#14163=CARTESIAN_POINT('Origin',(0.,0.,-7.5));
#14164=CARTESIAN_POINT('',(45.,-5.51091059616309E-15,0.));
#14165=CARTESIAN_POINT('',(5.32384187671871,-44.683964771176,0.));
#14166=CARTESIAN_POINT('',(-0.648977641606532,-44.9953200679881,0.));
#14167=CARTESIAN_POINT('',(-0.648977641606532,-44.9953200679881,0.));
#14168=CARTESIAN_POINT('',(-41.3593695720067,17.7314000746182,0.));
#14169=CARTESIAN_POINT('Origin',(0.,0.,0.));
#14170=CARTESIAN_POINT('',(-41.3593695720067,17.7314000746182,0.));
#14171=CARTESIAN_POINT('',(-38.6426014094862,23.0596911581134,0.));
#14172=CARTESIAN_POINT('',(36.035527695288,26.9525646965578,0.));
#14173=CARTESIAN_POINT('',(39.2915790510927,21.9356289098747,0.));
#14174=CARTESIAN_POINT('Origin',(0.,0.,-7.5));
#14175=CARTESIAN_POINT('',(-6.00000000000001,10.3923048454133,-7.5));
#14176=CARTESIAN_POINT('Origin',(-5.,8.66025403784438,-7.5));
#14177=CARTESIAN_POINT('',(-6.,-10.3923048454133,-7.50000000000002));
#14178=CARTESIAN_POINT('Origin',(-5.,-8.66025403784439,-7.5));
#14179=CARTESIAN_POINT('',(12.,0.,-7.5));
#14180=CARTESIAN_POINT('Origin',(10.,0.,-7.5));
#14181=CARTESIAN_POINT('',(2.,0.,-7.5));
#14182=CARTESIAN_POINT('Origin',(0.,0.,-7.5));
#14183=CARTESIAN_POINT('',(-35.3115964469562,0.542619028426385,-7.5));
#14184=CARTESIAN_POINT('Origin',(-36.2115964469562,-1.0162266983856,-7.5));
#14185=CARTESIAN_POINT('',(18.1257200866722,30.3094300570352,-7.5));
#14186=CARTESIAN_POINT('Origin',(17.2257200866722,31.8682757838472,-7.5));
#14187=CARTESIAN_POINT('',(17.185876360284,-30.8520490854615,-7.5));
#14188=CARTESIAN_POINT('Origin',(18.985876360284,-30.8520490854615,-7.5));
#14189=CARTESIAN_POINT('Origin',(-3.5527136788005E-14,-34.6410161513775,
18.5));
#14190=CARTESIAN_POINT('',(3.89193881320751,-37.2234860234315,18.5));
#14191=CARTESIAN_POINT('',(3.85450788158674,-37.2875495206538,18.5));
#14192=CARTESIAN_POINT('',(3.57219552499173,-37.7707305714432,18.5));
#14193=CARTESIAN_POINT('',(3.89639402812713,-37.2265450066569,18.5));
#14194=CARTESIAN_POINT('',(0.0418861465403597,-34.5800116373806,18.5));
#14195=CARTESIAN_POINT('',(3.85450788158674,-37.2875495206538,18.5));
#14196=CARTESIAN_POINT('Origin',(-3.5254315917032E-14,-34.6410161513775,
0.));
#14197=CARTESIAN_POINT('',(-3.5254315917032E-14,-34.6410161513775,0.));
#14198=CARTESIAN_POINT('',(-3.5527136788005E-14,-34.6410161513775,18.5));
#14199=CARTESIAN_POINT('',(-3.5254315917032E-14,-34.6410161513775,0.));
#14200=CARTESIAN_POINT('',(0.0418861465403575,-34.5800116373806,-8.88178419700125E-15));
#14201=CARTESIAN_POINT('',(-3.5254315917032E-14,-34.6410161513775,0.));
#14202=CARTESIAN_POINT('',(0.0418861465403575,-34.5800116373806,18.5));
#14203=CARTESIAN_POINT('',(0.04188614654036,-34.5800116373806,0.));
#14204=CARTESIAN_POINT('',(8.08219951803809,-22.8698055161785,18.5));
#14205=CARTESIAN_POINT('Origin',(3.85450788158674,-37.2875495206538,18.5));
#14206=CARTESIAN_POINT('',(3.85450788158673,-37.2875495206538,0.));
#14207=CARTESIAN_POINT('',(3.85450788158674,-37.2875495206538,14.74344352936));
#14208=CARTESIAN_POINT('',(3.89639402812712,-37.2265450066569,-8.88178419700125E-15));
#14209=CARTESIAN_POINT('',(3.89639402812714,-37.2265450066569,14.74344352936));
#14210=CARTESIAN_POINT('',(3.85450788158673,-37.2875495206538,0.));
#14211=CARTESIAN_POINT('Origin',(0.0418861465403941,-34.5800116373806,18.5));
#14212=CARTESIAN_POINT('',(-8.04031337149771,-29.0307141968908,18.5));
#14213=CARTESIAN_POINT('',(-8.04031337149766,-29.0307141968911,0.));
#14214=CARTESIAN_POINT('Origin',(30.,17.3205080756888,18.5));
#14215=CARTESIAN_POINT('',(30.0889825063745,21.9833049777255,18.5));
#14216=CARTESIAN_POINT('',(30.3647111889631,21.9818765048684,18.5));
#14217=CARTESIAN_POINT('',(30.9243144318715,21.9789773576495,18.5));
#14218=CARTESIAN_POINT('',(30.0905490762917,22.0033272851704,18.5));
#14219=CARTESIAN_POINT('',(29.7258378873286,17.3419588559908,18.5));
#14220=CARTESIAN_POINT('',(30.3647111889631,21.9818765048684,18.5));
#14221=CARTESIAN_POINT('Origin',(30.,17.3205080756888,0.));
#14222=CARTESIAN_POINT('',(30.,17.3205080756888,18.5));
#14223=CARTESIAN_POINT('',(30.,17.3205080756888,0.));
#14224=CARTESIAN_POINT('',(29.7258378873286,17.3419588559908,18.5));
#14225=CARTESIAN_POINT('',(29.7258378873286,17.3419588559908,0.));
#14226=CARTESIAN_POINT('',(15.764732797601,18.4342928591645,18.5));
#14227=CARTESIAN_POINT('Origin',(30.3647111889631,21.9818765048684,18.5));
#14228=CARTESIAN_POINT('',(30.3647111889631,21.9818765048684,9.6356076909337));
#14229=CARTESIAN_POINT('',(30.0905490762917,22.0033272851704,9.6356076909337));
#14230=CARTESIAN_POINT('Origin',(29.7258378873286,17.3419588559908,18.5));
#14231=CARTESIAN_POINT('',(28.9611050897277,7.56792003467064,18.5));
#14232=CARTESIAN_POINT('Origin',(8.88178419700125E-15,8.88178419700125E-15,
18.5));
#14233=CARTESIAN_POINT('',(14.3158969099023,-19.3827542634275,18.5));
#14234=CARTESIAN_POINT('',(3.57219552499173,-37.7707305714432,18.5));
#14235=CARTESIAN_POINT('',(18.6330141960278,-21.9051535850728,18.5));
#14236=CARTESIAN_POINT('',(12.96339747928,-18.592517765269,18.5));
#14237=CARTESIAN_POINT('',(18.5510080682219,-22.0455080756887,18.5));
#14238=CARTESIAN_POINT('',(10.1935058586681,-36.3494753135814,18.5));
#14239=CARTESIAN_POINT('',(30.,-22.0455080756888,18.5));
#14240=CARTESIAN_POINT('',(5.94619391156341,-22.0455080756887,18.5));
#14241=CARTESIAN_POINT('',(30.,-12.3947230055201,18.5));
#14242=CARTESIAN_POINT('',(30.,-8.66025403784438,18.5));
#14243=CARTESIAN_POINT('',(15.,-12.3947230055201,18.5));
#14244=CARTESIAN_POINT('',(30.,-6.39472300552013,18.5));
#14245=CARTESIAN_POINT('',(9.62800913248819,22.0893075336483,18.5));
#14246=CARTESIAN_POINT('',(30.9243144318715,21.9789773576495,18.5));
#14247=CARTESIAN_POINT('',(9.65136066916471,26.5967004546788,18.5));
#14248=CARTESIAN_POINT('',(9.61989396539643,20.5228904190461,18.5));
#14249=CARTESIAN_POINT('',(4.40750947228512,27.0069858105386,18.5));
#14250=CARTESIAN_POINT('',(9.65136066916471,26.5967004546788,18.5));
#14251=CARTESIAN_POINT('',(8.88178419700125E-15,34.6410161513775,18.5));
#14252=CARTESIAN_POINT('',(12.0269030442182,13.8098090210866,18.5));
#14253=CARTESIAN_POINT('',(-4.26585500434816,32.1781236162932,18.5));
#14254=CARTESIAN_POINT('',(-7.49999999999999,30.3108891324553,18.5));
#14255=CARTESIAN_POINT('',(3.23414499565184,19.1877425595266,18.5));
#14256=CARTESIAN_POINT('',(-30.,17.3205080756888,18.5));
#14257=CARTESIAN_POINT('',(-9.46200742705479,29.1781236162932,18.5));
#14258=CARTESIAN_POINT('',(-29.8957163606164,17.1021301405467,18.5));
#14259=CARTESIAN_POINT('',(-23.8469323156389,4.43551265701385,18.5));
#14260=CARTESIAN_POINT('',(-34.0989870927398,15.0949110092954,18.5));
#14261=CARTESIAN_POINT('',(-21.0487840449775,21.3268715213772,18.5));
#14262=CARTESIAN_POINT('',(-23.9439060423905,-2.70655327022083,18.5));
#14263=CARTESIAN_POINT('',(-34.4965099568632,15.7917532137937,18.5));
#14264=CARTESIAN_POINT('',(-25.9834234276564,-3.87002297281172,18.5));
#14265=CARTESIAN_POINT('',(-22.5832914446764,-1.93037265377712,18.5));
#14266=CARTESIAN_POINT('',(-24.2862582223846,-7.42401701553002,18.5));
#14267=CARTESIAN_POINT('',(-25.9156455182882,-4.01195511081124,18.5));
#14268=CARTESIAN_POINT('',(-30.,-17.3205080756888,18.5));
#14269=CARTESIAN_POINT('',(-17.9730969557816,3.51069905460208,18.5));
#14270=CARTESIAN_POINT('',(-22.5,-21.650635094611,18.5));
#14271=CARTESIAN_POINT('',(-20.5379925729452,-22.7834006107731,18.5));
#14272=CARTESIAN_POINT('',(-10.5379925729452,-5.46289253508431,18.5));
#14273=CARTESIAN_POINT('',(-22.5,-21.650635094611,18.5));
#14274=CARTESIAN_POINT('',(2.,-2.44929359829471E-16,18.5));
#14275=CARTESIAN_POINT('Origin',(0.,0.,18.5));
#14276=CARTESIAN_POINT('',(12.,-2.44929359829471E-16,18.5));
#14277=CARTESIAN_POINT('Origin',(10.,0.,18.5));
#14278=CARTESIAN_POINT('',(-6.,-10.3923048454133,18.5));
#14279=CARTESIAN_POINT('Origin',(-5.,-8.66025403784439,18.5));
#14280=CARTESIAN_POINT('',(-6.00000000000001,10.3923048454133,18.5));
#14281=CARTESIAN_POINT('Origin',(-5.,8.66025403784438,18.5));
#14282=CARTESIAN_POINT('Origin',(-30.,17.3205080756888,18.5));
#14283=CARTESIAN_POINT('',(-34.2192190705498,15.3056730157854,18.5));
#14284=CARTESIAN_POINT('',(-34.4965099568632,15.7917532137937,18.5));
#14285=CARTESIAN_POINT('',(-34.1149354311662,15.0872950806433,18.5));
#14286=CARTESIAN_POINT('',(-29.8957163606164,17.1021301405467,18.5));
#14287=CARTESIAN_POINT('',(-34.2192190705498,15.3056730157854,18.5));
#14288=CARTESIAN_POINT('Origin',(-30.,17.3205080756888,0.));
#14289=CARTESIAN_POINT('',(-30.,17.3205080756888,0.));
#14290=CARTESIAN_POINT('',(-29.8957163606164,17.1021301405467,0.));
#14291=CARTESIAN_POINT('Origin',(-34.2192190705498,15.3056730157854,18.5));
#14292=CARTESIAN_POINT('',(-34.2192190705498,15.3056730157854,14.74344352936));
#14293=CARTESIAN_POINT('',(-34.1149354311662,15.0872950806433,14.74344352936));
#14294=CARTESIAN_POINT('Origin',(-29.8957163606164,17.1021301405467,18.5));
#14295=CARTESIAN_POINT('Origin',(30.6217606174081,25.2672215306108,20.));
#14296=CARTESIAN_POINT('',(9.6529726229441,26.9078452480374,0.771215381867183));
#14297=CARTESIAN_POINT('',(9.65297262294406,26.9078452480374,10.3856076909335));
#14298=CARTESIAN_POINT('',(4.21929498955228,27.3329828573521,0.771215381867183));
#14299=CARTESIAN_POINT('',(4.21929498955228,27.3329828573521,10.3856076909336));
#14300=CARTESIAN_POINT('',(9.67556670584464,26.9060774592511,0.771215381867183));
#14301=CARTESIAN_POINT('Origin',(0.,0.,0.));
#14302=CARTESIAN_POINT('',(-30.,-17.3205080756888,0.));
#14303=CARTESIAN_POINT('',(-20.3670724978259,-22.8820813621531,1.11022302462516E-15));
#14304=CARTESIAN_POINT('',(-24.2862582223846,-7.42401701553002,0.));
#14305=CARTESIAN_POINT('',(-17.9730969557816,3.51069905460207,0.));
#14306=CARTESIAN_POINT('',(-25.9834234276564,-3.87002297281163,0.));
#14307=CARTESIAN_POINT('',(-24.2894808781453,-7.41726852732163,0.));
#14308=CARTESIAN_POINT('',(-28.2869265764868,-5.18408685029971,0.));
#14309=CARTESIAN_POINT('',(-15.348699154826,2.19669632864377,0.));
#14310=CARTESIAN_POINT('',(-25.929939135489,-9.3157946653493,-6.93889390390723E-17));
#14311=CARTESIAN_POINT('',(6.67170138170392,-32.4658883929528,0.));
#14312=CARTESIAN_POINT('',(-20.5379925729452,-22.7834006107731,0.));
#14313=CARTESIAN_POINT('',(-22.5,-21.650635094611,0.));
#14314=CARTESIAN_POINT('',(-10.5379925729452,-5.46289253508432,0.));
#14315=CARTESIAN_POINT('',(-35.3115964469562,0.542619028426385,0.));
#14316=CARTESIAN_POINT('Origin',(-36.2115964469562,-1.0162266983856,0.));
#14317=CARTESIAN_POINT('Origin',(-34.9694516067247,14.9474088935178,20.));
#14318=CARTESIAN_POINT('',(-25.9834234276564,-3.87002297281168,10.3856076909335));
#14319=CARTESIAN_POINT('',(-24.2862582223846,-7.42401701553002,19.25));
#14320=CARTESIAN_POINT('Origin',(48.2969531677269,26.8890416952037,19.7712153818674));
#14321=CARTESIAN_POINT('',(48.2710499197562,21.8891087934795,19.7712153818674));
#14322=CARTESIAN_POINT('',(48.2969531677269,26.8890416952037,19.7712153818674));
#14323=CARTESIAN_POINT('',(48.2710499197562,21.8891087934795,19.7712153818674));
#14324=CARTESIAN_POINT('',(48.2969531677269,26.8890416952037,18.5002153818674));
#14325=CARTESIAN_POINT('',(48.2969531677269,26.8890416952037,15.3790512202936));
#14326=CARTESIAN_POINT('',(48.2710499197562,21.8891087934795,18.5002153818674));
#14327=CARTESIAN_POINT('',(48.2710499197562,21.8891087934795,18.5002153818674));
#14328=CARTESIAN_POINT('',(48.2710499197562,21.8891087934795,15.3790512202936));
#14329=CARTESIAN_POINT('Origin',(30.1277340295576,21.9831042169685,18.5002153818673));
#14330=CARTESIAN_POINT('',(9.62800913248818,22.0893075336483,18.5002153818672));
#14331=CARTESIAN_POINT('',(41.4531632353402,21.9244303493671,18.5002153818674));
#14332=CARTESIAN_POINT('',(9.65391238045888,27.0892404353726,18.5002153818672));
#14333=CARTESIAN_POINT('',(41.4790664833109,26.9243632510913,18.5002153818674));
#14334=CARTESIAN_POINT('',(9.62800913248818,22.0893075336483,18.5002153818672));
#14335=CARTESIAN_POINT('Origin',(52.7785924411229,21.8657564817656,10.9868870587199));
#14336=CARTESIAN_POINT('',(9.62800913248829,22.0893075336483,0.771215381867178));
#14337=CARTESIAN_POINT('Origin',(60.4296521475156,21.8261184904748,10.9868870587199));
#14338=CARTESIAN_POINT('Origin',(60.4296521475156,21.8261184904748,10.9868870587199));
#14339=CARTESIAN_POINT('Origin',(60.4296521475156,21.8261184904748,10.9868870587199));
#14340=CARTESIAN_POINT('Origin',(-47.4350697753288,28.381867521037,19.7712153818674));
#14341=CARTESIAN_POINT('',(-43.0920492412327,30.8594011011159,19.7712153818674));
#14342=CARTESIAN_POINT('',(-47.4350697753288,28.381867521037,19.7712153818674));
#14343=CARTESIAN_POINT('',(-43.0920492412327,30.8594011011159,19.7712153818674));
#14344=CARTESIAN_POINT('',(-47.4350697753288,28.381867521037,18.5002153818674));
#14345=CARTESIAN_POINT('',(-47.4350697753289,28.381867521037,15.3790512202936));
#14346=CARTESIAN_POINT('',(-43.0920492412327,30.8594011011159,18.5002153818674));
#14347=CARTESIAN_POINT('',(-43.0920492412327,30.8594011011159,18.5002153818674));
#14348=CARTESIAN_POINT('',(-43.0920492412327,30.859401101116,15.3790512202936));
#14349=CARTESIAN_POINT('Origin',(-34.1017937207143,15.0998309195735,18.5002153818673));
#14350=CARTESIAN_POINT('',(-23.9439060423905,-2.70655327022083,18.5002153818672));
#14351=CARTESIAN_POINT('',(-39.7136952637245,24.9372772543442,18.5002153818674));
#14352=CARTESIAN_POINT('',(-28.2869265764867,-5.1840868502998,18.5002153818672));
#14353=CARTESIAN_POINT('',(-44.0567157978207,22.4597436742653,18.5002153818674));
#14354=CARTESIAN_POINT('',(-23.9439060423905,-2.70655327022082,18.5002153818672));
#14355=CARTESIAN_POINT('Origin',(-45.3255968067347,34.774723589115,10.9868870587199));
#14356=CARTESIAN_POINT('',(-23.9439060423906,-2.70655327022075,0.771215381867178));
#14357=CARTESIAN_POINT('Origin',(-49.1167991525182,41.420554656368,10.9868870587199));
#14358=CARTESIAN_POINT('Origin',(-49.1167991525182,41.420554656368,10.9868870587199));
#14359=CARTESIAN_POINT('Origin',(-49.1167991525182,41.420554656368,10.9868870587199));
#14360=CARTESIAN_POINT('Origin',(-23.9439060423906,-2.70655327022074,0.771215381867178));
#14361=CARTESIAN_POINT('',(-28.2869265764868,-5.18408685029972,0.771215381867178));
#14362=CARTESIAN_POINT('Origin',(9.65136066916471,26.5967004546788,18.5));
#14363=CARTESIAN_POINT('',(4.40750947228424,27.0069858105401,0.771215381867178));
#14364=CARTESIAN_POINT('',(4.40750947228515,27.0069858105385,19.2500000000006));
#14365=CARTESIAN_POINT('',(9.65136066916482,26.5967004546802,0.771215381867178));
#14366=CARTESIAN_POINT('',(9.65136066916482,26.5967004546802,0.385607690934057));
#14367=CARTESIAN_POINT('',(9.65136066916482,26.5967004546802,0.771215381867178));
#14368=CARTESIAN_POINT('Origin',(9.65136066916481,26.5967004546802,0.771215381867184));
#14369=CARTESIAN_POINT('',(7.47496856521427,21.6939908114461,0.771215381867181));
#14370=CARTESIAN_POINT('',(9.62800913248829,22.0893075336483,0.771215381867178));
#14371=CARTESIAN_POINT('Ctrl Pts',(-27.3139445014432,11.6957019515539,5.07485895983972));
#14372=CARTESIAN_POINT('Ctrl Pts',(-27.3139445014432,11.6957019515539,6.87485895983973));
#14373=CARTESIAN_POINT('Ctrl Pts',(-28.0919784978815,13.3249647833542,6.87485895983973));
#14374=CARTESIAN_POINT('Ctrl Pts',(-28.8700124943198,14.9542276151545,6.87485895983973));
#14375=CARTESIAN_POINT('Ctrl Pts',(-28.8700124943198,14.9542276151545,5.07485895983972));
#14376=CARTESIAN_POINT('Ctrl Pts',(-28.8700124943198,14.9542276151545,3.27485895983972));
#14377=CARTESIAN_POINT('Ctrl Pts',(-28.0919784978815,13.3249647833542,3.27485895983972));
#14378=CARTESIAN_POINT('Ctrl Pts',(-27.3139445014432,11.6957019515539,3.27485895983972));
#14379=CARTESIAN_POINT('Ctrl Pts',(-27.3139445014432,11.6957019515539,5.07485895983972));
#14380=CARTESIAN_POINT('Ctrl Pts',(-31.3746216776304,9.75657658149693,5.07485895983972));
#14381=CARTESIAN_POINT('Ctrl Pts',(-31.3746216776304,9.75657658149693,6.87485895983973));
#14382=CARTESIAN_POINT('Ctrl Pts',(-32.1526556740688,11.3858394132972,6.87485895983973));
#14383=CARTESIAN_POINT('Ctrl Pts',(-32.9306896705071,13.0151022450975,6.87485895983973));
#14384=CARTESIAN_POINT('Ctrl Pts',(-32.9306896705071,13.0151022450975,5.07485895983972));
#14385=CARTESIAN_POINT('Ctrl Pts',(-32.9306896705071,13.0151022450975,3.27485895983972));
#14386=CARTESIAN_POINT('Ctrl Pts',(-32.1526556740688,11.3858394132972,3.27485895983972));
#14387=CARTESIAN_POINT('Ctrl Pts',(-31.3746216776304,9.75657658149693,3.27485895983972));
#14388=CARTESIAN_POINT('Ctrl Pts',(-31.3746216776304,9.75657658149693,5.07485895983972));
#14389=CARTESIAN_POINT('',(-31.1223788853794,9.87703195793918,5.07485895983972));
#14390=CARTESIAN_POINT('Origin',(-32.0193994223316,11.4494742621785,5.07485895983972));
#14391=CARTESIAN_POINT('',(-27.3139445014432,11.6957019515539,5.07485895983972));
#14392=CARTESIAN_POINT('Ctrl Pts',(-31.1223788853794,9.87703195793918,5.07485895983972));
#14393=CARTESIAN_POINT('Ctrl Pts',(-27.3139445014432,11.6957019515539,5.07485895983972));
#14394=CARTESIAN_POINT('',(-28.0919784978815,13.3249647833542,3.27485895983972));
#14395=CARTESIAN_POINT('Origin',(-28.0919784978815,13.3249647833542,5.07485895983972));
#14396=CARTESIAN_POINT('',(-28.0919784978815,13.3249647833542,6.87485895983973));
#14397=CARTESIAN_POINT('Origin',(-28.0919784978815,13.3249647833542,5.07485895983972));
#14398=CARTESIAN_POINT('Origin',(-28.0919784978815,13.3249647833542,5.07485895983972));
#14399=CARTESIAN_POINT('Ctrl Pts',(-27.3754961423534,11.8245958061033,14.987354384349));
#14400=CARTESIAN_POINT('Ctrl Pts',(-27.3754961423534,11.8245958061033,16.787354384349));
#14401=CARTESIAN_POINT('Ctrl Pts',(-28.1535301387917,13.4538586379036,16.787354384349));
#14402=CARTESIAN_POINT('Ctrl Pts',(-28.9315641352301,15.0831214697039,16.787354384349));
#14403=CARTESIAN_POINT('Ctrl Pts',(-28.9315641352301,15.0831214697039,14.987354384349));
#14404=CARTESIAN_POINT('Ctrl Pts',(-28.9315641352301,15.0831214697039,13.187354384349));
#14405=CARTESIAN_POINT('Ctrl Pts',(-28.1535301387917,13.4538586379036,13.187354384349));
#14406=CARTESIAN_POINT('Ctrl Pts',(-27.3754961423534,11.8245958061033,13.187354384349));
#14407=CARTESIAN_POINT('Ctrl Pts',(-27.3754961423534,11.8245958061033,14.987354384349));
#14408=CARTESIAN_POINT('Ctrl Pts',(-31.4455865535,9.88097526395257,14.987354384349));
#14409=CARTESIAN_POINT('Ctrl Pts',(-31.4455865535,9.88097526395257,16.787354384349));
#14410=CARTESIAN_POINT('Ctrl Pts',(-32.2236205499384,11.5102380957529,16.787354384349));
#14411=CARTESIAN_POINT('Ctrl Pts',(-33.0016545463767,13.1395009275532,16.787354384349));
#14412=CARTESIAN_POINT('Ctrl Pts',(-33.0016545463767,13.1395009275532,14.987354384349));
#14413=CARTESIAN_POINT('Ctrl Pts',(-33.0016545463767,13.1395009275532,13.187354384349));
#14414=CARTESIAN_POINT('Ctrl Pts',(-32.2236205499384,11.5102380957529,13.187354384349));
#14415=CARTESIAN_POINT('Ctrl Pts',(-31.4455865535,9.88097526395257,13.187354384349));
#14416=CARTESIAN_POINT('Ctrl Pts',(-31.4455865535,9.88097526395257,14.987354384349));
#14417=CARTESIAN_POINT('',(-31.193343761249,10.0014306403948,14.987354384349));
#14418=CARTESIAN_POINT('Origin',(-32.0903642982012,11.5738729446341,14.987354384349));
#14419=CARTESIAN_POINT('',(-27.3754961423534,11.8245958061033,14.987354384349));
#14420=CARTESIAN_POINT('Ctrl Pts',(-31.193343761249,10.0014306403948,14.987354384349));
#14421=CARTESIAN_POINT('Ctrl Pts',(-27.3754961423534,11.8245958061033,14.987354384349));
#14422=CARTESIAN_POINT('',(-28.1535301387917,13.4538586379036,13.187354384349));
#14423=CARTESIAN_POINT('Origin',(-28.1535301387917,13.4538586379036,14.987354384349));
#14424=CARTESIAN_POINT('',(-28.1535301387917,13.4538586379036,16.787354384349));
#14425=CARTESIAN_POINT('Origin',(-28.1535301387917,13.4538586379036,14.987354384349));
#14426=CARTESIAN_POINT('Origin',(-28.1535301387917,13.4538586379036,14.987354384349));
#14427=CARTESIAN_POINT('Origin',(-45.3255968067347,34.774723589115,10.9868870587199));
#14428=CARTESIAN_POINT('Origin',(-45.3255968067347,34.774723589115,10.9868870587199));
#14429=CARTESIAN_POINT('Origin',(-49.1167991525182,41.420554656368,10.9868870587199));
#14430=CARTESIAN_POINT('Origin',(-53.4598196866144,38.943021076289,10.9868870587199));
#14431=CARTESIAN_POINT('Origin',(-49.1167991525182,41.420554656368,10.9868870587199));
#14432=CARTESIAN_POINT('Origin',(-53.4598196866144,38.943021076289,10.9868870587199));
#14433=CARTESIAN_POINT('Origin',(-49.1167991525182,41.420554656368,10.9868870587199));
#14434=CARTESIAN_POINT('Origin',(-53.4598196866144,38.943021076289,10.9868870587199));
#14435=CARTESIAN_POINT('Origin',(-49.6686173408309,32.297190009036,10.9868870587199));
#14436=CARTESIAN_POINT('Ctrl Pts',(23.9281484287451,17.7955771974293,14.987354384349));
#14437=CARTESIAN_POINT('Ctrl Pts',(23.9281484287451,17.7955771974293,16.787354384349));
#14438=CARTESIAN_POINT('Ctrl Pts',(25.7281484287451,17.6547429874527,16.787354384349));
#14439=CARTESIAN_POINT('Ctrl Pts',(27.5281484287451,17.5139087774761,16.787354384349));
#14440=CARTESIAN_POINT('Ctrl Pts',(27.5281484287451,17.5139087774761,14.987354384349));
#14441=CARTESIAN_POINT('Ctrl Pts',(27.5281484287451,17.5139087774761,13.187354384349));
#14442=CARTESIAN_POINT('Ctrl Pts',(25.7281484287451,17.6547429874527,13.187354384349));
#14443=CARTESIAN_POINT('Ctrl Pts',(23.9281484287451,17.7955771974293,13.187354384349));
#14444=CARTESIAN_POINT('Ctrl Pts',(23.9281484287451,17.7955771974293,14.987354384349));
#14445=CARTESIAN_POINT('Ctrl Pts',(24.2799688694986,22.2921891602571,14.987354384349));
#14446=CARTESIAN_POINT('Ctrl Pts',(24.2799688694986,22.2921891602571,16.787354384349));
#14447=CARTESIAN_POINT('Ctrl Pts',(26.0799688694986,22.1513549502805,16.787354384349));
#14448=CARTESIAN_POINT('Ctrl Pts',(27.8799688694986,22.0105207403039,16.787354384349));
#14449=CARTESIAN_POINT('Ctrl Pts',(27.8799688694986,22.0105207403039,14.987354384349));
#14450=CARTESIAN_POINT('Ctrl Pts',(27.8799688694986,22.0105207403039,13.187354384349));
#14451=CARTESIAN_POINT('Ctrl Pts',(26.0799688694986,22.1513549502805,13.187354384349));
#14452=CARTESIAN_POINT('Ctrl Pts',(24.2799688694986,22.2921891602571,13.187354384349));
#14453=CARTESIAN_POINT('Ctrl Pts',(24.2799688694986,22.2921891602571,14.987354384349));
#14454=CARTESIAN_POINT('',(24.2581648893945,22.0135128060251,14.987354384349));
#14455=CARTESIAN_POINT('Origin',(26.0684501393272,22.0041342266224,14.987354384349));
#14456=CARTESIAN_POINT('',(23.9281484287451,17.7955771974293,14.987354384349));
#14457=CARTESIAN_POINT('Ctrl Pts',(24.2581648893945,22.0135128060251,14.987354384349));
#14458=CARTESIAN_POINT('Ctrl Pts',(23.9281484287451,17.7955771974293,14.987354384349));
#14459=CARTESIAN_POINT('',(25.7281484287451,17.6547429874527,13.187354384349));
#14460=CARTESIAN_POINT('Origin',(25.7281484287451,17.6547429874527,14.987354384349));
#14461=CARTESIAN_POINT('',(25.7281484287451,17.6547429874527,16.787354384349));
#14462=CARTESIAN_POINT('Origin',(25.7281484287451,17.6547429874527,14.987354384349));
#14463=CARTESIAN_POINT('Origin',(25.7281484287451,17.6547429874527,14.987354384349));
#14464=CARTESIAN_POINT('Ctrl Pts',(23.7857472558585,17.8067188400311,5.07485895983972));
#14465=CARTESIAN_POINT('Ctrl Pts',(23.7857472558585,17.8067188400311,6.87485895983973));
#14466=CARTESIAN_POINT('Ctrl Pts',(25.5857472558585,17.6658846300545,6.87485895983973));
#14467=CARTESIAN_POINT('Ctrl Pts',(27.3857472558585,17.5250504200778,6.87485895983973));
#14468=CARTESIAN_POINT('Ctrl Pts',(27.3857472558585,17.5250504200778,5.07485895983972));
#14469=CARTESIAN_POINT('Ctrl Pts',(27.3857472558585,17.5250504200778,3.27485895983972));
#14470=CARTESIAN_POINT('Ctrl Pts',(25.5857472558585,17.6658846300545,3.27485895983972));
#14471=CARTESIAN_POINT('Ctrl Pts',(23.7857472558585,17.8067188400311,3.27485895983972));
#14472=CARTESIAN_POINT('Ctrl Pts',(23.7857472558585,17.8067188400311,5.07485895983972));
#14473=CARTESIAN_POINT('Ctrl Pts',(24.1367540123599,22.2929311162054,5.07485895983972));
#14474=CARTESIAN_POINT('Ctrl Pts',(24.1367540123599,22.2929311162054,6.87485895983973));
#14475=CARTESIAN_POINT('Ctrl Pts',(25.9367540123599,22.1520969062288,6.87485895983973));
#14476=CARTESIAN_POINT('Ctrl Pts',(27.7367540123599,22.0112626962522,6.87485895983973));
#14477=CARTESIAN_POINT('Ctrl Pts',(27.7367540123599,22.0112626962522,5.07485895983972));
#14478=CARTESIAN_POINT('Ctrl Pts',(27.7367540123599,22.0112626962522,3.27485895983972));
#14479=CARTESIAN_POINT('Ctrl Pts',(25.9367540123599,22.1520969062288,3.27485895983972));
#14480=CARTESIAN_POINT('Ctrl Pts',(24.1367540123599,22.2929311162054,3.27485895983972));
#14481=CARTESIAN_POINT('Ctrl Pts',(24.1367540123599,22.2929311162054,5.07485895983972));
#14482=CARTESIAN_POINT('',(24.1149500322558,22.0142547619734,5.07485895983972));
#14483=CARTESIAN_POINT('Origin',(25.9252352821885,22.0048761825707,5.07485895983972));
#14484=CARTESIAN_POINT('',(23.7857472558585,17.8067188400311,5.07485895983972));
#14485=CARTESIAN_POINT('Ctrl Pts',(24.1149500322558,22.0142547619734,5.07485895983972));
#14486=CARTESIAN_POINT('Ctrl Pts',(23.7857472558585,17.8067188400311,5.07485895983972));
#14487=CARTESIAN_POINT('',(25.5857472558585,17.6658846300545,3.27485895983972));
#14488=CARTESIAN_POINT('Origin',(25.5857472558585,17.6658846300545,5.07485895983972));
#14489=CARTESIAN_POINT('',(25.5857472558585,17.6658846300545,6.87485895983973));
#14490=CARTESIAN_POINT('Origin',(25.5857472558585,17.6658846300545,5.07485895983972));
#14491=CARTESIAN_POINT('Origin',(25.5857472558585,17.6658846300545,5.07485895983972));
#14492=CARTESIAN_POINT('Origin',(9.62800913248828,22.0893075336483,0.771215381867178));
#14493=CARTESIAN_POINT('',(9.65391238045898,27.0892404353726,0.771215381867178));
#14494=CARTESIAN_POINT('Origin',(52.7785924411229,21.8657564817656,10.9868870587199));
#14495=CARTESIAN_POINT('Origin',(60.4296521475156,21.8261184904748,10.9868870587199));
#14496=CARTESIAN_POINT('Origin',(60.4555553954863,26.826051392199,10.9868870587199));
#14497=CARTESIAN_POINT('Origin',(60.4296521475156,21.8261184904748,10.9868870587199));
#14498=CARTESIAN_POINT('Origin',(60.4555553954863,26.826051392199,10.9868870587199));
#14499=CARTESIAN_POINT('Origin',(60.4296521475156,21.8261184904748,10.9868870587199));
#14500=CARTESIAN_POINT('Origin',(60.4555553954863,26.826051392199,10.9868870587199));
#14501=CARTESIAN_POINT('Origin',(52.8044956890936,26.8656893834899,10.9868870587199));
#14502=CARTESIAN_POINT('Origin',(52.7785924411229,21.8657564817656,10.9868870587199));
#14503=CARTESIAN_POINT('Origin',(11.8923878231269,-22.0455080756887,20.));
#14504=CARTESIAN_POINT('',(18.5510080682219,-22.0455080756887,15.4934435293599));
#14505=CARTESIAN_POINT('',(30.,-22.0455080756888,0.));
#14506=CARTESIAN_POINT('',(23.7857472558585,-22.0455080756887,5.07485895983972));
#14507=CARTESIAN_POINT('Origin',(25.5857472558585,-22.0455080756887,5.07485895983972));
#14508=CARTESIAN_POINT('',(23.9281484287451,-22.0455080756887,14.987354384349));
#14509=CARTESIAN_POINT('Origin',(25.7281484287451,-22.0455080756887,14.987354384349));
#14510=CARTESIAN_POINT('Origin',(-3.13587834826274,-59.1628793925259,10.9868870587199));
#14511=CARTESIAN_POINT('',(-0.861883392398077,-55.2709092162407,18.5002153818674));
#14512=CARTESIAN_POINT('',(2.57764931450977,-49.3841069253566,18.5002153818674));
#14513=CARTESIAN_POINT('',(-0.861883392398073,-55.2709092162407,19.7712153818674));
#14514=CARTESIAN_POINT('',(-0.861883392398078,-55.2709092162407,15.3790512202936));
#14515=CARTESIAN_POINT('Origin',(-6.99573570887191,-65.769072468488,10.9868870587199));
#14516=CARTESIAN_POINT('Origin',(-6.99573570887191,-65.769072468488,10.9868870587199));
#14517=CARTESIAN_POINT('Origin',(-6.99573570887191,-65.769072468488,10.9868870587199));
#14518=CARTESIAN_POINT('Origin',(-0.861883392398075,-55.2709092162406,19.7712153818674));
#14519=CARTESIAN_POINT('',(-5.17900067852356,-52.7485098945954,19.7712153818674));
#14520=CARTESIAN_POINT('',(-5.17900067852356,-52.7485098945954,19.7712153818674));
#14521=CARTESIAN_POINT('',(-5.17900067852357,-52.7485098945954,18.5002153818674));
#14522=CARTESIAN_POINT('',(-5.17900067852357,-52.7485098945954,18.5002153818674));
#14523=CARTESIAN_POINT('',(-5.17900067852357,-52.7485098945954,15.3790512202936));
#14524=CARTESIAN_POINT('Origin',(3.97405969115676,-37.082935136542,18.5002153818673));
#14525=CARTESIAN_POINT('',(-1.73946797161572,-46.8617076037113,18.5002153818674));
#14526=CARTESIAN_POINT('Origin',(-7.45299563438822,-56.6404800708806,10.9868870587199));
#14527=CARTESIAN_POINT('Origin',(-11.3128529949974,-63.2466731468428,10.9868870587199));
#14528=CARTESIAN_POINT('Origin',(-11.3128529949974,-63.2466731468428,10.9868870587199));
#14529=CARTESIAN_POINT('Origin',(-11.3128529949974,-63.2466731468428,10.9868870587199));
#14530=CARTESIAN_POINT('Ctrl Pts',(3.52819724558466,-29.502420791585,5.07485895983973));
#14531=CARTESIAN_POINT('Ctrl Pts',(3.52819724558466,-29.502420791585,6.87485895983973));
#14532=CARTESIAN_POINT('Ctrl Pts',(2.50623124202298,-30.9908494134087,6.87485895983973));
#14533=CARTESIAN_POINT('Ctrl Pts',(1.4842652384613,-32.4792780352324,6.87485895983973));
#14534=CARTESIAN_POINT('Ctrl Pts',(1.4842652384613,-32.4792780352324,5.07485895983973));
#14535=CARTESIAN_POINT('Ctrl Pts',(1.4842652384613,-32.4792780352324,3.27485895983972));
#14536=CARTESIAN_POINT('Ctrl Pts',(2.50623124202298,-30.9908494134087,3.27485895983972));
#14537=CARTESIAN_POINT('Ctrl Pts',(3.52819724558466,-29.502420791585,3.27485895983972));
#14538=CARTESIAN_POINT('Ctrl Pts',(3.52819724558466,-29.502420791585,5.07485895983973));
#14539=CARTESIAN_POINT('Ctrl Pts',(7.23786766527056,-32.0495076977024,5.07485895983973));
#14540=CARTESIAN_POINT('Ctrl Pts',(7.23786766527056,-32.0495076977024,6.87485895983973));
#14541=CARTESIAN_POINT('Ctrl Pts',(6.21590166170888,-33.5379363195261,6.87485895983973));
#14542=CARTESIAN_POINT('Ctrl Pts',(5.19393565814721,-35.0263649413497,6.87485895983973));
#14543=CARTESIAN_POINT('Ctrl Pts',(5.19393565814721,-35.0263649413497,5.07485895983973));
#14544=CARTESIAN_POINT('Ctrl Pts',(5.19393565814721,-35.0263649413497,3.27485895983972));
#14545=CARTESIAN_POINT('Ctrl Pts',(6.21590166170888,-33.5379363195261,3.27485895983972));
#14546=CARTESIAN_POINT('Ctrl Pts',(7.23786766527056,-32.0495076977024,3.27485895983972));
#14547=CARTESIAN_POINT('Ctrl Pts',(7.23786766527056,-32.0495076977024,5.07485895983973));
#14548=CARTESIAN_POINT('',(7.00742885312359,-31.8912867199125,5.07485895983973));
#14549=CARTESIAN_POINT('Origin',(6.09416414014314,-33.4543504447492,5.07485895983973));
#14550=CARTESIAN_POINT('',(3.52819724558466,-29.502420791585,5.07485895983973));
#14551=CARTESIAN_POINT('Ctrl Pts',(7.00742885312359,-31.8912867199125,5.07485895983973));
#14552=CARTESIAN_POINT('Ctrl Pts',(3.52819724558466,-29.502420791585,5.07485895983973));
#14553=CARTESIAN_POINT('',(2.50623124202298,-30.9908494134087,3.27485895983973));
#14554=CARTESIAN_POINT('Origin',(2.50623124202298,-30.9908494134087,5.07485895983973));
#14555=CARTESIAN_POINT('',(2.50623124202298,-30.9908494134087,6.87485895983973));
#14556=CARTESIAN_POINT('Origin',(2.50623124202298,-30.9908494134087,5.07485895983973));
#14557=CARTESIAN_POINT('Origin',(2.50623124202298,-30.9908494134087,5.07485895983973));
#14558=CARTESIAN_POINT('Ctrl Pts',(3.44734771360833,-29.6201730035326,14.987354384349));
#14559=CARTESIAN_POINT('Ctrl Pts',(3.44734771360833,-29.6201730035326,16.787354384349));
#14560=CARTESIAN_POINT('Ctrl Pts',(2.42538171004666,-31.1086016253563,16.787354384349));
#14561=CARTESIAN_POINT('Ctrl Pts',(1.40341570648498,-32.59703024718,16.787354384349));
#14562=CARTESIAN_POINT('Ctrl Pts',(1.40341570648498,-32.59703024718,14.987354384349));
#14563=CARTESIAN_POINT('Ctrl Pts',(1.40341570648498,-32.59703024718,13.187354384349));
#14564=CARTESIAN_POINT('Ctrl Pts',(2.42538171004666,-31.1086016253563,13.187354384349));
#14565=CARTESIAN_POINT('Ctrl Pts',(3.44734771360833,-29.6201730035326,13.187354384349));
#14566=CARTESIAN_POINT('Ctrl Pts',(3.44734771360833,-29.6201730035326,14.987354384349));
#14567=CARTESIAN_POINT('Ctrl Pts',(7.16561768400148,-32.1731644242097,14.987354384349));
#14568=CARTESIAN_POINT('Ctrl Pts',(7.16561768400148,-32.1731644242097,16.787354384349));
#14569=CARTESIAN_POINT('Ctrl Pts',(6.1436516804398,-33.6615930460334,16.787354384349));
#14570=CARTESIAN_POINT('Ctrl Pts',(5.12168567687812,-35.1500216678571,16.787354384349));
#14571=CARTESIAN_POINT('Ctrl Pts',(5.12168567687812,-35.1500216678571,14.987354384349));
#14572=CARTESIAN_POINT('Ctrl Pts',(5.12168567687812,-35.1500216678571,13.187354384349));
#14573=CARTESIAN_POINT('Ctrl Pts',(6.1436516804398,-33.6615930460334,13.187354384349));
#14574=CARTESIAN_POINT('Ctrl Pts',(7.16561768400148,-32.1731644242097,13.187354384349));
#14575=CARTESIAN_POINT('Ctrl Pts',(7.16561768400148,-32.1731644242097,14.987354384349));
#14576=CARTESIAN_POINT('',(6.93517887185452,-32.0149434464199,14.987354384349));
#14577=CARTESIAN_POINT('Origin',(6.02191415887407,-33.5780071712565,14.987354384349));
#14578=CARTESIAN_POINT('',(3.44734771360833,-29.6201730035326,14.987354384349));
#14579=CARTESIAN_POINT('Ctrl Pts',(6.93517887185452,-32.0149434464199,14.987354384349));
#14580=CARTESIAN_POINT('Ctrl Pts',(3.44734771360833,-29.6201730035326,14.987354384349));
#14581=CARTESIAN_POINT('',(2.42538171004666,-31.1086016253563,13.187354384349));
#14582=CARTESIAN_POINT('Origin',(2.42538171004666,-31.1086016253563,14.987354384349));
#14583=CARTESIAN_POINT('',(2.42538171004666,-31.1086016253563,16.787354384349));
#14584=CARTESIAN_POINT('Origin',(2.42538171004666,-31.1086016253563,14.987354384349));
#14585=CARTESIAN_POINT('Origin',(2.42538171004666,-31.1086016253563,14.987354384349));
#14586=CARTESIAN_POINT('Origin',(-7.45299563438822,-56.6404800708806,10.9868870587199));
#14587=CARTESIAN_POINT('Origin',(-7.45299563438822,-56.6404800708806,10.9868870587199));
#14588=CARTESIAN_POINT('Origin',(-11.3128529949974,-63.2466731468428,10.9868870587199));
#14589=CARTESIAN_POINT('Origin',(-11.3128529949974,-63.2466731468428,10.9868870587199));
#14590=CARTESIAN_POINT('Origin',(-11.3128529949974,-63.2466731468428,10.9868870587199));
#14591=CARTESIAN_POINT('Origin',(2.1359257856274,30.9414841694743,14.987354384349));
#14592=CARTESIAN_POINT('',(3.0359257856274,29.3826384426623,14.987354384349));
#14593=CARTESIAN_POINT('Origin',(2.13592578562739,30.9414841694743,14.987354384349));
#14594=CARTESIAN_POINT('',(-1.2299292187207,26.919745907578,14.987354384349));
#14595=CARTESIAN_POINT('',(3.0359257856274,29.3826384426623,14.987354384349));
#14596=CARTESIAN_POINT('Origin',(-2.1299292187207,28.47859163439,14.987354384349));
#14597=CARTESIAN_POINT('Origin',(2.1359257856274,30.9414841694743,14.987354384349));
#14598=CARTESIAN_POINT('',(3.0359257856274,29.3826384426623,14.987354384349));
#14599=CARTESIAN_POINT('Origin',(2.20712637207069,30.8181611362258,5.07485895983972));
#14600=CARTESIAN_POINT('',(3.10712637207069,29.2593154094138,5.07485895983972));
#14601=CARTESIAN_POINT('Origin',(2.20712637207068,30.8181611362258,5.07485895983972));
#14602=CARTESIAN_POINT('',(-1.15872863227741,26.7964228743296,5.07485895983972));
#14603=CARTESIAN_POINT('',(3.10712637207069,29.2593154094138,5.07485895983972));
#14604=CARTESIAN_POINT('Origin',(-2.05872863227741,28.3552686011415,5.07485895983972));
#14605=CARTESIAN_POINT('Origin',(2.20712637207069,30.8181611362258,5.07485895983972));
#14606=CARTESIAN_POINT('',(3.10712637207069,29.2593154094138,5.07485895983972));
#14607=CARTESIAN_POINT('Origin',(-27.8640742143725,-13.6209760937856,14.987354384349));
#14608=CARTESIAN_POINT('',(-26.9640742143725,-12.0621303669736,14.987354384349));
#14609=CARTESIAN_POINT('Origin',(-27.8640742143725,-13.6209760937856,14.987354384349));
#14610=CARTESIAN_POINT('',(-26.9640742143725,-12.0621303669736,14.987354384349));
#14611=CARTESIAN_POINT('Origin',(-27.8640742143725,-13.6209760937856,14.987354384349));
#14612=CARTESIAN_POINT('',(-17.5020667873178,-17.5250229020579,14.987354384349));
#14613=CARTESIAN_POINT('Origin',(-18.4020667873178,-19.0838686288699,14.987354384349));
#14614=CARTESIAN_POINT('',(-26.9640742143725,-12.0621303669736,14.987354384349));
#14615=CARTESIAN_POINT('Origin',(-27.7928736279292,-13.4976530605371,5.07485895983973));
#14616=CARTESIAN_POINT('',(-26.8928736279292,-11.9388073337251,5.07485895983973));
#14617=CARTESIAN_POINT('Origin',(-27.7928736279292,-13.4976530605371,5.07485895983973));
#14618=CARTESIAN_POINT('',(-26.8928736279292,-11.9388073337251,5.07485895983973));
#14619=CARTESIAN_POINT('Origin',(-27.7928736279292,-13.4976530605371,5.07485895983973));
#14620=CARTESIAN_POINT('',(-17.4308662008745,-17.4016998688094,5.07485895983973));
#14621=CARTESIAN_POINT('Origin',(-18.3308662008745,-18.9605455956214,5.07485895983973));
#14622=CARTESIAN_POINT('',(-26.8928736279292,-11.9388073337251,5.07485895983973));
#14623=CARTESIAN_POINT('Origin',(30.,-12.3947230055201,20.));
#14624=CARTESIAN_POINT('',(30.,-12.3947230055201,10.));
#14625=CARTESIAN_POINT('',(23.7857472558585,-12.3947230055201,5.07485895983972));
#14626=CARTESIAN_POINT('Origin',(25.5857472558585,-12.3947230055201,5.07485895983972));
#14627=CARTESIAN_POINT('',(23.9281484287451,-12.3947230055201,14.987354384349));
#14628=CARTESIAN_POINT('Origin',(25.7281484287451,-12.3947230055201,14.987354384349));
#14629=CARTESIAN_POINT('Origin',(30.,-17.3205080756888,0.));
#14630=CARTESIAN_POINT('Origin',(-30.,-17.3205080756888,0.));
#14631=CARTESIAN_POINT('',(-20.5379925729452,-22.7834006107731,10.));
#14632=CARTESIAN_POINT('Origin',(-15.5379925729452,-14.1231465729287,20.));
#14633=CARTESIAN_POINT('Origin',(-30.,-17.3205080756888,0.));
#14634=CARTESIAN_POINT('',(-30.,-17.3205080756888,0.));
#14635=CARTESIAN_POINT('Origin',(-20.9461939115634,-1.63885592864024,20.));
#14636=CARTESIAN_POINT('Origin',(9.0538060884365,18.959364004329,20.));
#14637=CARTESIAN_POINT('',(7.69185074553425E-15,34.6410161513775,0.));
#14638=CARTESIAN_POINT('Origin',(-4.26585500434816,32.1781236162932,20.));
#14639=CARTESIAN_POINT('',(-4.26585500434815,32.1781236162932,10.));
#14640=CARTESIAN_POINT('Origin',(7.69185074553425E-15,34.6410161513775,
0.));
#14641=CARTESIAN_POINT('Origin',(25.7281484287451,-17.3205080756887,14.987354384349));
#14642=CARTESIAN_POINT('',(23.9281484287451,-17.3205080756887,14.987354384349));
#14643=CARTESIAN_POINT('Origin',(25.7281484287451,-17.3205080756887,14.987354384349));
#14644=CARTESIAN_POINT('',(23.9281484287451,-17.3205080756887,14.987354384349));
#14645=CARTESIAN_POINT('Origin',(25.5857472558585,-17.3205080756887,5.07485895983972));
#14646=CARTESIAN_POINT('',(23.7857472558585,-17.3205080756887,5.07485895983972));
#14647=CARTESIAN_POINT('Origin',(25.5857472558585,-17.3205080756887,5.07485895983972));
#14648=CARTESIAN_POINT('',(23.7857472558585,-17.3205080756887,5.07485895983972));
#14649=CARTESIAN_POINT('Origin',(30.,-17.3205080756888,0.));
#14650=CARTESIAN_POINT('Origin',(7.69185074553425E-15,34.6410161513775,
0.));
#14651=CARTESIAN_POINT('Origin',(-5.,8.66025403784438,28.));
#14652=CARTESIAN_POINT('',(-6.00000000000001,10.3923048454133,28.));
#14653=CARTESIAN_POINT('Origin',(-5.,-8.66025403784439,28.));
#14654=CARTESIAN_POINT('',(-6.,-10.3923048454133,28.));
#14655=CARTESIAN_POINT('Origin',(10.,0.,28.));
#14656=CARTESIAN_POINT('',(12.,-2.44929359829471E-16,28.));
#14657=CARTESIAN_POINT('Origin',(0.,0.,28.));
#14658=CARTESIAN_POINT('',(2.,-2.44929359829471E-16,28.));
#14659=CARTESIAN_POINT('Origin',(-36.2115964469562,-1.0162266983856,-8.));
#14660=CARTESIAN_POINT('',(-35.3115964469562,0.542619028426385,-8.));
#14661=CARTESIAN_POINT('Origin',(17.2257200866722,31.8682757838472,-8.));
#14662=CARTESIAN_POINT('',(18.1257200866722,30.3094300570352,-8.));
#14663=CARTESIAN_POINT('Origin',(18.985876360284,-30.8520490854615,-8.));
#14664=CARTESIAN_POINT('',(17.185876360284,-30.8520490854615,-8.));
#14665=CARTESIAN_POINT('Origin',(-5.,8.66025403784438,28.));
#14666=CARTESIAN_POINT('',(-6.00000000000001,10.3923048454133,28.));
#14667=CARTESIAN_POINT('Origin',(-5.,8.66025403784438,28.));
#14668=CARTESIAN_POINT('',(-6.00000000000001,10.3923048454133,20.));
#14669=CARTESIAN_POINT('',(-6.00000000000001,10.3923048454133,28.));
#14670=CARTESIAN_POINT('Origin',(-5.,8.66025403784438,20.));
#14671=CARTESIAN_POINT('Origin',(-5.,-8.66025403784439,28.));
#14672=CARTESIAN_POINT('',(-6.,-10.3923048454133,28.));
#14673=CARTESIAN_POINT('Origin',(-5.,-8.66025403784439,28.));
#14674=CARTESIAN_POINT('',(-6.,-10.3923048454133,20.));
#14675=CARTESIAN_POINT('',(-6.,-10.3923048454133,28.));
#14676=CARTESIAN_POINT('Origin',(-5.,-8.66025403784439,20.));
#14677=CARTESIAN_POINT('Origin',(10.,0.,28.));
#14678=CARTESIAN_POINT('',(12.,2.44929359829471E-16,28.));
#14679=CARTESIAN_POINT('Origin',(10.,0.,28.));
#14680=CARTESIAN_POINT('',(12.,2.44929359829471E-16,20.));
#14681=CARTESIAN_POINT('',(12.,-2.44929359829471E-16,28.));
#14682=CARTESIAN_POINT('Origin',(10.,0.,20.));
#14683=CARTESIAN_POINT('Origin',(0.,0.,28.));
#14684=CARTESIAN_POINT('',(2.,2.44929359829471E-16,28.));
#14685=CARTESIAN_POINT('Origin',(0.,0.,28.));
#14686=CARTESIAN_POINT('',(2.,2.44929359829471E-16,20.));
#14687=CARTESIAN_POINT('',(2.,-2.44929359829471E-16,28.));
#14688=CARTESIAN_POINT('Origin',(0.,0.,20.));
#14689=CARTESIAN_POINT('Origin',(-21.4316459778569,-39.5687319822079,28.));
#14690=CARTESIAN_POINT('',(-39.4239269333149,-21.6968657910918,28.));
#14691=CARTESIAN_POINT('',(3.36717519088075,-44.8738468512999,28.));
#14692=CARTESIAN_POINT('Origin',(-21.4316459778569,-39.5687319822079,28.));
#14693=CARTESIAN_POINT('',(-39.4239269333149,-21.6968657910918,26.));
#14694=CARTESIAN_POINT('',(-39.4239269333149,-21.6968657910918,28.));
#14695=CARTESIAN_POINT('',(3.36717519088075,-44.8738468512999,26.));
#14696=CARTESIAN_POINT('Origin',(-21.4316459778569,-39.5687319822079,26.));
#14697=CARTESIAN_POINT('',(3.36717519088075,-44.8738468512999,28.));
#14698=CARTESIAN_POINT('Origin',(-15.2641562024716,-28.4975874116475,26.));
#14699=CARTESIAN_POINT('Origin',(0.,0.,26.));
#14700=CARTESIAN_POINT('Origin',(0.,0.,28.));
#14701=CARTESIAN_POINT('',(38.5020004242445,-23.2936893456463,28.));
#14702=CARTESIAN_POINT('Origin',(0.,0.,28.));
#14703=CARTESIAN_POINT('',(37.1783037433177,25.3529826799454,28.));
#14704=CARTESIAN_POINT('Origin',(44.9833500810583,1.2240161293653,28.));
#14705=CARTESIAN_POINT('',(0.921926509070334,44.9905551367381,28.));
#14706=CARTESIAN_POINT('Origin',(0.,0.,28.));
#14707=CARTESIAN_POINT('',(-40.5454789341984,19.5208641713545,28.));
#14708=CARTESIAN_POINT('Origin',(-23.5517041032014,38.3447158528426,28.));
#14709=CARTESIAN_POINT('',(-45.,-5.51091059616309E-15,28.));
#14710=CARTESIAN_POINT('Origin',(0.,0.,28.));
#14711=CARTESIAN_POINT('Origin',(0.,0.,28.));
#14712=CARTESIAN_POINT('',(17.185876360284,-30.8520490854615,28.));
#14713=CARTESIAN_POINT('Origin',(18.985876360284,-30.8520490854615,28.));
#14714=CARTESIAN_POINT('',(18.1257200866722,30.3094300570352,28.));
#14715=CARTESIAN_POINT('Origin',(17.2257200866722,31.8682757838472,28.));
#14716=CARTESIAN_POINT('',(-35.3115964469562,0.542619028426385,28.));
#14717=CARTESIAN_POINT('Origin',(-36.2115964469562,-1.0162266983856,28.));
#14718=CARTESIAN_POINT('Origin',(-23.5517041032014,38.3447158528426,28.));
#14719=CARTESIAN_POINT('',(0.921926509070334,44.9905551367381,26.));
#14720=CARTESIAN_POINT('',(0.921926509070337,44.9905551367381,28.));
#14721=CARTESIAN_POINT('',(-40.5454789341984,19.5208641713545,26.));
#14722=CARTESIAN_POINT('Origin',(-23.5517041032014,38.3447158528426,26.));
#14723=CARTESIAN_POINT('',(-40.5454789341984,19.5208641713545,28.));
#14724=CARTESIAN_POINT('Origin',(-17.0475565438186,27.4679407444979,26.));
#14725=CARTESIAN_POINT('Origin',(0.,0.,26.));
#14726=CARTESIAN_POINT('Origin',(44.9833500810583,1.2240161293653,28.));
#14727=CARTESIAN_POINT('',(38.5020004242445,-23.2936893456463,26.));
#14728=CARTESIAN_POINT('',(38.5020004242445,-23.2936893456463,28.));
#14729=CARTESIAN_POINT('',(37.1783037433177,25.3529826799454,26.));
#14730=CARTESIAN_POINT('Origin',(44.9833500810583,1.2240161293653,26.));
#14731=CARTESIAN_POINT('',(37.1783037433177,25.3529826799454,28.));
#14732=CARTESIAN_POINT('Origin',(32.3117127462901,1.02964666714957,26.));
#14733=CARTESIAN_POINT('Origin',(0.,0.,26.));
#14734=CARTESIAN_POINT('Origin',(-36.2115964469562,-1.0162266983856,-8.));
#14735=CARTESIAN_POINT('',(-35.3115964469562,0.542619028426386,20.));
#14736=CARTESIAN_POINT('Origin',(-36.2115964469562,-1.0162266983856,20.));
#14737=CARTESIAN_POINT('',(-35.3115964469562,0.542619028426385,-8.));
#14738=CARTESIAN_POINT('Origin',(17.2257200866722,31.8682757838472,-8.));
#14739=CARTESIAN_POINT('',(18.1257200866722,30.3094300570352,20.));
#14740=CARTESIAN_POINT('Origin',(17.2257200866722,31.8682757838472,20.));
#14741=CARTESIAN_POINT('',(18.1257200866722,30.3094300570352,-8.));
#14742=CARTESIAN_POINT('Origin',(18.985876360284,-30.8520490854615,-8.));
#14743=CARTESIAN_POINT('',(17.185876360284,-30.8520490854615,20.));
#14744=CARTESIAN_POINT('Origin',(18.985876360284,-30.8520490854615,20.));
#14745=CARTESIAN_POINT('',(17.185876360284,-30.8520490854615,-8.));
#14746=CARTESIAN_POINT('Origin',(0.,0.,20.));
#14747=CARTESIAN_POINT('',(-45.,-5.51091059616309E-15,20.));
#14748=CARTESIAN_POINT('',(-45.,-5.51091059616309E-15,20.));
#14749=CARTESIAN_POINT('Origin',(0.,0.,20.));
#14750=CARTESIAN_POINT('Origin',(0.,0.,20.));
#14751=CARTESIAN_POINT('Origin',(-53.9196482881744,38.6807057608302,10.9868870587199));
#14752=CARTESIAN_POINT('',(-59.3702221643482,48.2353509358418,10.9868870587199));
#14753=CARTESIAN_POINT('Origin',(-53.9196482881744,38.6807057608302,10.9868870587199));
#14754=CARTESIAN_POINT('',(-55.9016751522376,42.1551221881071,10.9868870587199));
#14755=CARTESIAN_POINT('Origin',(-53.9196482881744,38.6807057608302,10.9868870587199));
#14756=CARTESIAN_POINT('Origin',(-55.1970279002529,37.9520076442574,10.9868870587199));
#14757=CARTESIAN_POINT('',(-51.0988260165814,44.8949710836449,10.9868870587199));
#14758=CARTESIAN_POINT('',(-57.1790547643161,41.4264240715344,10.9868870587199));
#14759=CARTESIAN_POINT('Origin',(-49.1167991525182,41.420554656368,10.9868870587199));
#14760=CARTESIAN_POINT('Origin',(-49.1167991525182,41.420554656368,10.9868870587199));
#14761=CARTESIAN_POINT('',(-54.567373028692,50.9751998313796,10.9868870587199));
#14762=CARTESIAN_POINT('Origin',(-49.1167991525182,41.420554656368,10.9868870587199));
#14763=CARTESIAN_POINT('Origin',(-53.4598196866144,38.943021076289,10.9868870587199));
#14764=CARTESIAN_POINT('',(-58.9103935627881,48.4976662513006,10.9868870587199));
#14765=CARTESIAN_POINT('Origin',(-6.5386496811028,-66.0361380610962,10.9868870587199));
#14766=CARTESIAN_POINT('',(-12.0879281887224,-75.5337960905723,10.9868870587199));
#14767=CARTESIAN_POINT('Origin',(-6.53864968110281,-66.0361380610962,10.9868870587199));
#14768=CARTESIAN_POINT('',(-8.55656913841902,-69.4898318899966,10.9868870587199));
#14769=CARTESIAN_POINT('Origin',(-6.53864968110281,-66.0361380610963,10.9868870587199));
#14770=CARTESIAN_POINT('Origin',(-5.26888879442172,-66.7780321971461,10.9868870587199));
#14771=CARTESIAN_POINT('',(-13.3307724523136,-66.7003669757431,10.9868870587199));
#14772=CARTESIAN_POINT('',(-7.28680825173793,-70.2317260260465,10.9868870587199));
#14773=CARTESIAN_POINT('Origin',(-11.3128529949974,-63.2466731468428,10.9868870587199));
#14774=CARTESIAN_POINT('Origin',(-11.3128529949974,-63.2466731468428,10.9868870587199));
#14775=CARTESIAN_POINT('',(-16.862131502617,-72.7443311763188,10.9868870587199));
#14776=CARTESIAN_POINT('Origin',(-11.3128529949974,-63.2466731468428,10.9868870587199));
#14777=CARTESIAN_POINT('Origin',(-6.99573570887191,-65.769072468488,10.9868870587199));
#14778=CARTESIAN_POINT('',(-12.5450142164915,-75.2667304979641,10.9868870587199));
#14779=CARTESIAN_POINT('Origin',(-55.7884515609102,-41.3454522948301,-4.3483845181792));
#14780=CARTESIAN_POINT('',(-55.2273457692529,-48.3140715521592,-6.42134015546901));
#14781=CARTESIAN_POINT('',(-52.376318285227,-43.4345031472333,-4.37816863605956));
#14782=CARTESIAN_POINT('',(-47.1762129025506,-34.5344591912336,-0.651544717019207));
#14783=CARTESIAN_POINT('',(-58.6810395981533,-46.296152094843,-6.42134015546901));
#14784=CARTESIAN_POINT('',(-58.6810395981533,-46.296152094843,-6.42134015546901));
#14785=CARTESIAN_POINT('',(-55.8300121141274,-41.416583689917,-4.37816863605956));
#14786=CARTESIAN_POINT('',(-53.7551049324982,-37.865354673936,-2.89119901451922));
#14787=CARTESIAN_POINT('',(-56.5207508799075,-41.0129997984538,-4.37816863605956));
#14788=CARTESIAN_POINT('Origin',(-58.6810395981533,-46.296152094843,-6.42134015546901));
#14789=CARTESIAN_POINT('',(-55.2146149685637,-48.292282631091,-6.49114163426103));
#14790=CARTESIAN_POINT('',(-56.8246086588287,-51.0478065210445,2.33626389736202));
#14791=CARTESIAN_POINT('',(-58.668308797464,-46.2743631737748,-6.49114163426102));
#14792=CARTESIAN_POINT('',(-60.0497863290242,-45.4671953908483,-6.49114163426102));
#14793=CARTESIAN_POINT('',(-59.7484735453582,-48.1230783494337,-0.568725709105664));
#14794=CARTESIAN_POINT('Origin',(-57.0023526278204,-40.2514753433155,-6.38127758494628));
#14795=CARTESIAN_POINT('',(-55.8486426831921,-41.4484701367097,-4.19972552734154));
#14796=CARTESIAN_POINT('',(-56.418251142235,-42.4233619802634,1.25596956339966));
#14797=CARTESIAN_POINT('',(-54.7218750715133,-42.106816359659,-4.19972552734155));
#14798=CARTESIAN_POINT('',(-55.8486426831921,-41.4484701367097,-4.19972552734155));
#14799=CARTESIAN_POINT('',(-55.6320906593485,-43.664661469521,4.51829583493367));
#14800=CARTESIAN_POINT('',(-55.2914835305562,-43.0817082032128,1.25596956339997));
#14801=CARTESIAN_POINT('',(-53.3051644421269,-45.0242347038878,4.51829583493367));
#14802=CARTESIAN_POINT('',(-56.4134888881372,-43.2081071923032,4.51829583493367));
#14803=CARTESIAN_POINT('',(-53.3730305078817,-45.1403883053804,5.1683152577291));
#14804=CARTESIAN_POINT('Origin',(-53.856626198496,-38.0391095622233,10.2712153818675));
#14805=CARTESIAN_POINT('',(-60.7776349040733,-49.8845006007778,-3.28366026702695));
#14806=CARTESIAN_POINT('Origin',(-53.856626198496,-38.0391095622233,10.2712153818675));
#14807=CARTESIAN_POINT('',(-94.3389613278694,-107.32512120599,64.0489268076654));
#14808=CARTESIAN_POINT('',(-78.985791519941,-81.0479833214955,33.2465493953143));
#14809=CARTESIAN_POINT('',(-88.6402755604664,-97.5717508242512,77.9275194093093));
#14810=CARTESIAN_POINT('Origin',(-91.1091986366739,-101.797342862334,70.3744544174361));
#14811=CARTESIAN_POINT('',(-48.5660089805763,-28.9841534933102,26.4565619725167));
#14812=CARTESIAN_POINT('',(-48.5660089805763,-28.9841534933102,26.4565619725167));
#14813=CARTESIAN_POINT('',(-44.1507306527417,-21.4273506395427,11.6103798100039));
#14814=CARTESIAN_POINT('Origin',(-53.856626198496,-38.0391095622233,10.2712153818675));
#14815=CARTESIAN_POINT('',(-45.4557788058592,-23.6609565134037,13.7683795355509));
#14816=CARTESIAN_POINT('Origin',(-45.8209044683883,-24.2858735500465,10.2712153818674));
#14817=CARTESIAN_POINT('',(-46.5563278919092,-25.5445597331021,14.2198694819955));
#14818=CARTESIAN_POINT('',(-52.0579238711627,-34.9606085321565,16.4768476627218));
#14819=CARTESIAN_POINT('',(-46.5563278919094,-25.5445597331024,6.32256128173915));
#14820=CARTESIAN_POINT('Origin',(-53.856626198496,-38.0391095622233,10.2712153818681));
#14821=CARTESIAN_POINT('',(-45.4557788058592,-23.6609565134037,6.77405122818382));
#14822=CARTESIAN_POINT('',(-49.30861621111,-30.2551348499209,5.19346079763815));
#14823=CARTESIAN_POINT('',(-44.1507306527417,-21.4273506395428,8.93205095373083));
#14824=CARTESIAN_POINT('Origin',(-45.8209044683883,-24.2858735500465,10.2712153818674));
#14825=CARTESIAN_POINT('',(-53.1810447095451,-36.8828435820082,-8.96819580586696));
#14826=CARTESIAN_POINT('Origin',(-53.856626198496,-38.0391095622233,10.2712153818675));
#14827=CARTESIAN_POINT('',(-52.0923773007318,-35.0195759982048,-6.38127758494633));
#14828=CARTESIAN_POINT('Origin',(-53.856626198496,-38.0391095622234,-5.65751101198966));
#14829=CARTESIAN_POINT('',(-51.8646097138,-34.6297489877371,-4.1997255273416));
#14830=CARTESIAN_POINT('',(-50.7260096673735,-32.6810210840185,6.70575627333956));
#14831=CARTESIAN_POINT('Origin',(-53.856626198496,-38.0391095622233,10.2712153818681));
#14832=CARTESIAN_POINT('',(-61.1569245050827,-50.5336593913445,14.2198694819957));
#14833=CARTESIAN_POINT('',(-62.2574735911327,-52.4172626110429,13.7683795355511));
#14834=CARTESIAN_POINT('',(-58.404636185882,-45.8230842745257,15.3489699660968));
#14835=CARTESIAN_POINT('',(-63.5625217442502,-54.6508684849038,11.6103798100041));
#14836=CARTESIAN_POINT('Origin',(-61.8923479286036,-51.7923455744001,10.2712153818675));
#14837=CARTESIAN_POINT('',(-63.5625217442503,-54.6508684849039,8.93205095373109));
#14838=CARTESIAN_POINT('Origin',(-53.856626198496,-38.0391095622233,10.2712153818675));
#14839=CARTESIAN_POINT('',(-62.2574735911327,-52.4172626110429,6.77405122818402));
#14840=CARTESIAN_POINT('Origin',(-61.8923479286036,-51.7923455744001,10.2712153818675));
#14841=CARTESIAN_POINT('',(-61.1569245050826,-50.5336593913442,6.32256128173931));
#14842=CARTESIAN_POINT('',(-55.6553285258293,-41.1176105922901,4.06558310101308));
#14843=CARTESIAN_POINT('Origin',(-53.856626198496,-38.0391095622233,10.2712153818681));
#14844=CARTESIAN_POINT('',(-51.8646097138,-34.6297489877372,24.7421562910778));
#14845=CARTESIAN_POINT('',(-52.0923773007317,-35.0195759982046,26.9237083486812));
#14846=CARTESIAN_POINT('',(-51.295001254757,-33.6548571441832,19.2864612003352));
#14847=CARTESIAN_POINT('',(-53.181044709545,-36.882843582008,29.5106265696019));
#14848=CARTESIAN_POINT('Origin',(-53.8566261984959,-38.0391095622232,26.1999417757246));
#14849=CARTESIAN_POINT('',(-54.5322076874468,-39.1953755424384,29.5106265696019));
#14850=CARTESIAN_POINT('Origin',(-53.856626198496,-38.0391095622233,10.2712153818675));
#14851=CARTESIAN_POINT('',(-55.6208750962601,-41.0586431262418,26.9237083486812));
#14852=CARTESIAN_POINT('Origin',(-53.8566261984959,-38.0391095622232,26.1999417757246));
#14853=CARTESIAN_POINT('',(-55.8486426831919,-41.4484701367093,24.7421562910778));
#14854=CARTESIAN_POINT('',(-56.9872427296185,-43.3971980404281,13.8366744903953));
#14855=CARTESIAN_POINT('Origin',(-53.856626198496,-38.0391095622233,10.2712153818681));
#14856=CARTESIAN_POINT('',(-91.7318127170448,-102.862954475011,70.3930202460233));
#14857=CARTESIAN_POINT('Origin',(-90.8994209409019,-101.43830577059,70.3930202460233));
#14858=CARTESIAN_POINT('',(-52.8590831882909,-36.3318025010238,10.2712153818644));
#14859=CARTESIAN_POINT('Origin',(-53.856626198496,-38.0391095622233,10.2712153818644));
#14860=CARTESIAN_POINT('Origin',(-45.212193852243,-31.1730165680917,-0.0180724260680742));
#14861=CARTESIAN_POINT('',(-47.5007002970643,-35.0898233351913,4.5182958349336));
#14862=CARTESIAN_POINT('',(-48.6386834718314,-37.037495455521,-6.38127758494633));
#14863=CARTESIAN_POINT('',(-47.5007002970643,-35.0898233351913,4.5182958349336));
#14864=CARTESIAN_POINT('',(-49.7273508806447,-38.9007630393244,-8.96819580586697));
#14865=CARTESIAN_POINT('Origin',(-50.4029323695956,-40.0570290195396,-5.65751101198966));
#14866=CARTESIAN_POINT('',(-40.6970368238413,-23.445270096859,8.93205095373082));
#14867=CARTESIAN_POINT('Origin',(-50.4029323695956,-40.0570290195395,10.2712153818675));
#14868=CARTESIAN_POINT('',(-42.0020849769588,-25.67887597072,6.77405122818382));
#14869=CARTESIAN_POINT('Origin',(-42.3672106394879,-26.3037930073628,10.2712153818674));
#14870=CARTESIAN_POINT('',(-42.0020849769588,-25.67887597072,6.77405122818382));
#14871=CARTESIAN_POINT('Origin',(-53.856626198496,-38.0391095622233,10.2712153818681));
#14872=CARTESIAN_POINT('',(-45.4295602802306,-26.2029059560518,6.32256128173915));
#14873=CARTESIAN_POINT('',(-46.5563278919094,-25.5445597331024,6.32256128173915));
#14874=CARTESIAN_POINT('',(-45.4295602802305,-26.2029059560515,14.2198694819955));
#14875=CARTESIAN_POINT('',(-46.5563278919092,-25.5445597331021,14.2198694819955));
#14876=CARTESIAN_POINT('Origin',(-52.7298585868172,-38.6974557851727,10.2712153818681));
#14877=CARTESIAN_POINT('Origin',(-53.856626198496,-38.0391095622233,10.2712153818644));
#14878=CARTESIAN_POINT('',(-51.7323155766122,-36.9901487239732,10.2712153818644));
#14879=CARTESIAN_POINT('',(-52.8590831882909,-36.3318025010238,10.2712153818644));
#14880=CARTESIAN_POINT('Origin',(-52.7298585868172,-38.6974557851727,10.2712153818644));
#14881=CARTESIAN_POINT('Origin',(-38.2483869238756,-132.201179161889,70.3930202460233));
#14882=CARTESIAN_POINT('',(-88.2781188881444,-104.880873932327,70.3930202460233));
#14883=CARTESIAN_POINT('Origin',(-87.4457271120015,-103.456225227906,70.3930202460233));
#14884=CARTESIAN_POINT('',(-39.0807787000185,-133.625827866311,70.3930202460233));
#14885=CARTESIAN_POINT('Origin',(-38.2483869238756,-132.201179161889,70.3930202460233));
#14886=CARTESIAN_POINT('',(-39.0807787000185,-133.625827866311,70.3930202460233));
#14887=CARTESIAN_POINT('Origin',(-38.2483869238756,-132.201179161889,70.3930202460233));
#14888=CARTESIAN_POINT('',(-42.534472528919,-131.607908408994,70.3930202460233));
#14889=CARTESIAN_POINT('',(-39.0807787000185,-133.625827866311,70.3930202460233));
#14890=CARTESIAN_POINT('Origin',(-41.702080752776,-130.183259704573,70.3930202460233));
#14891=CARTESIAN_POINT('Origin',(-39.2121408957195,-125.921697189047,77.9189277949178));
#14892=CARTESIAN_POINT('',(-35.7584470668192,-127.939616646363,77.9189277949178));
#14893=CARTESIAN_POINT('',(-39.2121408957195,-125.921697189047,77.9189277949178));
#14894=CARTESIAN_POINT('',(-38.3487174384945,-126.426177053376,77.9189277949178));
#14895=CARTESIAN_POINT('',(-35.7150114493127,-127.865276055815,78.0502130710485));
#14896=CARTESIAN_POINT('',(-35.7584470668192,-127.939616646363,77.9189277949178));
#14897=CARTESIAN_POINT('',(-39.1687052782131,-125.847356598499,78.0502130710485));
#14898=CARTESIAN_POINT('',(-38.305281820988,-126.351836462828,78.0502130710485));
#14899=CARTESIAN_POINT('',(-39.2121408957195,-125.921697189047,77.9189277949178));
#14900=CARTESIAN_POINT('Origin',(-22.5313554205008,-93.4078495133652,53.9890634002359));
#14901=CARTESIAN_POINT('',(-22.5313554204992,-93.4078495133625,53.9890634002339));
#14902=CARTESIAN_POINT('',(-20.804508506049,-94.4168092420206,53.9890634002339));
#14903=CARTESIAN_POINT('',(-19.9410850488222,-94.9212891063545,53.989063400236));
#14904=CARTESIAN_POINT('',(-20.7610728885426,-94.342468651472,54.1203486763646));
#14905=CARTESIAN_POINT('',(-20.804508506049,-94.4168092420206,53.9890634002339));
#14906=CARTESIAN_POINT('',(-22.4879198029928,-93.3335089228139,54.1203486763646));
#14907=CARTESIAN_POINT('',(-19.8976494313158,-94.8469485158059,54.1203486763667));
#14908=CARTESIAN_POINT('',(-22.5313554204992,-93.4078495133625,53.9890634002339));
#14909=CARTESIAN_POINT('Origin',(-14.2548474445582,-79.2425048967994,43.2296289801437));
#14910=CARTESIAN_POINT('',(-14.22510824531,-79.1916058935971,43.3206087708438));
#14911=CARTESIAN_POINT('',(-7.79634062661159,-68.1886914949903,35.0635687121467));
#14912=CARTESIAN_POINT('',(-14.2114118270518,-79.1681643062507,43.3609142562744));
#14913=CARTESIAN_POINT('',(-3.0968671902477,-60.1454852374732,28.9120410749177));
#14914=CARTESIAN_POINT('',(-14.2548474445582,-79.2425048967994,43.2296289801437));
#14915=CARTESIAN_POINT('',(-14.2548474445582,-79.2425048967994,43.2296289801437));
#14916=CARTESIAN_POINT('',(-15.765167595291,-81.8274363049078,38.6091746748019));
#14917=CARTESIAN_POINT('Origin',(-12.528000530108,-80.2514646254575,43.2296289801437));
#14918=CARTESIAN_POINT('',(-12.528000530108,-80.2514646254575,43.2296289801437));
#14919=CARTESIAN_POINT('',(-11.664577072883,-80.7559444897865,43.2296289801437));
#14920=CARTESIAN_POINT('',(-12.4845649126016,-80.1771240349089,43.3609142562744));
#14921=CARTESIAN_POINT('',(-11.6211414553765,-80.6816038992379,43.3609142562744));
#14922=CARTESIAN_POINT('',(-12.528000530108,-80.2514646254575,43.2296289801437));
#14923=CARTESIAN_POINT('Origin',(5.52074135206207,-57.2897808526617,24.2561122695088));
#14924=CARTESIAN_POINT('',(2.06704752316173,-55.2718613953453,24.2561122695087));
#14925=CARTESIAN_POINT('',(5.52074135206214,-57.2897808526615,24.2561122695087));
#14926=CARTESIAN_POINT('',(0.340200608711465,-54.2629016666873,24.2561122695088));
#14927=CARTESIAN_POINT('',(2.11048314066816,-55.1975208047967,24.3873975456394));
#14928=CARTESIAN_POINT('',(2.06704752316173,-55.2718613953453,24.2561122695087));
#14929=CARTESIAN_POINT('',(5.56417696956858,-57.2154402621129,24.3873975456394));
#14930=CARTESIAN_POINT('',(0.383636226217895,-54.1885610761387,24.3873975456395));
#14931=CARTESIAN_POINT('',(5.52074135206214,-57.2897808526615,24.2561122695087));
#14932=CARTESIAN_POINT('Origin',(-40.1015355493337,-135.372865697036,83.7526806483793));
#14933=CARTESIAN_POINT('',(-18.138805143999,-97.783384019908,55.2011999793288));
#14934=CARTESIAN_POINT('',(-21.5924989728994,-95.7654645625917,55.2011999793288));
#14935=CARTESIAN_POINT('',(-21.5924989728994,-95.7654645625917,55.2011999793288));
#14936=CARTESIAN_POINT('Origin',(-1.35810893775224,-69.0630172470706,10.9868870587199));
#14937=CARTESIAN_POINT('',(-41.4700050891142,-137.715018049768,64.0511942380097));
#14938=CARTESIAN_POINT('Origin',(-38.2483869238756,-132.201179161889,70.3930202460233));
#14939=CARTESIAN_POINT('',(-8.16871639742467,-80.719455203131,-2.41994308153753));
#14940=CARTESIAN_POINT('',(-8.16871639742465,-80.719455203131,-2.41994308153752));
#14941=CARTESIAN_POINT('Origin',(-1.35810893775221,-69.0630172470706,10.9868870587199));
#14942=CARTESIAN_POINT('Origin',(-57.2705157423938,-51.8109819476892,78.4972323834124));
#14943=CARTESIAN_POINT('',(-70.7342738962,-74.8543686800077,48.7024418273332));
#14944=CARTESIAN_POINT('',(-74.4164598036426,-81.1564748910811,57.4055599471672));
#14945=CARTESIAN_POINT('Origin',(-57.2705157423938,-51.8109819476892,78.4972323834124));
#14946=CARTESIAN_POINT('',(-24.9906275369746,-101.581403156675,48.7024418273332));
#14947=CARTESIAN_POINT('',(-70.7342738962,-74.8543686800077,48.7024418273332));
#14948=CARTESIAN_POINT('',(-28.6728134444171,-107.883509367748,57.4055599471672));
#14949=CARTESIAN_POINT('Origin',(-11.5268693831684,-78.5380164243563,78.4972323834124));
#14950=CARTESIAN_POINT('',(-74.4164598036426,-81.1564748910811,57.4055599471672));
#14951=CARTESIAN_POINT('Origin',(-8.16871639742465,-80.719455203131,-2.41994308153753));
#14952=CARTESIAN_POINT('',(-44.9236989180146,-135.697098592452,64.0511942380097));
#14953=CARTESIAN_POINT('',(-41.4700050891142,-137.715018049768,64.0511942380097));
#14954=CARTESIAN_POINT('',(-11.622410226325,-78.7015357458148,-2.41994308153753));
#14955=CARTESIAN_POINT('',(-11.622410226325,-78.7015357458148,-2.41994308153753));
#14956=CARTESIAN_POINT('',(-13.3492571407752,-77.6925760171567,-2.41994308153754));
#14957=CARTESIAN_POINT('Origin',(-38.2483869238756,-132.201179161889,70.3930202460233));
#14958=CARTESIAN_POINT('Origin',(-41.702080752776,-130.183259704573,70.3930202460233));
#14959=CARTESIAN_POINT('Origin',(-4.81180276665262,-67.0450977897544,10.9868870587199));
#14960=CARTESIAN_POINT('Origin',(-4.81180276665261,-67.0450977897544,10.9868870587199));
#14961=CARTESIAN_POINT('',(-27.1327540944361,-105.247678956437,62.116994043209));
#14962=CARTESIAN_POINT('',(-6.0694937121614,-69.1976512236484,35.0635687121467));
#14963=CARTESIAN_POINT('',(-30.4883221060214,-110.990774644449,51.8514561978232));
#14964=CARTESIAN_POINT('',(-15.9728971610834,-86.1474473379801,32.690812119146));
#14965=CARTESIAN_POINT('',(-16.1564995656502,-86.4616850987215,33.0168114108654));
#14966=CARTESIAN_POINT('',(-18.3093234053213,-90.1462694278059,25.5430887082754));
#14967=CARTESIAN_POINT('',(-6.45956181962262,-69.8652575598207,10.9076486000985));
#14968=CARTESIAN_POINT('Origin',(-4.82000226055321,-67.0591313238391,10.9076486000985));
#14969=CARTESIAN_POINT('Origin',(-64.6929551658187,-64.5145777919768,23.5852102404368));
#14970=CARTESIAN_POINT('',(-61.7165435203089,-59.420412861313,32.690812119146));
#14971=CARTESIAN_POINT('',(-61.7165435203089,-59.420412861313,32.6908121191461));
#14972=CARTESIAN_POINT('',(-58.2420318269808,-53.4737436074029,43.3202290044392));
#14973=CARTESIAN_POINT('',(-59.7054657617148,-55.9784286834447,38.8432115846265));
#14974=CARTESIAN_POINT('',(-58.2419076900853,-53.4735311455881,43.3206087708438));
#14975=CARTESIAN_POINT('',(-59.7819670400663,-56.1093615568988,38.6091746748019));
#14976=CARTESIAN_POINT('',(-58.2419076900853,-53.4735311455881,43.3206087708437));
#14977=CARTESIAN_POINT('Origin',(-73.7178480894174,-79.9607923986659,53.9999926740981));
#14978=CARTESIAN_POINT('',(-73.7178480894174,-79.9607923986659,53.9999926740981));
#14979=CARTESIAN_POINT('Origin',(-6.5386496811028,-66.0361380610962,10.9868870587199));
#14980=CARTESIAN_POINT('Origin',(-45.212193852243,-31.1730165680916,20.5605031898029));
#14981=CARTESIAN_POINT('',(-58.8037797622323,-54.4351820683591,6.77405122818402));
#14982=CARTESIAN_POINT('',(-50.2279350718545,-39.7575190043646,3.25589133049797));
#14983=CARTESIAN_POINT('',(-60.1088279153499,-56.6687879422201,8.93205095373109));
#14984=CARTESIAN_POINT('Origin',(-58.4386540997032,-53.8102650317163,10.2712153818675));
#14985=CARTESIAN_POINT('',(-60.1088279153498,-56.6687879422201,11.6103798100041));
#14986=CARTESIAN_POINT('Origin',(-50.4029323695956,-40.0570290195395,10.2712153818675));
#14987=CARTESIAN_POINT('',(-58.8037797622323,-54.4351820683591,13.7683795355511));
#14988=CARTESIAN_POINT('Origin',(-58.4386540997032,-53.8102650317163,10.2712153818675));
#14989=CARTESIAN_POINT('',(-53.3051644421268,-45.0242347038878,16.0241349288013));
#14990=CARTESIAN_POINT('',(-51.947099903763,-42.6998906383255,16.5812681757107));
#14991=CARTESIAN_POINT('',(-52.1671812673597,-43.0765625835581,26.9237083486812));
#14992=CARTESIAN_POINT('',(-52.9118792671039,-44.3511223172411,19.7910101648878));
#14993=CARTESIAN_POINT('',(-51.0785138585464,-41.2132949997546,29.5106265696019));
#14994=CARTESIAN_POINT('Origin',(-50.4029323695955,-40.0570290195394,26.1999417757246));
#14995=CARTESIAN_POINT('',(-49.7273508806446,-38.9007630393242,29.5106265696019));
#14996=CARTESIAN_POINT('Origin',(-50.4029323695956,-40.0570290195395,10.2712153818675));
#14997=CARTESIAN_POINT('',(-48.6386834718313,-37.0374954555208,26.9237083486812));
#14998=CARTESIAN_POINT('Origin',(-50.4029323695955,-40.0570290195394,26.1999417757246));
#14999=CARTESIAN_POINT('',(-47.5007002970642,-35.0898233351912,16.0241349288012));
#15000=CARTESIAN_POINT('',(-48.2497806204037,-36.3718834693003,23.1988068946647));
#15001=CARTESIAN_POINT('',(-42.0020849769588,-25.6788759707199,13.7683795355509));
#15002=CARTESIAN_POINT('',(-46.6305304171879,-33.600516944231,15.6671558922067));
#15003=CARTESIAN_POINT('',(-40.6970368238413,-23.445270096859,11.6103798100038));
#15004=CARTESIAN_POINT('Origin',(-42.3672106394879,-26.3037930073628,10.2712153818674));
#15005=CARTESIAN_POINT('',(-45.1123151516759,-31.0020729506264,26.4565619725167));
#15006=CARTESIAN_POINT('Origin',(-50.4029323695956,-40.0570290195395,10.2712153818675));
#15007=CARTESIAN_POINT('',(-44.4687881737682,-29.9006686580652,25.6300228361539));
#15008=CARTESIAN_POINT('',(-72.8765245905571,-78.5208569415852,62.1166142768044));
#15009=CARTESIAN_POINT('',(-74.3399585252911,-81.025542017627,57.6395968569917));
#15010=CARTESIAN_POINT('',(-85.186581731566,-99.5896702815674,77.9275194093093));
#15011=CARTESIAN_POINT('',(-44.4687881737682,-29.9006686580652,25.6300228361539));
#15012=CARTESIAN_POINT('',(-90.885267498969,-109.343040663306,64.0489268076654));
#15013=CARTESIAN_POINT('Origin',(-87.6555048077735,-103.81526231965,70.3744544174361));
#15014=CARTESIAN_POINT('',(-57.3239410751729,-51.9024200580941,-3.28366026702696));
#15015=CARTESIAN_POINT('',(-75.5476303003178,-83.0924870295423,33.2777117741025));
#15016=CARTESIAN_POINT('Origin',(-50.4029323695956,-40.0570290195395,10.2712153818675));
#15017=CARTESIAN_POINT('Origin',(-59.7819670400663,-56.1093615568988,38.6091746748019));
#15018=CARTESIAN_POINT('',(-44.4687881737682,-29.9006686580652,25.6300228361539));
#15019=CARTESIAN_POINT('',(-72.8764004536616,-78.5206444797704,62.116994043209));
#15020=CARTESIAN_POINT('',(-74.4164598036426,-81.1564748910811,57.4055599471672));
#15021=CARTESIAN_POINT('',(-51.0335223745251,-41.1362915246386,34.0622361185197));
#15022=CARTESIAN_POINT('Origin',(-74.4164598036426,-81.1564748910811,57.4055599471672));
#15023=CARTESIAN_POINT('',(-72.8764004536616,-78.5206444797704,62.116994043209));
#15024=CARTESIAN_POINT('Origin',(-58.2419076900853,-53.4735311455881,43.3206087708438));
#15025=CARTESIAN_POINT('Origin',(-94.2175230826842,-99.9812153507495,70.3744544174361));
#15026=CARTESIAN_POINT('',(-97.4472857738796,-105.508993694405,64.0489268076654));
#15027=CARTESIAN_POINT('',(-91.7486000064767,-95.7556233126667,77.9275194093093));
#15028=CARTESIAN_POINT('Origin',(-100.302272581819,-110.395338530629,69.7767590576555));
#15029=CARTESIAN_POINT('',(-60.4322655211833,-50.0862925465095,-3.28366026702695));
#15030=CARTESIAN_POINT('Origin',(-53.856626198496,-38.0391095622233,10.2712153818681));
#15031=CARTESIAN_POINT('',(-60.030156893404,-51.1920056142939,14.2198694819957));
#15032=CARTESIAN_POINT('',(-61.1569245050827,-50.5336593913445,14.2198694819957));
#15033=CARTESIAN_POINT('',(-60.0301568934038,-51.1920056142936,6.32256128173932));
#15034=CARTESIAN_POINT('',(-61.1569245050826,-50.5336593913442,6.32256128173932));
#15035=CARTESIAN_POINT('Origin',(-52.7298585868172,-38.6974557851727,10.2712153818681));
#15036=CARTESIAN_POINT('Origin',(-53.856626198496,-38.0391095622233,10.2712153818681));
#15037=CARTESIAN_POINT('',(-50.7378421021212,-35.2880952106865,-4.19972552734159));
#15038=CARTESIAN_POINT('',(-51.8646097138,-34.6297489877371,-4.19972552734159));
#15039=CARTESIAN_POINT('Origin',(-52.7298585868172,-38.6974557851727,10.2712153818681));
#15040=CARTESIAN_POINT('Origin',(-53.856626198496,-38.0391095622233,10.2712153818681));
#15041=CARTESIAN_POINT('',(-50.7378421021213,-35.2880952106866,24.7421562910778));
#15042=CARTESIAN_POINT('',(-51.8646097138,-34.6297489877372,24.7421562910778));
#15043=CARTESIAN_POINT('',(-54.7218750715131,-42.1068163596587,24.7421562910779));
#15044=CARTESIAN_POINT('',(-55.8486426831919,-41.4484701367093,24.7421562910779));
#15045=CARTESIAN_POINT('Origin',(-52.7298585868172,-38.6974557851727,10.2712153818681));
#15046=CARTESIAN_POINT('Origin',(-52.7298585868172,-38.6974557851727,10.2712153818681));
#15047=CARTESIAN_POINT('',(-49.8276265142859,-33.7302501008244,16.0241349288012));
#15048=CARTESIAN_POINT('',(-50.1682336430782,-34.3132033671327,19.2864612003356));
#15049=CARTESIAN_POINT('',(-55.6320906593485,-43.664661469521,16.0241349288013));
#15050=CARTESIAN_POINT('',(-55.8604751179397,-44.0555442633775,13.8366744903956));
#15051=CARTESIAN_POINT('',(-57.2778685742032,-46.481430497475,15.3489699660968));
#15052=CARTESIAN_POINT('',(-54.5285609141505,-41.7759568152396,4.06558310101309));
#15053=CARTESIAN_POINT('',(-49.8276265142859,-33.7302501008245,4.5182958349336));
#15054=CARTESIAN_POINT('',(-49.5992420556947,-33.3393673069678,6.70575627333987));
#15055=CARTESIAN_POINT('',(-48.1818485994312,-30.9134810728703,5.19346079763816));
#15056=CARTESIAN_POINT('',(-50.9311562594839,-35.618954755106,16.4768476627218));
#15057=CARTESIAN_POINT('Origin',(-52.3358716575248,-32.2647360949486,4.5182958349336));
#15058=CARTESIAN_POINT('',(-51.7470079178418,-35.2213679439364,-6.38127758494633));
#15059=CARTESIAN_POINT('',(-52.3358716575248,-32.2647360949486,4.5182958349336));
#15060=CARTESIAN_POINT('Origin',(-46.8372563374194,-22.8537887304773,6.77405122818382));
#15061=CARTESIAN_POINT('',(-46.8372563374194,-22.8537887304773,6.77405122818382));
#15062=CARTESIAN_POINT('Origin',(-55.2381037300562,-37.2319417792969,-5.65751101198966));
#15063=CARTESIAN_POINT('',(-51.1088284122049,-38.0935952563979,-8.96819580586697));
#15064=CARTESIAN_POINT('Origin',(-55.2381037300561,-37.2319417792968,10.2712153818675));
#15065=CARTESIAN_POINT('',(-42.0785143554015,-22.6381023139325,8.93205095373082));
#15066=CARTESIAN_POINT('Origin',(-47.2023819999485,-23.47870576712,10.2712153818674));
#15067=CARTESIAN_POINT('Origin',(-52.3358716575248,-32.2647360949485,16.0241349288012));
#15068=CARTESIAN_POINT('',(-46.8372563374193,-22.8537887304772,13.7683795355509));
#15069=CARTESIAN_POINT('',(-52.3358716575248,-32.2647360949485,16.0241349288012));
#15070=CARTESIAN_POINT('Origin',(-58.1403358025874,-42.1991474636451,16.0241349288013));
#15071=CARTESIAN_POINT('',(-57.0023526278203,-40.2514753433153,26.9237083486812));
#15072=CARTESIAN_POINT('',(-58.1403358025874,-42.1991474636451,16.0241349288013));
#15073=CARTESIAN_POINT('Origin',(-58.1403358025874,-42.1991474636451,4.51829583493367));
#15074=CARTESIAN_POINT('',(-61.9121042082427,-52.6190545567745,6.77405122818402));
#15075=CARTESIAN_POINT('Origin',(-55.2381037300561,-37.2319417792968,10.2712153818675));
#15076=CARTESIAN_POINT('Origin',(-55.2381037300561,-37.2319417792968,10.2712153818675));
#15077=CARTESIAN_POINT('',(-49.9474865121364,-28.1769857103837,26.4565619725167));
#15078=CARTESIAN_POINT('',(-43.8053612698516,-21.6291425852744,11.6103798100038));
#15079=CARTESIAN_POINT('Origin',(-63.2738254601638,-50.9851777914736,10.2712153818675));
#15080=CARTESIAN_POINT('',(-64.9439992758104,-53.8437007019774,8.93205095373109));
#15081=CARTESIAN_POINT('Origin',(-56.9649506445063,-36.2229820506387,10.2712153818675));
#15082=CARTESIAN_POINT('',(-64.9439992758104,-53.8437007019774,11.6103798100041));
#15083=CARTESIAN_POINT('Origin',(-63.2738254601638,-50.9851777914736,10.2712153818675));
#15084=CARTESIAN_POINT('',(-63.6389511226929,-51.6100948281164,13.7683795355511));
#15085=CARTESIAN_POINT('Origin',(-51.6743334265866,-27.1680259817256,26.4565619725167));
#15086=CARTESIAN_POINT('Origin',(-47.2023819999485,-23.47870576712,10.2712153818674));
#15087=CARTESIAN_POINT('Origin',(-56.9649506445063,-36.2229820506387,10.2712153818675));
#15088=CARTESIAN_POINT('',(-54.5625222411052,-36.0756757990815,29.5106265696019));
#15089=CARTESIAN_POINT('',(-55.9136852190069,-38.3882077595119,29.5106265696019));
#15090=CARTESIAN_POINT('Origin',(-63.6389511226929,-51.6100948281164,13.7683795355511));
#15091=CARTESIAN_POINT('Origin',(-55.2381037300561,-37.2319417792967,26.1999417757246));
#15092=CARTESIAN_POINT('Origin',(-53.4738548322919,-34.2124082152781,26.9237083486812));
#15093=CARTESIAN_POINT('',(-53.4738548322919,-34.2124082152781,26.9237083486812));
#15094=CARTESIAN_POINT('Origin',(-55.2381037300561,-37.2319417792967,26.1999417757246));
#15095=CARTESIAN_POINT('Origin',(-3.09315534610301,-68.0680910524973,10.9076486000985));
#15096=CARTESIAN_POINT('',(-10.7766791057481,-67.3428582381754,10.9076486000985));
#15097=CARTESIAN_POINT('Origin',(-9.1371195466787,-64.5367320021939,10.9076486000985));
#15098=CARTESIAN_POINT('',(-4.73271490517244,-70.8742172884788,10.9076486000985));
#15099=CARTESIAN_POINT('Origin',(-9.1371195466787,-64.5367320021939,10.9076486000985));
#15100=CARTESIAN_POINT('Origin',(-6.5386496811028,-66.0361380610963,10.9868870587199));
#15101=CARTESIAN_POINT('',(-12.0879281887224,-75.5337960905723,10.9868870587199));
#15102=CARTESIAN_POINT('Origin',(-6.5386496811028,-66.0361380610963,10.9868870587199));
#15103=CARTESIAN_POINT('',(-8.55656913841902,-69.4898318899967,10.9868870587199));
#15104=CARTESIAN_POINT('Origin',(-6.5386496811028,-66.0361380610963,10.9868870587199));
#15105=CARTESIAN_POINT('Origin',(-5.26888879442172,-66.7780321971461,10.9868870587199));
#15106=CARTESIAN_POINT('',(-13.3307724523136,-66.7003669757432,10.9868870587199));
#15107=CARTESIAN_POINT('',(-7.28680825173793,-70.2317260260465,10.9868870587199));
#15108=CARTESIAN_POINT('Origin',(-11.3128529949974,-63.2466731468428,10.9868870587199));
#15109=CARTESIAN_POINT('Origin',(-11.3128529949974,-63.2466731468428,10.9868870587199));
#15110=CARTESIAN_POINT('',(-16.862131502617,-72.7443311763188,10.9868870587199));
#15111=CARTESIAN_POINT('Origin',(-11.3128529949974,-63.2466731468428,10.9868870587199));
#15112=CARTESIAN_POINT('Origin',(-6.9957357088719,-65.769072468488,10.9868870587199));
#15113=CARTESIAN_POINT('',(-12.5450142164915,-75.2667304979641,10.9868870587199));
#15114=CARTESIAN_POINT('Origin',(60.4582979692772,27.3554323002661,10.9868870587199));
#15115=CARTESIAN_POINT('',(71.4581503530706,27.2984451547305,10.9868870587199));
#15116=CARTESIAN_POINT('Origin',(60.4582979692772,27.3554323002661,10.9868870587199));
#15117=CARTESIAN_POINT('',(64.4582442906566,27.3347097018895,10.9868870587199));
#15118=CARTESIAN_POINT('Origin',(60.4582979692772,27.3554323002661,10.9868870587199));
#15119=CARTESIAN_POINT('Origin',(60.4659166946746,28.8260245528887,10.9868870587199));
#15120=CARTESIAN_POINT('',(64.429598468895,21.8053958920982,10.9868870587199));
#15121=CARTESIAN_POINT('',(64.465863016054,28.8053019545121,10.9868870587199));
#15122=CARTESIAN_POINT('Origin',(60.4296521475156,21.8261184904748,10.9868870587199));
#15123=CARTESIAN_POINT('Origin',(60.4296521475156,21.8261184904748,10.9868870587199));
#15124=CARTESIAN_POINT('',(71.429504531309,21.7691313449392,10.9868870587199));
#15125=CARTESIAN_POINT('Origin',(60.4296521475156,21.8261184904748,10.9868870587199));
#15126=CARTESIAN_POINT('Origin',(60.4555553954863,26.826051392199,10.9868870587199));
#15127=CARTESIAN_POINT('',(71.4554077792796,26.7690642466635,10.9868870587199));
#15128=CARTESIAN_POINT('Origin',(63.7004377987355,-27.6414901421308,-4.3483845181792));
#15129=CARTESIAN_POINT('',(69.4548862090554,-23.6712486436805,-6.42134015546901));
#15130=CARTESIAN_POINT('',(63.8035422688727,-23.6419706180894,-4.37816863605956));
#15131=CARTESIAN_POINT('',(53.4958254168406,-23.5885692323352,-0.651544717019207));
#15132=CARTESIAN_POINT('',(69.4341636106788,-27.6711949650599,-6.42134015546901));
#15133=CARTESIAN_POINT('',(69.4341636106788,-27.6711949650599,-6.42134015546901));
#15134=CARTESIAN_POINT('',(63.7828196704961,-27.6419169394688,-4.37816863605956));
#15135=CARTESIAN_POINT('',(59.6699115371855,-27.6206091176736,-2.89119901451923));
#15136=CARTESIAN_POINT('',(63.7786751508208,-28.4419062037447,-4.37816863605956));
#15137=CARTESIAN_POINT('Origin',(69.4341636106788,-27.6711949650599,-6.42134015546901));
#15138=CARTESIAN_POINT('',(69.4296510495447,-23.6711179074072,-6.49114163426103));
#15139=CARTESIAN_POINT('',(72.6210015841119,-23.6876513981326,2.33626389736202));
#15140=CARTESIAN_POINT('',(69.4089284511681,-27.6710642287865,-6.49114163426102));
#15141=CARTESIAN_POINT('',(69.4006394118175,-29.2710427573383,-6.49114163426102));
#15142=CARTESIAN_POINT('',(71.5500451315976,-27.6821567529059,-0.568725709105665));
#15143=CARTESIAN_POINT('Origin',(63.3599765010244,-29.2397477795134,-6.38127758494628));
#15144=CARTESIAN_POINT('',(63.8197494279873,-27.6421082621695,-4.19972552734154));
#15145=CARTESIAN_POINT('',(64.9488347599684,-27.6479577361343,1.25596956339966));
#15146=CARTESIAN_POINT('',(63.8265101757076,-26.3371257748194,-4.19972552734155));
#15147=CARTESIAN_POINT('',(63.8197494279873,-27.6421082621695,-4.19972552734155));
#15148=CARTESIAN_POINT('',(65.630751409927,-26.3464730418743,4.51829583493367));
#15149=CARTESIAN_POINT('',(64.9555955076889,-26.3429752487842,1.25596956339997));
#15150=CARTESIAN_POINT('',(65.6447132605832,-23.6515092078449,4.51829583493367));
#15151=CARTESIAN_POINT('',(65.6260629220443,-27.2514608970864,4.51829583493367));
#15152=CARTESIAN_POINT('',(65.7792382630942,-23.6522061440972,5.1683152577291));
#15153=CARTESIAN_POINT('Origin',(59.8711483174729,-27.6216516689084,10.2712153818675));
#15154=CARTESIAN_POINT('',(73.5900622274104,-27.6927255084744,-3.28366026702695));
#15155=CARTESIAN_POINT('Origin',(59.8711483174729,-27.6216516689084,10.2712153818675));
#15156=CARTESIAN_POINT('',(140.115762092566,-28.0373764735777,64.0489268076654));
#15157=CARTESIAN_POINT('',(109.682508241883,-27.8797103335426,33.2465493953143));
#15158=CARTESIAN_POINT('',(128.81975268576,-27.9788550216913,77.9275194093093));
#15159=CARTESIAN_POINT('Origin',(133.713684274873,-28.0042091066351,70.3744544174361));
#15160=CARTESIAN_POINT('',(49.3840177226822,-27.5673207909472,26.4565619725167));
#15161=CARTESIAN_POINT('',(49.3840177226822,-27.5673207909472,26.4565619725167));
#15162=CARTESIAN_POINT('',(40.6319953160116,-27.5219790211472,11.6103798100039));
#15163=CARTESIAN_POINT('Origin',(59.8711483174729,-27.6216516689084,10.2712153818675));
#15164=CARTESIAN_POINT('',(43.2188788213761,-27.5353809379785,13.7683795355509));
#15165=CARTESIAN_POINT('Origin',(43.942635681631,-27.5391305189809,10.2712153818674));
#15166=CARTESIAN_POINT('',(45.40040160331,-27.5466827947604,14.2198694819955));
#15167=CARTESIAN_POINT('',(56.3057370561919,-27.603180274625,16.4768476627218));
#15168=CARTESIAN_POINT('',(45.4004016033104,-27.5466827947604,6.32256128173915));
#15169=CARTESIAN_POINT('Origin',(59.8711483174729,-27.6216516689084,10.2712153818681));
#15170=CARTESIAN_POINT('',(43.2188788213761,-27.5353809379785,6.77405122818382));
#15171=CARTESIAN_POINT('',(50.8560234805104,-27.574946839318,5.19346079763815));
#15172=CARTESIAN_POINT('',(40.6319953160116,-27.5219790211472,8.93205095373083));
#15173=CARTESIAN_POINT('Origin',(43.942635681631,-27.5391305189809,10.2712153818674));
#15174=CARTESIAN_POINT('',(58.5320018605995,-27.614713927258,-8.96819580586696));
#15175=CARTESIAN_POINT('Origin',(59.8711483174729,-27.6216516689084,10.2712153818675));
#15176=CARTESIAN_POINT('',(56.374031094571,-27.6035340868552,-6.38127758494633));
#15177=CARTESIAN_POINT('Origin',(59.871148317473,-27.6216516689084,-5.65751101198966));
#15178=CARTESIAN_POINT('',(55.9225472069588,-27.6011950756474,-4.1997255273416));
#15179=CARTESIAN_POINT('',(53.6655993140616,-27.5895024625512,6.70575627333956));
#15180=CARTESIAN_POINT('Origin',(59.8711483174729,-27.6216516689084,10.2712153818681));
#15181=CARTESIAN_POINT('',(74.3418950316357,-27.6966205430565,14.2198694819957));
#15182=CARTESIAN_POINT('',(76.5234178135697,-27.7079223998383,13.7683795355511));
#15183=CARTESIAN_POINT('',(68.8862731544355,-27.6683564984988,15.3489699660968));
#15184=CARTESIAN_POINT('',(79.1103013189342,-27.7213243166696,11.6103798100041));
#15185=CARTESIAN_POINT('Origin',(75.7996609533148,-27.7041728188359,10.2712153818676));
#15186=CARTESIAN_POINT('',(79.1103013189343,-27.7213243166696,8.93205095373109));
#15187=CARTESIAN_POINT('Origin',(59.8711483174729,-27.6216516689084,10.2712153818675));
#15188=CARTESIAN_POINT('',(76.5234178135698,-27.7079223998383,6.77405122818402));
#15189=CARTESIAN_POINT('Origin',(75.7996609533148,-27.7041728188359,10.2712153818676));
#15190=CARTESIAN_POINT('',(74.3418950316354,-27.6966205430565,6.32256128173931));
#15191=CARTESIAN_POINT('',(63.436559578754,-27.6401230631919,4.06558310101308));
#15192=CARTESIAN_POINT('Origin',(59.8711483174729,-27.6216516689084,10.2712153818681));
#15193=CARTESIAN_POINT('',(55.9225472069589,-27.6011950756474,24.7421562910778));
#15194=CARTESIAN_POINT('',(56.3740310945708,-27.6035340868552,26.9237083486812));
#15195=CARTESIAN_POINT('',(54.7934618749774,-27.5953456016826,19.2864612003352));
#15196=CARTESIAN_POINT('',(58.5320018605993,-27.614713927258,29.5106265696019));
#15197=CARTESIAN_POINT('Origin',(59.8711483174728,-27.6216516689084,26.1999417757246));
#15198=CARTESIAN_POINT('',(61.2102947743463,-27.6285894105588,29.5106265696019));
#15199=CARTESIAN_POINT('Origin',(59.8711483174729,-27.6216516689084,10.2712153818675));
#15200=CARTESIAN_POINT('',(63.3682655403748,-27.6397692509616,26.9237083486812));
#15201=CARTESIAN_POINT('Origin',(59.8711483174728,-27.6216516689084,26.1999417757246));
#15202=CARTESIAN_POINT('',(63.8197494279868,-27.6421082621695,24.7421562910779));
#15203=CARTESIAN_POINT('',(66.0766973208843,-27.6538008752656,13.8366744903953));
#15204=CARTESIAN_POINT('Origin',(59.8711483174729,-27.6216516689084,10.2712153818681));
#15205=CARTESIAN_POINT('',(134.947838042204,-28.0106029106517,70.3930202460233));
#15206=CARTESIAN_POINT('Origin',(133.297860184635,-28.0020548388214,70.3930202460233));
#15207=CARTESIAN_POINT('',(57.8938055253111,-27.611407611303,10.2712153818644));
#15208=CARTESIAN_POINT('Origin',(59.8711483174729,-27.6216516689084,10.2712153818644));
#15209=CARTESIAN_POINT('Origin',(49.6027211866821,-23.5684001528232,-0.0180724260680742));
#15210=CARTESIAN_POINT('',(54.1390285711158,-23.5919014872131,4.5182958349336));
#15211=CARTESIAN_POINT('',(56.3947536929476,-23.6035877654758,-6.38127758494633));
#15212=CARTESIAN_POINT('',(54.1390285711158,-23.5919014872131,4.5182958349336));
#15213=CARTESIAN_POINT('',(58.552724458976,-23.6147676058786,-8.96819580586697));
#15214=CARTESIAN_POINT('Origin',(59.8918709158496,-23.621705347529,-5.65751101198966));
#15215=CARTESIAN_POINT('',(40.6527179143882,-23.5220326997678,8.93205095373082));
#15216=CARTESIAN_POINT('Origin',(59.8918709158495,-23.621705347529,10.2712153818675));
#15217=CARTESIAN_POINT('',(43.2396014197527,-23.5354346165991,6.77405122818382));
#15218=CARTESIAN_POINT('Origin',(43.9633582800076,-23.5391841976015,10.2712153818674));
#15219=CARTESIAN_POINT('',(43.2396014197527,-23.5354346165991,6.77405122818382));
#15220=CARTESIAN_POINT('Origin',(59.8711483174729,-27.6216516689084,10.2712153818681));
#15221=CARTESIAN_POINT('',(45.4071623510308,-26.2417003074103,6.32256128173915));
#15222=CARTESIAN_POINT('',(45.4004016033104,-27.5466827947604,6.32256128173915));
#15223=CARTESIAN_POINT('',(45.4071623510304,-26.2417003074103,14.2198694819955));
#15224=CARTESIAN_POINT('',(45.40040160331,-27.5466827947604,14.2198694819955));
#15225=CARTESIAN_POINT('Origin',(59.8779090651933,-26.3166691815584,10.2712153818681));
#15226=CARTESIAN_POINT('Origin',(59.8711483174729,-27.6216516689084,10.2712153818644));
#15227=CARTESIAN_POINT('',(57.9005662730314,-26.306425123953,10.2712153818644));
#15228=CARTESIAN_POINT('',(57.8938055253111,-27.611407611303,10.2712153818644));
#15229=CARTESIAN_POINT('Origin',(59.8779090651933,-26.3166691815584,10.2712153818644));
#15230=CARTESIAN_POINT('Origin',(133.613773026392,32.9765148510918,70.3930202460233));
#15231=CARTESIAN_POINT('',(134.968560640581,-24.0106565892723,70.3930202460233));
#15232=CARTESIAN_POINT('Origin',(133.318582783012,-24.002108517442,70.3930202460233));
#15233=CARTESIAN_POINT('',(135.263750883961,32.9679667792615,70.3930202460233));
#15234=CARTESIAN_POINT('Origin',(133.613773026392,32.9765148510918,70.3930202460233));
#15235=CARTESIAN_POINT('',(135.263750883961,32.9679667792614,70.3930202460233));
#15236=CARTESIAN_POINT('Origin',(133.613773026392,32.9765148510918,70.3930202460233));
#15237=CARTESIAN_POINT('',(135.243028285584,28.968020457882,70.3930202460233));
#15238=CARTESIAN_POINT('',(135.263750883961,32.9679667792615,70.3930202460233));
#15239=CARTESIAN_POINT('Origin',(133.593050428015,28.9765685297124,70.3930202460233));
#15240=CARTESIAN_POINT('Origin',(128.657459101226,29.0021384420558,77.9189277949178));
#15241=CARTESIAN_POINT('',(128.678181699603,33.0020847634351,77.9189277949178));
#15242=CARTESIAN_POINT('',(128.657459101226,29.0021384420558,77.9189277949178));
#15243=CARTESIAN_POINT('',(128.66263975082,30.0021250224006,77.9189277949178));
#15244=CARTESIAN_POINT('',(128.592083050902,33.0025308163505,78.0502130710485));
#15245=CARTESIAN_POINT('',(128.678181699603,33.0020847634351,77.9189277949178));
#15246=CARTESIAN_POINT('',(128.571360452526,29.0025844949711,78.0502130710485));
#15247=CARTESIAN_POINT('',(128.57654110212,30.0025710753159,78.0502130710485));
#15248=CARTESIAN_POINT('',(128.657459101226,29.0021384420558,77.9189277949178));
#15249=CARTESIAN_POINT('Origin',(92.1592483016986,27.1911985808327,53.9890634002359));
#15250=CARTESIAN_POINT('',(92.1592483016955,27.1911985808327,53.9890634002339));
#15251=CARTESIAN_POINT('',(92.1696096008837,29.1911717415224,53.9890634002339));
#15252=CARTESIAN_POINT('',(92.1747902504812,30.1911583218712,53.989063400236));
#15253=CARTESIAN_POINT('',(92.0835109521831,29.1916177944377,54.1203486763646));
#15254=CARTESIAN_POINT('',(92.1696096008837,29.1911717415224,53.9890634002339));
#15255=CARTESIAN_POINT('',(92.0731496529948,27.191644633748,54.1203486763646));
#15256=CARTESIAN_POINT('',(92.0886916017806,30.1916043747865,54.1203486763667));
#15257=CARTESIAN_POINT('',(92.1592483016955,27.1911985808327,53.9890634002339));
#15258=CARTESIAN_POINT('Origin',(75.7534460224201,27.2761924343406,43.2296289801437));
#15259=CARTESIAN_POINT('',(75.6944965929955,27.2764978347766,43.3206087708438));
#15260=CARTESIAN_POINT('',(62.9513093987873,27.3425167082928,35.0635687121467));
#15261=CARTESIAN_POINT('',(75.6673473737195,27.2766384872559,43.3609142562744));
#15262=CARTESIAN_POINT('',(53.6359517337175,27.3907769598355,28.9120410749177));
#15263=CARTESIAN_POINT('',(75.7534460224201,27.2761924343406,43.2296289801437));
#15264=CARTESIAN_POINT('',(75.7534460224201,27.2761924343406,43.2296289801437));
#15265=CARTESIAN_POINT('',(78.7472223642487,27.2606825200126,38.6091746748019));
#15266=CARTESIAN_POINT('Origin',(75.7638073216084,29.2761655950303,43.2296289801437));
#15267=CARTESIAN_POINT('',(75.7638073216084,29.2761655950303,43.2296289801437));
#15268=CARTESIAN_POINT('',(75.7689879712026,30.2761521753751,43.2296289801437));
#15269=CARTESIAN_POINT('',(75.6777086729078,29.2766116479456,43.3609142562744));
#15270=CARTESIAN_POINT('',(75.6828893225019,30.2765982282904,43.3609142562744));
#15271=CARTESIAN_POINT('',(75.7638073216084,29.2761655950303,43.2296289801437));
#15272=CARTESIAN_POINT('Origin',(46.8540349196173,33.4259926849398,24.2561122695088));
#15273=CARTESIAN_POINT('',(46.8333123212406,29.4260463635604,24.2561122695087));
#15274=CARTESIAN_POINT('',(46.8540349196171,33.4259926849398,24.2561122695087));
#15275=CARTESIAN_POINT('',(46.8229510220525,27.4260732028707,24.2561122695088));
#15276=CARTESIAN_POINT('',(46.7472136725399,29.4264924164757,24.3873975456394));
#15277=CARTESIAN_POINT('',(46.8333123212406,29.4260463635604,24.2561122695087));
#15278=CARTESIAN_POINT('',(46.7679362709165,33.4264387378551,24.3873975456394));
#15279=CARTESIAN_POINT('',(46.7368523733518,27.426519255786,24.3873975456395));
#15280=CARTESIAN_POINT('',(46.8540349196171,33.4259926849398,24.2561122695087));
#15281=CARTESIAN_POINT('Origin',(137.287108451399,32.95748433203,83.7526806483793));
#15282=CARTESIAN_POINT('',(93.7522972012491,33.183025960955,55.2011999793288));
#15283=CARTESIAN_POINT('',(93.7315746028726,29.1830796395756,55.2011999793288));
#15284=CARTESIAN_POINT('',(93.7315746028726,29.1830796395756,55.2011999793288));
#15285=CARTESIAN_POINT('Origin',(60.4893818668421,33.3553517823351,10.9868870587199));
#15286=CARTESIAN_POINT('',(139.999706658289,32.9434311226412,64.0511942380098));
#15287=CARTESIAN_POINT('Origin',(133.613773026392,32.9765148510918,70.3930202460233));
#15288=CARTESIAN_POINT('',(73.9894569842638,33.2854116850852,-2.41994308153753));
#15289=CARTESIAN_POINT('',(73.9894569842638,33.2854116850852,-2.41994308153752));
#15290=CARTESIAN_POINT('Origin',(60.4893818668421,33.3553517823351,10.9868870587199));
#15291=CARTESIAN_POINT('Origin',(73.5048844329127,-23.6922305469051,78.4972323834124));
#15292=CARTESIAN_POINT('',(100.192921809233,-23.8304937723519,48.7024418273332));
#15293=CARTESIAN_POINT('',(107.491798839091,-23.8683072041175,57.4055599471672));
#15294=CARTESIAN_POINT('Origin',(73.5048844329127,-23.6922305469051,78.4972323834124));
#15295=CARTESIAN_POINT('',(100.467389454236,29.1481832748025,48.7024418273332));
#15296=CARTESIAN_POINT('',(100.192921809233,-23.8304937723519,48.7024418273332));
#15297=CARTESIAN_POINT('',(107.766266484095,29.1103698430369,57.4055599471672));
#15298=CARTESIAN_POINT('Origin',(73.7793520779163,29.2864465002493,78.4972323834124));
#15299=CARTESIAN_POINT('',(107.491798839091,-23.8683072041175,57.4055599471672));
#15300=CARTESIAN_POINT('Origin',(73.9894569842638,33.2854116850852,-2.41994308153753));
#15301=CARTESIAN_POINT('',(139.978984059912,28.9434848012619,64.0511942380098));
#15302=CARTESIAN_POINT('',(139.999706658289,32.9434311226412,64.0511942380098));
#15303=CARTESIAN_POINT('',(73.9687343858872,29.2854653637059,-2.41994308153753));
#15304=CARTESIAN_POINT('',(73.9687343858872,29.2854653637059,-2.41994308153753));
#15305=CARTESIAN_POINT('',(73.9583730866989,27.2854922030162,-2.41994308153754));
#15306=CARTESIAN_POINT('Origin',(133.613773026392,32.9765148510918,70.3930202460233));
#15307=CARTESIAN_POINT('Origin',(133.593050428015,28.9765685297124,70.3930202460233));
#15308=CARTESIAN_POINT('Origin',(60.4686592684655,29.3554054609558,10.9868870587199));
#15309=CARTESIAN_POINT('Origin',(60.4686592684655,29.3554054609558,10.9868870587199));
#15310=CARTESIAN_POINT('',(104.713540712842,29.1261851578008,62.116994043209));
#15311=CARTESIAN_POINT('',(62.9616706979755,29.3424898689825,35.0635687121467));
#15312=CARTESIAN_POINT('',(111.364991480818,29.0917258596473,51.8514561978232));
#15313=CARTESIAN_POINT('',(82.5923264464146,29.2407889554555,32.690812119146));
#15314=CARTESIAN_POINT('',(82.9562655323284,29.2389034892754,33.0168114108654));
#15315=CARTESIAN_POINT('',(87.2236210835371,29.2167955187897,25.5430887082754));
#15316=CARTESIAN_POINT('',(63.7348687985588,29.3384841468011,10.9076486000985));
#15317=CARTESIAN_POINT('Origin',(60.4849124124381,29.3553212579821,10.9076486000985));
#15318=CARTESIAN_POINT('Origin',(88.2177408651887,-23.7684537234983,23.5852102404368));
#15319=CARTESIAN_POINT('',(82.3178588014111,-23.7378880916989,32.690812119146));
#15320=CARTESIAN_POINT('',(82.317858801411,-23.7378880916989,32.6908121191461));
#15321=CARTESIAN_POINT('',(75.430636312957,-23.7022073264858,43.3202290044392));
#15322=CARTESIAN_POINT('',(78.331474184656,-23.7172357527047,38.8432115846265));
#15323=CARTESIAN_POINT('',(75.4303902471803,-23.7022060516881,43.3206087708438));
#15324=CARTESIAN_POINT('',(78.4831160184335,-23.718021366452,38.6091746748019));
#15325=CARTESIAN_POINT('',(75.4303902471803,-23.7022060516881,43.3206087708438));
#15326=CARTESIAN_POINT('Origin',(106.107001568687,-23.8611329584247,53.9999926740981));
#15327=CARTESIAN_POINT('',(106.107001568687,-23.8611329584247,53.9999926740981));
#15328=CARTESIAN_POINT('Origin',(60.4582979692772,27.3554323002661,10.9868870587199));
#15329=CARTESIAN_POINT('Origin',(49.602721186682,-23.5684001528232,20.5605031898029));
#15330=CARTESIAN_POINT('',(76.5441404119463,-23.7079760784589,6.77405122818402));
#15331=CARTESIAN_POINT('',(59.5449889851496,-23.6199082496791,3.25589133049797));
#15332=CARTESIAN_POINT('',(79.1310239173108,-23.7213779952902,8.93205095373109));
#15333=CARTESIAN_POINT('Origin',(75.8203835516914,-23.7042264974565,10.2712153818676));
#15334=CARTESIAN_POINT('',(79.1310239173108,-23.7213779952902,11.6103798100041));
#15335=CARTESIAN_POINT('Origin',(59.8918709158495,-23.621705347529,10.2712153818675));
#15336=CARTESIAN_POINT('',(76.5441404119463,-23.7079760784589,13.7683795355511));
#15337=CARTESIAN_POINT('Origin',(75.8203835516914,-23.7042264974565,10.2712153818676));
#15338=CARTESIAN_POINT('',(65.6447132605832,-23.6515092078449,16.0241349288013));
#15339=CARTESIAN_POINT('',(62.9527399834887,-23.6375628504242,16.5812681757107));
#15340=CARTESIAN_POINT('',(63.3889881387514,-23.6398229295822,26.9237083486812));
#15341=CARTESIAN_POINT('',(64.8651382466337,-23.6474704486666,19.7910101648878));
#15342=CARTESIAN_POINT('',(61.2310173727229,-23.6286430891794,29.5106265696019));
#15343=CARTESIAN_POINT('Origin',(59.8918709158494,-23.621705347529,26.1999417757246));
#15344=CARTESIAN_POINT('',(58.5527244589758,-23.6147676058786,29.5106265696019));
#15345=CARTESIAN_POINT('Origin',(59.8918709158495,-23.621705347529,10.2712153818675));
#15346=CARTESIAN_POINT('',(56.3947536929474,-23.6035877654758,26.9237083486812));
#15347=CARTESIAN_POINT('Origin',(59.8918709158494,-23.621705347529,26.1999417757246));
#15348=CARTESIAN_POINT('',(54.1390285711157,-23.5919014872131,16.0241349288012));
#15349=CARTESIAN_POINT('',(55.6238653781031,-23.5995940096456,23.1988068946647));
#15350=CARTESIAN_POINT('',(43.2396014197526,-23.5354346165991,13.7683795355509));
#15351=CARTESIAN_POINT('',(52.4141664625875,-23.5829654611122,15.6671558922067));
#15352=CARTESIAN_POINT('',(40.6527179143881,-23.5220326997678,11.6103798100038));
#15353=CARTESIAN_POINT('Origin',(43.9633582800076,-23.5391841976015,10.2712153818674));
#15354=CARTESIAN_POINT('',(49.4047403210588,-23.5673744695678,26.4565619725167));
#15355=CARTESIAN_POINT('Origin',(59.8918709158495,-23.621705347529,10.2712153818675));
#15356=CARTESIAN_POINT('',(48.1291327349097,-23.5607659049597,25.6300228361539));
#15357=CARTESIAN_POINT('',(104.439319133615,-23.8524931641512,62.1166142768045));
#15358=CARTESIAN_POINT('',(107.340157005314,-23.8675215903702,57.6395968569917));
#15359=CARTESIAN_POINT('',(128.840475284136,-23.9789087003119,77.9275194093093));
#15360=CARTESIAN_POINT('',(48.1291327349097,-23.5607659049597,25.6300228361539));
#15361=CARTESIAN_POINT('',(140.136484690942,-24.0374301521983,64.0489268076654));
#15362=CARTESIAN_POINT('Origin',(133.734406873249,-24.0042627852557,70.3744544174361));
#15363=CARTESIAN_POINT('',(73.6107848257869,-23.692779187095,-3.28366026702696));
#15364=CARTESIAN_POINT('',(109.734019781371,-23.8799235210191,33.2777117741025));
#15365=CARTESIAN_POINT('Origin',(59.8918709158495,-23.621705347529,10.2712153818675));
#15366=CARTESIAN_POINT('Origin',(78.4831160184335,-23.718021366452,38.6091746748019));
#15367=CARTESIAN_POINT('',(48.1291327349097,-23.5607659049597,25.6300228361539));
#15368=CARTESIAN_POINT('',(104.439073067838,-23.8524918893536,62.116994043209));
#15369=CARTESIAN_POINT('',(107.491798839091,-23.8683072041175,57.4055599471672));
#15370=CARTESIAN_POINT('',(61.1418346650821,-23.628181058621,34.0622361185197));
#15371=CARTESIAN_POINT('Origin',(107.491798839091,-23.8683072041175,57.4055599471672));
#15372=CARTESIAN_POINT('',(104.439073067838,-23.8524918893536,62.116994043209));
#15373=CARTESIAN_POINT('Origin',(75.4303902471803,-23.7022060516881,43.3206087708438));
#15374=CARTESIAN_POINT('Origin',(133.695033936334,-31.6041607958766,70.3744544174361));
#15375=CARTESIAN_POINT('',(140.097111754027,-31.6373281628191,64.0489268076654));
#15376=CARTESIAN_POINT('',(128.801102347221,-31.5788067109326,77.9275194093093));
#15377=CARTESIAN_POINT('Origin',(145.756303917817,-31.6666468478523,69.7767590576555));
#15378=CARTESIAN_POINT('',(73.592134487248,-27.2927308763364,-3.28366026702695));
#15379=CARTESIAN_POINT('Origin',(59.8711483174729,-27.6216516689084,10.2712153818681));
#15380=CARTESIAN_POINT('',(74.3486557793561,-26.3916380557065,14.2198694819957));
#15381=CARTESIAN_POINT('',(74.3418950316357,-27.6966205430565,14.2198694819957));
#15382=CARTESIAN_POINT('',(74.3486557793558,-26.3916380557064,6.32256128173932));
#15383=CARTESIAN_POINT('',(74.3418950316354,-27.6966205430565,6.32256128173932));
#15384=CARTESIAN_POINT('Origin',(59.8779090651933,-26.3166691815584,10.2712153818681));
#15385=CARTESIAN_POINT('Origin',(59.8711483174729,-27.6216516689084,10.2712153818681));
#15386=CARTESIAN_POINT('',(55.9293079546791,-26.2962125882974,-4.1997255273416));
#15387=CARTESIAN_POINT('',(55.9225472069588,-27.6011950756474,-4.19972552734159));
#15388=CARTESIAN_POINT('Origin',(59.8779090651933,-26.3166691815584,10.2712153818681));
#15389=CARTESIAN_POINT('Origin',(59.8711483174729,-27.6216516689084,10.2712153818681));
#15390=CARTESIAN_POINT('',(55.9293079546792,-26.2962125882974,24.7421562910778));
#15391=CARTESIAN_POINT('',(55.9225472069589,-27.6011950756474,24.7421562910778));
#15392=CARTESIAN_POINT('',(63.8265101757071,-26.3371257748194,24.7421562910779));
#15393=CARTESIAN_POINT('',(63.8197494279868,-27.6421082621695,24.7421562910779));
#15394=CARTESIAN_POINT('Origin',(59.8779090651933,-26.3166691815584,10.2712153818681));
#15395=CARTESIAN_POINT('Origin',(59.8779090651933,-26.3166691815584,10.2712153818681));
#15396=CARTESIAN_POINT('',(54.1250667204595,-26.2868653212425,16.0241349288012));
#15397=CARTESIAN_POINT('',(54.8002226226978,-26.2903631143326,19.2864612003356));
#15398=CARTESIAN_POINT('',(65.630751409927,-26.3464730418743,16.0241349288013));
#15399=CARTESIAN_POINT('',(66.0834580686045,-26.3488183879156,13.8366744903956));
#15400=CARTESIAN_POINT('',(68.8930339021557,-26.3633740111488,15.3489699660968));
#15401=CARTESIAN_POINT('',(63.4433203264744,-26.3351405758418,4.06558310101309));
#15402=CARTESIAN_POINT('',(54.1250667204596,-26.2868653212425,4.5182958349336));
#15403=CARTESIAN_POINT('',(53.6723600617819,-26.2845199752012,6.70575627333987));
#15404=CARTESIAN_POINT('',(50.8627842282307,-26.269964351968,5.19346079763816));
#15405=CARTESIAN_POINT('',(56.3124978039123,-26.298197787275,16.4768476627218));
#15406=CARTESIAN_POINT('Origin',(54.1100169333886,-29.1918263371442,4.5182958349336));
#15407=CARTESIAN_POINT('',(56.3761033544087,-27.2035394547173,-6.38127758494633));
#15408=CARTESIAN_POINT('',(54.1100169333886,-29.1918263371442,4.5182958349336));
#15409=CARTESIAN_POINT('Origin',(43.2105897820255,-29.1353594665302,6.77405122818382));
#15410=CARTESIAN_POINT('',(43.2105897820255,-29.1353594665302,6.77405122818382));
#15411=CARTESIAN_POINT('Origin',(59.8628592781224,-29.2216301974602,-5.65751101198966));
#15412=CARTESIAN_POINT('',(58.5444354196254,-25.2147461344304,-8.96819580586697));
#15413=CARTESIAN_POINT('Origin',(59.8628592781223,-29.2216301974602,10.2712153818675));
#15414=CARTESIAN_POINT('',(40.6444288750375,-25.1220112283196,8.93205095373082));
#15415=CARTESIAN_POINT('Origin',(43.9343466422804,-29.1391090475327,10.2712153818674));
#15416=CARTESIAN_POINT('Origin',(54.1100169333885,-29.1918263371442,16.0241349288012));
#15417=CARTESIAN_POINT('',(43.2105897820255,-29.1353594665302,13.7683795355509));
#15418=CARTESIAN_POINT('',(54.1100169333885,-29.1918263371442,16.0241349288012));
#15419=CARTESIAN_POINT('Origin',(65.615701622856,-29.2514340577761,16.0241349288013));
#15420=CARTESIAN_POINT('',(63.3599765010242,-29.2397477795133,26.9237083486812));
#15421=CARTESIAN_POINT('',(65.615701622856,-29.2514340577761,16.0241349288013));
#15422=CARTESIAN_POINT('Origin',(65.615701622856,-29.2514340577761,4.51829583493367));
#15423=CARTESIAN_POINT('',(76.5254900734074,-27.3079277677004,6.77405122818402));
#15424=CARTESIAN_POINT('Origin',(59.8628592781223,-29.2216301974602,10.2712153818675));
#15425=CARTESIAN_POINT('Origin',(59.8628592781223,-29.2216301974602,10.2712153818675));
#15426=CARTESIAN_POINT('',(49.3757286833316,-29.1672993194989,26.4565619725167));
#15427=CARTESIAN_POINT('',(40.6340675758492,-27.1219843890093,11.6103798100038));
#15428=CARTESIAN_POINT('Origin',(75.7913719139642,-29.3041513473877,10.2712153818676));
#15429=CARTESIAN_POINT('',(79.1020122795836,-29.3213028452213,8.93205095373109));
#15430=CARTESIAN_POINT('Origin',(59.852497978934,-31.2216033581499,10.2712153818675));
#15431=CARTESIAN_POINT('',(79.1020122795836,-29.3213028452213,11.6103798100041));
#15432=CARTESIAN_POINT('Origin',(75.7913719139642,-29.3041513473877,10.2712153818676));
#15433=CARTESIAN_POINT('',(76.5151287742191,-29.3079009283901,13.7683795355511));
#15434=CARTESIAN_POINT('Origin',(49.3653673841433,-31.1672724801886,26.4565619725167));
#15435=CARTESIAN_POINT('Origin',(43.9343466422804,-29.1391090475327,10.2712153818674));
#15436=CARTESIAN_POINT('Origin',(59.852497978934,-31.2216033581499,10.2712153818675));
#15437=CARTESIAN_POINT('',(58.5237128212487,-29.2146924558098,29.5106265696019));
#15438=CARTESIAN_POINT('',(61.2020057349957,-29.2285679391105,29.5106265696019));
#15439=CARTESIAN_POINT('Origin',(76.5151287742191,-29.3079009283901,13.7683795355511));
#15440=CARTESIAN_POINT('Origin',(59.8628592781222,-29.2216301974602,26.1999417757246));
#15441=CARTESIAN_POINT('Origin',(56.3657420552202,-29.203512615407,26.9237083486812));
#15442=CARTESIAN_POINT('',(56.3657420552202,-29.203512615407,26.9237083486812));
#15443=CARTESIAN_POINT('Origin',(59.8628592781222,-29.2216301974602,26.1999417757246));
#15444=CARTESIAN_POINT('Origin',(60.4952737116264,31.3552944186718,10.9076486000985));
#15445=CARTESIAN_POINT('',(63.7089655505882,24.3385512450769,10.9076486000985));
#15446=CARTESIAN_POINT('Origin',(60.4590091644674,24.3553883562578,10.9076486000985));
#15447=CARTESIAN_POINT('',(63.7452300977471,31.3384573074908,10.9076486000985));
#15448=CARTESIAN_POINT('Origin',(60.4590091644674,24.3553883562578,10.9076486000985));
#15449=CARTESIAN_POINT('Origin',(-7.91198623782532,68.9869424369609,-4.3483845181792));
#15450=CARTESIAN_POINT('',(-14.2275404398025,71.9853201958397,-6.42134015546901));
#15451=CARTESIAN_POINT('',(-11.4272239836456,67.0764737653227,-4.37816863605956));
#15452=CARTESIAN_POINT('',(-6.31961251428998,58.1230284235689,-0.651544717019207));
#15453=CARTESIAN_POINT('',(-10.7531240125255,73.9673470599028,-6.42134015546901));
#15454=CARTESIAN_POINT('',(-10.7531240125255,73.9673470599028,-6.42134015546901));
#15455=CARTESIAN_POINT('',(-7.95280755636865,69.0585006293858,-4.37816863605956));
#15456=CARTESIAN_POINT('',(-5.91480660468727,65.4859637916096,-2.89119901451922));
#15457=CARTESIAN_POINT('',(-7.25792427091328,69.4549060021985,-4.37816863605956));
#15458=CARTESIAN_POINT('Origin',(-10.7531240125255,73.9673470599028,-6.42134015546901));
#15459=CARTESIAN_POINT('',(-14.215036080981,71.9634005384982,-6.49114163426103));
#15460=CARTESIAN_POINT('',(-15.7963929252831,74.7354579191771,2.33626389736202));
#15461=CARTESIAN_POINT('',(-10.740619653704,73.9454274025613,-6.49114163426102));
#15462=CARTESIAN_POINT('',(-9.35085308279324,74.7382381481866,-6.49114163426102));
#15463=CARTESIAN_POINT('',(-11.8015715862393,75.8052351023396,-0.568725709105664));
#15464=CARTESIAN_POINT('Origin',(-6.35762387320397,69.4912231228288,-6.38127758494628));
#15465=CARTESIAN_POINT('',(-7.97110674479514,69.0905783988791,-4.19972552734154));
#15466=CARTESIAN_POINT('',(-8.53058361773344,70.0713197163976,1.25596956339966));
#15467=CARTESIAN_POINT('',(-9.10463510419424,68.4439421344785,-4.19972552734155));
#15468=CARTESIAN_POINT('',(-7.97110674479514,69.0905783988791,-4.19972552734155));
#15469=CARTESIAN_POINT('',(-9.99866075057845,70.0111345113953,4.51829583493367));
#15470=CARTESIAN_POINT('',(-9.66411197713258,69.424683451997,1.25596956339997));
#15471=CARTESIAN_POINT('',(-12.3395488184563,68.6757439117327,4.51829583493367));
#15472=CARTESIAN_POINT('',(-9.21257403390705,70.4595680893896,4.51829583493367));
#15473=CARTESIAN_POINT('',(-12.4062077552125,68.7925944494776,5.1683152577291));
#15474=CARTESIAN_POINT('Origin',(-6.01452211897691,65.6607612311317,10.2712153818675));
#15475=CARTESIAN_POINT('',(-12.812427323337,77.5772261092522,-3.28366026702695));
#15476=CARTESIAN_POINT('Origin',(-6.01452211897691,65.6607612311317,10.2712153818675));
#15477=CARTESIAN_POINT('',(-45.7768007646964,135.362497679568,64.0489268076654));
#15478=CARTESIAN_POINT('',(-30.696716721942,108.927693655038,33.2465493953143));
#15479=CARTESIAN_POINT('',(-40.1794771252935,125.550605845942,77.9275194093093));
#15480=CARTESIAN_POINT('Origin',(-42.6044856381988,129.801551968969,70.3744544174361));
#15481=CARTESIAN_POINT('',(-0.818008742105918,56.5514742842573,26.4565619725167));
#15482=CARTESIAN_POINT('',(-0.818008742105909,56.5514742842574,26.4565619725167));
#15483=CARTESIAN_POINT('',(3.51873533673011,48.94932966069,11.6103798100039));
#15484=CARTESIAN_POINT('Origin',(-6.01452211897691,65.6607612311317,10.2712153818675));
#15485=CARTESIAN_POINT('',(2.23689998448314,51.1963374513822,13.7683795355509));
#15486=CARTESIAN_POINT('Origin',(1.87826878675732,51.8250040690274,10.2712153818674));
#15487=CARTESIAN_POINT('',(1.1559262885992,53.0912425278624,14.2198694819955));
#15488=CARTESIAN_POINT('',(-4.24781318502916,62.5637888067815,16.4768476627218));
#15489=CARTESIAN_POINT('',(1.15592628859898,53.0912425278628,6.32256128173915));
#15490=CARTESIAN_POINT('Origin',(-6.01452211897691,65.6607612311317,10.2712153818681));
#15491=CARTESIAN_POINT('',(2.23689998448312,51.1963374513822,6.77405122818382));
#15492=CARTESIAN_POINT('',(-1.54740726940039,57.8300816892389,5.19346079763815));
#15493=CARTESIAN_POINT('',(3.51873533673009,48.94932966069,8.93205095373083));
#15494=CARTESIAN_POINT('Origin',(1.87826878675732,51.8250040690274,10.2712153818674));
#15495=CARTESIAN_POINT('',(-5.35095715105433,64.4975575092662,-8.96819580586696));
#15496=CARTESIAN_POINT('Origin',(-6.01452211897691,65.6607612311317,10.2712153818675));
#15497=CARTESIAN_POINT('',(-4.28165379383918,62.62311008506,-6.38127758494633));
#15498=CARTESIAN_POINT('Origin',(-6.01452211897695,65.6607612311318,-5.65751101198966));
#15499=CARTESIAN_POINT('',(-4.05793749315877,62.2309440633845,-4.1997255273416));
#15500=CARTESIAN_POINT('',(-2.93958964668808,60.2705235465697,6.70575627333956));
#15501=CARTESIAN_POINT('Origin',(-6.01452211897691,65.6607612311317,10.2712153818681));
#15502=CARTESIAN_POINT('',(-13.184970526553,78.2302799344009,14.2198694819957));
#15503=CARTESIAN_POINT('',(-14.2659442224369,80.1251850108812,13.7683795355511));
#15504=CARTESIAN_POINT('',(-10.4816369685534,73.4914407730245,15.3489699660968));
#15505=CARTESIAN_POINT('',(-15.5477795746839,82.3721928015734,11.6103798100041));
#15506=CARTESIAN_POINT('Origin',(-13.9073130247111,79.496518393236,10.2712153818675));
#15507=CARTESIAN_POINT('',(-15.5477795746839,82.3721928015734,8.93205095373109));
#15508=CARTESIAN_POINT('Origin',(-6.01452211897691,65.6607612311317,10.2712153818675));
#15509=CARTESIAN_POINT('',(-14.265944222437,80.1251850108812,6.77405122818402));
#15510=CARTESIAN_POINT('Origin',(-13.9073130247111,79.496518393236,10.2712153818675));
#15511=CARTESIAN_POINT('',(-13.1849705265528,78.2302799344006,6.32256128173931));
#15512=CARTESIAN_POINT('',(-7.78123105292466,68.7577336554819,4.06558310101308));
#15513=CARTESIAN_POINT('Origin',(-6.01452211897691,65.6607612311317,10.2712153818681));
#15514=CARTESIAN_POINT('',(-4.05793749315884,62.2309440633846,24.7421562910778));
#15515=CARTESIAN_POINT('',(-4.28165379383909,62.6231100850598,26.9237083486812));
#15516=CARTESIAN_POINT('',(-3.49846062022038,61.2502027458658,19.2864612003352));
#15517=CARTESIAN_POINT('',(-5.35095715105425,64.497557509266,29.5106265696019));
#15518=CARTESIAN_POINT('Origin',(-6.01452211897687,65.6607612311316,26.1999417757246));
#15519=CARTESIAN_POINT('',(-6.67808708689948,66.8239649529972,29.5106265696019));
#15520=CARTESIAN_POINT('Origin',(-6.01452211897691,65.6607612311317,10.2712153818675));
#15521=CARTESIAN_POINT('',(-7.74739044411465,68.6984123772034,26.9237083486812));
#15522=CARTESIAN_POINT('Origin',(-6.01452211897687,65.6607612311316,26.1999417757246));
#15523=CARTESIAN_POINT('',(-7.97110674479492,69.0905783988787,24.7421562910778));
#15524=CARTESIAN_POINT('',(-9.08945459126574,71.0509989156937,13.8366744903953));
#15525=CARTESIAN_POINT('Origin',(-6.01452211897691,65.6607612311317,10.2712153818681));
#15526=CARTESIAN_POINT('',(-43.2160253251594,130.873557385663,70.3930202460233));
#15527=CARTESIAN_POINT('Origin',(-42.3984392437333,129.440360609411,70.3930202460233));
#15528=CARTESIAN_POINT('',(-5.03472233702013,63.9432101123268,10.2712153818644));
#15529=CARTESIAN_POINT('Origin',(-6.0145221189769,65.6607612311317,10.2712153818644));
#15530=CARTESIAN_POINT('Origin',(-4.39052733443906,54.7414167209149,-0.0180724260680742));
#15531=CARTESIAN_POINT('',(-6.63832827405146,58.6817248224043,4.5182958349336));
#15532=CARTESIAN_POINT('',(-7.75607022111614,60.6410832209968,-6.38127758494633));
#15533=CARTESIAN_POINT('',(-6.63832827405145,58.6817248224043,4.5182958349336));
#15534=CARTESIAN_POINT('',(-8.8253735783313,62.515530645203,-8.96819580586697));
#15535=CARTESIAN_POINT('Origin',(-9.48893854625392,63.6787343670686,-5.65751101198966));
#15536=CARTESIAN_POINT('',(0.0443189094531427,46.9673027966268,8.93205095373082));
#15537=CARTESIAN_POINT('Origin',(-9.48893854625387,63.6787343670685,10.2712153818675));
#15538=CARTESIAN_POINT('',(-1.23751644279384,49.214310587319,6.77405122818382));
#15539=CARTESIAN_POINT('Origin',(-1.59614764051964,49.8429772049643,10.2712153818674));
#15540=CARTESIAN_POINT('',(-1.23751644279383,49.214310587319,6.77405122818382));
#15541=CARTESIAN_POINT('Origin',(-6.01452211897691,65.6607612311317,10.2712153818681));
#15542=CARTESIAN_POINT('',(0.0223979291998866,52.4446062634622,6.32256128173915));
#15543=CARTESIAN_POINT('',(1.15592628859898,53.0912425278628,6.32256128173915));
#15544=CARTESIAN_POINT('',(0.0223979292000864,52.4446062634618,14.2198694819955));
#15545=CARTESIAN_POINT('',(1.15592628859919,53.0912425278624,14.2198694819955));
#15546=CARTESIAN_POINT('Origin',(-7.14805047837602,65.0141249667311,10.2712153818681));
#15547=CARTESIAN_POINT('Origin',(-6.01452211897691,65.6607612311317,10.2712153818644));
#15548=CARTESIAN_POINT('',(-6.16825069641923,63.2965738479262,10.2712153818644));
#15549=CARTESIAN_POINT('',(-5.03472233702012,63.9432101123268,10.2712153818644));
#15550=CARTESIAN_POINT('Origin',(-7.14805047837601,65.0141249667311,10.2712153818644));
#15551=CARTESIAN_POINT('Origin',(-95.3653861025162,99.2246643107975,70.3930202460233));
#15552=CARTESIAN_POINT('',(-46.6904417524363,128.8915305216,70.3930202460233));
#15553=CARTESIAN_POINT('Origin',(-45.8728556710102,127.458333745348,70.3930202460233));
#15554=CARTESIAN_POINT('',(-96.1829721839423,100.657861087049,70.3930202460233));
#15555=CARTESIAN_POINT('Origin',(-95.3653861025162,99.2246643107975,70.3930202460233));
#15556=CARTESIAN_POINT('',(-96.1829721839423,100.657861087049,70.3930202460233));
#15557=CARTESIAN_POINT('Origin',(-95.3653861025162,99.2246643107975,70.3930202460233));
#15558=CARTESIAN_POINT('',(-92.7085557566653,102.639887951112,70.3930202460233));
#15559=CARTESIAN_POINT('',(-96.1829721839423,100.657861087049,70.3930202460233));
#15560=CARTESIAN_POINT('Origin',(-91.8909696752392,101.206691174861,70.3930202460233));
#15561=CARTESIAN_POINT('Origin',(-89.4453182055066,96.9195587469915,77.9189277949178));
#15562=CARTESIAN_POINT('',(-92.9197346327835,94.9375318829283,77.9189277949178));
#15563=CARTESIAN_POINT('',(-89.4453182055066,96.9195587469915,77.9189277949178));
#15564=CARTESIAN_POINT('',(-90.3139223123258,96.4240520309757,77.9189277949178));
#15565=CARTESIAN_POINT('',(-92.8770716015893,94.8627452394643,78.0502130710485));
#15566=CARTESIAN_POINT('',(-92.9197346327835,94.9375318829283,77.9189277949178));
#15567=CARTESIAN_POINT('',(-89.4026551743124,96.8447721035275,78.0502130710485));
#15568=CARTESIAN_POINT('',(-90.2712592811316,96.3492653875117,78.0502130710485));
#15569=CARTESIAN_POINT('',(-89.4453182055066,96.9195587469915,77.9189277949178));
#15570=CARTESIAN_POINT('Origin',(-69.6278928811977,66.2166509325325,53.9890634002359));
#15571=CARTESIAN_POINT('',(-69.6278928811962,66.2166509325298,53.9890634002339));
#15572=CARTESIAN_POINT('',(-71.3651010948347,65.2256375004982,53.9890634002339));
#15573=CARTESIAN_POINT('',(-72.233705201659,64.7301307844834,53.989063400236));
#15574=CARTESIAN_POINT('',(-71.3224380636405,65.1508508570343,54.1203486763646));
#15575=CARTESIAN_POINT('',(-71.3651010948347,65.2256375004982,53.9890634002339));
#15576=CARTESIAN_POINT('',(-69.585229850002,66.1418642890659,54.1203486763646));
#15577=CARTESIAN_POINT('',(-72.1910421704647,64.6553441410194,54.1203486763667));
#15578=CARTESIAN_POINT('',(-69.6278928811962,66.2166509325298,53.9890634002339));
#15579=CARTESIAN_POINT('Origin',(-61.4985985778619,51.9663124624588,43.2296289801437));
#15580=CARTESIAN_POINT('',(-61.4693883476855,51.9151080588205,43.3206087708438));
#15581=CARTESIAN_POINT('',(-55.1549687721757,40.8461747866975,35.0635687121467));
#15582=CARTESIAN_POINT('',(-61.4559355466677,51.8915258189949,43.3609142562744));
#15583=CARTESIAN_POINT('',(-50.5390845434698,32.7547082776376,28.9120410749177));
#15584=CARTESIAN_POINT('',(-61.4985985778619,51.9663124624588,43.2296289801437));
#15585=CARTESIAN_POINT('',(-61.4985985778619,51.9663124624588,43.2296289801437));
#15586=CARTESIAN_POINT('',(-62.9820547689577,54.5667537848952,38.6091746748019));
#15587=CARTESIAN_POINT('Origin',(-63.2358067915004,50.9752990304272,43.2296289801437));
#15588=CARTESIAN_POINT('',(-63.2358067915004,50.9752990304272,43.2296289801437));
#15589=CARTESIAN_POINT('',(-64.1044108983196,50.4797923144115,43.2296289801437));
#15590=CARTESIAN_POINT('',(-63.1931437603061,50.9005123869633,43.3609142562744));
#15591=CARTESIAN_POINT('',(-64.0617478671253,50.4050056709475,43.3609142562744));
#15592=CARTESIAN_POINT('',(-63.2358067915004,50.9752990304272,43.2296289801437));
#15593=CARTESIAN_POINT('Origin',(-52.3747762716793,23.8637881677219,24.2561122695088));
#15594=CARTESIAN_POINT('',(-48.9003598444023,25.8458150317849,24.2561122695087));
#15595=CARTESIAN_POINT('',(-52.3747762716793,23.8637881677217,24.2561122695087));
#15596=CARTESIAN_POINT('',(-47.1631516307639,26.8368284638166,24.2561122695088));
#15597=CARTESIAN_POINT('',(-48.8576968132081,25.771028388321,24.3873975456394));
#15598=CARTESIAN_POINT('',(-48.9003598444023,25.8458150317849,24.2561122695087));
#15599=CARTESIAN_POINT('',(-52.332113240485,23.7890015242578,24.3873975456394));
#15600=CARTESIAN_POINT('',(-47.1204885995696,26.7620418203527,24.3873975456395));
#15601=CARTESIAN_POINT('',(-52.3747762716793,23.8637881677217,24.2561122695087));
#15602=CARTESIAN_POINT('Origin',(-97.1855729020649,102.415381365006,83.7526806483793));
#15603=CARTESIAN_POINT('',(-75.6134920572501,64.600358058953,55.2011999793288));
#15604=CARTESIAN_POINT('',(-72.1390756299731,66.5823849230162,55.2011999793288));
#15605=CARTESIAN_POINT('',(-72.1390756299731,66.5823849230162,55.2011999793288));
#15606=CARTESIAN_POINT('Origin',(-59.1312729290898,35.7076654647355,10.9868870587199));
#15607=CARTESIAN_POINT('',(-98.5297015691747,104.771586927127,64.0511942380097));
#15608=CARTESIAN_POINT('Origin',(-95.3653861025162,99.2246643107975,70.3930202460233));
#15609=CARTESIAN_POINT('',(-65.8207405868391,47.4340435180458,-2.41994308153753));
#15610=CARTESIAN_POINT('',(-65.8207405868391,47.4340435180458,-2.41994308153752));
#15611=CARTESIAN_POINT('Origin',(-59.1312729290898,35.7076654647354,10.9868870587199));
#15612=CARTESIAN_POINT('Origin',(-16.2343686905189,75.5032124945943,78.4972323834124));
#15613=CARTESIAN_POINT('',(-29.4586479130329,98.6848624523596,48.7024418273332));
#15614=CARTESIAN_POINT('',(-33.0753390354488,105.024782095199,57.4055599471672));
#15615=CARTESIAN_POINT('Origin',(-16.2343686905189,75.5032124945943,78.4972323834124));
#15616=CARTESIAN_POINT('',(-75.4767619172619,72.4332198818724,48.7024418273332));
#15617=CARTESIAN_POINT('',(-29.4586479130329,98.6848624523596,48.7024418273332));
#15618=CARTESIAN_POINT('',(-79.0934530396778,78.7731395247114,57.4055599471672));
#15619=CARTESIAN_POINT('Origin',(-62.2524826947479,49.2515699241071,78.4972323834124));
#15620=CARTESIAN_POINT('',(-33.0753390354488,105.024782095199,57.4055599471672));
#15621=CARTESIAN_POINT('Origin',(-65.8207405868391,47.4340435180458,-2.41994308153753));
#15622=CARTESIAN_POINT('',(-95.0552851418978,106.75361379119,64.0511942380097));
#15623=CARTESIAN_POINT('',(-98.5297015691747,104.771586927127,64.0511942380097));
#15624=CARTESIAN_POINT('',(-62.3463241595621,49.416070382109,-2.41994308153753));
#15625=CARTESIAN_POINT('',(-62.3463241595621,49.416070382109,-2.41994308153753));
#15626=CARTESIAN_POINT('',(-60.6091159459237,50.4070838141405,-2.41994308153754));
#15627=CARTESIAN_POINT('Origin',(-95.3653861025162,99.2246643107975,70.3930202460233));
#15628=CARTESIAN_POINT('Origin',(-91.8909696752392,101.206691174861,70.3930202460233));
#15629=CARTESIAN_POINT('Origin',(-55.6568565018129,37.6896923287986,10.9868870587199));
#15630=CARTESIAN_POINT('Origin',(-55.6568565018129,37.6896923287986,10.9868870587199));
#15631=CARTESIAN_POINT('',(-77.5807866184056,76.1214937986367,62.116994043209));
#15632=CARTESIAN_POINT('',(-56.8921769858141,39.8551613546659,35.0635687121467));
#15633=CARTESIAN_POINT('',(-80.876669374796,81.8990487848019,51.8514561978232));
#15634=CARTESIAN_POINT('',(-66.6194292853311,56.9066583825246,32.690812119146));
#15635=CARTESIAN_POINT('',(-66.7997659666782,57.2227816094461,33.0168114108654));
#15636=CARTESIAN_POINT('',(-68.9142976782157,60.9294739090163,25.5430887082754));
#15637=CARTESIAN_POINT('',(-57.2753069789362,40.5267734130196,10.9076486000985));
#15638=CARTESIAN_POINT('Origin',(-55.6649101518849,37.7038100658571,10.9076486000985));
#15639=CARTESIAN_POINT('Origin',(-23.52478569937,88.2830315154751,23.5852102404368));
#15640=CARTESIAN_POINT('',(-20.6013152811022,83.1583009530119,32.690812119146));
#15641=CARTESIAN_POINT('',(-20.6013152811022,83.1583009530119,32.6908121191461));
#15642=CARTESIAN_POINT('',(-17.1886044859762,77.1759509338886,43.3202290044392));
#15643=CARTESIAN_POINT('',(-18.6260084229411,79.6956644361494,38.8432115846265));
#15644=CARTESIAN_POINT('',(-17.188482557095,77.1757371972761,43.3206087708438));
#15645=CARTESIAN_POINT('',(-18.7011489783672,79.8273829233508,38.6091746748019));
#15646=CARTESIAN_POINT('',(-17.188482557095,77.1757371972761,43.3206087708437));
#15647=CARTESIAN_POINT('Origin',(-32.3891534792695,103.821925357091,53.9999926740981));
#15648=CARTESIAN_POINT('',(-32.3891534792695,103.821925357091,53.9999926740981));
#15649=CARTESIAN_POINT('Origin',(-53.9196482881744,38.6807057608302,10.9868870587199));
#15650=CARTESIAN_POINT('Origin',(-4.39052733443902,54.7414167209148,20.5605031898029));
#15651=CARTESIAN_POINT('',(-17.7403606497139,78.143158146818,6.77405122818402));
#15652=CARTESIAN_POINT('',(-9.31705391329505,63.3774272540437,3.25589133049797));
#15653=CARTESIAN_POINT('',(-19.0221960019609,80.3901659375103,8.93205095373109));
#15654=CARTESIAN_POINT('Origin',(-17.3817294519881,77.5144915291728,10.2712153818675));
#15655=CARTESIAN_POINT('',(-19.0221960019609,80.3901659375102,11.6103798100041));
#15656=CARTESIAN_POINT('Origin',(-9.48893854625388,63.6787343670685,10.2712153818675));
#15657=CARTESIAN_POINT('',(-17.7403606497139,78.143158146818,13.7683795355511));
#15658=CARTESIAN_POINT('Origin',(-17.3817294519881,77.5144915291728,10.2712153818675));
#15659=CARTESIAN_POINT('',(-12.3395488184563,68.6757439117327,16.0241349288013));
#15660=CARTESIAN_POINT('',(-11.0056400797257,66.3374534887497,16.5812681757107));
#15661=CARTESIAN_POINT('',(-11.2218068713916,66.7163855131402,26.9237083486812));
#15662=CARTESIAN_POINT('',(-11.9532589795298,67.9985927659076,19.7910101648878));
#15663=CARTESIAN_POINT('',(-10.1525035141764,64.841938088934,29.5106265696019));
#15664=CARTESIAN_POINT('Origin',(-9.48893854625382,63.6787343670685,26.1999417757246));
#15665=CARTESIAN_POINT('',(-8.82537357833119,62.5155306452028,29.5106265696019));
#15666=CARTESIAN_POINT('Origin',(-9.48893854625388,63.6787343670685,10.2712153818675));
#15667=CARTESIAN_POINT('',(-7.75607022111604,60.6410832209966,26.9237083486812));
#15668=CARTESIAN_POINT('Origin',(-9.48893854625382,63.6787343670685,26.1999417757246));
#15669=CARTESIAN_POINT('',(-6.63832827405142,58.6817248224043,16.0241349288012));
#15670=CARTESIAN_POINT('',(-7.37408475769942,59.9714774789458,23.1988068946647));
#15671=CARTESIAN_POINT('',(-1.23751644279382,49.214310587319,13.7683795355509));
#15672=CARTESIAN_POINT('',(-5.78363604539956,57.1834824053432,15.6671558922067));
#15673=CARTESIAN_POINT('',(0.0443189094531604,46.9673027966268,11.6103798100038));
#15674=CARTESIAN_POINT('Origin',(-1.59614764051964,49.8429772049643,10.2712153818674));
#15675=CARTESIAN_POINT('',(-4.29242516938287,54.5694474201942,26.4565619725167));
#15676=CARTESIAN_POINT('Origin',(-9.48893854625387,63.6787343670685,10.2712153818675));
#15677=CARTESIAN_POINT('',(-3.66034456114151,53.4614345630249,25.6300228361539));
#15678=CARTESIAN_POINT('',(-31.5627945430578,102.373350105736,62.1166142768044));
#15679=CARTESIAN_POINT('',(-33.0001984800228,104.893063607997,57.6395968569917));
#15680=CARTESIAN_POINT('',(-43.6538935525704,123.568578981879,77.9275194093093));
#15681=CARTESIAN_POINT('',(-3.66034456114151,53.4614345630249,25.6300228361539));
#15682=CARTESIAN_POINT('',(-49.2512171919734,133.380470815504,64.0489268076654));
#15683=CARTESIAN_POINT('Origin',(-46.0789020654757,127.819525104906,70.3744544174361));
#15684=CARTESIAN_POINT('',(-16.286843750614,75.595199245189,-3.28366026702696));
#15685=CARTESIAN_POINT('',(-34.1863894810537,106.972410550561,33.2777117741025));
#15686=CARTESIAN_POINT('Origin',(-9.48893854625387,63.6787343670685,10.2712153818675));
#15687=CARTESIAN_POINT('Origin',(-18.7011489783672,79.8273829233508,38.6091746748019));
#15688=CARTESIAN_POINT('',(-3.66034456114151,53.4614345630249,25.6300228361539));
#15689=CARTESIAN_POINT('',(-31.5626726141767,102.373136369124,62.116994043209));
#15690=CARTESIAN_POINT('',(-33.0753390354488,105.024782095199,57.4055599471672));
#15691=CARTESIAN_POINT('',(-10.108312290557,64.7644725832596,34.0622361185197));
#15692=CARTESIAN_POINT('Origin',(-33.0753390354488,105.024782095199,57.4055599471672));
#15693=CARTESIAN_POINT('',(-31.5626726141767,102.373136369124,62.116994043209));
#15694=CARTESIAN_POINT('Origin',(-17.188482557095,77.1757371972761,43.3206087708438));
#15695=CARTESIAN_POINT('Origin',(-39.4775108536495,131.585376146626,70.3744544174361));
#15696=CARTESIAN_POINT('',(-42.6498259801473,137.146321857224,64.0489268076654));
#15697=CARTESIAN_POINT('',(-37.0525023407444,127.334430023599,77.9275194093093));
#15698=CARTESIAN_POINT('Origin',(-45.4540313359979,142.061985378481,69.7767590576555));
#15699=CARTESIAN_POINT('',(-13.1598689660647,77.3790234228459,-3.28366026702695));
#15700=CARTESIAN_POINT('Origin',(-6.01452211897691,65.6607612311317,10.2712153818681));
#15701=CARTESIAN_POINT('',(-14.3184988859521,77.5836436700003,14.2198694819957));
#15702=CARTESIAN_POINT('',(-13.184970526553,78.2302799344009,14.2198694819957));
#15703=CARTESIAN_POINT('',(-14.3184988859519,77.58364367,6.32256128173932));
#15704=CARTESIAN_POINT('',(-13.1849705265528,78.2302799344007,6.32256128173932));
#15705=CARTESIAN_POINT('Origin',(-7.14805047837602,65.0141249667311,10.2712153818681));
#15706=CARTESIAN_POINT('Origin',(-6.01452211897691,65.6607612311317,10.2712153818681));
#15707=CARTESIAN_POINT('',(-5.19146585255787,61.5843077989839,-4.19972552734159));
#15708=CARTESIAN_POINT('',(-4.05793749315876,62.2309440633845,-4.19972552734159));
#15709=CARTESIAN_POINT('Origin',(-7.14805047837602,65.0141249667311,10.2712153818681));
#15710=CARTESIAN_POINT('Origin',(-6.01452211897691,65.6607612311317,10.2712153818681));
#15711=CARTESIAN_POINT('',(-5.19146585255793,61.584307798984,24.7421562910778));
#15712=CARTESIAN_POINT('',(-4.05793749315883,62.2309440633846,24.7421562910778));
#15713=CARTESIAN_POINT('',(-9.10463510419402,68.443942134478,24.7421562910779));
#15714=CARTESIAN_POINT('',(-7.97110674479491,69.0905783988787,24.7421562910779));
#15715=CARTESIAN_POINT('Origin',(-7.14805047837602,65.0141249667311,10.2712153818681));
#15716=CARTESIAN_POINT('Origin',(-7.14805047837602,65.0141249667311,10.2712153818681));
#15717=CARTESIAN_POINT('',(-4.29744020617357,60.0171154220669,16.0241349288012));
#15718=CARTESIAN_POINT('',(-4.63198897961951,60.6035664814653,19.2864612003356));
#15719=CARTESIAN_POINT('',(-9.99866075057843,70.0111345113953,16.0241349288013));
#15720=CARTESIAN_POINT('',(-10.2229829506648,70.404362651293,13.8366744903956));
#15721=CARTESIAN_POINT('',(-11.6151653279525,72.8448045086238,15.3489699660968));
#15722=CARTESIAN_POINT('',(-8.91475941232381,68.1110973910814,4.06558310101309));
#15723=CARTESIAN_POINT('',(-4.29744020617361,60.0171154220669,4.5182958349336));
#15724=CARTESIAN_POINT('',(-4.07311800608717,59.623887282169,6.70575627333987));
#15725=CARTESIAN_POINT('',(-2.68093562879945,57.1834454248382,5.19346079763816));
#15726=CARTESIAN_POINT('',(-5.3813415444283,61.9171525423809,16.4768476627218));
#15727=CARTESIAN_POINT('Origin',(-1.77414527586373,61.4565624320928,4.5182958349336));
#15728=CARTESIAN_POINT('',(-4.62909543656687,62.4249073986537,-6.38127758494633));
#15729=CARTESIAN_POINT('',(-1.77414527586373,61.4565624320928,4.5182958349336));
#15730=CARTESIAN_POINT('Origin',(3.62666655539389,51.9891481970075,6.77405122818382));
#15731=CARTESIAN_POINT('',(3.62666655539389,51.9891481970075,6.77405122818382));
#15732=CARTESIAN_POINT('Origin',(-4.62475554806618,66.453571976757,-5.65751101198966));
#15733=CARTESIAN_POINT('',(-7.43560700742052,63.3083413908283,-8.96819580586697));
#15734=CARTESIAN_POINT('Origin',(-4.62475554806614,66.453571976757,10.2712153818675));
#15735=CARTESIAN_POINT('',(1.43408548036392,47.7601135422521,8.93205095373082));
#15736=CARTESIAN_POINT('Origin',(3.26803535766809,52.6178148146527,10.2712153818674));
#15737=CARTESIAN_POINT('Origin',(-1.77414527586369,61.4565624320927,16.0241349288012));
#15738=CARTESIAN_POINT('',(3.62666655539391,51.9891481970075,13.7683795355509));
#15739=CARTESIAN_POINT('',(-1.77414527586369,61.4565624320927,16.0241349288012));
#15740=CARTESIAN_POINT('Origin',(-7.47536582026854,71.4505815214211,16.0241349288013));
#15741=CARTESIAN_POINT('',(-6.35762387320388,69.4912231228287,26.9237083486812));
#15742=CARTESIAN_POINT('',(-7.47536582026854,71.4505815214211,16.0241349288013));
#15743=CARTESIAN_POINT('Origin',(-7.47536582026858,71.4505815214212,4.51829583493367));
#15744=CARTESIAN_POINT('',(-14.6133858651647,79.9269823244749,6.77405122818402));
#15745=CARTESIAN_POINT('Origin',(-4.62475554806614,66.453571976757,10.2712153818675));
#15746=CARTESIAN_POINT('Origin',(-4.62475554806614,66.453571976757,10.2712153818675));
#15747=CARTESIAN_POINT('',(0.571757828804853,57.3442850298826,26.4565619725167));
#15748=CARTESIAN_POINT('',(3.17129369400241,48.7511269742837,11.6103798100038));
#15749=CARTESIAN_POINT('Origin',(-12.5175464538004,80.2893291388612,10.2712153818675));
#15750=CARTESIAN_POINT('',(-14.1580130037732,83.1650035471987,8.93205095373109));
#15751=CARTESIAN_POINT('Origin',(-2.88754733442766,67.4445854087886,10.2712153818675));
#15752=CARTESIAN_POINT('',(-14.1580130037732,83.1650035471987,11.6103798100041));
#15753=CARTESIAN_POINT('Origin',(-12.5175464538004,80.2893291388612,10.2712153818675));
#15754=CARTESIAN_POINT('',(-12.8761776515262,80.9179957565064,13.7683795355511));
#15755=CARTESIAN_POINT('Origin',(2.30896604244333,58.3352984619142,26.4565619725167));
#15756=CARTESIAN_POINT('Origin',(3.26803535766809,52.6178148146527,10.2712153818674));
#15757=CARTESIAN_POINT('Origin',(-2.88754733442766,67.4445854087886,10.2712153818675));
#15758=CARTESIAN_POINT('',(-3.96119058014348,65.2903682548913,29.5106265696019));
#15759=CARTESIAN_POINT('',(-5.28832051598871,67.6167756986224,29.5106265696019));
#15760=CARTESIAN_POINT('Origin',(-12.8761776515262,80.9179957565064,13.7683795355511));
#15761=CARTESIAN_POINT('Origin',(-4.6247555480661,66.4535719767569,26.1999417757246));
#15762=CARTESIAN_POINT('Origin',(-2.89188722292832,63.4159208306851,26.9237083486812));
#15763=CARTESIAN_POINT('',(-2.89188722292832,63.4159208306851,26.9237083486812));
#15764=CARTESIAN_POINT('Origin',(-4.6247555480661,66.4535719767569,26.1999417757246));
#15765=CARTESIAN_POINT('Origin',(-57.4021183655233,36.7127966338255,10.9076486000985));
#15766=CARTESIAN_POINT('',(-52.93228644484,43.0043069930986,10.9076486000985));
#15767=CARTESIAN_POINT('Origin',(-51.3218896177887,40.1813436459361,10.9076486000985));
#15768=CARTESIAN_POINT('',(-59.0125151925747,39.535759980988,10.9076486000985));
#15769=CARTESIAN_POINT('Origin',(-51.3218896177887,40.1813436459361,10.9076486000985));
#15770=CARTESIAN_POINT('',(80.9671482403457,40.7704988213122,0.));
#15771=CARTESIAN_POINT('',(-75.7918618243927,49.7343578374638,0.));
#15772=CARTESIAN_POINT('',(-5.175286415953,-90.504856658776,0.));
#15773=CARTESIAN_POINT('',(-45.870123561769,-135.234795157074,68.8201754097292));
#15774=CARTESIAN_POINT('',(2.5489330513075,-8.59430010948903,251.913373638509));
#15775=CARTESIAN_POINT('',(132.186127476368,-23.5992553171002,64.9326654842748));
#15776=CARTESIAN_POINT('',(-48.6336003847438,131.571330095283,65.341689888303));
#15777=CARTESIAN_POINT('Origin',(0.,0.,0.));
#15778=UNCERTAINTY_MEASURE_WITH_UNIT(LENGTH_MEASURE(0.01),#15808,
'DISTANCE_ACCURACY_VALUE',
'Maximum model space distance between geometric entities at asserted c
onnectivities');
#15779=UNCERTAINTY_MEASURE_WITH_UNIT(LENGTH_MEASURE(0.01),#15808,
'DISTANCE_ACCURACY_VALUE',
'Maximum model space distance between geometric entities at asserted c
onnectivities');
#15780=UNCERTAINTY_MEASURE_WITH_UNIT(LENGTH_MEASURE(0.01),#15808,
'DISTANCE_ACCURACY_VALUE',
'Maximum model space distance between geometric entities at asserted c
onnectivities');
#15781=UNCERTAINTY_MEASURE_WITH_UNIT(LENGTH_MEASURE(0.01),#15808,
'DISTANCE_ACCURACY_VALUE',
'Maximum model space distance between geometric entities at asserted c
onnectivities');
#15782=UNCERTAINTY_MEASURE_WITH_UNIT(LENGTH_MEASURE(0.01),#15808,
'DISTANCE_ACCURACY_VALUE',
'Maximum model space distance between geometric entities at asserted c
onnectivities');
#15783=UNCERTAINTY_MEASURE_WITH_UNIT(LENGTH_MEASURE(0.01),#15808,
'DISTANCE_ACCURACY_VALUE',
'Maximum model space distance between geometric entities at asserted c
onnectivities');
#15784=UNCERTAINTY_MEASURE_WITH_UNIT(LENGTH_MEASURE(0.01),#15808,
'DISTANCE_ACCURACY_VALUE',
'Maximum model space distance between geometric entities at asserted c
onnectivities');
#15785=UNCERTAINTY_MEASURE_WITH_UNIT(LENGTH_MEASURE(0.01),#15808,
'DISTANCE_ACCURACY_VALUE',
'Maximum model space distance between geometric entities at asserted c
onnectivities');
#15786=UNCERTAINTY_MEASURE_WITH_UNIT(LENGTH_MEASURE(0.01),#15808,
'DISTANCE_ACCURACY_VALUE',
'Maximum model space distance between geometric entities at asserted c
onnectivities');
#15787=UNCERTAINTY_MEASURE_WITH_UNIT(LENGTH_MEASURE(0.01),#15808,
'DISTANCE_ACCURACY_VALUE',
'Maximum model space distance between geometric entities at asserted c
onnectivities');
#15788=UNCERTAINTY_MEASURE_WITH_UNIT(LENGTH_MEASURE(0.01),#15808,
'DISTANCE_ACCURACY_VALUE',
'Maximum model space distance between geometric entities at asserted c
onnectivities');
#15789=UNCERTAINTY_MEASURE_WITH_UNIT(LENGTH_MEASURE(0.01),#15808,
'DISTANCE_ACCURACY_VALUE',
'Maximum model space distance between geometric entities at asserted c
onnectivities');
#15790=UNCERTAINTY_MEASURE_WITH_UNIT(LENGTH_MEASURE(0.01),#15808,
'DISTANCE_ACCURACY_VALUE',
'Maximum model space distance between geometric entities at asserted c
onnectivities');
#15791=UNCERTAINTY_MEASURE_WITH_UNIT(LENGTH_MEASURE(0.01),#15808,
'DISTANCE_ACCURACY_VALUE',
'Maximum model space distance between geometric entities at asserted c
onnectivities');
#15792=UNCERTAINTY_MEASURE_WITH_UNIT(LENGTH_MEASURE(0.01),#15808,
'DISTANCE_ACCURACY_VALUE',
'Maximum model space distance between geometric entities at asserted c
onnectivities');
#15793=(
GEOMETRIC_REPRESENTATION_CONTEXT(3)
GLOBAL_UNCERTAINTY_ASSIGNED_CONTEXT((#15778))
GLOBAL_UNIT_ASSIGNED_CONTEXT((#15808,#15810,#15811))
REPRESENTATION_CONTEXT('','3D')
);
#15794=(
GEOMETRIC_REPRESENTATION_CONTEXT(3)
GLOBAL_UNCERTAINTY_ASSIGNED_CONTEXT((#15779))
GLOBAL_UNIT_ASSIGNED_CONTEXT((#15808,#15810,#15811))
REPRESENTATION_CONTEXT('','3D')
);
#15795=(
GEOMETRIC_REPRESENTATION_CONTEXT(3)
GLOBAL_UNCERTAINTY_ASSIGNED_CONTEXT((#15780))
GLOBAL_UNIT_ASSIGNED_CONTEXT((#15808,#15810,#15811))
REPRESENTATION_CONTEXT('','3D')
);
#15796=(
GEOMETRIC_REPRESENTATION_CONTEXT(3)
GLOBAL_UNCERTAINTY_ASSIGNED_CONTEXT((#15781))
GLOBAL_UNIT_ASSIGNED_CONTEXT((#15808,#15810,#15811))
REPRESENTATION_CONTEXT('','3D')
);
#15797=(
GEOMETRIC_REPRESENTATION_CONTEXT(3)
GLOBAL_UNCERTAINTY_ASSIGNED_CONTEXT((#15782))
GLOBAL_UNIT_ASSIGNED_CONTEXT((#15808,#15810,#15811))
REPRESENTATION_CONTEXT('','3D')
);
#15798=(
GEOMETRIC_REPRESENTATION_CONTEXT(3)
GLOBAL_UNCERTAINTY_ASSIGNED_CONTEXT((#15783))
GLOBAL_UNIT_ASSIGNED_CONTEXT((#15808,#15810,#15811))
REPRESENTATION_CONTEXT('','3D')
);
#15799=(
GEOMETRIC_REPRESENTATION_CONTEXT(3)
GLOBAL_UNCERTAINTY_ASSIGNED_CONTEXT((#15784))
GLOBAL_UNIT_ASSIGNED_CONTEXT((#15808,#15810,#15811))
REPRESENTATION_CONTEXT('','3D')
);
#15800=(
GEOMETRIC_REPRESENTATION_CONTEXT(3)
GLOBAL_UNCERTAINTY_ASSIGNED_CONTEXT((#15785))
GLOBAL_UNIT_ASSIGNED_CONTEXT((#15808,#15810,#15811))
REPRESENTATION_CONTEXT('','3D')
);
#15801=(
GEOMETRIC_REPRESENTATION_CONTEXT(3)
GLOBAL_UNCERTAINTY_ASSIGNED_CONTEXT((#15786))
GLOBAL_UNIT_ASSIGNED_CONTEXT((#15808,#15810,#15811))
REPRESENTATION_CONTEXT('','3D')
);
#15802=(
GEOMETRIC_REPRESENTATION_CONTEXT(3)
GLOBAL_UNCERTAINTY_ASSIGNED_CONTEXT((#15787))
GLOBAL_UNIT_ASSIGNED_CONTEXT((#15808,#15810,#15811))
REPRESENTATION_CONTEXT('','3D')
);
#15803=(
GEOMETRIC_REPRESENTATION_CONTEXT(3)
GLOBAL_UNCERTAINTY_ASSIGNED_CONTEXT((#15788))
GLOBAL_UNIT_ASSIGNED_CONTEXT((#15808,#15810,#15811))
REPRESENTATION_CONTEXT('','3D')
);
#15804=(
GEOMETRIC_REPRESENTATION_CONTEXT(3)
GLOBAL_UNCERTAINTY_ASSIGNED_CONTEXT((#15789))
GLOBAL_UNIT_ASSIGNED_CONTEXT((#15808,#15810,#15811))
REPRESENTATION_CONTEXT('','3D')
);
#15805=(
GEOMETRIC_REPRESENTATION_CONTEXT(3)
GLOBAL_UNCERTAINTY_ASSIGNED_CONTEXT((#15790))
GLOBAL_UNIT_ASSIGNED_CONTEXT((#15808,#15810,#15811))
REPRESENTATION_CONTEXT('','3D')
);
#15806=(
GEOMETRIC_REPRESENTATION_CONTEXT(3)
GLOBAL_UNCERTAINTY_ASSIGNED_CONTEXT((#15791))
GLOBAL_UNIT_ASSIGNED_CONTEXT((#15808,#15810,#15811))
REPRESENTATION_CONTEXT('','3D')
);
#15807=(
GEOMETRIC_REPRESENTATION_CONTEXT(3)
GLOBAL_UNCERTAINTY_ASSIGNED_CONTEXT((#15792))
GLOBAL_UNIT_ASSIGNED_CONTEXT((#15808,#15810,#15811))
REPRESENTATION_CONTEXT('','3D')
);
#15808=(
LENGTH_UNIT()
NAMED_UNIT(*)
SI_UNIT(.MILLI.,.METRE.)
);
#15809=(
LENGTH_UNIT()
NAMED_UNIT(*)
SI_UNIT($,.METRE.)
);
#15810=(
NAMED_UNIT(*)
PLANE_ANGLE_UNIT()
SI_UNIT($,.RADIAN.)
);
#15811=(
NAMED_UNIT(*)
SI_UNIT($,.STERADIAN.)
SOLID_ANGLE_UNIT()
);
#15812=SHAPE_DEFINITION_REPRESENTATION(#15826,#15865);
#15813=SHAPE_DEFINITION_REPRESENTATION(#15827,#15866);
#15814=SHAPE_DEFINITION_REPRESENTATION(#15828,#15867);
#15815=SHAPE_DEFINITION_REPRESENTATION(#15829,#15868);
#15816=SHAPE_DEFINITION_REPRESENTATION(#15830,#15869);
#15817=SHAPE_DEFINITION_REPRESENTATION(#15831,#15870);
#15818=SHAPE_DEFINITION_REPRESENTATION(#15832,#15871);
#15819=SHAPE_DEFINITION_REPRESENTATION(#15842,#15872);
#15820=SHAPE_DEFINITION_REPRESENTATION(#15843,#15873);
#15821=SHAPE_DEFINITION_REPRESENTATION(#15844,#15874);
#15822=SHAPE_DEFINITION_REPRESENTATION(#15845,#15875);
#15823=SHAPE_DEFINITION_REPRESENTATION(#15846,#15876);
#15824=SHAPE_DEFINITION_REPRESENTATION(#15847,#15877);
#15825=SHAPE_DEFINITION_REPRESENTATION(#15848,#15878);
#15826=PRODUCT_DEFINITION_SHAPE('',$,#15880);
#15827=PRODUCT_DEFINITION_SHAPE('',$,#15881);
#15828=PRODUCT_DEFINITION_SHAPE('',$,#15882);
#15829=PRODUCT_DEFINITION_SHAPE('',$,#15883);
#15830=PRODUCT_DEFINITION_SHAPE('',$,#15884);
#15831=PRODUCT_DEFINITION_SHAPE('',$,#15885);
#15832=PRODUCT_DEFINITION_SHAPE('',$,#15886);
#15833=PRODUCT_DEFINITION_SHAPE($,$,#104);
#15834=PRODUCT_DEFINITION_SHAPE($,$,#105);
#15835=PRODUCT_DEFINITION_SHAPE($,$,#106);
#15836=PRODUCT_DEFINITION_SHAPE($,$,#107);
#15837=PRODUCT_DEFINITION_SHAPE($,$,#108);
#15838=PRODUCT_DEFINITION_SHAPE($,$,#109);
#15839=PRODUCT_DEFINITION_SHAPE($,$,#110);
#15840=PRODUCT_DEFINITION_SHAPE($,$,#111);
#15841=PRODUCT_DEFINITION_SHAPE($,$,#112);
#15842=PRODUCT_DEFINITION_SHAPE('',$,#15887);
#15843=PRODUCT_DEFINITION_SHAPE('',$,#15888);
#15844=PRODUCT_DEFINITION_SHAPE('',$,#15889);
#15845=PRODUCT_DEFINITION_SHAPE('',$,#15890);
#15846=PRODUCT_DEFINITION_SHAPE('',$,#15891);
#15847=PRODUCT_DEFINITION_SHAPE('',$,#15892);
#15848=PRODUCT_DEFINITION_SHAPE('',$,#15893);
#15849=PRODUCT_DEFINITION_SHAPE($,$,#113);
#15850=PRODUCT_DEFINITION_SHAPE($,$,#114);
#15851=PRODUCT_DEFINITION_SHAPE($,$,#115);
#15852=PRODUCT_DEFINITION_SHAPE($,$,#116);
#15853=PRODUCT_DEFINITION_SHAPE($,$,#117);
#15854=PRODUCT_DEFINITION_SHAPE($,$,#118);
#15855=PRODUCT_DEFINITION_SHAPE($,$,#119);
#15856=PRODUCT_DEFINITION_SHAPE($,$,#120);
#15857=PRODUCT_DEFINITION_SHAPE($,$,#121);
#15858=PRODUCT_DEFINITION_SHAPE($,$,#122);
#15859=PRODUCT_DEFINITION_SHAPE($,$,#123);
#15860=PRODUCT_DEFINITION_SHAPE($,$,#124);
#15861=PRODUCT_DEFINITION_SHAPE($,$,#125);
#15862=PRODUCT_DEFINITION_SHAPE($,$,#126);
#15863=PRODUCT_DEFINITION_SHAPE($,$,#127);
#15864=PRODUCT_DEFINITION_SHAPE($,$,#128);
#15865=SHAPE_REPRESENTATION('',(#9311,#10255,#10256,#10257,#10258,#10259,
#10260,#10261),#15793);
#15866=SHAPE_REPRESENTATION('',(#9312,#9465,#9466,#9467),#15794);
#15867=SHAPE_REPRESENTATION('',(#9313,#9468,#9469,#9470),#15795);
#15868=SHAPE_REPRESENTATION('',(#9314,#9471,#9472,#9473),#15796);
#15869=SHAPE_REPRESENTATION('',(#9315),#15797);
#15870=SHAPE_REPRESENTATION('',(#9316),#15798);
#15871=SHAPE_REPRESENTATION('',(#9317),#15799);
#15872=SHAPE_REPRESENTATION('',(#9474,#9635,#9636,#9637),#15800);
#15873=SHAPE_REPRESENTATION('',(#9501),#15801);
#15874=SHAPE_REPRESENTATION('',(#9540,#9638,#9639,#9640),#15802);
#15875=SHAPE_REPRESENTATION('',(#9567,#9667,#9668,#9669),#15803);
#15876=SHAPE_REPRESENTATION('',(#9568),#15804);
#15877=SHAPE_REPRESENTATION('',(#9589),#15805);
#15878=SHAPE_REPRESENTATION('',(#9614),#15806);
#15879=PRODUCT_DEFINITION_CONTEXT('part definition',#15923,'design');
#15880=PRODUCT_DEFINITION('DELTA','DELTA v25',#15894,#15879);
#15881=PRODUCT_DEFINITION('mg992','mg992 v2',#15895,#15879);
#15882=PRODUCT_DEFINITION('mg992_1','mg992 v2',#15896,#15879);
#15883=PRODUCT_DEFINITION('mg992_2','mg992 v2',#15897,#15879);
#15884=PRODUCT_DEFINITION('Connector','Connector',#15898,#15879);
#15885=PRODUCT_DEFINITION('Servo Body','Servo Body',#15899,#15879);
#15886=PRODUCT_DEFINITION('Rubber Feet','Rubber Feet',#15900,#15879);
#15887=PRODUCT_DEFINITION('h1','h1 v7',#15901,#15879);
#15888=PRODUCT_DEFINITION('forefactor','forefactor v6',#15902,#15879);
#15889=PRODUCT_DEFINITION('h1_1','h1 v7',#15903,#15879);
#15890=PRODUCT_DEFINITION('h1_2','h1 v7',#15904,#15879);
#15891=PRODUCT_DEFINITION('Component1','Component1',#15905,#15879);
#15892=PRODUCT_DEFINITION('Component2','Component2',#15906,#15879);
#15893=PRODUCT_DEFINITION('Component1(Mirror)','Component1(Mirror)',#15907,
#15879);
#15894=PRODUCT_DEFINITION_FORMATION('',$,#15925);
#15895=PRODUCT_DEFINITION_FORMATION('',$,#15926);
#15896=PRODUCT_DEFINITION_FORMATION('',$,#15927);
#15897=PRODUCT_DEFINITION_FORMATION('',$,#15928);
#15898=PRODUCT_DEFINITION_FORMATION('',$,#15929);
#15899=PRODUCT_DEFINITION_FORMATION('',$,#15930);
#15900=PRODUCT_DEFINITION_FORMATION('',$,#15931);
#15901=PRODUCT_DEFINITION_FORMATION('',$,#15932);
#15902=PRODUCT_DEFINITION_FORMATION('',$,#15933);
#15903=PRODUCT_DEFINITION_FORMATION('',$,#15934);
#15904=PRODUCT_DEFINITION_FORMATION('',$,#15935);
#15905=PRODUCT_DEFINITION_FORMATION('',$,#15936);
#15906=PRODUCT_DEFINITION_FORMATION('',$,#15937);
#15907=PRODUCT_DEFINITION_FORMATION('',$,#15938);
#15908=PRODUCT_RELATED_PRODUCT_CATEGORY('DELTA v25','DELTA v25',(#15925));
#15909=PRODUCT_RELATED_PRODUCT_CATEGORY('mg992 v2','mg992 v2',(#15926));
#15910=PRODUCT_RELATED_PRODUCT_CATEGORY('mg992 v2','mg992 v2',(#15927));
#15911=PRODUCT_RELATED_PRODUCT_CATEGORY('mg992 v2','mg992 v2',(#15928));
#15912=PRODUCT_RELATED_PRODUCT_CATEGORY('Connector','Connector',(#15929));
#15913=PRODUCT_RELATED_PRODUCT_CATEGORY('Servo Body','Servo Body',(#15930));
#15914=PRODUCT_RELATED_PRODUCT_CATEGORY('Rubber Feet','Rubber Feet',(#15931));
#15915=PRODUCT_RELATED_PRODUCT_CATEGORY('h1 v7','h1 v7',(#15932));
#15916=PRODUCT_RELATED_PRODUCT_CATEGORY('forefactor v6','forefactor v6',
(#15933));
#15917=PRODUCT_RELATED_PRODUCT_CATEGORY('h1 v7','h1 v7',(#15934));
#15918=PRODUCT_RELATED_PRODUCT_CATEGORY('h1 v7','h1 v7',(#15935));
#15919=PRODUCT_RELATED_PRODUCT_CATEGORY('Component1','Component1',(#15936));
#15920=PRODUCT_RELATED_PRODUCT_CATEGORY('Component2','Component2',(#15937));
#15921=PRODUCT_RELATED_PRODUCT_CATEGORY('Component1(Mirror)',
'Component1(Mirror)',(#15938));
#15922=APPLICATION_PROTOCOL_DEFINITION('international standard',
'automotive_design',2009,#15923);
#15923=APPLICATION_CONTEXT(
'Core Data for Automotive Mechanical Design Process');
#15924=PRODUCT_CONTEXT('part definition',#15923,'mechanical');
#15925=PRODUCT('DELTA','DELTA v25',$,(#15924));
#15926=PRODUCT('mg992','mg992 v2',$,(#15924));
#15927=PRODUCT('mg992_1','mg992 v2',$,(#15924));
#15928=PRODUCT('mg992_2','mg992 v2',$,(#15924));
#15929=PRODUCT('Connector','Connector',$,(#15924));
#15930=PRODUCT('Servo Body','Servo Body',$,(#15924));
#15931=PRODUCT('Rubber Feet','Rubber Feet',$,(#15924));
#15932=PRODUCT('h1','h1 v7',$,(#15924));
#15933=PRODUCT('forefactor','forefactor v6',$,(#15924));
#15934=PRODUCT('h1_1','h1 v7',$,(#15924));
#15935=PRODUCT('h1_2','h1 v7',$,(#15924));
#15936=PRODUCT('Component1','Component1',$,(#15924));
#15937=PRODUCT('Component2','Component2',$,(#15924));
#15938=PRODUCT('Component1(Mirror)','Component1(Mirror)',$,(#15924));
#15939=PRESENTATION_STYLE_ASSIGNMENT((#15948));
#15940=PRESENTATION_STYLE_ASSIGNMENT((#15949));
#15941=PRESENTATION_STYLE_ASSIGNMENT((#15950));
#15942=PRESENTATION_STYLE_ASSIGNMENT((#15951));
#15943=PRESENTATION_STYLE_ASSIGNMENT((#15952));
#15944=PRESENTATION_STYLE_ASSIGNMENT((#15953));
#15945=PRESENTATION_STYLE_ASSIGNMENT((#15954));
#15946=PRESENTATION_STYLE_ASSIGNMENT((#15955));
#15947=PRESENTATION_STYLE_ASSIGNMENT((NULL_STYLE(.NULL.)));
#15948=SURFACE_STYLE_USAGE(.BOTH.,#15956);
#15949=SURFACE_STYLE_USAGE(.BOTH.,#15957);
#15950=SURFACE_STYLE_USAGE(.BOTH.,#15958);
#15951=SURFACE_STYLE_USAGE(.BOTH.,#15959);
#15952=SURFACE_STYLE_USAGE(.BOTH.,#15960);
#15953=SURFACE_STYLE_USAGE(.BOTH.,#15961);
#15954=SURFACE_STYLE_USAGE(.BOTH.,#15962);
#15955=SURFACE_STYLE_USAGE(.BOTH.,#15963);
#15956=SURFACE_SIDE_STYLE('',(#15964));
#15957=SURFACE_SIDE_STYLE('',(#15965));
#15958=SURFACE_SIDE_STYLE('',(#15966));
#15959=SURFACE_SIDE_STYLE('',(#15967));
#15960=SURFACE_SIDE_STYLE('',(#15968));
#15961=SURFACE_SIDE_STYLE('',(#15969));
#15962=SURFACE_SIDE_STYLE('',(#15970));
#15963=SURFACE_SIDE_STYLE('',(#15971));
#15964=SURFACE_STYLE_FILL_AREA(#15972);
#15965=SURFACE_STYLE_FILL_AREA(#15973);
#15966=SURFACE_STYLE_FILL_AREA(#15974);
#15967=SURFACE_STYLE_FILL_AREA(#15975);
#15968=SURFACE_STYLE_FILL_AREA(#15976);
#15969=SURFACE_STYLE_FILL_AREA(#15977);
#15970=SURFACE_STYLE_FILL_AREA(#15978);
#15971=SURFACE_STYLE_FILL_AREA(#15979);
#15972=FILL_AREA_STYLE('Steel - Satin',(#15980));
#15973=FILL_AREA_STYLE('Paint - Metallic (Dark Grey)',(#15981));
#15974=FILL_AREA_STYLE('Powder Coat (Red)',(#15982));
#15975=FILL_AREA_STYLE('Paint - Metallic (Silver)',(#15983));
#15976=FILL_AREA_STYLE('Paint - Metallic (Red)',(#15984));
#15977=FILL_AREA_STYLE('Paint - Metallic (Yellow)',(#15985));
#15978=FILL_AREA_STYLE('Paint - Metal Flake (Red)',(#15986));
#15979=FILL_AREA_STYLE('Paint - Metal Flake (Silver)',(#15987));
#15980=FILL_AREA_STYLE_COLOUR('Steel - Satin',#15988);
#15981=FILL_AREA_STYLE_COLOUR('Paint - Metallic (Dark Grey)',#15989);
#15982=FILL_AREA_STYLE_COLOUR('Powder Coat (Red)',#15990);
#15983=FILL_AREA_STYLE_COLOUR('Paint - Metallic (Silver)',#15991);
#15984=FILL_AREA_STYLE_COLOUR('Paint - Metallic (Red)',#15992);
#15985=FILL_AREA_STYLE_COLOUR('Paint - Metallic (Yellow)',#15993);
#15986=FILL_AREA_STYLE_COLOUR('Paint - Metal Flake (Red)',#15994);
#15987=FILL_AREA_STYLE_COLOUR('Paint - Metal Flake (Silver)',#15995);
#15988=COLOUR_RGB('Steel - Satin',0.627450980392157,0.627450980392157,0.627450980392157);
#15989=COLOUR_RGB('Paint - Metallic (Dark Grey)',0.349019607843137,0.349019607843137,
0.349019607843137);
#15990=COLOUR_RGB('Powder Coat (Red)',0.768627450980392,0.207843137254902,
0.152941176470588);
#15991=COLOUR_RGB('Paint - Metallic (Silver)',0.984313725490196,0.980392156862745,
0.96078431372549);
#15992=COLOUR_RGB('Paint - Metallic (Red)',0.768627450980392,0.207843137254902,
0.152941176470588);
#15993=COLOUR_RGB('Paint - Metallic (Yellow)',0.909803921568627,0.67843137254902,
0.137254901960784);
#15994=COLOUR_RGB('Paint - Metal Flake (Red)',0.768627450980392,0.207843137254902,
0.152941176470588);
#15995=COLOUR_RGB('Paint - Metal Flake (Silver)',0.984313725490196,0.980392156862745,
0.96078431372549);
ENDSEC;
END-ISO-10303-21;
