ISO-10303-21;
HEADER;
/* Generated by software containing ST-Developer
 * from STEP Tools, Inc. (www.steptools.com) 
 */

FILE_DESCRIPTION(
/* description */ (''),
/* implementation_level */ '2;1');

FILE_NAME(
/* name */ 'DELTA Copy v5.step',
/* time_stamp */ '2025-10-26T13:28:17+05:30',
/* author */ (''),
/* organization */ (''),
/* preprocessor_version */ 'ST-DEVELOPER v20.1',
/* originating_system */ 'Autodesk Translation Framework v14.17.0.0',
/* authorisation */ '');

FILE_SCHEMA (('AUTOMOTIVE_DESIGN { 1 0 10303 214 3 1 1 }'));
ENDSEC;

DATA;
#10=MECHANICAL_DESIGN_GEOMETRIC_PRESENTATION_REPRESENTATION('',(#121,#122,
#123,#124,#125,#126,#127,#128,#129,#130,#131,#132,#133,#134,#135,#136),
#15299);
#11=CONTEXT_DEPENDENT_OVER_RIDING_STYLED_ITEM('',(#15390),#15345,#136,(#78));
#12=CONTEXT_DEPENDENT_OVER_RIDING_STYLED_ITEM('',(#15389),#15346,#136,(#77));
#13=CONTEXT_DEPENDENT_OVER_RIDING_STYLED_ITEM('',(#15389),#15346,#136,(#79));
#14=CONTEXT_DEPENDENT_OVER_RIDING_STYLED_ITEM('',(#15389),#15346,#136,(#80));
#15=CONTEXT_DEPENDENT_OVER_RIDING_STYLED_ITEM('',(#15388),#15339,#136,(#74));
#16=CONTEXT_DEPENDENT_OVER_RIDING_STYLED_ITEM('',(#15388),#15340,#136,(#75));
#17=CONTEXT_DEPENDENT_OVER_RIDING_STYLED_ITEM('',(#15388),#15341,#136,(#76));
#18=MAPPED_ITEM('',#19,#9783);
#19=REPRESENTATION_MAP(#9783,#15338);
#20=(
BOUNDED_SURFACE()
B_SPLINE_SURFACE(1,2,((#13873,#13874,#13875,#13876,#13877,#13878,#13879,
#13880,#13881),(#13882,#13883,#13884,#13885,#13886,#13887,#13888,#13889,
#13890)),.UNSPECIFIED.,.F.,.T.,.F.)
B_SPLINE_SURFACE_WITH_KNOTS((2,2),(3,2,2,2,3),(-8.24804584583966E-16,2.49234015343018),
(-3.14159265358979,-1.5707963267949,0.,1.5707963267949,3.14159265358979),
 .UNSPECIFIED.)
GEOMETRIC_REPRESENTATION_ITEM()
RATIONAL_B_SPLINE_SURFACE(((1.,0.707106781186548,1.,0.707106781186548,1.,
0.707106781186548,1.,0.707106781186548,1.),(1.,0.707106781186548,1.,0.707106781186548,
1.,0.707106781186548,1.,0.707106781186548,1.)))
REPRESENTATION_ITEM('')
SURFACE()
);
#21=(
BOUNDED_SURFACE()
B_SPLINE_SURFACE(1,2,((#13901,#13902,#13903,#13904,#13905,#13906,#13907,
#13908,#13909),(#13910,#13911,#13912,#13913,#13914,#13915,#13916,#13917,
#13918)),.UNSPECIFIED.,.F.,.T.,.F.)
B_SPLINE_SURFACE_WITH_KNOTS((2,2),(3,2,2,2,3),(-8.24804584583966E-16,2.49811775712655),
(-3.14159265358979,-1.5707963267949,0.,1.5707963267949,3.14159265358979),
 .UNSPECIFIED.)
GEOMETRIC_REPRESENTATION_ITEM()
RATIONAL_B_SPLINE_SURFACE(((1.,0.707106781186548,1.,0.707106781186548,1.,
0.707106781186548,1.,0.707106781186548,1.),(1.,0.707106781186548,1.,0.707106781186548,
1.,0.707106781186548,1.,0.707106781186548,1.)))
REPRESENTATION_ITEM('')
SURFACE()
);
#22=(
BOUNDED_SURFACE()
B_SPLINE_SURFACE(1,2,((#13938,#13939,#13940,#13941,#13942,#13943,#13944,
#13945,#13946),(#13947,#13948,#13949,#13950,#13951,#13952,#13953,#13954,
#13955)),.UNSPECIFIED.,.F.,.T.,.F.)
B_SPLINE_SURFACE_WITH_KNOTS((2,2),(3,2,2,2,3),(-4.00662886442385E-18,2.49811775712656),
(-3.14159265358979,-1.5707963267949,0.,1.5707963267949,3.14159265358979),
 .UNSPECIFIED.)
GEOMETRIC_REPRESENTATION_ITEM()
RATIONAL_B_SPLINE_SURFACE(((1.,0.707106781186548,1.,0.707106781186548,1.,
0.707106781186548,1.,0.707106781186548,1.),(1.,0.707106781186548,1.,0.707106781186548,
1.,0.707106781186548,1.,0.707106781186548,1.)))
REPRESENTATION_ITEM('')
SURFACE()
);
#23=(
BOUNDED_SURFACE()
B_SPLINE_SURFACE(1,2,((#13966,#13967,#13968,#13969,#13970,#13971,#13972,
#13973,#13974),(#13975,#13976,#13977,#13978,#13979,#13980,#13981,#13982,
#13983)),.UNSPECIFIED.,.F.,.T.,.F.)
B_SPLINE_SURFACE_WITH_KNOTS((2,2),(3,2,2,2,3),(-4.00662886442385E-18,2.49234015343018),
(-3.14159265358979,-1.5707963267949,0.,1.5707963267949,3.14159265358979),
 .UNSPECIFIED.)
GEOMETRIC_REPRESENTATION_ITEM()
RATIONAL_B_SPLINE_SURFACE(((1.,0.707106781186548,1.,0.707106781186548,1.,
0.707106781186548,1.,0.707106781186548,1.),(1.,0.707106781186548,1.,0.707106781186548,
1.,0.707106781186548,1.,0.707106781186548,1.)))
REPRESENTATION_ITEM('')
SURFACE()
);
#24=(
BOUNDED_SURFACE()
B_SPLINE_SURFACE(1,2,((#14032,#14033,#14034,#14035,#14036,#14037,#14038,
#14039,#14040),(#14041,#14042,#14043,#14044,#14045,#14046,#14047,#14048,
#14049)),.UNSPECIFIED.,.F.,.T.,.F.)
B_SPLINE_SURFACE_WITH_KNOTS((2,2),(3,2,2,2,3),(-1.40020009820818E-15,2.49234015343019),
(-3.14159265358979,-1.5707963267949,0.,1.5707963267949,3.14159265358979),
 .UNSPECIFIED.)
GEOMETRIC_REPRESENTATION_ITEM()
RATIONAL_B_SPLINE_SURFACE(((1.,0.707106781186548,1.,0.707106781186548,1.,
0.707106781186548,1.,0.707106781186548,1.),(1.,0.707106781186548,1.,0.707106781186548,
1.,0.707106781186548,1.,0.707106781186548,1.)))
REPRESENTATION_ITEM('')
SURFACE()
);
#25=(
BOUNDED_SURFACE()
B_SPLINE_SURFACE(1,2,((#14060,#14061,#14062,#14063,#14064,#14065,#14066,
#14067,#14068),(#14069,#14070,#14071,#14072,#14073,#14074,#14075,#14076,
#14077)),.UNSPECIFIED.,.F.,.T.,.F.)
B_SPLINE_SURFACE_WITH_KNOTS((2,2),(3,2,2,2,3),(-3.34072415885954E-16,2.49811775712657),
(-3.14159265358979,-1.5707963267949,0.,1.5707963267949,3.14159265358979),
 .UNSPECIFIED.)
GEOMETRIC_REPRESENTATION_ITEM()
RATIONAL_B_SPLINE_SURFACE(((1.,0.707106781186548,1.,0.707106781186548,1.,
0.707106781186548,1.,0.707106781186548,1.),(1.,0.707106781186548,1.,0.707106781186548,
1.,0.707106781186548,1.,0.707106781186548,1.)))
REPRESENTATION_ITEM('')
SURFACE()
);
#26=B_SPLINE_CURVE_WITH_KNOTS('',3,(#12998,#12999,#13000,#13001,#13002,
#13003,#13004,#13005,#13006,#13007,#13008,#13009),.UNSPECIFIED.,.F.,.F.,
(4,2,2,2,2,4),(0.58085374206709,0.618234251932016,0.655614761796942,0.730375781526795,
0.800828197313715,0.871280613100635),.UNSPECIFIED.);
#27=B_SPLINE_CURVE_WITH_KNOTS('',3,(#13011,#13012,#13013,#13014,#13015,
#13016,#13017,#13018,#13019,#13020,#13021,#13022),.UNSPECIFIED.,.F.,.F.,
(4,2,2,2,2,4),(0.290426871033545,0.360879286820465,0.431331702607385,0.506092722337237,
0.543473232202164,0.58085374206709),.UNSPECIFIED.);
#28=B_SPLINE_CURVE_WITH_KNOTS('',3,(#13028,#13029,#13030,#13031,#13032,
#13033,#13034,#13035,#13036,#13037,#13038,#13039),.UNSPECIFIED.,.F.,.F.,
(4,2,2,2,2,4),(0.,0.0373805098649263,0.0747610197298526,0.149522039459705,
0.219974455246625,0.290426871033545),.UNSPECIFIED.);
#29=B_SPLINE_CURVE_WITH_KNOTS('',3,(#13040,#13041,#13042,#13043,#13044,
#13045,#13046,#13047,#13048,#13049,#13050,#13051),.UNSPECIFIED.,.F.,.F.,
(4,2,2,2,2,4),(0.871280613100635,0.941733028887555,1.01218544467447,1.08694646440433,
1.12432697426925,1.16170748413418),.UNSPECIFIED.);
#30=B_SPLINE_CURVE_WITH_KNOTS('',3,(#13054,#13055,#13056,#13057,#13058,
#13059,#13060,#13061,#13062,#13063,#13064,#13065,#13066,#13067,#13068,#13069,
#13070,#13071,#13072,#13073,#13074,#13075),.UNSPECIFIED.,.F.,.F.,(4,2,2,
2,2,2,2,2,2,2,4),(0.,0.0373805098649263,0.0747610197298527,0.149522039459705,
0.219974455246625,0.290426871033545,0.360879286820465,0.431331702607385,
0.506092722337238,0.543473232202164,0.58085374206709),.UNSPECIFIED.);
#31=B_SPLINE_CURVE_WITH_KNOTS('',3,(#13076,#13077,#13078,#13079,#13080,
#13081,#13082,#13083,#13084,#13085,#13086,#13087,#13088,#13089,#13090,#13091,
#13092,#13093,#13094,#13095,#13096,#13097),.UNSPECIFIED.,.F.,.F.,(4,2,2,
2,2,2,2,2,2,2,4),(0.58085374206709,0.618234251932016,0.655614761796942,
0.730375781526795,0.800828197313715,0.871280613100635,0.941733028887555,
1.01218544467447,1.08694646440433,1.12432697426925,1.16170748413418),
 .UNSPECIFIED.);
#32=B_SPLINE_CURVE_WITH_KNOTS('',3,(#13159,#13160,#13161,#13162,#13163,
#13164,#13165,#13166,#13167,#13168),.UNSPECIFIED.,.F.,.F.,(4,2,2,2,4),(0.510401972863691,
0.559125994755527,0.636070207544359,0.713014420333192,0.722503516851411),
 .UNSPECIFIED.);
#33=B_SPLINE_CURVE_WITH_KNOTS('',3,(#13172,#13173,#13174,#13175,#13176,
#13177,#13178,#13179,#13180,#13181),.UNSPECIFIED.,.F.,.F.,(4,2,2,2,4),(0.70352532381501,
0.713014420333192,0.789958633122024,0.866902845910857,0.9156268678027),
 .UNSPECIFIED.);
#34=B_SPLINE_CURVE_WITH_KNOTS('',3,(#13185,#13186,#13187,#13188,#13189,
#13190,#13191,#13192,#13193,#13194),.UNSPECIFIED.,.F.,.F.,(4,2,2,2,4),(0.510401972863683,
0.559125994755527,0.636070207544359,0.713014420333192,0.722503516851375),
 .UNSPECIFIED.);
#35=B_SPLINE_CURVE_WITH_KNOTS('',3,(#13197,#13198,#13199,#13200,#13201,
#13202,#13203,#13204,#13205,#13206),.UNSPECIFIED.,.F.,.F.,(4,2,2,2,4),(0.703525323814973,
0.713014420333192,0.789958633122024,0.866902845910857,0.915626867802693),
 .UNSPECIFIED.);
#36=B_SPLINE_CURVE_WITH_KNOTS('',3,(#13208,#13209,#13210,#13211,#13212,
#13213,#13214,#13215,#13216,#13217,#13218,#13219,#13220,#13221,#13222,#13223,
#13224,#13225,#13226,#13227,#13228,#13229,#13230,#13231,#13232,#13233,#13234,
#13235,#13236,#13237,#13238,#13239,#13240,#13241,#13242,#13243,#13244,#13245,
#13246,#13247,#13248,#13249),.UNSPECIFIED.,.T.,.F.,(4,2,2,2,2,2,2,2,2,2,
2,2,2,2,2,2,2,2,2,2,4),(0.,0.0364992837760391,0.0729985675520782,0.145997135104156,
0.215080785417058,0.28416443572996,0.356353064210997,0.428541692692035,
0.506252332641385,0.545107652616061,0.583962972590736,0.622818292565412,
0.661673612540087,0.739384252489438,0.811572880970475,0.883761509451513,
0.952845159764415,1.02192881007732,1.09492737762939,1.13142666140543,1.16792594518147),
 .UNSPECIFIED.);
#37=B_SPLINE_CURVE_WITH_KNOTS('',3,(#13261,#13262,#13263,#13264,#13265,
#13266,#13267,#13268,#13269,#13270),.UNSPECIFIED.,.F.,.F.,(4,2,2,2,4),(0.510401972863688,
0.559125994755529,0.636070207544362,0.713014420333195,0.722503533047191),
 .UNSPECIFIED.);
#38=B_SPLINE_CURVE_WITH_KNOTS('',3,(#13277,#13278,#13279,#13280,#13281,
#13282,#13283,#13284,#13285,#13286),.UNSPECIFIED.,.F.,.F.,(4,2,2,2,4),(0.703525307619237,
0.713014420333195,0.789958633122029,0.866902845910862,0.915626867802711),
 .UNSPECIFIED.);
#39=B_SPLINE_CURVE_WITH_KNOTS('',3,(#13297,#13298,#13299,#13300,#13301,
#13302,#13303,#13304,#13305,#13306),.UNSPECIFIED.,.F.,.F.,(4,2,2,2,4),(0.510401972863688,
0.559125994755529,0.636070207544362,0.713014420333195,0.722503533047153),
 .UNSPECIFIED.);
#40=B_SPLINE_CURVE_WITH_KNOTS('',3,(#13309,#13310,#13311,#13312,#13313,
#13314,#13315,#13316,#13317,#13318),.UNSPECIFIED.,.F.,.F.,(4,2,2,2,4),(0.703525307619201,
0.713014420333195,0.789958633122029,0.866902845910862,0.915626867802699),
 .UNSPECIFIED.);
#41=B_SPLINE_CURVE_WITH_KNOTS('',3,(#13321,#13322,#13323,#13324,#13325,
#13326,#13327,#13328,#13329,#13330,#13331,#13332,#13333,#13334,#13335,#13336,
#13337,#13338,#13339,#13340,#13341,#13342),.UNSPECIFIED.,.F.,.F.,(4,2,2,
2,2,2,2,2,2,2,4),(0.,0.038855319974675,0.0777106399493499,0.1554212798987,
0.227609908379737,0.299798536860775,0.368882187173677,0.437965837486578,
0.510964405038656,0.547463688814695,0.583962972590734),.UNSPECIFIED.);
#42=B_SPLINE_CURVE_WITH_KNOTS('',3,(#13343,#13344,#13345,#13346,#13347,
#13348,#13349,#13350,#13351,#13352,#13353,#13354,#13355,#13356,#13357,#13358,
#13359,#13360,#13361,#13362,#13363,#13364),.UNSPECIFIED.,.F.,.F.,(4,2,2,
2,2,2,2,2,2,2,4),(0.583962972590734,0.620235153659582,0.656507334728429,
0.729051696866124,0.798575903772695,0.868100110679265,0.940288739160303,
1.01247736764134,1.09018800759069,1.12904332756537,1.16789864754004),
 .UNSPECIFIED.);
#43=B_SPLINE_CURVE_WITH_KNOTS('',1,(#13894,#13895),.UNSPECIFIED.,.F.,.F.,
(2,2),(-2.33751995663459,8.24804584583966E-16),.UNSPECIFIED.);
#44=B_SPLINE_CURVE_WITH_KNOTS('',1,(#13922,#13923),.UNSPECIFIED.,.F.,.F.,
(2,2),(-2.34329756033097,8.24804584583966E-16),.UNSPECIFIED.);
#45=B_SPLINE_CURVE_WITH_KNOTS('',1,(#13959,#13960),.UNSPECIFIED.,.F.,.F.,
(2,2),(-2.34329756033096,4.00662886442385E-18),.UNSPECIFIED.);
#46=B_SPLINE_CURVE_WITH_KNOTS('',1,(#13987,#13988),.UNSPECIFIED.,.F.,.F.,
(2,2),(-2.33751995663458,4.00662886442385E-18),.UNSPECIFIED.);
#47=B_SPLINE_CURVE_WITH_KNOTS('',1,(#14053,#14054),.UNSPECIFIED.,.F.,.F.,
(2,2),(-2.33751995663457,1.40020009820818E-15),.UNSPECIFIED.);
#48=B_SPLINE_CURVE_WITH_KNOTS('',1,(#14081,#14082),.UNSPECIFIED.,.F.,.F.,
(2,2),(-2.34329756033095,3.34072415885954E-16),.UNSPECIFIED.);
#49=ITEM_DEFINED_TRANSFORMATION($,$,#8890,#9040);
#50=ITEM_DEFINED_TRANSFORMATION($,$,#8891,#9041);
#51=ITEM_DEFINED_TRANSFORMATION($,$,#8892,#9042);
#52=ITEM_DEFINED_TRANSFORMATION($,$,#8890,#9043);
#53=ITEM_DEFINED_TRANSFORMATION($,$,#8891,#9044);
#54=ITEM_DEFINED_TRANSFORMATION($,$,#8892,#9045);
#55=ITEM_DEFINED_TRANSFORMATION($,$,#8890,#9046);
#56=ITEM_DEFINED_TRANSFORMATION($,$,#8891,#9047);
#57=ITEM_DEFINED_TRANSFORMATION($,$,#8892,#9048);
#58=ITEM_DEFINED_TRANSFORMATION($,$,#8887,#9776);
#59=ITEM_DEFINED_TRANSFORMATION($,$,#8888,#9777);
#60=ITEM_DEFINED_TRANSFORMATION($,$,#8889,#9778);
#61=ITEM_DEFINED_TRANSFORMATION($,$,#9088,#9779);
#62=ITEM_DEFINED_TRANSFORMATION($,$,#9049,#9780);
#63=ITEM_DEFINED_TRANSFORMATION($,$,#9088,#9781);
#64=ITEM_DEFINED_TRANSFORMATION($,$,#9088,#9782);
#65=(
REPRESENTATION_RELATIONSHIP($,$,#15342,#15339)
REPRESENTATION_RELATIONSHIP_WITH_TRANSFORMATION(#49)
SHAPE_REPRESENTATION_RELATIONSHIP()
);
#66=(
REPRESENTATION_RELATIONSHIP($,$,#15343,#15339)
REPRESENTATION_RELATIONSHIP_WITH_TRANSFORMATION(#50)
SHAPE_REPRESENTATION_RELATIONSHIP()
);
#67=(
REPRESENTATION_RELATIONSHIP($,$,#15344,#15339)
REPRESENTATION_RELATIONSHIP_WITH_TRANSFORMATION(#51)
SHAPE_REPRESENTATION_RELATIONSHIP()
);
#68=(
REPRESENTATION_RELATIONSHIP($,$,#15342,#15340)
REPRESENTATION_RELATIONSHIP_WITH_TRANSFORMATION(#52)
SHAPE_REPRESENTATION_RELATIONSHIP()
);
#69=(
REPRESENTATION_RELATIONSHIP($,$,#15343,#15340)
REPRESENTATION_RELATIONSHIP_WITH_TRANSFORMATION(#53)
SHAPE_REPRESENTATION_RELATIONSHIP()
);
#70=(
REPRESENTATION_RELATIONSHIP($,$,#15344,#15340)
REPRESENTATION_RELATIONSHIP_WITH_TRANSFORMATION(#54)
SHAPE_REPRESENTATION_RELATIONSHIP()
);
#71=(
REPRESENTATION_RELATIONSHIP($,$,#15342,#15341)
REPRESENTATION_RELATIONSHIP_WITH_TRANSFORMATION(#55)
SHAPE_REPRESENTATION_RELATIONSHIP()
);
#72=(
REPRESENTATION_RELATIONSHIP($,$,#15343,#15341)
REPRESENTATION_RELATIONSHIP_WITH_TRANSFORMATION(#56)
SHAPE_REPRESENTATION_RELATIONSHIP()
);
#73=(
REPRESENTATION_RELATIONSHIP($,$,#15344,#15341)
REPRESENTATION_RELATIONSHIP_WITH_TRANSFORMATION(#57)
SHAPE_REPRESENTATION_RELATIONSHIP()
);
#74=(
REPRESENTATION_RELATIONSHIP($,$,#15339,#15338)
REPRESENTATION_RELATIONSHIP_WITH_TRANSFORMATION(#58)
SHAPE_REPRESENTATION_RELATIONSHIP()
);
#75=(
REPRESENTATION_RELATIONSHIP($,$,#15340,#15338)
REPRESENTATION_RELATIONSHIP_WITH_TRANSFORMATION(#59)
SHAPE_REPRESENTATION_RELATIONSHIP()
);
#76=(
REPRESENTATION_RELATIONSHIP($,$,#15341,#15338)
REPRESENTATION_RELATIONSHIP_WITH_TRANSFORMATION(#60)
SHAPE_REPRESENTATION_RELATIONSHIP()
);
#77=(
REPRESENTATION_RELATIONSHIP($,$,#15346,#15338)
REPRESENTATION_RELATIONSHIP_WITH_TRANSFORMATION(#61)
SHAPE_REPRESENTATION_RELATIONSHIP()
);
#78=(
REPRESENTATION_RELATIONSHIP($,$,#15345,#15338)
REPRESENTATION_RELATIONSHIP_WITH_TRANSFORMATION(#62)
SHAPE_REPRESENTATION_RELATIONSHIP()
);
#79=(
REPRESENTATION_RELATIONSHIP($,$,#15346,#15338)
REPRESENTATION_RELATIONSHIP_WITH_TRANSFORMATION(#63)
SHAPE_REPRESENTATION_RELATIONSHIP()
);
#80=(
REPRESENTATION_RELATIONSHIP($,$,#15346,#15338)
REPRESENTATION_RELATIONSHIP_WITH_TRANSFORMATION(#64)
SHAPE_REPRESENTATION_RELATIONSHIP()
);
#81=CONTEXT_DEPENDENT_SHAPE_REPRESENTATION(#65,#15320);
#82=CONTEXT_DEPENDENT_SHAPE_REPRESENTATION(#66,#15321);
#83=CONTEXT_DEPENDENT_SHAPE_REPRESENTATION(#67,#15322);
#84=CONTEXT_DEPENDENT_SHAPE_REPRESENTATION(#68,#15323);
#85=CONTEXT_DEPENDENT_SHAPE_REPRESENTATION(#69,#15324);
#86=CONTEXT_DEPENDENT_SHAPE_REPRESENTATION(#70,#15325);
#87=CONTEXT_DEPENDENT_SHAPE_REPRESENTATION(#71,#15326);
#88=CONTEXT_DEPENDENT_SHAPE_REPRESENTATION(#72,#15327);
#89=CONTEXT_DEPENDENT_SHAPE_REPRESENTATION(#73,#15328);
#90=CONTEXT_DEPENDENT_SHAPE_REPRESENTATION(#74,#15331);
#91=CONTEXT_DEPENDENT_SHAPE_REPRESENTATION(#75,#15332);
#92=CONTEXT_DEPENDENT_SHAPE_REPRESENTATION(#76,#15333);
#93=CONTEXT_DEPENDENT_SHAPE_REPRESENTATION(#77,#15334);
#94=CONTEXT_DEPENDENT_SHAPE_REPRESENTATION(#78,#15335);
#95=CONTEXT_DEPENDENT_SHAPE_REPRESENTATION(#79,#15336);
#96=CONTEXT_DEPENDENT_SHAPE_REPRESENTATION(#80,#15337);
#97=NEXT_ASSEMBLY_USAGE_OCCURRENCE('Connector:1','Connector:1',
'Connector:1',#15349,#15352,'Connector:1');
#98=NEXT_ASSEMBLY_USAGE_OCCURRENCE('Servo Body:1','Servo Body:1',
'Servo Body:1',#15349,#15353,'Servo Body:1');
#99=NEXT_ASSEMBLY_USAGE_OCCURRENCE('Rubber Feet:1','Rubber Feet:1',
'Rubber Feet:1',#15349,#15354,'Rubber Feet:1');
#100=NEXT_ASSEMBLY_USAGE_OCCURRENCE('Connector:1','Connector:1',
'Connector:1',#15350,#15352,'Connector:1');
#101=NEXT_ASSEMBLY_USAGE_OCCURRENCE('Servo Body:1','Servo Body:1',
'Servo Body:1',#15350,#15353,'Servo Body:1');
#102=NEXT_ASSEMBLY_USAGE_OCCURRENCE('Rubber Feet:1','Rubber Feet:1',
'Rubber Feet:1',#15350,#15354,'Rubber Feet:1');
#103=NEXT_ASSEMBLY_USAGE_OCCURRENCE('Connector:1','Connector:1',
'Connector:1',#15351,#15352,'Connector:1');
#104=NEXT_ASSEMBLY_USAGE_OCCURRENCE('Servo Body:1','Servo Body:1',
'Servo Body:1',#15351,#15353,'Servo Body:1');
#105=NEXT_ASSEMBLY_USAGE_OCCURRENCE('Rubber Feet:1','Rubber Feet:1',
'Rubber Feet:1',#15351,#15354,'Rubber Feet:1');
#106=NEXT_ASSEMBLY_USAGE_OCCURRENCE('mg992 v2:1','mg992 v2:1',
'mg992 v2:1',#15348,#15349,'mg992 v2:1');
#107=NEXT_ASSEMBLY_USAGE_OCCURRENCE('mg992 v2:2','mg992 v2:2',
'mg992 v2:2',#15348,#15350,'mg992 v2:2');
#108=NEXT_ASSEMBLY_USAGE_OCCURRENCE('mg992 v2:3','mg992 v2:3',
'mg992 v2:3',#15348,#15351,'mg992 v2:3');
#109=NEXT_ASSEMBLY_USAGE_OCCURRENCE('h2 v1:1','h2 v1:1','h2 v1:1',#15348,
#15356,'h2 v1:1');
#110=NEXT_ASSEMBLY_USAGE_OCCURRENCE('forefactor v7:2','forefactor v7:2',
'forefactor v7:2',#15348,#15355,'forefactor v7:2');
#111=NEXT_ASSEMBLY_USAGE_OCCURRENCE('h2 v1:2','h2 v1:2','h2 v1:2',#15348,
#15356,'h2 v1:2');
#112=NEXT_ASSEMBLY_USAGE_OCCURRENCE('h2 v1:3','h2 v1:3','h2 v1:3',#15348,
#15356,'h2 v1:3');
#113=SHAPE_REPRESENTATION_RELATIONSHIP('SRR','None',#15344,#117);
#114=SHAPE_REPRESENTATION_RELATIONSHIP('SRR','None',#15345,#118);
#115=SHAPE_REPRESENTATION_RELATIONSHIP('SRR','None',#15346,#119);
#116=SHAPE_REPRESENTATION_RELATIONSHIP('SRR','None',#15338,#120);
#117=ADVANCED_BREP_SHAPE_REPRESENTATION('',(#137),#15296);
#118=ADVANCED_BREP_SHAPE_REPRESENTATION('',(#138),#15297);
#119=ADVANCED_BREP_SHAPE_REPRESENTATION('',(#139,#140,#141,#142),#15298);
#120=ADVANCED_BREP_SHAPE_REPRESENTATION('',(#143,#144,#145,#146,#147,#148,
#149,#150,#151),#15290);
#121=STYLED_ITEM('',(#15388),#137);
#122=STYLED_ITEM('',(#15387),#138);
#123=STYLED_ITEM('',(#15387),#139);
#124=STYLED_ITEM('',(#15387),#140);
#125=STYLED_ITEM('',(#15387),#141);
#126=STYLED_ITEM('',(#15387),#142);
#127=STYLED_ITEM('',(#15391),#143);
#128=STYLED_ITEM('',(#15392),#144);
#129=STYLED_ITEM('',(#15393),#145);
#130=STYLED_ITEM('',(#15393),#146);
#131=STYLED_ITEM('',(#15392),#147);
#132=STYLED_ITEM('',(#15393),#148);
#133=STYLED_ITEM('',(#15393),#149);
#134=STYLED_ITEM('',(#15392),#150);
#135=STYLED_ITEM('',(#15392),#151);
#136=STYLED_ITEM('',(#15394),#18);
#137=MANIFOLD_SOLID_BREP('Body3',#8815);
#138=MANIFOLD_SOLID_BREP('Body1',#8816);
#139=MANIFOLD_SOLID_BREP('Body1',#8817);
#140=MANIFOLD_SOLID_BREP('Body2',#8818);
#141=MANIFOLD_SOLID_BREP('Body3',#8819);
#142=MANIFOLD_SOLID_BREP('Body4',#8820);
#143=MANIFOLD_SOLID_BREP('Body2',#8821);
#144=MANIFOLD_SOLID_BREP('Body3',#8822);
#145=MANIFOLD_SOLID_BREP('Body8',#8823);
#146=MANIFOLD_SOLID_BREP('Body9',#8824);
#147=MANIFOLD_SOLID_BREP('this',#8825);
#148=MANIFOLD_SOLID_BREP('Body17',#8826);
#149=MANIFOLD_SOLID_BREP('Body18',#8827);
#150=MANIFOLD_SOLID_BREP('this (1)',#8828);
#151=MANIFOLD_SOLID_BREP('this (2)',#8829);
#152=ELLIPSE('',#8925,0.707106781186546,0.5);
#153=ELLIPSE('',#8926,0.707106781186546,0.5);
#154=ELLIPSE('',#8928,0.707106781186546,0.5);
#155=ELLIPSE('',#8929,0.707106781186546,0.5);
#156=ELLIPSE('',#8931,0.707106781186548,0.5);
#157=ELLIPSE('',#8933,0.707106781186548,0.5);
#158=ELLIPSE('',#8935,0.707106781186549,0.5);
#159=ELLIPSE('',#8936,0.707106781186548,0.5);
#160=ELLIPSE('',#8938,0.707106781186548,0.5);
#161=ELLIPSE('',#8939,0.707106781186548,0.5);
#162=ELLIPSE('',#8941,0.707106781186546,0.5);
#163=ELLIPSE('',#8944,0.707106781186548,0.5);
#164=ELLIPSE('',#8956,0.707106781186546,0.5);
#165=ELLIPSE('',#8957,0.707106781186546,0.5);
#166=ELLIPSE('',#8959,0.707106781186546,0.5);
#167=ELLIPSE('',#8960,0.707106781186546,0.5);
#168=ELLIPSE('',#8962,0.707106781186548,0.5);
#169=ELLIPSE('',#8964,0.707106781186548,0.5);
#170=ELLIPSE('',#8966,0.707106781186549,0.5);
#171=ELLIPSE('',#8967,0.707106781186548,0.5);
#172=ELLIPSE('',#8969,0.707106781186547,0.5);
#173=ELLIPSE('',#8971,0.707106781186548,0.5);
#174=ELLIPSE('',#8973,0.707106781186546,0.5);
#175=ELLIPSE('',#8975,0.707106781186548,0.5);
#176=ELLIPSE('',#9056,2.01132840317803,1.74186149250536);
#177=ELLIPSE('',#9058,2.01132840317803,1.74186149250536);
#178=ELLIPSE('',#9065,2.01132840317803,1.74186149250536);
#179=ELLIPSE('',#9067,2.01132840317803,1.74186149250536);
#180=ELLIPSE('',#9073,2.01132840317803,1.74186149250536);
#181=ELLIPSE('',#9077,2.01132840317803,1.74186149250536);
#182=ELLIPSE('',#9289,1.8103095436625,1.8);
#183=ELLIPSE('',#9290,1.80550111456619,1.8);
#184=ELLIPSE('',#9291,1.80550111456619,1.8);
#185=ELLIPSE('',#9292,1.80550111456619,1.8);
#186=ELLIPSE('',#9293,1.8103095436625,1.8);
#187=ELLIPSE('',#9294,1.80550111456619,1.8);
#188=ELLIPSE('',#9295,1.80550111456619,1.8);
#189=ELLIPSE('',#9296,1.80550111456619,1.8);
#190=ELLIPSE('',#9306,1.8103095436625,1.8);
#191=ELLIPSE('',#9307,1.80550111456619,1.8);
#192=ELLIPSE('',#9308,1.80550111456619,1.8);
#193=ELLIPSE('',#9309,1.80550111456619,1.8);
#194=ELLIPSE('',#9310,1.8103095436625,1.8);
#195=ELLIPSE('',#9311,1.80550111456619,1.8);
#196=ELLIPSE('',#9312,1.80550111456619,1.8);
#197=ELLIPSE('',#9313,1.80550111456619,1.8);
#198=ELLIPSE('',#9337,1.8103095436625,1.8);
#199=ELLIPSE('',#9338,1.80550111456619,1.8);
#200=ELLIPSE('',#9339,1.80550111456619,1.8);
#201=ELLIPSE('',#9340,1.80550111456619,1.8);
#202=ELLIPSE('',#9341,1.8103095436625,1.8);
#203=ELLIPSE('',#9342,1.80550111456619,1.8);
#204=ELLIPSE('',#9343,1.80550111456619,1.8);
#205=ELLIPSE('',#9344,1.80550111456619,1.8);
#206=FACE_BOUND('',#1049,.T.);
#207=FACE_BOUND('',#1052,.T.);
#208=FACE_BOUND('',#1055,.T.);
#209=FACE_BOUND('',#1095,.T.);
#210=FACE_BOUND('',#1103,.T.);
#211=FACE_BOUND('',#1118,.T.);
#212=FACE_BOUND('',#1120,.T.);
#213=FACE_BOUND('',#1122,.T.);
#214=FACE_BOUND('',#1125,.T.);
#215=FACE_BOUND('',#1127,.T.);
#216=FACE_BOUND('',#1129,.T.);
#217=FACE_BOUND('',#1132,.T.);
#218=FACE_BOUND('',#1134,.T.);
#219=FACE_BOUND('',#1136,.T.);
#220=FACE_BOUND('',#1140,.T.);
#221=FACE_BOUND('',#1148,.T.);
#222=FACE_BOUND('',#1150,.T.);
#223=FACE_BOUND('',#1155,.T.);
#224=FACE_BOUND('',#1157,.T.);
#225=FACE_BOUND('',#1162,.T.);
#226=FACE_BOUND('',#1164,.T.);
#227=FACE_BOUND('',#1168,.T.);
#228=FACE_BOUND('',#1169,.T.);
#229=FACE_BOUND('',#1172,.T.);
#230=FACE_BOUND('',#1173,.T.);
#231=FACE_BOUND('',#1176,.T.);
#232=FACE_BOUND('',#1177,.T.);
#233=FACE_BOUND('',#1181,.T.);
#234=FACE_BOUND('',#1185,.T.);
#235=FACE_BOUND('',#1192,.T.);
#236=FACE_BOUND('',#1201,.T.);
#237=FACE_BOUND('',#1202,.T.);
#238=FACE_BOUND('',#1209,.T.);
#239=FACE_BOUND('',#1210,.T.);
#240=FACE_BOUND('',#1212,.T.);
#241=FACE_BOUND('',#1217,.T.);
#242=FACE_BOUND('',#1221,.T.);
#243=FACE_BOUND('',#1224,.T.);
#244=FACE_BOUND('',#1235,.T.);
#245=FACE_BOUND('',#1236,.T.);
#246=FACE_BOUND('',#1243,.T.);
#247=FACE_BOUND('',#1244,.T.);
#248=FACE_BOUND('',#1246,.T.);
#249=FACE_BOUND('',#1247,.T.);
#250=FACE_BOUND('',#1249,.T.);
#251=FACE_BOUND('',#1252,.T.);
#252=FACE_BOUND('',#1253,.T.);
#253=FACE_BOUND('',#1256,.T.);
#254=FACE_BOUND('',#1257,.T.);
#255=FACE_BOUND('',#1259,.T.);
#256=FACE_BOUND('',#1275,.T.);
#257=FACE_BOUND('',#1276,.T.);
#258=FACE_BOUND('',#1277,.T.);
#259=FACE_BOUND('',#1278,.T.);
#260=FACE_BOUND('',#1279,.T.);
#261=FACE_BOUND('',#1280,.T.);
#262=FACE_BOUND('',#1281,.T.);
#263=FACE_BOUND('',#1291,.T.);
#264=FACE_BOUND('',#1292,.T.);
#265=FACE_BOUND('',#1293,.T.);
#266=FACE_BOUND('',#1294,.T.);
#267=FACE_BOUND('',#1301,.T.);
#268=FACE_BOUND('',#1306,.T.);
#269=FACE_BOUND('',#1310,.T.);
#270=FACE_BOUND('',#1322,.T.);
#271=FACE_BOUND('',#1331,.T.);
#272=FACE_BOUND('',#1334,.T.);
#273=FACE_BOUND('',#1335,.T.);
#274=FACE_BOUND('',#1337,.T.);
#275=FACE_BOUND('',#1341,.T.);
#276=FACE_BOUND('',#1358,.T.);
#277=FACE_BOUND('',#1359,.T.);
#278=FACE_BOUND('',#1363,.T.);
#279=FACE_BOUND('',#1364,.T.);
#280=FACE_BOUND('',#1367,.T.);
#281=FACE_BOUND('',#1368,.T.);
#282=FACE_BOUND('',#1370,.T.);
#283=FACE_BOUND('',#1371,.T.);
#284=FACE_BOUND('',#1373,.T.);
#285=FACE_BOUND('',#1374,.T.);
#286=FACE_BOUND('',#1396,.T.);
#287=FACE_BOUND('',#1397,.T.);
#288=FACE_BOUND('',#1398,.T.);
#289=FACE_BOUND('',#1399,.T.);
#290=FACE_BOUND('',#1400,.T.);
#291=FACE_BOUND('',#1401,.T.);
#292=FACE_BOUND('',#1402,.T.);
#293=FACE_BOUND('',#1412,.T.);
#294=FACE_BOUND('',#1413,.T.);
#295=FACE_BOUND('',#1414,.T.);
#296=FACE_BOUND('',#1415,.T.);
#297=FACE_BOUND('',#1416,.T.);
#298=FACE_BOUND('',#1417,.T.);
#299=FACE_BOUND('',#1418,.T.);
#300=FACE_BOUND('',#1420,.T.);
#301=FACE_BOUND('',#1423,.T.);
#302=FACE_BOUND('',#1426,.T.);
#303=FACE_BOUND('',#1429,.T.);
#304=FACE_BOUND('',#1433,.T.);
#305=FACE_BOUND('',#1434,.T.);
#306=FACE_BOUND('',#1435,.T.);
#307=FACE_BOUND('',#1436,.T.);
#308=FACE_BOUND('',#1453,.T.);
#309=FACE_BOUND('',#1458,.T.);
#310=FACE_BOUND('',#1459,.T.);
#311=FACE_BOUND('',#1464,.T.);
#312=FACE_BOUND('',#1474,.T.);
#313=FACE_BOUND('',#1496,.T.);
#314=FACE_BOUND('',#1499,.T.);
#315=FACE_BOUND('',#1502,.T.);
#316=FACE_BOUND('',#1505,.T.);
#317=FACE_BOUND('',#1511,.T.);
#318=FACE_BOUND('',#1512,.T.);
#319=FACE_BOUND('',#1513,.T.);
#320=FACE_BOUND('',#1514,.T.);
#321=FACE_BOUND('',#1527,.T.);
#322=FACE_BOUND('',#1532,.T.);
#323=FACE_BOUND('',#1533,.T.);
#324=FACE_BOUND('',#1538,.T.);
#325=FACE_BOUND('',#1548,.T.);
#326=FACE_BOUND('',#1575,.T.);
#327=FACE_BOUND('',#1576,.T.);
#328=FACE_BOUND('',#1577,.T.);
#329=FACE_BOUND('',#1578,.T.);
#330=FACE_BOUND('',#1591,.T.);
#331=FACE_BOUND('',#1596,.T.);
#332=FACE_BOUND('',#1597,.T.);
#333=FACE_BOUND('',#1602,.T.);
#334=FACE_BOUND('',#1612,.T.);
#335=PLANE('',#8896);
#336=PLANE('',#8905);
#337=PLANE('',#8909);
#338=PLANE('',#8910);
#339=PLANE('',#8913);
#340=PLANE('',#8914);
#341=PLANE('',#8915);
#342=PLANE('',#8916);
#343=PLANE('',#8917);
#344=PLANE('',#8918);
#345=PLANE('',#8919);
#346=PLANE('',#8948);
#347=PLANE('',#8949);
#348=PLANE('',#8952);
#349=PLANE('',#8953);
#350=PLANE('',#8954);
#351=PLANE('',#8979);
#352=PLANE('',#8981);
#353=PLANE('',#8982);
#354=PLANE('',#8985);
#355=PLANE('',#8986);
#356=PLANE('',#8987);
#357=PLANE('',#8991);
#358=PLANE('',#8997);
#359=PLANE('',#8998);
#360=PLANE('',#9002);
#361=PLANE('',#9003);
#362=PLANE('',#9007);
#363=PLANE('',#9008);
#364=PLANE('',#9012);
#365=PLANE('',#9013);
#366=PLANE('',#9014);
#367=PLANE('',#9015);
#368=PLANE('',#9016);
#369=PLANE('',#9023);
#370=PLANE('',#9024);
#371=PLANE('',#9031);
#372=PLANE('',#9032);
#373=PLANE('',#9039);
#374=PLANE('',#9050);
#375=PLANE('',#9051);
#376=PLANE('',#9052);
#377=PLANE('',#9053);
#378=PLANE('',#9060);
#379=PLANE('',#9061);
#380=PLANE('',#9062);
#381=PLANE('',#9069);
#382=PLANE('',#9070);
#383=PLANE('',#9071);
#384=PLANE('',#9078);
#385=PLANE('',#9079);
#386=PLANE('',#9080);
#387=PLANE('',#9081);
#388=PLANE('',#9082);
#389=PLANE('',#9083);
#390=PLANE('',#9084);
#391=PLANE('',#9085);
#392=PLANE('',#9086);
#393=PLANE('',#9087);
#394=PLANE('',#9092);
#395=PLANE('',#9097);
#396=PLANE('',#9098);
#397=PLANE('',#9101);
#398=PLANE('',#9107);
#399=PLANE('',#9110);
#400=PLANE('',#9118);
#401=PLANE('',#9119);
#402=PLANE('',#9126);
#403=PLANE('',#9127);
#404=PLANE('',#9133);
#405=PLANE('',#9136);
#406=PLANE('',#9139);
#407=PLANE('',#9146);
#408=PLANE('',#9156);
#409=PLANE('',#9157);
#410=PLANE('',#9160);
#411=PLANE('',#9161);
#412=PLANE('',#9164);
#413=PLANE('',#9168);
#414=PLANE('',#9169);
#415=PLANE('',#9176);
#416=PLANE('',#9177);
#417=PLANE('',#9183);
#418=PLANE('',#9186);
#419=PLANE('',#9189);
#420=PLANE('',#9190);
#421=PLANE('',#9193);
#422=PLANE('',#9197);
#423=PLANE('',#9198);
#424=PLANE('',#9201);
#425=PLANE('',#9202);
#426=PLANE('',#9205);
#427=PLANE('',#9208);
#428=PLANE('',#9236);
#429=PLANE('',#9238);
#430=PLANE('',#9240);
#431=PLANE('',#9245);
#432=PLANE('',#9253);
#433=PLANE('',#9254);
#434=PLANE('',#9255);
#435=PLANE('',#9256);
#436=PLANE('',#9257);
#437=PLANE('',#9258);
#438=PLANE('',#9259);
#439=PLANE('',#9260);
#440=PLANE('',#9261);
#441=PLANE('',#9266);
#442=PLANE('',#9267);
#443=PLANE('',#9268);
#444=PLANE('',#9269);
#445=PLANE('',#9270);
#446=PLANE('',#9271);
#447=PLANE('',#9273);
#448=PLANE('',#9274);
#449=PLANE('',#9275);
#450=PLANE('',#9276);
#451=PLANE('',#9280);
#452=PLANE('',#9281);
#453=PLANE('',#9282);
#454=PLANE('',#9286);
#455=PLANE('',#9287);
#456=PLANE('',#9288);
#457=PLANE('',#9297);
#458=PLANE('',#9298);
#459=PLANE('',#9305);
#460=PLANE('',#9314);
#461=PLANE('',#9315);
#462=PLANE('',#9322);
#463=PLANE('',#9323);
#464=PLANE('',#9324);
#465=PLANE('',#9327);
#466=PLANE('',#9331);
#467=PLANE('',#9332);
#468=PLANE('',#9333);
#469=PLANE('',#9345);
#470=PLANE('',#9346);
#471=PLANE('',#9366);
#472=PLANE('',#9369);
#473=PLANE('',#9370);
#474=PLANE('',#9371);
#475=PLANE('',#9372);
#476=PLANE('',#9373);
#477=PLANE('',#9374);
#478=PLANE('',#9375);
#479=PLANE('',#9376);
#480=PLANE('',#9381);
#481=PLANE('',#9382);
#482=PLANE('',#9405);
#483=PLANE('',#9407);
#484=PLANE('',#9419);
#485=PLANE('',#9423);
#486=PLANE('',#9433);
#487=PLANE('',#9434);
#488=PLANE('',#9439);
#489=PLANE('',#9442);
#490=PLANE('',#9447);
#491=PLANE('',#9454);
#492=PLANE('',#9475);
#493=PLANE('',#9477);
#494=PLANE('',#9478);
#495=PLANE('',#9479);
#496=PLANE('',#9489);
#497=PLANE('',#9490);
#498=PLANE('',#9491);
#499=PLANE('',#9492);
#500=PLANE('',#9493);
#501=PLANE('',#9494);
#502=PLANE('',#9495);
#503=PLANE('',#9501);
#504=PLANE('',#9504);
#505=PLANE('',#9507);
#506=PLANE('',#9508);
#507=PLANE('',#9510);
#508=PLANE('',#9521);
#509=PLANE('',#9522);
#510=PLANE('',#9523);
#511=PLANE('',#9525);
#512=PLANE('',#9532);
#513=PLANE('',#9533);
#514=PLANE('',#9534);
#515=PLANE('',#9536);
#516=PLANE('',#9537);
#517=PLANE('',#9538);
#518=PLANE('',#9544);
#519=PLANE('',#9547);
#520=PLANE('',#9549);
#521=PLANE('',#9553);
#522=PLANE('',#9554);
#523=PLANE('',#9559);
#524=PLANE('',#9562);
#525=PLANE('',#9567);
#526=PLANE('',#9570);
#527=PLANE('',#9571);
#528=PLANE('',#9572);
#529=PLANE('',#9573);
#530=PLANE('',#9593);
#531=PLANE('',#9606);
#532=PLANE('',#9607);
#533=PLANE('',#9608);
#534=PLANE('',#9609);
#535=PLANE('',#9610);
#536=PLANE('',#9611);
#537=PLANE('',#9612);
#538=PLANE('',#9618);
#539=PLANE('',#9621);
#540=PLANE('',#9624);
#541=PLANE('',#9625);
#542=PLANE('',#9627);
#543=PLANE('',#9638);
#544=PLANE('',#9639);
#545=PLANE('',#9640);
#546=PLANE('',#9642);
#547=PLANE('',#9649);
#548=PLANE('',#9650);
#549=PLANE('',#9651);
#550=PLANE('',#9655);
#551=PLANE('',#9656);
#552=PLANE('',#9657);
#553=PLANE('',#9663);
#554=PLANE('',#9666);
#555=PLANE('',#9668);
#556=PLANE('',#9672);
#557=PLANE('',#9673);
#558=PLANE('',#9674);
#559=PLANE('',#9675);
#560=PLANE('',#9676);
#561=PLANE('',#9696);
#562=PLANE('',#9709);
#563=PLANE('',#9710);
#564=PLANE('',#9711);
#565=PLANE('',#9712);
#566=PLANE('',#9713);
#567=PLANE('',#9714);
#568=PLANE('',#9715);
#569=PLANE('',#9721);
#570=PLANE('',#9724);
#571=PLANE('',#9727);
#572=PLANE('',#9728);
#573=PLANE('',#9730);
#574=PLANE('',#9741);
#575=PLANE('',#9742);
#576=PLANE('',#9743);
#577=PLANE('',#9745);
#578=PLANE('',#9752);
#579=PLANE('',#9753);
#580=PLANE('',#9754);
#581=PLANE('',#9758);
#582=PLANE('',#9759);
#583=PLANE('',#9760);
#584=PLANE('',#9766);
#585=PLANE('',#9769);
#586=PLANE('',#9771);
#587=PLANE('',#9775);
#588=FACE_OUTER_BOUND('',#1047,.T.);
#589=FACE_OUTER_BOUND('',#1048,.T.);
#590=FACE_OUTER_BOUND('',#1050,.T.);
#591=FACE_OUTER_BOUND('',#1051,.T.);
#592=FACE_OUTER_BOUND('',#1053,.T.);
#593=FACE_OUTER_BOUND('',#1054,.T.);
#594=FACE_OUTER_BOUND('',#1056,.T.);
#595=FACE_OUTER_BOUND('',#1057,.T.);
#596=FACE_OUTER_BOUND('',#1058,.T.);
#597=FACE_OUTER_BOUND('',#1059,.T.);
#598=FACE_OUTER_BOUND('',#1060,.T.);
#599=FACE_OUTER_BOUND('',#1061,.T.);
#600=FACE_OUTER_BOUND('',#1062,.T.);
#601=FACE_OUTER_BOUND('',#1063,.T.);
#602=FACE_OUTER_BOUND('',#1064,.T.);
#603=FACE_OUTER_BOUND('',#1065,.T.);
#604=FACE_OUTER_BOUND('',#1066,.T.);
#605=FACE_OUTER_BOUND('',#1067,.T.);
#606=FACE_OUTER_BOUND('',#1068,.T.);
#607=FACE_OUTER_BOUND('',#1069,.T.);
#608=FACE_OUTER_BOUND('',#1070,.T.);
#609=FACE_OUTER_BOUND('',#1071,.T.);
#610=FACE_OUTER_BOUND('',#1072,.T.);
#611=FACE_OUTER_BOUND('',#1073,.T.);
#612=FACE_OUTER_BOUND('',#1074,.T.);
#613=FACE_OUTER_BOUND('',#1075,.T.);
#614=FACE_OUTER_BOUND('',#1076,.T.);
#615=FACE_OUTER_BOUND('',#1077,.T.);
#616=FACE_OUTER_BOUND('',#1078,.T.);
#617=FACE_OUTER_BOUND('',#1079,.T.);
#618=FACE_OUTER_BOUND('',#1080,.T.);
#619=FACE_OUTER_BOUND('',#1081,.T.);
#620=FACE_OUTER_BOUND('',#1082,.T.);
#621=FACE_OUTER_BOUND('',#1083,.T.);
#622=FACE_OUTER_BOUND('',#1084,.T.);
#623=FACE_OUTER_BOUND('',#1085,.T.);
#624=FACE_OUTER_BOUND('',#1086,.T.);
#625=FACE_OUTER_BOUND('',#1087,.T.);
#626=FACE_OUTER_BOUND('',#1088,.T.);
#627=FACE_OUTER_BOUND('',#1089,.T.);
#628=FACE_OUTER_BOUND('',#1090,.T.);
#629=FACE_OUTER_BOUND('',#1091,.T.);
#630=FACE_OUTER_BOUND('',#1092,.T.);
#631=FACE_OUTER_BOUND('',#1093,.T.);
#632=FACE_OUTER_BOUND('',#1094,.T.);
#633=FACE_OUTER_BOUND('',#1096,.T.);
#634=FACE_OUTER_BOUND('',#1097,.T.);
#635=FACE_OUTER_BOUND('',#1098,.T.);
#636=FACE_OUTER_BOUND('',#1099,.T.);
#637=FACE_OUTER_BOUND('',#1100,.T.);
#638=FACE_OUTER_BOUND('',#1101,.T.);
#639=FACE_OUTER_BOUND('',#1102,.T.);
#640=FACE_OUTER_BOUND('',#1104,.T.);
#641=FACE_OUTER_BOUND('',#1105,.T.);
#642=FACE_OUTER_BOUND('',#1106,.T.);
#643=FACE_OUTER_BOUND('',#1107,.T.);
#644=FACE_OUTER_BOUND('',#1108,.T.);
#645=FACE_OUTER_BOUND('',#1109,.T.);
#646=FACE_OUTER_BOUND('',#1110,.T.);
#647=FACE_OUTER_BOUND('',#1111,.T.);
#648=FACE_OUTER_BOUND('',#1112,.T.);
#649=FACE_OUTER_BOUND('',#1113,.T.);
#650=FACE_OUTER_BOUND('',#1114,.T.);
#651=FACE_OUTER_BOUND('',#1115,.T.);
#652=FACE_OUTER_BOUND('',#1116,.T.);
#653=FACE_OUTER_BOUND('',#1117,.T.);
#654=FACE_OUTER_BOUND('',#1119,.T.);
#655=FACE_OUTER_BOUND('',#1121,.T.);
#656=FACE_OUTER_BOUND('',#1123,.T.);
#657=FACE_OUTER_BOUND('',#1124,.T.);
#658=FACE_OUTER_BOUND('',#1126,.T.);
#659=FACE_OUTER_BOUND('',#1128,.T.);
#660=FACE_OUTER_BOUND('',#1130,.T.);
#661=FACE_OUTER_BOUND('',#1131,.T.);
#662=FACE_OUTER_BOUND('',#1133,.T.);
#663=FACE_OUTER_BOUND('',#1135,.T.);
#664=FACE_OUTER_BOUND('',#1137,.T.);
#665=FACE_OUTER_BOUND('',#1138,.T.);
#666=FACE_OUTER_BOUND('',#1139,.T.);
#667=FACE_OUTER_BOUND('',#1141,.T.);
#668=FACE_OUTER_BOUND('',#1142,.T.);
#669=FACE_OUTER_BOUND('',#1143,.T.);
#670=FACE_OUTER_BOUND('',#1144,.T.);
#671=FACE_OUTER_BOUND('',#1145,.T.);
#672=FACE_OUTER_BOUND('',#1146,.T.);
#673=FACE_OUTER_BOUND('',#1147,.T.);
#674=FACE_OUTER_BOUND('',#1149,.T.);
#675=FACE_OUTER_BOUND('',#1151,.T.);
#676=FACE_OUTER_BOUND('',#1152,.T.);
#677=FACE_OUTER_BOUND('',#1153,.T.);
#678=FACE_OUTER_BOUND('',#1154,.T.);
#679=FACE_OUTER_BOUND('',#1156,.T.);
#680=FACE_OUTER_BOUND('',#1158,.T.);
#681=FACE_OUTER_BOUND('',#1159,.T.);
#682=FACE_OUTER_BOUND('',#1160,.T.);
#683=FACE_OUTER_BOUND('',#1161,.T.);
#684=FACE_OUTER_BOUND('',#1163,.T.);
#685=FACE_OUTER_BOUND('',#1165,.T.);
#686=FACE_OUTER_BOUND('',#1166,.T.);
#687=FACE_OUTER_BOUND('',#1167,.T.);
#688=FACE_OUTER_BOUND('',#1170,.T.);
#689=FACE_OUTER_BOUND('',#1171,.T.);
#690=FACE_OUTER_BOUND('',#1174,.T.);
#691=FACE_OUTER_BOUND('',#1175,.T.);
#692=FACE_OUTER_BOUND('',#1178,.T.);
#693=FACE_OUTER_BOUND('',#1179,.T.);
#694=FACE_OUTER_BOUND('',#1180,.T.);
#695=FACE_OUTER_BOUND('',#1182,.T.);
#696=FACE_OUTER_BOUND('',#1183,.T.);
#697=FACE_OUTER_BOUND('',#1184,.T.);
#698=FACE_OUTER_BOUND('',#1186,.T.);
#699=FACE_OUTER_BOUND('',#1187,.T.);
#700=FACE_OUTER_BOUND('',#1188,.T.);
#701=FACE_OUTER_BOUND('',#1189,.T.);
#702=FACE_OUTER_BOUND('',#1190,.T.);
#703=FACE_OUTER_BOUND('',#1191,.T.);
#704=FACE_OUTER_BOUND('',#1193,.T.);
#705=FACE_OUTER_BOUND('',#1194,.T.);
#706=FACE_OUTER_BOUND('',#1195,.T.);
#707=FACE_OUTER_BOUND('',#1196,.T.);
#708=FACE_OUTER_BOUND('',#1197,.T.);
#709=FACE_OUTER_BOUND('',#1198,.T.);
#710=FACE_OUTER_BOUND('',#1199,.T.);
#711=FACE_OUTER_BOUND('',#1200,.T.);
#712=FACE_OUTER_BOUND('',#1203,.T.);
#713=FACE_OUTER_BOUND('',#1204,.T.);
#714=FACE_OUTER_BOUND('',#1205,.T.);
#715=FACE_OUTER_BOUND('',#1206,.T.);
#716=FACE_OUTER_BOUND('',#1207,.T.);
#717=FACE_OUTER_BOUND('',#1208,.T.);
#718=FACE_OUTER_BOUND('',#1211,.T.);
#719=FACE_OUTER_BOUND('',#1213,.T.);
#720=FACE_OUTER_BOUND('',#1214,.T.);
#721=FACE_OUTER_BOUND('',#1215,.T.);
#722=FACE_OUTER_BOUND('',#1216,.T.);
#723=FACE_OUTER_BOUND('',#1218,.T.);
#724=FACE_OUTER_BOUND('',#1219,.T.);
#725=FACE_OUTER_BOUND('',#1220,.T.);
#726=FACE_OUTER_BOUND('',#1222,.T.);
#727=FACE_OUTER_BOUND('',#1223,.T.);
#728=FACE_OUTER_BOUND('',#1225,.T.);
#729=FACE_OUTER_BOUND('',#1226,.T.);
#730=FACE_OUTER_BOUND('',#1227,.T.);
#731=FACE_OUTER_BOUND('',#1228,.T.);
#732=FACE_OUTER_BOUND('',#1229,.T.);
#733=FACE_OUTER_BOUND('',#1230,.T.);
#734=FACE_OUTER_BOUND('',#1231,.T.);
#735=FACE_OUTER_BOUND('',#1232,.T.);
#736=FACE_OUTER_BOUND('',#1233,.T.);
#737=FACE_OUTER_BOUND('',#1234,.T.);
#738=FACE_OUTER_BOUND('',#1237,.T.);
#739=FACE_OUTER_BOUND('',#1238,.T.);
#740=FACE_OUTER_BOUND('',#1239,.T.);
#741=FACE_OUTER_BOUND('',#1240,.T.);
#742=FACE_OUTER_BOUND('',#1241,.T.);
#743=FACE_OUTER_BOUND('',#1242,.T.);
#744=FACE_OUTER_BOUND('',#1245,.T.);
#745=FACE_OUTER_BOUND('',#1248,.T.);
#746=FACE_OUTER_BOUND('',#1250,.T.);
#747=FACE_OUTER_BOUND('',#1251,.T.);
#748=FACE_OUTER_BOUND('',#1254,.T.);
#749=FACE_OUTER_BOUND('',#1255,.T.);
#750=FACE_OUTER_BOUND('',#1258,.T.);
#751=FACE_OUTER_BOUND('',#1260,.T.);
#752=FACE_OUTER_BOUND('',#1261,.T.);
#753=FACE_OUTER_BOUND('',#1262,.T.);
#754=FACE_OUTER_BOUND('',#1263,.T.);
#755=FACE_OUTER_BOUND('',#1264,.T.);
#756=FACE_OUTER_BOUND('',#1265,.T.);
#757=FACE_OUTER_BOUND('',#1266,.T.);
#758=FACE_OUTER_BOUND('',#1267,.T.);
#759=FACE_OUTER_BOUND('',#1268,.T.);
#760=FACE_OUTER_BOUND('',#1269,.T.);
#761=FACE_OUTER_BOUND('',#1270,.T.);
#762=FACE_OUTER_BOUND('',#1271,.T.);
#763=FACE_OUTER_BOUND('',#1272,.T.);
#764=FACE_OUTER_BOUND('',#1273,.T.);
#765=FACE_OUTER_BOUND('',#1274,.T.);
#766=FACE_OUTER_BOUND('',#1282,.T.);
#767=FACE_OUTER_BOUND('',#1283,.T.);
#768=FACE_OUTER_BOUND('',#1284,.T.);
#769=FACE_OUTER_BOUND('',#1285,.T.);
#770=FACE_OUTER_BOUND('',#1286,.T.);
#771=FACE_OUTER_BOUND('',#1287,.T.);
#772=FACE_OUTER_BOUND('',#1288,.T.);
#773=FACE_OUTER_BOUND('',#1289,.T.);
#774=FACE_OUTER_BOUND('',#1290,.T.);
#775=FACE_OUTER_BOUND('',#1295,.T.);
#776=FACE_OUTER_BOUND('',#1296,.T.);
#777=FACE_OUTER_BOUND('',#1297,.T.);
#778=FACE_OUTER_BOUND('',#1298,.T.);
#779=FACE_OUTER_BOUND('',#1299,.T.);
#780=FACE_OUTER_BOUND('',#1300,.T.);
#781=FACE_OUTER_BOUND('',#1302,.T.);
#782=FACE_OUTER_BOUND('',#1303,.T.);
#783=FACE_OUTER_BOUND('',#1304,.T.);
#784=FACE_OUTER_BOUND('',#1305,.T.);
#785=FACE_OUTER_BOUND('',#1307,.T.);
#786=FACE_OUTER_BOUND('',#1308,.T.);
#787=FACE_OUTER_BOUND('',#1309,.T.);
#788=FACE_OUTER_BOUND('',#1311,.T.);
#789=FACE_OUTER_BOUND('',#1312,.T.);
#790=FACE_OUTER_BOUND('',#1313,.T.);
#791=FACE_OUTER_BOUND('',#1314,.T.);
#792=FACE_OUTER_BOUND('',#1315,.T.);
#793=FACE_OUTER_BOUND('',#1316,.T.);
#794=FACE_OUTER_BOUND('',#1317,.T.);
#795=FACE_OUTER_BOUND('',#1318,.T.);
#796=FACE_OUTER_BOUND('',#1319,.T.);
#797=FACE_OUTER_BOUND('',#1320,.T.);
#798=FACE_OUTER_BOUND('',#1321,.T.);
#799=FACE_OUTER_BOUND('',#1323,.T.);
#800=FACE_OUTER_BOUND('',#1324,.T.);
#801=FACE_OUTER_BOUND('',#1325,.T.);
#802=FACE_OUTER_BOUND('',#1326,.T.);
#803=FACE_OUTER_BOUND('',#1327,.T.);
#804=FACE_OUTER_BOUND('',#1328,.T.);
#805=FACE_OUTER_BOUND('',#1329,.T.);
#806=FACE_OUTER_BOUND('',#1330,.T.);
#807=FACE_OUTER_BOUND('',#1332,.T.);
#808=FACE_OUTER_BOUND('',#1333,.T.);
#809=FACE_OUTER_BOUND('',#1336,.T.);
#810=FACE_OUTER_BOUND('',#1338,.T.);
#811=FACE_OUTER_BOUND('',#1339,.T.);
#812=FACE_OUTER_BOUND('',#1340,.T.);
#813=FACE_OUTER_BOUND('',#1342,.T.);
#814=FACE_OUTER_BOUND('',#1343,.T.);
#815=FACE_OUTER_BOUND('',#1344,.T.);
#816=FACE_OUTER_BOUND('',#1345,.T.);
#817=FACE_OUTER_BOUND('',#1346,.T.);
#818=FACE_OUTER_BOUND('',#1347,.T.);
#819=FACE_OUTER_BOUND('',#1348,.T.);
#820=FACE_OUTER_BOUND('',#1349,.T.);
#821=FACE_OUTER_BOUND('',#1350,.T.);
#822=FACE_OUTER_BOUND('',#1351,.T.);
#823=FACE_OUTER_BOUND('',#1352,.T.);
#824=FACE_OUTER_BOUND('',#1353,.T.);
#825=FACE_OUTER_BOUND('',#1354,.T.);
#826=FACE_OUTER_BOUND('',#1355,.T.);
#827=FACE_OUTER_BOUND('',#1356,.T.);
#828=FACE_OUTER_BOUND('',#1357,.T.);
#829=FACE_OUTER_BOUND('',#1360,.T.);
#830=FACE_OUTER_BOUND('',#1361,.T.);
#831=FACE_OUTER_BOUND('',#1362,.T.);
#832=FACE_OUTER_BOUND('',#1365,.T.);
#833=FACE_OUTER_BOUND('',#1366,.T.);
#834=FACE_OUTER_BOUND('',#1369,.T.);
#835=FACE_OUTER_BOUND('',#1372,.T.);
#836=FACE_OUTER_BOUND('',#1375,.T.);
#837=FACE_OUTER_BOUND('',#1376,.T.);
#838=FACE_OUTER_BOUND('',#1377,.T.);
#839=FACE_OUTER_BOUND('',#1378,.T.);
#840=FACE_OUTER_BOUND('',#1379,.T.);
#841=FACE_OUTER_BOUND('',#1380,.T.);
#842=FACE_OUTER_BOUND('',#1381,.T.);
#843=FACE_OUTER_BOUND('',#1382,.T.);
#844=FACE_OUTER_BOUND('',#1383,.T.);
#845=FACE_OUTER_BOUND('',#1384,.T.);
#846=FACE_OUTER_BOUND('',#1385,.T.);
#847=FACE_OUTER_BOUND('',#1386,.T.);
#848=FACE_OUTER_BOUND('',#1387,.T.);
#849=FACE_OUTER_BOUND('',#1388,.T.);
#850=FACE_OUTER_BOUND('',#1389,.T.);
#851=FACE_OUTER_BOUND('',#1390,.T.);
#852=FACE_OUTER_BOUND('',#1391,.T.);
#853=FACE_OUTER_BOUND('',#1392,.T.);
#854=FACE_OUTER_BOUND('',#1393,.T.);
#855=FACE_OUTER_BOUND('',#1394,.T.);
#856=FACE_OUTER_BOUND('',#1395,.T.);
#857=FACE_OUTER_BOUND('',#1403,.T.);
#858=FACE_OUTER_BOUND('',#1404,.T.);
#859=FACE_OUTER_BOUND('',#1405,.T.);
#860=FACE_OUTER_BOUND('',#1406,.T.);
#861=FACE_OUTER_BOUND('',#1407,.T.);
#862=FACE_OUTER_BOUND('',#1408,.T.);
#863=FACE_OUTER_BOUND('',#1409,.T.);
#864=FACE_OUTER_BOUND('',#1410,.T.);
#865=FACE_OUTER_BOUND('',#1411,.T.);
#866=FACE_OUTER_BOUND('',#1419,.T.);
#867=FACE_OUTER_BOUND('',#1421,.T.);
#868=FACE_OUTER_BOUND('',#1422,.T.);
#869=FACE_OUTER_BOUND('',#1424,.T.);
#870=FACE_OUTER_BOUND('',#1425,.T.);
#871=FACE_OUTER_BOUND('',#1427,.T.);
#872=FACE_OUTER_BOUND('',#1428,.T.);
#873=FACE_OUTER_BOUND('',#1430,.T.);
#874=FACE_OUTER_BOUND('',#1431,.T.);
#875=FACE_OUTER_BOUND('',#1432,.T.);
#876=FACE_OUTER_BOUND('',#1437,.T.);
#877=FACE_OUTER_BOUND('',#1438,.T.);
#878=FACE_OUTER_BOUND('',#1439,.T.);
#879=FACE_OUTER_BOUND('',#1440,.T.);
#880=FACE_OUTER_BOUND('',#1441,.T.);
#881=FACE_OUTER_BOUND('',#1442,.T.);
#882=FACE_OUTER_BOUND('',#1443,.T.);
#883=FACE_OUTER_BOUND('',#1444,.T.);
#884=FACE_OUTER_BOUND('',#1445,.T.);
#885=FACE_OUTER_BOUND('',#1446,.T.);
#886=FACE_OUTER_BOUND('',#1447,.T.);
#887=FACE_OUTER_BOUND('',#1448,.T.);
#888=FACE_OUTER_BOUND('',#1449,.T.);
#889=FACE_OUTER_BOUND('',#1450,.T.);
#890=FACE_OUTER_BOUND('',#1451,.T.);
#891=FACE_OUTER_BOUND('',#1452,.T.);
#892=FACE_OUTER_BOUND('',#1454,.T.);
#893=FACE_OUTER_BOUND('',#1455,.T.);
#894=FACE_OUTER_BOUND('',#1456,.T.);
#895=FACE_OUTER_BOUND('',#1457,.T.);
#896=FACE_OUTER_BOUND('',#1460,.T.);
#897=FACE_OUTER_BOUND('',#1461,.T.);
#898=FACE_OUTER_BOUND('',#1462,.T.);
#899=FACE_OUTER_BOUND('',#1463,.T.);
#900=FACE_OUTER_BOUND('',#1465,.T.);
#901=FACE_OUTER_BOUND('',#1466,.T.);
#902=FACE_OUTER_BOUND('',#1467,.T.);
#903=FACE_OUTER_BOUND('',#1468,.T.);
#904=FACE_OUTER_BOUND('',#1469,.T.);
#905=FACE_OUTER_BOUND('',#1470,.T.);
#906=FACE_OUTER_BOUND('',#1471,.T.);
#907=FACE_OUTER_BOUND('',#1472,.T.);
#908=FACE_OUTER_BOUND('',#1473,.T.);
#909=FACE_OUTER_BOUND('',#1475,.T.);
#910=FACE_OUTER_BOUND('',#1476,.T.);
#911=FACE_OUTER_BOUND('',#1477,.T.);
#912=FACE_OUTER_BOUND('',#1478,.T.);
#913=FACE_OUTER_BOUND('',#1479,.T.);
#914=FACE_OUTER_BOUND('',#1480,.T.);
#915=FACE_OUTER_BOUND('',#1481,.T.);
#916=FACE_OUTER_BOUND('',#1482,.T.);
#917=FACE_OUTER_BOUND('',#1483,.T.);
#918=FACE_OUTER_BOUND('',#1484,.T.);
#919=FACE_OUTER_BOUND('',#1485,.T.);
#920=FACE_OUTER_BOUND('',#1486,.T.);
#921=FACE_OUTER_BOUND('',#1487,.T.);
#922=FACE_OUTER_BOUND('',#1488,.T.);
#923=FACE_OUTER_BOUND('',#1489,.T.);
#924=FACE_OUTER_BOUND('',#1490,.T.);
#925=FACE_OUTER_BOUND('',#1491,.T.);
#926=FACE_OUTER_BOUND('',#1492,.T.);
#927=FACE_OUTER_BOUND('',#1493,.T.);
#928=FACE_OUTER_BOUND('',#1494,.T.);
#929=FACE_OUTER_BOUND('',#1495,.T.);
#930=FACE_OUTER_BOUND('',#1497,.T.);
#931=FACE_OUTER_BOUND('',#1498,.T.);
#932=FACE_OUTER_BOUND('',#1500,.T.);
#933=FACE_OUTER_BOUND('',#1501,.T.);
#934=FACE_OUTER_BOUND('',#1503,.T.);
#935=FACE_OUTER_BOUND('',#1504,.T.);
#936=FACE_OUTER_BOUND('',#1506,.T.);
#937=FACE_OUTER_BOUND('',#1507,.T.);
#938=FACE_OUTER_BOUND('',#1508,.T.);
#939=FACE_OUTER_BOUND('',#1509,.T.);
#940=FACE_OUTER_BOUND('',#1510,.T.);
#941=FACE_OUTER_BOUND('',#1515,.T.);
#942=FACE_OUTER_BOUND('',#1516,.T.);
#943=FACE_OUTER_BOUND('',#1517,.T.);
#944=FACE_OUTER_BOUND('',#1518,.T.);
#945=FACE_OUTER_BOUND('',#1519,.T.);
#946=FACE_OUTER_BOUND('',#1520,.T.);
#947=FACE_OUTER_BOUND('',#1521,.T.);
#948=FACE_OUTER_BOUND('',#1522,.T.);
#949=FACE_OUTER_BOUND('',#1523,.T.);
#950=FACE_OUTER_BOUND('',#1524,.T.);
#951=FACE_OUTER_BOUND('',#1525,.T.);
#952=FACE_OUTER_BOUND('',#1526,.T.);
#953=FACE_OUTER_BOUND('',#1528,.T.);
#954=FACE_OUTER_BOUND('',#1529,.T.);
#955=FACE_OUTER_BOUND('',#1530,.T.);
#956=FACE_OUTER_BOUND('',#1531,.T.);
#957=FACE_OUTER_BOUND('',#1534,.T.);
#958=FACE_OUTER_BOUND('',#1535,.T.);
#959=FACE_OUTER_BOUND('',#1536,.T.);
#960=FACE_OUTER_BOUND('',#1537,.T.);
#961=FACE_OUTER_BOUND('',#1539,.T.);
#962=FACE_OUTER_BOUND('',#1540,.T.);
#963=FACE_OUTER_BOUND('',#1541,.T.);
#964=FACE_OUTER_BOUND('',#1542,.T.);
#965=FACE_OUTER_BOUND('',#1543,.T.);
#966=FACE_OUTER_BOUND('',#1544,.T.);
#967=FACE_OUTER_BOUND('',#1545,.T.);
#968=FACE_OUTER_BOUND('',#1546,.T.);
#969=FACE_OUTER_BOUND('',#1547,.T.);
#970=FACE_OUTER_BOUND('',#1549,.T.);
#971=FACE_OUTER_BOUND('',#1550,.T.);
#972=FACE_OUTER_BOUND('',#1551,.T.);
#973=FACE_OUTER_BOUND('',#1552,.T.);
#974=FACE_OUTER_BOUND('',#1553,.T.);
#975=FACE_OUTER_BOUND('',#1554,.T.);
#976=FACE_OUTER_BOUND('',#1555,.T.);
#977=FACE_OUTER_BOUND('',#1556,.T.);
#978=FACE_OUTER_BOUND('',#1557,.T.);
#979=FACE_OUTER_BOUND('',#1558,.T.);
#980=FACE_OUTER_BOUND('',#1559,.T.);
#981=FACE_OUTER_BOUND('',#1560,.T.);
#982=FACE_OUTER_BOUND('',#1561,.T.);
#983=FACE_OUTER_BOUND('',#1562,.T.);
#984=FACE_OUTER_BOUND('',#1563,.T.);
#985=FACE_OUTER_BOUND('',#1564,.T.);
#986=FACE_OUTER_BOUND('',#1565,.T.);
#987=FACE_OUTER_BOUND('',#1566,.T.);
#988=FACE_OUTER_BOUND('',#1567,.T.);
#989=FACE_OUTER_BOUND('',#1568,.T.);
#990=FACE_OUTER_BOUND('',#1569,.T.);
#991=FACE_OUTER_BOUND('',#1570,.T.);
#992=FACE_OUTER_BOUND('',#1571,.T.);
#993=FACE_OUTER_BOUND('',#1572,.T.);
#994=FACE_OUTER_BOUND('',#1573,.T.);
#995=FACE_OUTER_BOUND('',#1574,.T.);
#996=FACE_OUTER_BOUND('',#1579,.T.);
#997=FACE_OUTER_BOUND('',#1580,.T.);
#998=FACE_OUTER_BOUND('',#1581,.T.);
#999=FACE_OUTER_BOUND('',#1582,.T.);
#1000=FACE_OUTER_BOUND('',#1583,.T.);
#1001=FACE_OUTER_BOUND('',#1584,.T.);
#1002=FACE_OUTER_BOUND('',#1585,.T.);
#1003=FACE_OUTER_BOUND('',#1586,.T.);
#1004=FACE_OUTER_BOUND('',#1587,.T.);
#1005=FACE_OUTER_BOUND('',#1588,.T.);
#1006=FACE_OUTER_BOUND('',#1589,.T.);
#1007=FACE_OUTER_BOUND('',#1590,.T.);
#1008=FACE_OUTER_BOUND('',#1592,.T.);
#1009=FACE_OUTER_BOUND('',#1593,.T.);
#1010=FACE_OUTER_BOUND('',#1594,.T.);
#1011=FACE_OUTER_BOUND('',#1595,.T.);
#1012=FACE_OUTER_BOUND('',#1598,.T.);
#1013=FACE_OUTER_BOUND('',#1599,.T.);
#1014=FACE_OUTER_BOUND('',#1600,.T.);
#1015=FACE_OUTER_BOUND('',#1601,.T.);
#1016=FACE_OUTER_BOUND('',#1603,.T.);
#1017=FACE_OUTER_BOUND('',#1604,.T.);
#1018=FACE_OUTER_BOUND('',#1605,.T.);
#1019=FACE_OUTER_BOUND('',#1606,.T.);
#1020=FACE_OUTER_BOUND('',#1607,.T.);
#1021=FACE_OUTER_BOUND('',#1608,.T.);
#1022=FACE_OUTER_BOUND('',#1609,.T.);
#1023=FACE_OUTER_BOUND('',#1610,.T.);
#1024=FACE_OUTER_BOUND('',#1611,.T.);
#1025=FACE_OUTER_BOUND('',#1613,.T.);
#1026=FACE_OUTER_BOUND('',#1614,.T.);
#1027=FACE_OUTER_BOUND('',#1615,.T.);
#1028=FACE_OUTER_BOUND('',#1616,.T.);
#1029=FACE_OUTER_BOUND('',#1617,.T.);
#1030=FACE_OUTER_BOUND('',#1618,.T.);
#1031=FACE_OUTER_BOUND('',#1619,.T.);
#1032=FACE_OUTER_BOUND('',#1620,.T.);
#1033=FACE_OUTER_BOUND('',#1621,.T.);
#1034=FACE_OUTER_BOUND('',#1622,.T.);
#1035=FACE_OUTER_BOUND('',#1623,.T.);
#1036=FACE_OUTER_BOUND('',#1624,.T.);
#1037=FACE_OUTER_BOUND('',#1625,.T.);
#1038=FACE_OUTER_BOUND('',#1626,.T.);
#1039=FACE_OUTER_BOUND('',#1627,.T.);
#1040=FACE_OUTER_BOUND('',#1628,.T.);
#1041=FACE_OUTER_BOUND('',#1629,.T.);
#1042=FACE_OUTER_BOUND('',#1630,.T.);
#1043=FACE_OUTER_BOUND('',#1631,.T.);
#1044=FACE_OUTER_BOUND('',#1632,.T.);
#1045=FACE_OUTER_BOUND('',#1633,.T.);
#1046=FACE_OUTER_BOUND('',#1634,.T.);
#1047=EDGE_LOOP('',(#5668,#5669,#5670,#5671));
#1048=EDGE_LOOP('',(#5672));
#1049=EDGE_LOOP('',(#5673));
#1050=EDGE_LOOP('',(#5674,#5675,#5676,#5677,#5678,#5679,#5680,#5681,#5682,
#5683,#5684,#5685));
#1051=EDGE_LOOP('',(#5686));
#1052=EDGE_LOOP('',(#5687));
#1053=EDGE_LOOP('',(#5688,#5689,#5690,#5691));
#1054=EDGE_LOOP('',(#5692));
#1055=EDGE_LOOP('',(#5693));
#1056=EDGE_LOOP('',(#5694,#5695,#5696,#5697,#5698,#5699,#5700,#5701,#5702,
#5703));
#1057=EDGE_LOOP('',(#5704,#5705,#5706,#5707));
#1058=EDGE_LOOP('',(#5708,#5709,#5710,#5711));
#1059=EDGE_LOOP('',(#5712,#5713,#5714,#5715));
#1060=EDGE_LOOP('',(#5716,#5717,#5718,#5719));
#1061=EDGE_LOOP('',(#5720,#5721,#5722,#5723));
#1062=EDGE_LOOP('',(#5724,#5725,#5726,#5727));
#1063=EDGE_LOOP('',(#5728,#5729,#5730,#5731,#5732,#5733,#5734,#5735));
#1064=EDGE_LOOP('',(#5736,#5737,#5738,#5739));
#1065=EDGE_LOOP('',(#5740,#5741,#5742,#5743));
#1066=EDGE_LOOP('',(#5744,#5745,#5746,#5747));
#1067=EDGE_LOOP('',(#5748,#5749,#5750,#5751));
#1068=EDGE_LOOP('',(#5752,#5753,#5754,#5755));
#1069=EDGE_LOOP('',(#5756,#5757,#5758,#5759));
#1070=EDGE_LOOP('',(#5760,#5761,#5762,#5763));
#1071=EDGE_LOOP('',(#5764,#5765,#5766,#5767));
#1072=EDGE_LOOP('',(#5768,#5769,#5770,#5771));
#1073=EDGE_LOOP('',(#5772,#5773,#5774,#5775));
#1074=EDGE_LOOP('',(#5776,#5777,#5778,#5779));
#1075=EDGE_LOOP('',(#5780,#5781,#5782,#5783));
#1076=EDGE_LOOP('',(#5784,#5785,#5786,#5787));
#1077=EDGE_LOOP('',(#5788,#5789,#5790,#5791));
#1078=EDGE_LOOP('',(#5792,#5793,#5794,#5795,#5796,#5797,#5798,#5799,#5800,
#5801));
#1079=EDGE_LOOP('',(#5802,#5803,#5804,#5805));
#1080=EDGE_LOOP('',(#5806,#5807,#5808,#5809));
#1081=EDGE_LOOP('',(#5810,#5811,#5812,#5813,#5814,#5815,#5816,#5817,#5818,
#5819,#5820,#5821));
#1082=EDGE_LOOP('',(#5822,#5823,#5824,#5825));
#1083=EDGE_LOOP('',(#5826,#5827,#5828,#5829));
#1084=EDGE_LOOP('',(#5830,#5831,#5832,#5833));
#1085=EDGE_LOOP('',(#5834,#5835,#5836,#5837));
#1086=EDGE_LOOP('',(#5838,#5839,#5840,#5841));
#1087=EDGE_LOOP('',(#5842,#5843,#5844,#5845));
#1088=EDGE_LOOP('',(#5846,#5847,#5848,#5849));
#1089=EDGE_LOOP('',(#5850,#5851,#5852,#5853));
#1090=EDGE_LOOP('',(#5854,#5855,#5856,#5857));
#1091=EDGE_LOOP('',(#5858,#5859,#5860,#5861));
#1092=EDGE_LOOP('',(#5862,#5863,#5864,#5865));
#1093=EDGE_LOOP('',(#5866,#5867,#5868,#5869));
#1094=EDGE_LOOP('',(#5870,#5871,#5872,#5873));
#1095=EDGE_LOOP('',(#5874));
#1096=EDGE_LOOP('',(#5875,#5876,#5877,#5878));
#1097=EDGE_LOOP('',(#5879,#5880,#5881,#5882,#5883,#5884,#5885,#5886));
#1098=EDGE_LOOP('',(#5887,#5888,#5889,#5890,#5891,#5892,#5893,#5894,#5895,
#5896,#5897,#5898));
#1099=EDGE_LOOP('',(#5899,#5900,#5901,#5902));
#1100=EDGE_LOOP('',(#5903));
#1101=EDGE_LOOP('',(#5904,#5905,#5906,#5907));
#1102=EDGE_LOOP('',(#5908));
#1103=EDGE_LOOP('',(#5909));
#1104=EDGE_LOOP('',(#5910,#5911,#5912,#5913));
#1105=EDGE_LOOP('',(#5914,#5915,#5916,#5917));
#1106=EDGE_LOOP('',(#5918,#5919,#5920,#5921));
#1107=EDGE_LOOP('',(#5922,#5923,#5924,#5925));
#1108=EDGE_LOOP('',(#5926,#5927,#5928,#5929));
#1109=EDGE_LOOP('',(#5930,#5931,#5932,#5933));
#1110=EDGE_LOOP('',(#5934,#5935,#5936,#5937));
#1111=EDGE_LOOP('',(#5938,#5939,#5940,#5941));
#1112=EDGE_LOOP('',(#5942,#5943,#5944,#5945));
#1113=EDGE_LOOP('',(#5946,#5947,#5948,#5949));
#1114=EDGE_LOOP('',(#5950,#5951,#5952,#5953));
#1115=EDGE_LOOP('',(#5954,#5955,#5956,#5957));
#1116=EDGE_LOOP('',(#5958,#5959,#5960,#5961));
#1117=EDGE_LOOP('',(#5962,#5963,#5964,#5965,#5966,#5967,#5968,#5969,#5970,
#5971,#5972,#5973));
#1118=EDGE_LOOP('',(#5974));
#1119=EDGE_LOOP('',(#5975,#5976,#5977,#5978,#5979,#5980,#5981,#5982,#5983,
#5984,#5985,#5986));
#1120=EDGE_LOOP('',(#5987));
#1121=EDGE_LOOP('',(#5988));
#1122=EDGE_LOOP('',(#5989));
#1123=EDGE_LOOP('',(#5990,#5991,#5992,#5993));
#1124=EDGE_LOOP('',(#5994,#5995,#5996,#5997));
#1125=EDGE_LOOP('',(#5998,#5999,#6000,#6001));
#1126=EDGE_LOOP('',(#6002));
#1127=EDGE_LOOP('',(#6003));
#1128=EDGE_LOOP('',(#6004));
#1129=EDGE_LOOP('',(#6005));
#1130=EDGE_LOOP('',(#6006,#6007,#6008,#6009));
#1131=EDGE_LOOP('',(#6010,#6011,#6012,#6013));
#1132=EDGE_LOOP('',(#6014,#6015,#6016,#6017));
#1133=EDGE_LOOP('',(#6018));
#1134=EDGE_LOOP('',(#6019));
#1135=EDGE_LOOP('',(#6020));
#1136=EDGE_LOOP('',(#6021));
#1137=EDGE_LOOP('',(#6022,#6023,#6024,#6025));
#1138=EDGE_LOOP('',(#6026,#6027,#6028,#6029,#6030,#6031,#6032,#6033,#6034,
#6035,#6036,#6037));
#1139=EDGE_LOOP('',(#6038));
#1140=EDGE_LOOP('',(#6039));
#1141=EDGE_LOOP('',(#6040,#6041,#6042,#6043));
#1142=EDGE_LOOP('',(#6044,#6045,#6046,#6047,#6048,#6049,#6050,#6051,#6052,
#6053,#6054,#6055,#6056,#6057,#6058,#6059,#6060,#6061));
#1143=EDGE_LOOP('',(#6062,#6063,#6064,#6065));
#1144=EDGE_LOOP('',(#6066,#6067,#6068,#6069));
#1145=EDGE_LOOP('',(#6070,#6071,#6072,#6073));
#1146=EDGE_LOOP('',(#6074,#6075,#6076,#6077));
#1147=EDGE_LOOP('',(#6078,#6079,#6080,#6081));
#1148=EDGE_LOOP('',(#6082));
#1149=EDGE_LOOP('',(#6083,#6084,#6085,#6086));
#1150=EDGE_LOOP('',(#6087));
#1151=EDGE_LOOP('',(#6088,#6089,#6090,#6091));
#1152=EDGE_LOOP('',(#6092,#6093,#6094,#6095));
#1153=EDGE_LOOP('',(#6096,#6097,#6098,#6099));
#1154=EDGE_LOOP('',(#6100,#6101,#6102,#6103));
#1155=EDGE_LOOP('',(#6104));
#1156=EDGE_LOOP('',(#6105,#6106,#6107,#6108));
#1157=EDGE_LOOP('',(#6109));
#1158=EDGE_LOOP('',(#6110,#6111,#6112,#6113));
#1159=EDGE_LOOP('',(#6114,#6115,#6116,#6117));
#1160=EDGE_LOOP('',(#6118,#6119,#6120,#6121));
#1161=EDGE_LOOP('',(#6122,#6123,#6124,#6125));
#1162=EDGE_LOOP('',(#6126));
#1163=EDGE_LOOP('',(#6127,#6128,#6129,#6130));
#1164=EDGE_LOOP('',(#6131));
#1165=EDGE_LOOP('',(#6132,#6133,#6134,#6135,#6136,#6137,#6138,#6139,#6140,
#6141,#6142,#6143,#6144,#6145,#6146,#6147,#6148,#6149));
#1166=EDGE_LOOP('',(#6150,#6151,#6152,#6153));
#1167=EDGE_LOOP('',(#6154,#6155,#6156,#6157));
#1168=EDGE_LOOP('',(#6158));
#1169=EDGE_LOOP('',(#6159));
#1170=EDGE_LOOP('',(#6160,#6161,#6162,#6163));
#1171=EDGE_LOOP('',(#6164,#6165,#6166,#6167));
#1172=EDGE_LOOP('',(#6168));
#1173=EDGE_LOOP('',(#6169));
#1174=EDGE_LOOP('',(#6170,#6171,#6172,#6173));
#1175=EDGE_LOOP('',(#6174,#6175,#6176,#6177));
#1176=EDGE_LOOP('',(#6178));
#1177=EDGE_LOOP('',(#6179));
#1178=EDGE_LOOP('',(#6180,#6181,#6182,#6183));
#1179=EDGE_LOOP('',(#6184,#6185,#6186,#6187,#6188));
#1180=EDGE_LOOP('',(#6189,#6190,#6191,#6192,#6193,#6194,#6195,#6196));
#1181=EDGE_LOOP('',(#6197));
#1182=EDGE_LOOP('',(#6198,#6199,#6200,#6201));
#1183=EDGE_LOOP('',(#6202,#6203,#6204,#6205,#6206));
#1184=EDGE_LOOP('',(#6207,#6208,#6209,#6210,#6211,#6212,#6213,#6214));
#1185=EDGE_LOOP('',(#6215));
#1186=EDGE_LOOP('',(#6216,#6217,#6218,#6219,#6220));
#1187=EDGE_LOOP('',(#6221,#6222,#6223,#6224));
#1188=EDGE_LOOP('',(#6225,#6226,#6227,#6228,#6229));
#1189=EDGE_LOOP('',(#6230,#6231,#6232,#6233));
#1190=EDGE_LOOP('',(#6234,#6235,#6236,#6237,#6238));
#1191=EDGE_LOOP('',(#6239,#6240,#6241,#6242,#6243,#6244,#6245,#6246,#6247,
#6248,#6249,#6250,#6251,#6252));
#1192=EDGE_LOOP('',(#6253,#6254));
#1193=EDGE_LOOP('',(#6255,#6256,#6257,#6258,#6259,#6260,#6261));
#1194=EDGE_LOOP('',(#6262,#6263,#6264,#6265,#6266));
#1195=EDGE_LOOP('',(#6267,#6268,#6269,#6270));
#1196=EDGE_LOOP('',(#6271,#6272,#6273,#6274,#6275));
#1197=EDGE_LOOP('',(#6276,#6277,#6278,#6279));
#1198=EDGE_LOOP('',(#6280,#6281,#6282,#6283));
#1199=EDGE_LOOP('',(#6284,#6285,#6286,#6287));
#1200=EDGE_LOOP('',(#6288,#6289,#6290,#6291,#6292,#6293));
#1201=EDGE_LOOP('',(#6294));
#1202=EDGE_LOOP('',(#6295));
#1203=EDGE_LOOP('',(#6296,#6297,#6298,#6299));
#1204=EDGE_LOOP('',(#6300,#6301,#6302,#6303));
#1205=EDGE_LOOP('',(#6304,#6305,#6306,#6307));
#1206=EDGE_LOOP('',(#6308,#6309,#6310,#6311));
#1207=EDGE_LOOP('',(#6312,#6313,#6314,#6315));
#1208=EDGE_LOOP('',(#6316,#6317,#6318,#6319,#6320,#6321));
#1209=EDGE_LOOP('',(#6322));
#1210=EDGE_LOOP('',(#6323));
#1211=EDGE_LOOP('',(#6324,#6325,#6326,#6327,#6328,#6329,#6330,#6331));
#1212=EDGE_LOOP('',(#6332));
#1213=EDGE_LOOP('',(#6333,#6334,#6335,#6336,#6337,#6338,#6339));
#1214=EDGE_LOOP('',(#6340,#6341,#6342,#6343));
#1215=EDGE_LOOP('',(#6344,#6345,#6346,#6347,#6348,#6349,#6350));
#1216=EDGE_LOOP('',(#6351,#6352,#6353,#6354,#6355,#6356,#6357,#6358));
#1217=EDGE_LOOP('',(#6359,#6360));
#1218=EDGE_LOOP('',(#6361,#6362,#6363,#6364,#6365,#6366,#6367));
#1219=EDGE_LOOP('',(#6368,#6369,#6370,#6371));
#1220=EDGE_LOOP('',(#6372,#6373,#6374,#6375,#6376,#6377,#6378,#6379));
#1221=EDGE_LOOP('',(#6380));
#1222=EDGE_LOOP('',(#6381,#6382,#6383,#6384));
#1223=EDGE_LOOP('',(#6385,#6386,#6387,#6388,#6389,#6390,#6391,#6392));
#1224=EDGE_LOOP('',(#6393));
#1225=EDGE_LOOP('',(#6394,#6395,#6396,#6397));
#1226=EDGE_LOOP('',(#6398,#6399,#6400,#6401,#6402,#6403,#6404));
#1227=EDGE_LOOP('',(#6405,#6406,#6407,#6408));
#1228=EDGE_LOOP('',(#6409,#6410,#6411,#6412,#6413));
#1229=EDGE_LOOP('',(#6414,#6415,#6416,#6417));
#1230=EDGE_LOOP('',(#6418,#6419,#6420,#6421));
#1231=EDGE_LOOP('',(#6422,#6423,#6424,#6425));
#1232=EDGE_LOOP('',(#6426,#6427,#6428,#6429));
#1233=EDGE_LOOP('',(#6430,#6431,#6432,#6433));
#1234=EDGE_LOOP('',(#6434,#6435,#6436,#6437,#6438,#6439));
#1235=EDGE_LOOP('',(#6440));
#1236=EDGE_LOOP('',(#6441));
#1237=EDGE_LOOP('',(#6442,#6443,#6444,#6445));
#1238=EDGE_LOOP('',(#6446,#6447,#6448,#6449));
#1239=EDGE_LOOP('',(#6450,#6451,#6452,#6453));
#1240=EDGE_LOOP('',(#6454,#6455,#6456,#6457));
#1241=EDGE_LOOP('',(#6458,#6459,#6460,#6461));
#1242=EDGE_LOOP('',(#6462,#6463,#6464,#6465,#6466,#6467));
#1243=EDGE_LOOP('',(#6468));
#1244=EDGE_LOOP('',(#6469));
#1245=EDGE_LOOP('',(#6470,#6471,#6472,#6473));
#1246=EDGE_LOOP('',(#6474));
#1247=EDGE_LOOP('',(#6475));
#1248=EDGE_LOOP('',(#6476,#6477,#6478,#6479,#6480,#6481,#6482,#6483,#6484,
#6485,#6486,#6487,#6488));
#1249=EDGE_LOOP('',(#6489));
#1250=EDGE_LOOP('',(#6490,#6491,#6492,#6493));
#1251=EDGE_LOOP('',(#6494,#6495,#6496,#6497));
#1252=EDGE_LOOP('',(#6498));
#1253=EDGE_LOOP('',(#6499));
#1254=EDGE_LOOP('',(#6500,#6501,#6502,#6503));
#1255=EDGE_LOOP('',(#6504,#6505,#6506,#6507));
#1256=EDGE_LOOP('',(#6508));
#1257=EDGE_LOOP('',(#6509));
#1258=EDGE_LOOP('',(#6510,#6511,#6512,#6513,#6514,#6515,#6516,#6517,#6518,
#6519,#6520,#6521,#6522,#6523));
#1259=EDGE_LOOP('',(#6524));
#1260=EDGE_LOOP('',(#6525,#6526,#6527,#6528));
#1261=EDGE_LOOP('',(#6529,#6530,#6531,#6532));
#1262=EDGE_LOOP('',(#6533,#6534,#6535,#6536));
#1263=EDGE_LOOP('',(#6537,#6538,#6539,#6540));
#1264=EDGE_LOOP('',(#6541,#6542,#6543,#6544));
#1265=EDGE_LOOP('',(#6545,#6546,#6547,#6548));
#1266=EDGE_LOOP('',(#6549,#6550,#6551,#6552));
#1267=EDGE_LOOP('',(#6553,#6554,#6555,#6556));
#1268=EDGE_LOOP('',(#6557,#6558,#6559,#6560));
#1269=EDGE_LOOP('',(#6561,#6562,#6563,#6564));
#1270=EDGE_LOOP('',(#6565,#6566,#6567,#6568));
#1271=EDGE_LOOP('',(#6569,#6570,#6571,#6572));
#1272=EDGE_LOOP('',(#6573,#6574,#6575,#6576));
#1273=EDGE_LOOP('',(#6577,#6578,#6579,#6580,#6581,#6582,#6583,#6584,#6585,
#6586,#6587,#6588,#6589,#6590,#6591,#6592));
#1274=EDGE_LOOP('',(#6593));
#1275=EDGE_LOOP('',(#6594));
#1276=EDGE_LOOP('',(#6595));
#1277=EDGE_LOOP('',(#6596));
#1278=EDGE_LOOP('',(#6597));
#1279=EDGE_LOOP('',(#6598));
#1280=EDGE_LOOP('',(#6599));
#1281=EDGE_LOOP('',(#6600));
#1282=EDGE_LOOP('',(#6601,#6602,#6603));
#1283=EDGE_LOOP('',(#6604,#6605,#6606,#6607));
#1284=EDGE_LOOP('',(#6608,#6609,#6610,#6611));
#1285=EDGE_LOOP('',(#6612,#6613,#6614,#6615,#6616));
#1286=EDGE_LOOP('',(#6617,#6618,#6619));
#1287=EDGE_LOOP('',(#6620,#6621,#6622,#6623));
#1288=EDGE_LOOP('',(#6624,#6625,#6626,#6627));
#1289=EDGE_LOOP('',(#6628,#6629,#6630,#6631,#6632));
#1290=EDGE_LOOP('',(#6633,#6634,#6635,#6636,#6637,#6638,#6639,#6640,#6641,
#6642,#6643,#6644,#6645,#6646,#6647,#6648,#6649,#6650,#6651,#6652,#6653,
#6654,#6655,#6656,#6657,#6658,#6659,#6660,#6661,#6662,#6663,#6664,#6665));
#1291=EDGE_LOOP('',(#6666));
#1292=EDGE_LOOP('',(#6667));
#1293=EDGE_LOOP('',(#6668));
#1294=EDGE_LOOP('',(#6669));
#1295=EDGE_LOOP('',(#6670,#6671,#6672));
#1296=EDGE_LOOP('',(#6673,#6674,#6675,#6676));
#1297=EDGE_LOOP('',(#6677,#6678,#6679,#6680));
#1298=EDGE_LOOP('',(#6681,#6682,#6683,#6684,#6685));
#1299=EDGE_LOOP('',(#6686,#6687,#6688,#6689));
#1300=EDGE_LOOP('',(#6690,#6691,#6692,#6693,#6694,#6695,#6696,#6697,#6698,
#6699,#6700,#6701,#6702,#6703));
#1301=EDGE_LOOP('',(#6704));
#1302=EDGE_LOOP('',(#6705,#6706,#6707,#6708));
#1303=EDGE_LOOP('',(#6709,#6710,#6711,#6712));
#1304=EDGE_LOOP('',(#6713,#6714,#6715,#6716));
#1305=EDGE_LOOP('',(#6717,#6718,#6719,#6720,#6721,#6722,#6723,#6724,#6725,
#6726,#6727));
#1306=EDGE_LOOP('',(#6728,#6729,#6730,#6731));
#1307=EDGE_LOOP('',(#6732,#6733,#6734,#6735));
#1308=EDGE_LOOP('',(#6736,#6737,#6738,#6739));
#1309=EDGE_LOOP('',(#6740,#6741,#6742,#6743,#6744,#6745,#6746,#6747,#6748,
#6749,#6750));
#1310=EDGE_LOOP('',(#6751,#6752,#6753,#6754));
#1311=EDGE_LOOP('',(#6755,#6756,#6757,#6758,#6759,#6760));
#1312=EDGE_LOOP('',(#6761,#6762,#6763,#6764));
#1313=EDGE_LOOP('',(#6765,#6766,#6767,#6768));
#1314=EDGE_LOOP('',(#6769,#6770,#6771,#6772,#6773,#6774));
#1315=EDGE_LOOP('',(#6775,#6776,#6777,#6778,#6779,#6780));
#1316=EDGE_LOOP('',(#6781));
#1317=EDGE_LOOP('',(#6782));
#1318=EDGE_LOOP('',(#6783,#6784,#6785,#6786));
#1319=EDGE_LOOP('',(#6787,#6788,#6789,#6790));
#1320=EDGE_LOOP('',(#6791,#6792,#6793,#6794));
#1321=EDGE_LOOP('',(#6795,#6796,#6797,#6798,#6799,#6800,#6801,#6802));
#1322=EDGE_LOOP('',(#6803,#6804,#6805,#6806));
#1323=EDGE_LOOP('',(#6807,#6808,#6809,#6810,#6811,#6812));
#1324=EDGE_LOOP('',(#6813,#6814,#6815,#6816,#6817,#6818));
#1325=EDGE_LOOP('',(#6819,#6820,#6821,#6822,#6823,#6824,#6825,#6826));
#1326=EDGE_LOOP('',(#6827));
#1327=EDGE_LOOP('',(#6828,#6829,#6830,#6831));
#1328=EDGE_LOOP('',(#6832,#6833,#6834,#6835));
#1329=EDGE_LOOP('',(#6836,#6837,#6838,#6839));
#1330=EDGE_LOOP('',(#6840,#6841,#6842,#6843,#6844,#6845,#6846,#6847));
#1331=EDGE_LOOP('',(#6848,#6849,#6850,#6851));
#1332=EDGE_LOOP('',(#6852));
#1333=EDGE_LOOP('',(#6853,#6854,#6855,#6856));
#1334=EDGE_LOOP('',(#6857));
#1335=EDGE_LOOP('',(#6858));
#1336=EDGE_LOOP('',(#6859,#6860,#6861,#6862,#6863,#6864,#6865,#6866,#6867));
#1337=EDGE_LOOP('',(#6868,#6869,#6870,#6871));
#1338=EDGE_LOOP('',(#6872,#6873,#6874,#6875));
#1339=EDGE_LOOP('',(#6876,#6877,#6878,#6879));
#1340=EDGE_LOOP('',(#6880,#6881,#6882,#6883,#6884,#6885,#6886,#6887,#6888,
#6889));
#1341=EDGE_LOOP('',(#6890,#6891,#6892,#6893));
#1342=EDGE_LOOP('',(#6894,#6895,#6896,#6897,#6898,#6899));
#1343=EDGE_LOOP('',(#6900,#6901,#6902,#6903,#6904,#6905));
#1344=EDGE_LOOP('',(#6906));
#1345=EDGE_LOOP('',(#6907));
#1346=EDGE_LOOP('',(#6908,#6909,#6910,#6911));
#1347=EDGE_LOOP('',(#6912,#6913,#6914,#6915));
#1348=EDGE_LOOP('',(#6916,#6917,#6918,#6919));
#1349=EDGE_LOOP('',(#6920,#6921,#6922,#6923));
#1350=EDGE_LOOP('',(#6924,#6925,#6926,#6927,#6928,#6929));
#1351=EDGE_LOOP('',(#6930,#6931,#6932,#6933));
#1352=EDGE_LOOP('',(#6934,#6935,#6936,#6937,#6938,#6939));
#1353=EDGE_LOOP('',(#6940,#6941,#6942,#6943));
#1354=EDGE_LOOP('',(#6944,#6945,#6946,#6947,#6948,#6949));
#1355=EDGE_LOOP('',(#6950,#6951,#6952,#6953));
#1356=EDGE_LOOP('',(#6954,#6955,#6956,#6957,#6958,#6959));
#1357=EDGE_LOOP('',(#6960,#6961,#6962,#6963));
#1358=EDGE_LOOP('',(#6964));
#1359=EDGE_LOOP('',(#6965));
#1360=EDGE_LOOP('',(#6966,#6967,#6968,#6969));
#1361=EDGE_LOOP('',(#6970,#6971,#6972,#6973));
#1362=EDGE_LOOP('',(#6974,#6975,#6976,#6977));
#1363=EDGE_LOOP('',(#6978));
#1364=EDGE_LOOP('',(#6979));
#1365=EDGE_LOOP('',(#6980,#6981,#6982,#6983));
#1366=EDGE_LOOP('',(#6984,#6985,#6986,#6987));
#1367=EDGE_LOOP('',(#6988));
#1368=EDGE_LOOP('',(#6989));
#1369=EDGE_LOOP('',(#6990,#6991,#6992,#6993,#6994,#6995));
#1370=EDGE_LOOP('',(#6996));
#1371=EDGE_LOOP('',(#6997));
#1372=EDGE_LOOP('',(#6998,#6999,#7000,#7001));
#1373=EDGE_LOOP('',(#7002));
#1374=EDGE_LOOP('',(#7003));
#1375=EDGE_LOOP('',(#7004,#7005,#7006,#7007));
#1376=EDGE_LOOP('',(#7008,#7009,#7010,#7011));
#1377=EDGE_LOOP('',(#7012,#7013,#7014,#7015,#7016,#7017));
#1378=EDGE_LOOP('',(#7018,#7019,#7020,#7021));
#1379=EDGE_LOOP('',(#7022,#7023,#7024,#7025,#7026,#7027));
#1380=EDGE_LOOP('',(#7028,#7029,#7030,#7031));
#1381=EDGE_LOOP('',(#7032,#7033,#7034,#7035));
#1382=EDGE_LOOP('',(#7036,#7037,#7038,#7039));
#1383=EDGE_LOOP('',(#7040,#7041,#7042,#7043));
#1384=EDGE_LOOP('',(#7044,#7045,#7046,#7047));
#1385=EDGE_LOOP('',(#7048,#7049,#7050,#7051));
#1386=EDGE_LOOP('',(#7052,#7053,#7054,#7055));
#1387=EDGE_LOOP('',(#7056,#7057,#7058,#7059));
#1388=EDGE_LOOP('',(#7060,#7061,#7062,#7063));
#1389=EDGE_LOOP('',(#7064,#7065,#7066,#7067));
#1390=EDGE_LOOP('',(#7068,#7069,#7070,#7071));
#1391=EDGE_LOOP('',(#7072,#7073,#7074,#7075));
#1392=EDGE_LOOP('',(#7076,#7077,#7078,#7079));
#1393=EDGE_LOOP('',(#7080,#7081,#7082,#7083));
#1394=EDGE_LOOP('',(#7084,#7085));
#1395=EDGE_LOOP('',(#7086,#7087,#7088,#7089,#7090,#7091,#7092));
#1396=EDGE_LOOP('',(#7093));
#1397=EDGE_LOOP('',(#7094));
#1398=EDGE_LOOP('',(#7095));
#1399=EDGE_LOOP('',(#7096));
#1400=EDGE_LOOP('',(#7097));
#1401=EDGE_LOOP('',(#7098));
#1402=EDGE_LOOP('',(#7099));
#1403=EDGE_LOOP('',(#7100,#7101,#7102,#7103));
#1404=EDGE_LOOP('',(#7104,#7105));
#1405=EDGE_LOOP('',(#7106,#7107,#7108,#7109));
#1406=EDGE_LOOP('',(#7110,#7111));
#1407=EDGE_LOOP('',(#7112,#7113,#7114,#7115));
#1408=EDGE_LOOP('',(#7116,#7117,#7118,#7119));
#1409=EDGE_LOOP('',(#7120,#7121,#7122,#7123));
#1410=EDGE_LOOP('',(#7124,#7125,#7126,#7127,#7128,#7129,#7130,#7131,#7132,
#7133,#7134,#7135,#7136,#7137,#7138,#7139));
#1411=EDGE_LOOP('',(#7140));
#1412=EDGE_LOOP('',(#7141));
#1413=EDGE_LOOP('',(#7142));
#1414=EDGE_LOOP('',(#7143));
#1415=EDGE_LOOP('',(#7144));
#1416=EDGE_LOOP('',(#7145));
#1417=EDGE_LOOP('',(#7146));
#1418=EDGE_LOOP('',(#7147));
#1419=EDGE_LOOP('',(#7148));
#1420=EDGE_LOOP('',(#7149));
#1421=EDGE_LOOP('',(#7150,#7151,#7152,#7153));
#1422=EDGE_LOOP('',(#7154));
#1423=EDGE_LOOP('',(#7155));
#1424=EDGE_LOOP('',(#7156,#7157,#7158,#7159));
#1425=EDGE_LOOP('',(#7160));
#1426=EDGE_LOOP('',(#7161));
#1427=EDGE_LOOP('',(#7162,#7163,#7164,#7165));
#1428=EDGE_LOOP('',(#7166));
#1429=EDGE_LOOP('',(#7167));
#1430=EDGE_LOOP('',(#7168,#7169,#7170,#7171));
#1431=EDGE_LOOP('',(#7172,#7173,#7174,#7175,#7176,#7177));
#1432=EDGE_LOOP('',(#7178,#7179,#7180,#7181,#7182,#7183,#7184,#7185,#7186,
#7187,#7188,#7189,#7190,#7191,#7192,#7193));
#1433=EDGE_LOOP('',(#7194));
#1434=EDGE_LOOP('',(#7195));
#1435=EDGE_LOOP('',(#7196,#7197,#7198,#7199,#7200,#7201));
#1436=EDGE_LOOP('',(#7202,#7203,#7204,#7205,#7206,#7207));
#1437=EDGE_LOOP('',(#7208,#7209,#7210,#7211));
#1438=EDGE_LOOP('',(#7212,#7213,#7214,#7215,#7216));
#1439=EDGE_LOOP('',(#7217,#7218,#7219,#7220));
#1440=EDGE_LOOP('',(#7221,#7222,#7223,#7224));
#1441=EDGE_LOOP('',(#7225,#7226,#7227,#7228,#7229,#7230));
#1442=EDGE_LOOP('',(#7231,#7232,#7233,#7234));
#1443=EDGE_LOOP('',(#7235,#7236,#7237,#7238));
#1444=EDGE_LOOP('',(#7239,#7240,#7241,#7242));
#1445=EDGE_LOOP('',(#7243,#7244,#7245,#7246));
#1446=EDGE_LOOP('',(#7247,#7248,#7249,#7250));
#1447=EDGE_LOOP('',(#7251,#7252,#7253,#7254));
#1448=EDGE_LOOP('',(#7255,#7256,#7257,#7258,#7259));
#1449=EDGE_LOOP('',(#7260,#7261,#7262,#7263));
#1450=EDGE_LOOP('',(#7264,#7265,#7266,#7267));
#1451=EDGE_LOOP('',(#7268,#7269,#7270,#7271,#7272,#7273,#7274,#7275));
#1452=EDGE_LOOP('',(#7276,#7277,#7278,#7279,#7280,#7281));
#1453=EDGE_LOOP('',(#7282));
#1454=EDGE_LOOP('',(#7283,#7284,#7285,#7286));
#1455=EDGE_LOOP('',(#7287,#7288,#7289,#7290));
#1456=EDGE_LOOP('',(#7291,#7292,#7293,#7294));
#1457=EDGE_LOOP('',(#7295,#7296,#7297,#7298,#7299,#7300,#7301,#7302,#7303,
#7304,#7305,#7306,#7307,#7308));
#1458=EDGE_LOOP('',(#7309));
#1459=EDGE_LOOP('',(#7310));
#1460=EDGE_LOOP('',(#7311,#7312,#7313,#7314,#7315,#7316,#7317));
#1461=EDGE_LOOP('',(#7318,#7319,#7320,#7321));
#1462=EDGE_LOOP('',(#7322,#7323,#7324,#7325));
#1463=EDGE_LOOP('',(#7326,#7327,#7328,#7329,#7330,#7331,#7332,#7333,#7334,
#7335,#7336,#7337,#7338,#7339,#7340,#7341,#7342,#7343,#7344,#7345,#7346,
#7347,#7348,#7349,#7350));
#1464=EDGE_LOOP('',(#7351));
#1465=EDGE_LOOP('',(#7352,#7353,#7354,#7355));
#1466=EDGE_LOOP('',(#7356,#7357,#7358,#7359,#7360));
#1467=EDGE_LOOP('',(#7361,#7362,#7363,#7364,#7365,#7366));
#1468=EDGE_LOOP('',(#7367,#7368,#7369,#7370));
#1469=EDGE_LOOP('',(#7371,#7372,#7373,#7374));
#1470=EDGE_LOOP('',(#7375,#7376,#7377,#7378));
#1471=EDGE_LOOP('',(#7379,#7380,#7381,#7382));
#1472=EDGE_LOOP('',(#7383,#7384,#7385,#7386));
#1473=EDGE_LOOP('',(#7387,#7388,#7389,#7390,#7391,#7392,#7393,#7394,#7395,
#7396,#7397,#7398,#7399));
#1474=EDGE_LOOP('',(#7400));
#1475=EDGE_LOOP('',(#7401,#7402,#7403,#7404,#7405,#7406));
#1476=EDGE_LOOP('',(#7407,#7408,#7409,#7410));
#1477=EDGE_LOOP('',(#7411,#7412,#7413,#7414));
#1478=EDGE_LOOP('',(#7415,#7416,#7417,#7418,#7419,#7420));
#1479=EDGE_LOOP('',(#7421,#7422,#7423,#7424,#7425,#7426));
#1480=EDGE_LOOP('',(#7427,#7428,#7429,#7430,#7431,#7432));
#1481=EDGE_LOOP('',(#7433,#7434,#7435,#7436));
#1482=EDGE_LOOP('',(#7437,#7438,#7439,#7440));
#1483=EDGE_LOOP('',(#7441,#7442,#7443,#7444));
#1484=EDGE_LOOP('',(#7445,#7446,#7447,#7448));
#1485=EDGE_LOOP('',(#7449,#7450,#7451,#7452));
#1486=EDGE_LOOP('',(#7453,#7454,#7455,#7456,#7457,#7458));
#1487=EDGE_LOOP('',(#7459,#7460,#7461,#7462));
#1488=EDGE_LOOP('',(#7463,#7464,#7465,#7466));
#1489=EDGE_LOOP('',(#7467,#7468,#7469,#7470,#7471,#7472));
#1490=EDGE_LOOP('',(#7473,#7474,#7475,#7476));
#1491=EDGE_LOOP('',(#7477,#7478,#7479,#7480,#7481,#7482));
#1492=EDGE_LOOP('',(#7483,#7484,#7485,#7486));
#1493=EDGE_LOOP('',(#7487,#7488,#7489,#7490));
#1494=EDGE_LOOP('',(#7491));
#1495=EDGE_LOOP('',(#7492));
#1496=EDGE_LOOP('',(#7493));
#1497=EDGE_LOOP('',(#7494,#7495,#7496,#7497));
#1498=EDGE_LOOP('',(#7498));
#1499=EDGE_LOOP('',(#7499));
#1500=EDGE_LOOP('',(#7500,#7501,#7502,#7503));
#1501=EDGE_LOOP('',(#7504));
#1502=EDGE_LOOP('',(#7505));
#1503=EDGE_LOOP('',(#7506,#7507,#7508,#7509));
#1504=EDGE_LOOP('',(#7510));
#1505=EDGE_LOOP('',(#7511));
#1506=EDGE_LOOP('',(#7512,#7513,#7514,#7515));
#1507=EDGE_LOOP('',(#7516,#7517,#7518,#7519));
#1508=EDGE_LOOP('',(#7520,#7521,#7522,#7523));
#1509=EDGE_LOOP('',(#7524,#7525,#7526,#7527,#7528,#7529));
#1510=EDGE_LOOP('',(#7530,#7531,#7532,#7533,#7534,#7535,#7536,#7537,#7538,
#7539,#7540,#7541,#7542,#7543,#7544,#7545,#7546));
#1511=EDGE_LOOP('',(#7547,#7548,#7549,#7550,#7551,#7552));
#1512=EDGE_LOOP('',(#7553,#7554,#7555,#7556,#7557,#7558));
#1513=EDGE_LOOP('',(#7559));
#1514=EDGE_LOOP('',(#7560));
#1515=EDGE_LOOP('',(#7561,#7562,#7563,#7564,#7565));
#1516=EDGE_LOOP('',(#7566,#7567,#7568,#7569));
#1517=EDGE_LOOP('',(#7570,#7571,#7572,#7573));
#1518=EDGE_LOOP('',(#7574,#7575,#7576,#7577));
#1519=EDGE_LOOP('',(#7578,#7579,#7580,#7581));
#1520=EDGE_LOOP('',(#7582,#7583,#7584,#7585));
#1521=EDGE_LOOP('',(#7586,#7587,#7588,#7589));
#1522=EDGE_LOOP('',(#7590,#7591,#7592,#7593,#7594));
#1523=EDGE_LOOP('',(#7595,#7596,#7597,#7598));
#1524=EDGE_LOOP('',(#7599,#7600,#7601,#7602));
#1525=EDGE_LOOP('',(#7603,#7604,#7605,#7606,#7607,#7608,#7609,#7610));
#1526=EDGE_LOOP('',(#7611,#7612,#7613,#7614,#7615,#7616));
#1527=EDGE_LOOP('',(#7617));
#1528=EDGE_LOOP('',(#7618,#7619,#7620,#7621));
#1529=EDGE_LOOP('',(#7622,#7623,#7624,#7625));
#1530=EDGE_LOOP('',(#7626,#7627,#7628,#7629));
#1531=EDGE_LOOP('',(#7630,#7631,#7632,#7633,#7634,#7635,#7636,#7637,#7638,
#7639,#7640,#7641,#7642,#7643));
#1532=EDGE_LOOP('',(#7644));
#1533=EDGE_LOOP('',(#7645));
#1534=EDGE_LOOP('',(#7646,#7647,#7648,#7649,#7650,#7651,#7652));
#1535=EDGE_LOOP('',(#7653,#7654,#7655,#7656));
#1536=EDGE_LOOP('',(#7657,#7658,#7659,#7660));
#1537=EDGE_LOOP('',(#7661,#7662,#7663,#7664,#7665,#7666,#7667,#7668,#7669,
#7670,#7671,#7672,#7673,#7674,#7675,#7676,#7677,#7678,#7679,#7680,#7681,
#7682,#7683,#7684,#7685));
#1538=EDGE_LOOP('',(#7686));
#1539=EDGE_LOOP('',(#7687,#7688,#7689,#7690));
#1540=EDGE_LOOP('',(#7691,#7692,#7693,#7694,#7695));
#1541=EDGE_LOOP('',(#7696,#7697,#7698,#7699,#7700,#7701));
#1542=EDGE_LOOP('',(#7702,#7703,#7704,#7705));
#1543=EDGE_LOOP('',(#7706,#7707,#7708,#7709));
#1544=EDGE_LOOP('',(#7710,#7711,#7712,#7713));
#1545=EDGE_LOOP('',(#7714,#7715,#7716,#7717));
#1546=EDGE_LOOP('',(#7718,#7719,#7720,#7721));
#1547=EDGE_LOOP('',(#7722,#7723,#7724,#7725,#7726,#7727,#7728,#7729,#7730,
#7731,#7732,#7733));
#1548=EDGE_LOOP('',(#7734));
#1549=EDGE_LOOP('',(#7735,#7736,#7737,#7738,#7739,#7740));
#1550=EDGE_LOOP('',(#7741,#7742,#7743,#7744,#7745,#7746));
#1551=EDGE_LOOP('',(#7747,#7748,#7749,#7750));
#1552=EDGE_LOOP('',(#7751,#7752,#7753,#7754));
#1553=EDGE_LOOP('',(#7755,#7756,#7757,#7758));
#1554=EDGE_LOOP('',(#7759,#7760,#7761,#7762,#7763,#7764));
#1555=EDGE_LOOP('',(#7765,#7766,#7767,#7768,#7769,#7770));
#1556=EDGE_LOOP('',(#7771,#7772,#7773,#7774,#7775,#7776));
#1557=EDGE_LOOP('',(#7777,#7778,#7779,#7780));
#1558=EDGE_LOOP('',(#7781,#7782,#7783,#7784));
#1559=EDGE_LOOP('',(#7785,#7786,#7787,#7788));
#1560=EDGE_LOOP('',(#7789,#7790,#7791,#7792));
#1561=EDGE_LOOP('',(#7793,#7794,#7795,#7796));
#1562=EDGE_LOOP('',(#7797,#7798,#7799,#7800,#7801,#7802));
#1563=EDGE_LOOP('',(#7803,#7804,#7805,#7806));
#1564=EDGE_LOOP('',(#7807,#7808,#7809,#7810));
#1565=EDGE_LOOP('',(#7811,#7812,#7813,#7814,#7815,#7816));
#1566=EDGE_LOOP('',(#7817,#7818,#7819,#7820));
#1567=EDGE_LOOP('',(#7821,#7822,#7823,#7824,#7825,#7826));
#1568=EDGE_LOOP('',(#7827,#7828,#7829,#7830));
#1569=EDGE_LOOP('',(#7831,#7832,#7833,#7834));
#1570=EDGE_LOOP('',(#7835));
#1571=EDGE_LOOP('',(#7836,#7837,#7838,#7839));
#1572=EDGE_LOOP('',(#7840,#7841,#7842,#7843));
#1573=EDGE_LOOP('',(#7844,#7845,#7846,#7847,#7848,#7849));
#1574=EDGE_LOOP('',(#7850,#7851,#7852,#7853,#7854,#7855,#7856,#7857,#7858,
#7859,#7860,#7861,#7862,#7863,#7864,#7865,#7866));
#1575=EDGE_LOOP('',(#7867,#7868,#7869,#7870,#7871,#7872));
#1576=EDGE_LOOP('',(#7873,#7874,#7875,#7876,#7877,#7878));
#1577=EDGE_LOOP('',(#7879));
#1578=EDGE_LOOP('',(#7880));
#1579=EDGE_LOOP('',(#7881,#7882,#7883,#7884,#7885));
#1580=EDGE_LOOP('',(#7886,#7887,#7888,#7889));
#1581=EDGE_LOOP('',(#7890,#7891,#7892,#7893));
#1582=EDGE_LOOP('',(#7894,#7895,#7896,#7897));
#1583=EDGE_LOOP('',(#7898,#7899,#7900,#7901));
#1584=EDGE_LOOP('',(#7902,#7903,#7904,#7905));
#1585=EDGE_LOOP('',(#7906,#7907,#7908,#7909));
#1586=EDGE_LOOP('',(#7910,#7911,#7912,#7913,#7914));
#1587=EDGE_LOOP('',(#7915,#7916,#7917,#7918));
#1588=EDGE_LOOP('',(#7919,#7920,#7921,#7922));
#1589=EDGE_LOOP('',(#7923,#7924,#7925,#7926,#7927,#7928,#7929,#7930));
#1590=EDGE_LOOP('',(#7931,#7932,#7933,#7934,#7935,#7936));
#1591=EDGE_LOOP('',(#7937));
#1592=EDGE_LOOP('',(#7938,#7939,#7940,#7941));
#1593=EDGE_LOOP('',(#7942,#7943,#7944,#7945));
#1594=EDGE_LOOP('',(#7946,#7947,#7948,#7949));
#1595=EDGE_LOOP('',(#7950,#7951,#7952,#7953,#7954,#7955,#7956,#7957,#7958,
#7959,#7960,#7961,#7962,#7963));
#1596=EDGE_LOOP('',(#7964));
#1597=EDGE_LOOP('',(#7965));
#1598=EDGE_LOOP('',(#7966,#7967,#7968,#7969,#7970,#7971,#7972));
#1599=EDGE_LOOP('',(#7973,#7974,#7975,#7976));
#1600=EDGE_LOOP('',(#7977,#7978,#7979,#7980));
#1601=EDGE_LOOP('',(#7981,#7982,#7983,#7984,#7985,#7986,#7987,#7988,#7989,
#7990,#7991,#7992,#7993,#7994,#7995,#7996,#7997,#7998,#7999,#8000,#8001,
#8002,#8003,#8004,#8005));
#1602=EDGE_LOOP('',(#8006));
#1603=EDGE_LOOP('',(#8007,#8008,#8009,#8010));
#1604=EDGE_LOOP('',(#8011,#8012,#8013,#8014,#8015));
#1605=EDGE_LOOP('',(#8016,#8017,#8018,#8019,#8020,#8021));
#1606=EDGE_LOOP('',(#8022,#8023,#8024,#8025));
#1607=EDGE_LOOP('',(#8026,#8027,#8028,#8029));
#1608=EDGE_LOOP('',(#8030,#8031,#8032,#8033));
#1609=EDGE_LOOP('',(#8034,#8035,#8036,#8037));
#1610=EDGE_LOOP('',(#8038,#8039,#8040,#8041));
#1611=EDGE_LOOP('',(#8042,#8043,#8044,#8045,#8046,#8047,#8048,#8049,#8050,
#8051,#8052,#8053));
#1612=EDGE_LOOP('',(#8054));
#1613=EDGE_LOOP('',(#8055,#8056,#8057,#8058,#8059,#8060));
#1614=EDGE_LOOP('',(#8061,#8062,#8063,#8064,#8065,#8066));
#1615=EDGE_LOOP('',(#8067,#8068,#8069,#8070));
#1616=EDGE_LOOP('',(#8071,#8072,#8073,#8074));
#1617=EDGE_LOOP('',(#8075,#8076,#8077,#8078));
#1618=EDGE_LOOP('',(#8079,#8080,#8081,#8082,#8083,#8084));
#1619=EDGE_LOOP('',(#8085,#8086,#8087,#8088,#8089,#8090));
#1620=EDGE_LOOP('',(#8091,#8092,#8093,#8094,#8095,#8096));
#1621=EDGE_LOOP('',(#8097,#8098,#8099,#8100));
#1622=EDGE_LOOP('',(#8101,#8102,#8103,#8104));
#1623=EDGE_LOOP('',(#8105,#8106,#8107,#8108));
#1624=EDGE_LOOP('',(#8109,#8110,#8111,#8112));
#1625=EDGE_LOOP('',(#8113,#8114,#8115,#8116));
#1626=EDGE_LOOP('',(#8117,#8118,#8119,#8120,#8121,#8122));
#1627=EDGE_LOOP('',(#8123,#8124,#8125,#8126));
#1628=EDGE_LOOP('',(#8127,#8128,#8129,#8130));
#1629=EDGE_LOOP('',(#8131,#8132,#8133,#8134,#8135,#8136));
#1630=EDGE_LOOP('',(#8137,#8138,#8139,#8140));
#1631=EDGE_LOOP('',(#8141,#8142,#8143,#8144,#8145,#8146));
#1632=EDGE_LOOP('',(#8147,#8148,#8149,#8150));
#1633=EDGE_LOOP('',(#8151,#8152,#8153,#8154));
#1634=EDGE_LOOP('',(#8155));
#1635=LINE('',#12393,#2437);
#1636=LINE('',#12402,#2438);
#1637=LINE('',#12406,#2439);
#1638=LINE('',#12410,#2440);
#1639=LINE('',#12415,#2441);
#1640=LINE('',#12423,#2442);
#1641=LINE('',#12427,#2443);
#1642=LINE('',#12429,#2444);
#1643=LINE('',#12431,#2445);
#1644=LINE('',#12433,#2446);
#1645=LINE('',#12435,#2447);
#1646=LINE('',#12440,#2448);
#1647=LINE('',#12443,#2449);
#1648=LINE('',#12444,#2450);
#1649=LINE('',#12447,#2451);
#1650=LINE('',#12448,#2452);
#1651=LINE('',#12451,#2453);
#1652=LINE('',#12453,#2454);
#1653=LINE('',#12454,#2455);
#1654=LINE('',#12458,#2456);
#1655=LINE('',#12460,#2457);
#1656=LINE('',#12462,#2458);
#1657=LINE('',#12463,#2459);
#1658=LINE('',#12467,#2460);
#1659=LINE('',#12469,#2461);
#1660=LINE('',#12471,#2462);
#1661=LINE('',#12472,#2463);
#1662=LINE('',#12476,#2464);
#1663=LINE('',#12478,#2465);
#1664=LINE('',#12480,#2466);
#1665=LINE('',#12481,#2467);
#1666=LINE('',#12486,#2468);
#1667=LINE('',#12488,#2469);
#1668=LINE('',#12489,#2470);
#1669=LINE('',#12492,#2471);
#1670=LINE('',#12497,#2472);
#1671=LINE('',#12500,#2473);
#1672=LINE('',#12504,#2474);
#1673=LINE('',#12508,#2475);
#1674=LINE('',#12512,#2476);
#1675=LINE('',#12517,#2477);
#1676=LINE('',#12521,#2478);
#1677=LINE('',#12524,#2479);
#1678=LINE('',#12529,#2480);
#1679=LINE('',#12533,#2481);
#1680=LINE('',#12537,#2482);
#1681=LINE('',#12539,#2483);
#1682=LINE('',#12542,#2484);
#1683=LINE('',#12543,#2485);
#1684=LINE('',#12545,#2486);
#1685=LINE('',#12547,#2487);
#1686=LINE('',#12550,#2488);
#1687=LINE('',#12552,#2489);
#1688=LINE('',#12554,#2490);
#1689=LINE('',#12555,#2491);
#1690=LINE('',#12558,#2492);
#1691=LINE('',#12559,#2493);
#1692=LINE('',#12565,#2494);
#1693=LINE('',#12566,#2495);
#1694=LINE('',#12569,#2496);
#1695=LINE('',#12570,#2497);
#1696=LINE('',#12573,#2498);
#1697=LINE('',#12574,#2499);
#1698=LINE('',#12579,#2500);
#1699=LINE('',#12582,#2501);
#1700=LINE('',#12588,#2502);
#1701=LINE('',#12592,#2503);
#1702=LINE('',#12597,#2504);
#1703=LINE('',#12601,#2505);
#1704=LINE('',#12604,#2506);
#1705=LINE('',#12608,#2507);
#1706=LINE('',#12610,#2508);
#1707=LINE('',#12613,#2509);
#1708=LINE('',#12617,#2510);
#1709=LINE('',#12621,#2511);
#1710=LINE('',#12624,#2512);
#1711=LINE('',#12626,#2513);
#1712=LINE('',#12628,#2514);
#1713=LINE('',#12629,#2515);
#1714=LINE('',#12631,#2516);
#1715=LINE('',#12637,#2517);
#1716=LINE('',#12647,#2518);
#1717=LINE('',#12652,#2519);
#1718=LINE('',#12658,#2520);
#1719=LINE('',#12661,#2521);
#1720=LINE('',#12664,#2522);
#1721=LINE('',#12666,#2523);
#1722=LINE('',#12667,#2524);
#1723=LINE('',#12670,#2525);
#1724=LINE('',#12672,#2526);
#1725=LINE('',#12673,#2527);
#1726=LINE('',#12679,#2528);
#1727=LINE('',#12682,#2529);
#1728=LINE('',#12684,#2530);
#1729=LINE('',#12685,#2531);
#1730=LINE('',#12688,#2532);
#1731=LINE('',#12690,#2533);
#1732=LINE('',#12691,#2534);
#1733=LINE('',#12697,#2535);
#1734=LINE('',#12700,#2536);
#1735=LINE('',#12702,#2537);
#1736=LINE('',#12703,#2538);
#1737=LINE('',#12706,#2539);
#1738=LINE('',#12708,#2540);
#1739=LINE('',#12709,#2541);
#1740=LINE('',#12715,#2542);
#1741=LINE('',#12718,#2543);
#1742=LINE('',#12720,#2544);
#1743=LINE('',#12721,#2545);
#1744=LINE('',#12723,#2546);
#1745=LINE('',#12724,#2547);
#1746=LINE('',#12735,#2548);
#1747=LINE('',#12739,#2549);
#1748=LINE('',#12749,#2550);
#1749=LINE('',#12753,#2551);
#1750=LINE('',#12763,#2552);
#1751=LINE('',#12767,#2553);
#1752=LINE('',#12768,#2554);
#1753=LINE('',#12783,#2555);
#1754=LINE('',#12785,#2556);
#1755=LINE('',#12787,#2557);
#1756=LINE('',#12788,#2558);
#1757=LINE('',#12791,#2559);
#1758=LINE('',#12793,#2560);
#1759=LINE('',#12795,#2561);
#1760=LINE('',#12797,#2562);
#1761=LINE('',#12799,#2563);
#1762=LINE('',#12801,#2564);
#1763=LINE('',#12803,#2565);
#1764=LINE('',#12805,#2566);
#1765=LINE('',#12807,#2567);
#1766=LINE('',#12809,#2568);
#1767=LINE('',#12811,#2569);
#1768=LINE('',#12813,#2570);
#1769=LINE('',#12815,#2571);
#1770=LINE('',#12817,#2572);
#1771=LINE('',#12819,#2573);
#1772=LINE('',#12821,#2574);
#1773=LINE('',#12822,#2575);
#1774=LINE('',#12826,#2576);
#1775=LINE('',#12827,#2577);
#1776=LINE('',#12828,#2578);
#1777=LINE('',#12832,#2579);
#1778=LINE('',#12833,#2580);
#1779=LINE('',#12834,#2581);
#1780=LINE('',#12839,#2582);
#1781=LINE('',#12845,#2583);
#1782=LINE('',#12849,#2584);
#1783=LINE('',#12850,#2585);
#1784=LINE('',#12853,#2586);
#1785=LINE('',#12854,#2587);
#1786=LINE('',#12857,#2588);
#1787=LINE('',#12858,#2589);
#1788=LINE('',#12863,#2590);
#1789=LINE('',#12869,#2591);
#1790=LINE('',#12873,#2592);
#1791=LINE('',#12874,#2593);
#1792=LINE('',#12877,#2594);
#1793=LINE('',#12878,#2595);
#1794=LINE('',#12881,#2596);
#1795=LINE('',#12882,#2597);
#1796=LINE('',#12887,#2598);
#1797=LINE('',#12893,#2599);
#1798=LINE('',#12897,#2600);
#1799=LINE('',#12898,#2601);
#1800=LINE('',#12901,#2602);
#1801=LINE('',#12902,#2603);
#1802=LINE('',#12905,#2604);
#1803=LINE('',#12907,#2605);
#1804=LINE('',#12908,#2606);
#1805=LINE('',#12910,#2607);
#1806=LINE('',#12911,#2608);
#1807=LINE('',#12913,#2609);
#1808=LINE('',#12914,#2610);
#1809=LINE('',#12916,#2611);
#1810=LINE('',#12919,#2612);
#1811=LINE('',#12922,#2613);
#1812=LINE('',#12924,#2614);
#1813=LINE('',#12932,#2615);
#1814=LINE('',#12934,#2616);
#1815=LINE('',#12937,#2617);
#1816=LINE('',#12940,#2618);
#1817=LINE('',#12944,#2619);
#1818=LINE('',#12948,#2620);
#1819=LINE('',#12951,#2621);
#1820=LINE('',#12956,#2622);
#1821=LINE('',#12957,#2623);
#1822=LINE('',#12964,#2624);
#1823=LINE('',#12965,#2625);
#1824=LINE('',#12970,#2626);
#1825=LINE('',#12974,#2627);
#1826=LINE('',#12980,#2628);
#1827=LINE('',#12981,#2629);
#1828=LINE('',#12985,#2630);
#1829=LINE('',#12987,#2631);
#1830=LINE('',#12988,#2632);
#1831=LINE('',#12990,#2633);
#1832=LINE('',#12992,#2634);
#1833=LINE('',#12996,#2635);
#1834=LINE('',#13024,#2636);
#1835=LINE('',#13099,#2637);
#1836=LINE('',#13101,#2638);
#1837=LINE('',#13108,#2639);
#1838=LINE('',#13115,#2640);
#1839=LINE('',#13118,#2641);
#1840=LINE('',#13121,#2642);
#1841=LINE('',#13123,#2643);
#1842=LINE('',#13124,#2644);
#1843=LINE('',#13127,#2645);
#1844=LINE('',#13131,#2646);
#1845=LINE('',#13139,#2647);
#1846=LINE('',#13140,#2648);
#1847=LINE('',#13143,#2649);
#1848=LINE('',#13144,#2650);
#1849=LINE('',#13148,#2651);
#1850=LINE('',#13150,#2652);
#1851=LINE('',#13157,#2653);
#1852=LINE('',#13183,#2654);
#1853=LINE('',#13252,#2655);
#1854=LINE('',#13256,#2656);
#1855=LINE('',#13260,#2657);
#1856=LINE('',#13273,#2658);
#1857=LINE('',#13274,#2659);
#1858=LINE('',#13288,#2660);
#1859=LINE('',#13292,#2661);
#1860=LINE('',#13367,#2662);
#1861=LINE('',#13371,#2663);
#1862=LINE('',#13374,#2664);
#1863=LINE('',#13377,#2665);
#1864=LINE('',#13378,#2666);
#1865=LINE('',#13380,#2667);
#1866=LINE('',#13382,#2668);
#1867=LINE('',#13387,#2669);
#1868=LINE('',#13390,#2670);
#1869=LINE('',#13393,#2671);
#1870=LINE('',#13394,#2672);
#1871=LINE('',#13398,#2673);
#1872=LINE('',#13400,#2674);
#1873=LINE('',#13402,#2675);
#1874=LINE('',#13404,#2676);
#1875=LINE('',#13411,#2677);
#1876=LINE('',#13418,#2678);
#1877=LINE('',#13421,#2679);
#1878=LINE('',#13424,#2680);
#1879=LINE('',#13426,#2681);
#1880=LINE('',#13427,#2682);
#1881=LINE('',#13430,#2683);
#1882=LINE('',#13434,#2684);
#1883=LINE('',#13442,#2685);
#1884=LINE('',#13443,#2686);
#1885=LINE('',#13446,#2687);
#1886=LINE('',#13447,#2688);
#1887=LINE('',#13451,#2689);
#1888=LINE('',#13453,#2690);
#1889=LINE('',#13460,#2691);
#1890=LINE('',#13462,#2692);
#1891=LINE('',#13464,#2693);
#1892=LINE('',#13465,#2694);
#1893=LINE('',#13472,#2695);
#1894=LINE('',#13474,#2696);
#1895=LINE('',#13476,#2697);
#1896=LINE('',#13478,#2698);
#1897=LINE('',#13480,#2699);
#1898=LINE('',#13482,#2700);
#1899=LINE('',#13488,#2701);
#1900=LINE('',#13490,#2702);
#1901=LINE('',#13492,#2703);
#1902=LINE('',#13493,#2704);
#1903=LINE('',#13498,#2705);
#1904=LINE('',#13499,#2706);
#1905=LINE('',#13503,#2707);
#1906=LINE('',#13505,#2708);
#1907=LINE('',#13507,#2709);
#1908=LINE('',#13508,#2710);
#1909=LINE('',#13515,#2711);
#1910=LINE('',#13517,#2712);
#1911=LINE('',#13518,#2713);
#1912=LINE('',#13522,#2714);
#1913=LINE('',#13524,#2715);
#1914=LINE('',#13526,#2716);
#1915=LINE('',#13527,#2717);
#1916=LINE('',#13534,#2718);
#1917=LINE('',#13536,#2719);
#1918=LINE('',#13538,#2720);
#1919=LINE('',#13540,#2721);
#1920=LINE('',#13542,#2722);
#1921=LINE('',#13544,#2723);
#1922=LINE('',#13546,#2724);
#1923=LINE('',#13548,#2725);
#1924=LINE('',#13552,#2726);
#1925=LINE('',#13554,#2727);
#1926=LINE('',#13556,#2728);
#1927=LINE('',#13557,#2729);
#1928=LINE('',#13562,#2730);
#1929=LINE('',#13563,#2731);
#1930=LINE('',#13569,#2732);
#1931=LINE('',#13572,#2733);
#1932=LINE('',#13578,#2734);
#1933=LINE('',#13581,#2735);
#1934=LINE('',#13587,#2736);
#1935=LINE('',#13590,#2737);
#1936=LINE('',#13596,#2738);
#1937=LINE('',#13599,#2739);
#1938=LINE('',#13605,#2740);
#1939=LINE('',#13608,#2741);
#1940=LINE('',#13614,#2742);
#1941=LINE('',#13617,#2743);
#1942=LINE('',#13623,#2744);
#1943=LINE('',#13626,#2745);
#1944=LINE('',#13632,#2746);
#1945=LINE('',#13635,#2747);
#1946=LINE('',#13641,#2748);
#1947=LINE('',#13644,#2749);
#1948=LINE('',#13649,#2750);
#1949=LINE('',#13650,#2751);
#1950=LINE('',#13655,#2752);
#1951=LINE('',#13656,#2753);
#1952=LINE('',#13661,#2754);
#1953=LINE('',#13662,#2755);
#1954=LINE('',#13666,#2756);
#1955=LINE('',#13667,#2757);
#1956=LINE('',#13669,#2758);
#1957=LINE('',#13672,#2759);
#1958=LINE('',#13673,#2760);
#1959=LINE('',#13674,#2761);
#1960=LINE('',#13675,#2762);
#1961=LINE('',#13694,#2763);
#1962=LINE('',#13696,#2764);
#1963=LINE('',#13697,#2765);
#1964=LINE('',#13701,#2766);
#1965=LINE('',#13703,#2767);
#1966=LINE('',#13705,#2768);
#1967=LINE('',#13706,#2769);
#1968=LINE('',#13709,#2770);
#1969=LINE('',#13711,#2771);
#1970=LINE('',#13712,#2772);
#1971=LINE('',#13714,#2773);
#1972=LINE('',#13715,#2774);
#1973=LINE('',#13719,#2775);
#1974=LINE('',#13721,#2776);
#1975=LINE('',#13722,#2777);
#1976=LINE('',#13725,#2778);
#1977=LINE('',#13727,#2779);
#1978=LINE('',#13728,#2780);
#1979=LINE('',#13730,#2781);
#1980=LINE('',#13731,#2782);
#1981=LINE('',#13733,#2783);
#1982=LINE('',#13736,#2784);
#1983=LINE('',#13738,#2785);
#1984=LINE('',#13740,#2786);
#1985=LINE('',#13742,#2787);
#1986=LINE('',#13744,#2788);
#1987=LINE('',#13745,#2789);
#1988=LINE('',#13746,#2790);
#1989=LINE('',#13748,#2791);
#1990=LINE('',#13750,#2792);
#1991=LINE('',#13752,#2793);
#1992=LINE('',#13754,#2794);
#1993=LINE('',#13756,#2795);
#1994=LINE('',#13757,#2796);
#1995=LINE('',#13759,#2797);
#1996=LINE('',#13761,#2798);
#1997=LINE('',#13763,#2799);
#1998=LINE('',#13765,#2800);
#1999=LINE('',#13767,#2801);
#2000=LINE('',#13769,#2802);
#2001=LINE('',#13771,#2803);
#2002=LINE('',#13772,#2804);
#2003=LINE('',#13774,#2805);
#2004=LINE('',#13775,#2806);
#2005=LINE('',#13786,#2807);
#2006=LINE('',#13788,#2808);
#2007=LINE('',#13789,#2809);
#2008=LINE('',#13791,#2810);
#2009=LINE('',#13792,#2811);
#2010=LINE('',#13794,#2812);
#2011=LINE('',#13795,#2813);
#2012=LINE('',#13799,#2814);
#2013=LINE('',#13801,#2815);
#2014=LINE('',#13802,#2816);
#2015=LINE('',#13805,#2817);
#2016=LINE('',#13807,#2818);
#2017=LINE('',#13809,#2819);
#2018=LINE('',#13811,#2820);
#2019=LINE('',#13812,#2821);
#2020=LINE('',#13813,#2822);
#2021=LINE('',#13815,#2823);
#2022=LINE('',#13816,#2824);
#2023=LINE('',#13820,#2825);
#2024=LINE('',#13821,#2826);
#2025=LINE('',#13825,#2827);
#2026=LINE('',#13827,#2828);
#2027=LINE('',#13829,#2829);
#2028=LINE('',#13830,#2830);
#2029=LINE('',#13833,#2831);
#2030=LINE('',#13835,#2832);
#2031=LINE('',#13836,#2833);
#2032=LINE('',#13838,#2834);
#2033=LINE('',#13845,#2835);
#2034=LINE('',#13847,#2836);
#2035=LINE('',#13849,#2837);
#2036=LINE('',#13850,#2838);
#2037=LINE('',#13853,#2839);
#2038=LINE('',#13855,#2840);
#2039=LINE('',#13856,#2841);
#2040=LINE('',#13858,#2842);
#2041=LINE('',#13863,#2843);
#2042=LINE('',#13866,#2844);
#2043=LINE('',#13868,#2845);
#2044=LINE('',#13869,#2846);
#2045=LINE('',#13871,#2847);
#2046=LINE('',#13872,#2848);
#2047=LINE('',#13995,#2849);
#2048=LINE('',#14006,#2850);
#2049=LINE('',#14007,#2851);
#2050=LINE('',#14014,#2852);
#2051=LINE('',#14016,#2853);
#2052=LINE('',#14022,#2854);
#2053=LINE('',#14024,#2855);
#2054=LINE('',#14025,#2856);
#2055=LINE('',#14027,#2857);
#2056=LINE('',#14097,#2858);
#2057=LINE('',#14100,#2859);
#2058=LINE('',#14105,#2860);
#2059=LINE('',#14108,#2861);
#2060=LINE('',#14112,#2862);
#2061=LINE('',#14116,#2863);
#2062=LINE('',#14120,#2864);
#2063=LINE('',#14124,#2865);
#2064=LINE('',#14126,#2866);
#2065=LINE('',#14133,#2867);
#2066=LINE('',#14136,#2868);
#2067=LINE('',#14139,#2869);
#2068=LINE('',#14141,#2870);
#2069=LINE('',#14144,#2871);
#2070=LINE('',#14146,#2872);
#2071=LINE('',#14148,#2873);
#2072=LINE('',#14150,#2874);
#2073=LINE('',#14154,#2875);
#2074=LINE('',#14156,#2876);
#2075=LINE('',#14158,#2877);
#2076=LINE('',#14160,#2878);
#2077=LINE('',#14162,#2879);
#2078=LINE('',#14164,#2880);
#2079=LINE('',#14166,#2881);
#2080=LINE('',#14171,#2882);
#2081=LINE('',#14177,#2883);
#2082=LINE('',#14183,#2884);
#2083=LINE('',#14189,#2885);
#2084=LINE('',#14196,#2886);
#2085=LINE('',#14199,#2887);
#2086=LINE('',#14222,#2888);
#2087=LINE('',#14225,#2889);
#2088=LINE('',#14230,#2890);
#2089=LINE('',#14233,#2891);
#2090=LINE('',#14239,#2892);
#2091=LINE('',#14243,#2893);
#2092=LINE('',#14247,#2894);
#2093=LINE('',#14250,#2895);
#2094=LINE('',#14260,#2896);
#2095=LINE('',#14266,#2897);
#2096=LINE('',#14274,#2898);
#2097=LINE('',#14280,#2899);
#2098=LINE('',#14286,#2900);
#2099=LINE('',#14290,#2901);
#2100=LINE('',#14293,#2902);
#2101=LINE('',#14302,#2903);
#2102=LINE('',#14306,#2904);
#2103=LINE('',#14308,#2905);
#2104=LINE('',#14310,#2906);
#2105=LINE('',#14314,#2907);
#2106=LINE('',#14318,#2908);
#2107=LINE('',#14323,#2909);
#2108=LINE('',#14330,#2910);
#2109=LINE('',#14338,#2911);
#2110=LINE('',#14342,#2912);
#2111=LINE('',#14350,#2913);
#2112=LINE('',#14355,#2914);
#2113=LINE('',#14358,#2915);
#2114=LINE('',#14360,#2916);
#2115=LINE('',#14365,#2917);
#2116=LINE('',#14366,#2918);
#2117=LINE('',#14367,#2919);
#2118=LINE('',#14370,#2920);
#2119=LINE('',#14371,#2921);
#2120=LINE('',#14374,#2922);
#2121=LINE('',#14376,#2923);
#2122=LINE('',#14378,#2924);
#2123=LINE('',#14379,#2925);
#2124=LINE('',#14382,#2926);
#2125=LINE('',#14386,#2927);
#2126=LINE('',#14391,#2928);
#2127=LINE('',#14396,#2929);
#2128=LINE('',#14401,#2930);
#2129=LINE('',#14403,#2931);
#2130=LINE('',#14405,#2932);
#2131=LINE('',#14406,#2933);
#2132=LINE('',#14410,#2934);
#2133=LINE('',#14412,#2935);
#2134=LINE('',#14414,#2936);
#2135=LINE('',#14415,#2937);
#2136=LINE('',#14418,#2938);
#2137=LINE('',#14420,#2939);
#2138=LINE('',#14422,#2940);
#2139=LINE('',#14423,#2941);
#2140=LINE('',#14426,#2942);
#2141=LINE('',#14428,#2943);
#2142=LINE('',#14429,#2944);
#2143=LINE('',#14433,#2945);
#2144=LINE('',#14435,#2946);
#2145=LINE('',#14437,#2947);
#2146=LINE('',#14438,#2948);
#2147=LINE('',#14440,#2949);
#2148=LINE('',#14441,#2950);
#2149=LINE('',#14442,#2951);
#2150=LINE('',#14447,#2952);
#2151=LINE('',#14454,#2953);
#2152=LINE('',#14457,#2954);
#2153=LINE('',#14460,#2955);
#2154=LINE('',#14462,#2956);
#2155=LINE('',#14463,#2957);
#2156=LINE('',#14469,#2958);
#2157=LINE('',#14470,#2959);
#2158=LINE('',#14472,#2960);
#2159=LINE('',#14473,#2961);
#2160=LINE('',#14478,#2962);
#2161=LINE('',#14480,#2963);
#2162=LINE('',#14482,#2964);
#2163=LINE('',#14483,#2965);
#2164=LINE('',#14485,#2966);
#2165=LINE('',#14489,#2967);
#2166=LINE('',#14497,#2968);
#2167=LINE('',#14499,#2969);
#2168=LINE('',#14507,#2970);
#2169=LINE('',#14509,#2971);
#2170=LINE('',#14514,#2972);
#2171=LINE('',#14516,#2973);
#2172=LINE('',#14518,#2974);
#2173=LINE('',#14522,#2975);
#2174=LINE('',#14525,#2976);
#2175=LINE('',#14527,#2977);
#2176=LINE('',#14528,#2978);
#2177=LINE('',#14530,#2979);
#2178=LINE('',#14533,#2980);
#2179=LINE('',#14534,#2981);
#2180=LINE('',#14536,#2982);
#2181=LINE('',#14539,#2983);
#2182=LINE('',#14541,#2984);
#2183=LINE('',#14545,#2985);
#2184=LINE('',#14549,#2986);
#2185=LINE('',#14551,#2987);
#2186=LINE('',#14555,#2988);
#2187=LINE('',#14557,#2989);
#2188=LINE('',#14558,#2990);
#2189=LINE('',#14559,#2991);
#2190=LINE('',#14561,#2992);
#2191=LINE('',#14562,#2993);
#2192=LINE('',#14563,#2994);
#2193=LINE('',#14565,#2995);
#2194=LINE('',#14566,#2996);
#2195=LINE('',#14570,#2997);
#2196=LINE('',#14571,#2998);
#2197=LINE('',#14573,#2999);
#2198=LINE('',#14574,#3000);
#2199=LINE('',#14576,#3001);
#2200=LINE('',#14579,#3002);
#2201=LINE('',#14580,#3003);
#2202=LINE('',#14582,#3004);
#2203=LINE('',#14584,#3005);
#2204=LINE('',#14586,#3006);
#2205=LINE('',#14590,#3007);
#2206=LINE('',#14591,#3008);
#2207=LINE('',#14595,#3009);
#2208=LINE('',#14600,#3010);
#2209=LINE('',#14609,#3011);
#2210=LINE('',#14615,#3012);
#2211=LINE('',#14623,#3013);
#2212=LINE('',#14629,#3014);
#2213=LINE('',#14633,#3015);
#2214=LINE('',#14635,#3016);
#2215=LINE('',#14637,#3017);
#2216=LINE('',#14638,#3018);
#2217=LINE('',#14641,#3019);
#2218=LINE('',#14643,#3020);
#2219=LINE('',#14644,#3021);
#2220=LINE('',#14647,#3022);
#2221=LINE('',#14649,#3023);
#2222=LINE('',#14651,#3024);
#2223=LINE('',#14653,#3025);
#2224=LINE('',#14654,#3026);
#2225=LINE('',#14659,#3027);
#2226=LINE('',#14663,#3028);
#2227=LINE('',#14669,#3029);
#2228=LINE('',#14673,#3030);
#2229=LINE('',#14681,#3031);
#2230=LINE('',#14685,#3032);
#2231=LINE('',#14693,#3033);
#2232=LINE('',#14697,#3034);
#2233=LINE('',#14705,#3035);
#2234=LINE('',#14714,#3036);
#2235=LINE('',#14721,#3037);
#2236=LINE('',#14724,#3038);
#2237=LINE('',#14726,#3039);
#2238=LINE('',#14730,#3040);
#2239=LINE('',#14735,#3041);
#2240=LINE('',#14740,#3042);
#2241=LINE('',#14745,#3043);
#2242=LINE('',#14747,#3044);
#2243=LINE('',#14749,#3045);
#2244=LINE('',#14750,#3046);
#2245=LINE('',#14754,#3047);
#2246=LINE('',#14756,#3048);
#2247=LINE('',#14758,#3049);
#2248=LINE('',#14759,#3050);
#2249=LINE('',#14762,#3051);
#2250=LINE('',#14764,#3052);
#2251=LINE('',#14766,#3053);
#2252=LINE('',#14767,#3054);
#2253=LINE('',#14770,#3055);
#2254=LINE('',#14772,#3056);
#2255=LINE('',#14773,#3057);
#2256=LINE('',#14777,#3058);
#2257=LINE('',#14779,#3059);
#2258=LINE('',#14781,#3060);
#2259=LINE('',#14782,#3061);
#2260=LINE('',#14784,#3062);
#2261=LINE('',#14785,#3063);
#2262=LINE('',#14786,#3064);
#2263=LINE('',#14791,#3065);
#2264=LINE('',#14798,#3066);
#2265=LINE('',#14801,#3067);
#2266=LINE('',#14804,#3068);
#2267=LINE('',#14806,#3069);
#2268=LINE('',#14807,#3070);
#2269=LINE('',#14813,#3071);
#2270=LINE('',#14814,#3072);
#2271=LINE('',#14816,#3073);
#2272=LINE('',#14817,#3074);
#2273=LINE('',#14822,#3075);
#2274=LINE('',#14824,#3076);
#2275=LINE('',#14826,#3077);
#2276=LINE('',#14827,#3078);
#2277=LINE('',#14829,#3079);
#2278=LINE('',#14833,#3080);
#2279=LINE('',#14841,#3081);
#2280=LINE('',#14843,#3082);
#2281=LINE('',#14851,#3083);
#2282=LINE('',#14853,#3084);
#2283=LINE('',#14858,#3085);
#2284=LINE('',#14860,#3086);
#2285=LINE('',#14862,#3087);
#2286=LINE('',#14866,#3088);
#2287=LINE('',#14869,#3089);
#2288=LINE('',#14871,#3090);
#2289=LINE('',#14872,#3091);
#2290=LINE('',#14874,#3092);
#2291=LINE('',#14877,#3093);
#2292=LINE('',#14878,#3094);
#2293=LINE('',#14880,#3095);
#2294=LINE('',#14883,#3096);
#2295=LINE('',#14885,#3097);
#2296=LINE('',#14889,#3098);
#2297=LINE('',#14893,#3099);
#2298=LINE('',#14895,#3100);
#2299=LINE('',#14899,#3101);
#2300=LINE('',#14901,#3102);
#2301=LINE('',#14902,#3103);
#2302=LINE('',#14903,#3104);
#2303=LINE('',#14905,#3105);
#2304=LINE('',#14906,#3106);
#2305=LINE('',#14907,#3107);
#2306=LINE('',#14909,#3108);
#2307=LINE('',#14910,#3109);
#2308=LINE('',#14912,#3110);
#2309=LINE('',#14914,#3111);
#2310=LINE('',#14916,#3112);
#2311=LINE('',#14919,#3113);
#2312=LINE('',#14920,#3114);
#2313=LINE('',#14922,#3115);
#2314=LINE('',#14923,#3116);
#2315=LINE('',#14925,#3117);
#2316=LINE('',#14928,#3118);
#2317=LINE('',#14929,#3119);
#2318=LINE('',#14931,#3120);
#2319=LINE('',#14933,#3121);
#2320=LINE('',#14935,#3122);
#2321=LINE('',#14939,#3123);
#2322=LINE('',#14940,#3124);
#2323=LINE('',#14944,#3125);
#2324=LINE('',#14949,#3126);
#2325=LINE('',#14954,#3127);
#2326=LINE('',#14956,#3128);
#2327=LINE('',#14958,#3129);
#2328=LINE('',#14959,#3130);
#2329=LINE('',#14962,#3131);
#2330=LINE('',#14964,#3132);
#2331=LINE('',#14965,#3133);
#2332=LINE('',#14968,#3134);
#2333=LINE('',#14970,#3135);
#2334=LINE('',#14972,#3136);
#2335=LINE('',#14974,#3137);
#2336=LINE('',#14975,#3138);
#2337=LINE('',#14980,#3139);
#2338=LINE('',#14984,#3140);
#2339=LINE('',#14990,#3141);
#2340=LINE('',#14994,#3142);
#2341=LINE('',#15002,#3143);
#2342=LINE('',#15006,#3144);
#2343=LINE('',#15014,#3145);
#2344=LINE('',#15018,#3146);
#2345=LINE('',#15026,#3147);
#2346=LINE('',#15035,#3148);
#2347=LINE('',#15042,#3149);
#2348=LINE('',#15045,#3150);
#2349=LINE('',#15047,#3151);
#2350=LINE('',#15051,#3152);
#2351=LINE('',#15056,#3153);
#2352=LINE('',#15061,#3154);
#2353=LINE('',#15066,#3155);
#2354=LINE('',#15068,#3156);
#2355=LINE('',#15070,#3157);
#2356=LINE('',#15071,#3158);
#2357=LINE('',#15075,#3159);
#2358=LINE('',#15077,#3160);
#2359=LINE('',#15079,#3161);
#2360=LINE('',#15080,#3162);
#2361=LINE('',#15083,#3163);
#2362=LINE('',#15085,#3164);
#2363=LINE('',#15087,#3165);
#2364=LINE('',#15088,#3166);
#2365=LINE('',#15091,#3167);
#2366=LINE('',#15093,#3168);
#2367=LINE('',#15094,#3169);
#2368=LINE('',#15098,#3170);
#2369=LINE('',#15100,#3171);
#2370=LINE('',#15102,#3172);
#2371=LINE('',#15103,#3173);
#2372=LINE('',#15105,#3174);
#2373=LINE('',#15106,#3175);
#2374=LINE('',#15107,#3176);
#2375=LINE('',#15112,#3177);
#2376=LINE('',#15119,#3178);
#2377=LINE('',#15122,#3179);
#2378=LINE('',#15125,#3180);
#2379=LINE('',#15127,#3181);
#2380=LINE('',#15128,#3182);
#2381=LINE('',#15134,#3183);
#2382=LINE('',#15135,#3184);
#2383=LINE('',#15137,#3185);
#2384=LINE('',#15138,#3186);
#2385=LINE('',#15143,#3187);
#2386=LINE('',#15145,#3188);
#2387=LINE('',#15147,#3189);
#2388=LINE('',#15148,#3190);
#2389=LINE('',#15150,#3191);
#2390=LINE('',#15154,#3192);
#2391=LINE('',#15162,#3193);
#2392=LINE('',#15164,#3194);
#2393=LINE('',#15172,#3195);
#2394=LINE('',#15174,#3196);
#2395=LINE('',#15179,#3197);
#2396=LINE('',#15181,#3198);
#2397=LINE('',#15183,#3199);
#2398=LINE('',#15187,#3200);
#2399=LINE('',#15190,#3201);
#2400=LINE('',#15192,#3202);
#2401=LINE('',#15193,#3203);
#2402=LINE('',#15195,#3204);
#2403=LINE('',#15198,#3205);
#2404=LINE('',#15199,#3206);
#2405=LINE('',#15201,#3207);
#2406=LINE('',#15204,#3208);
#2407=LINE('',#15206,#3209);
#2408=LINE('',#15210,#3210);
#2409=LINE('',#15214,#3211);
#2410=LINE('',#15216,#3212);
#2411=LINE('',#15220,#3213);
#2412=LINE('',#15222,#3214);
#2413=LINE('',#15223,#3215);
#2414=LINE('',#15224,#3216);
#2415=LINE('',#15226,#3217);
#2416=LINE('',#15227,#3218);
#2417=LINE('',#15228,#3219);
#2418=LINE('',#15230,#3220);
#2419=LINE('',#15231,#3221);
#2420=LINE('',#15233,#3222);
#2421=LINE('',#15235,#3223);
#2422=LINE('',#15237,#3224);
#2423=LINE('',#15240,#3225);
#2424=LINE('',#15241,#3226);
#2425=LINE('',#15243,#3227);
#2426=LINE('',#15244,#3228);
#2427=LINE('',#15246,#3229);
#2428=LINE('',#15249,#3230);
#2429=LINE('',#15250,#3231);
#2430=LINE('',#15252,#3232);
#2431=LINE('',#15254,#3233);
#2432=LINE('',#15256,#3234);
#2433=LINE('',#15260,#3235);
#2434=LINE('',#15261,#3236);
#2435=LINE('',#15265,#3237);
#2436=LINE('',#15270,#3238);
#2437=VECTOR('',#9802,4.35);
#2438=VECTOR('',#9813,3.);
#2439=VECTOR('',#9816,10.);
#2440=VECTOR('',#9819,3.);
#2441=VECTOR('',#9824,10.);
#2442=VECTOR('',#9835,1.625);
#2443=VECTOR('',#9840,10.);
#2444=VECTOR('',#9841,10.);
#2445=VECTOR('',#9842,10.);
#2446=VECTOR('',#9843,10.);
#2447=VECTOR('',#9844,10.);
#2448=VECTOR('',#9849,10.);
#2449=VECTOR('',#9852,10.);
#2450=VECTOR('',#9853,10.);
#2451=VECTOR('',#9856,10.);
#2452=VECTOR('',#9857,10.);
#2453=VECTOR('',#9860,10.);
#2454=VECTOR('',#9861,10.);
#2455=VECTOR('',#9862,10.);
#2456=VECTOR('',#9865,10.);
#2457=VECTOR('',#9866,10.);
#2458=VECTOR('',#9867,10.);
#2459=VECTOR('',#9868,10.);
#2460=VECTOR('',#9871,10.);
#2461=VECTOR('',#9872,10.);
#2462=VECTOR('',#9873,10.);
#2463=VECTOR('',#9874,10.);
#2464=VECTOR('',#9877,10.);
#2465=VECTOR('',#9878,10.);
#2466=VECTOR('',#9879,10.);
#2467=VECTOR('',#9880,10.);
#2468=VECTOR('',#9887,10.);
#2469=VECTOR('',#9888,10.);
#2470=VECTOR('',#9889,10.);
#2471=VECTOR('',#9892,2.9);
#2472=VECTOR('',#9897,10.);
#2473=VECTOR('',#9900,10.);
#2474=VECTOR('',#9905,10.);
#2475=VECTOR('',#9908,10.);
#2476=VECTOR('',#9913,10.);
#2477=VECTOR('',#9920,10.);
#2478=VECTOR('',#9923,10.);
#2479=VECTOR('',#9926,10.);
#2480=VECTOR('',#9931,10.);
#2481=VECTOR('',#9934,10.);
#2482=VECTOR('',#9939,10.);
#2483=VECTOR('',#9940,10.);
#2484=VECTOR('',#9945,10.);
#2485=VECTOR('',#9946,10.);
#2486=VECTOR('',#9949,10.);
#2487=VECTOR('',#9950,10.);
#2488=VECTOR('',#9955,10.);
#2489=VECTOR('',#9958,10.);
#2490=VECTOR('',#9961,10.);
#2491=VECTOR('',#9962,10.);
#2492=VECTOR('',#9965,10.);
#2493=VECTOR('',#9966,10.);
#2494=VECTOR('',#9973,10.);
#2495=VECTOR('',#9974,10.);
#2496=VECTOR('',#9977,10.);
#2497=VECTOR('',#9978,10.);
#2498=VECTOR('',#9981,10.);
#2499=VECTOR('',#9982,10.);
#2500=VECTOR('',#9987,10.);
#2501=VECTOR('',#9990,10.);
#2502=VECTOR('',#9997,10.);
#2503=VECTOR('',#10002,10.);
#2504=VECTOR('',#10009,10.);
#2505=VECTOR('',#10012,10.);
#2506=VECTOR('',#10015,10.);
#2507=VECTOR('',#10020,10.);
#2508=VECTOR('',#10023,10.);
#2509=VECTOR('',#10026,10.);
#2510=VECTOR('',#10031,10.);
#2511=VECTOR('',#10036,10.);
#2512=VECTOR('',#10041,10.);
#2513=VECTOR('',#10044,10.);
#2514=VECTOR('',#10047,10.);
#2515=VECTOR('',#10048,10.);
#2516=VECTOR('',#10051,10.);
#2517=VECTOR('',#10060,10.);
#2518=VECTOR('',#10075,6.5);
#2519=VECTOR('',#10082,2.9);
#2520=VECTOR('',#10087,10.);
#2521=VECTOR('',#10090,10.);
#2522=VECTOR('',#10093,10.);
#2523=VECTOR('',#10094,10.);
#2524=VECTOR('',#10095,10.);
#2525=VECTOR('',#10098,10.);
#2526=VECTOR('',#10099,10.);
#2527=VECTOR('',#10100,10.);
#2528=VECTOR('',#10107,10.);
#2529=VECTOR('',#10110,10.);
#2530=VECTOR('',#10111,10.);
#2531=VECTOR('',#10112,10.);
#2532=VECTOR('',#10115,10.);
#2533=VECTOR('',#10116,10.);
#2534=VECTOR('',#10117,10.);
#2535=VECTOR('',#10124,10.);
#2536=VECTOR('',#10127,10.);
#2537=VECTOR('',#10128,10.);
#2538=VECTOR('',#10129,10.);
#2539=VECTOR('',#10132,10.);
#2540=VECTOR('',#10133,10.);
#2541=VECTOR('',#10134,10.);
#2542=VECTOR('',#10141,10.);
#2543=VECTOR('',#10144,10.);
#2544=VECTOR('',#10145,10.);
#2545=VECTOR('',#10146,10.);
#2546=VECTOR('',#10149,10.);
#2547=VECTOR('',#10150,10.);
#2548=VECTOR('',#10165,1.625);
#2549=VECTOR('',#10170,3.);
#2550=VECTOR('',#10183,1.625);
#2551=VECTOR('',#10188,3.);
#2552=VECTOR('',#10201,1.625);
#2553=VECTOR('',#10206,3.);
#2554=VECTOR('',#10207,3.);
#2555=VECTOR('',#10232,10.);
#2556=VECTOR('',#10233,11.495);
#2557=VECTOR('',#10234,10.);
#2558=VECTOR('',#10235,11.495);
#2559=VECTOR('',#10238,11.495);
#2560=VECTOR('',#10239,10.);
#2561=VECTOR('',#10240,11.495);
#2562=VECTOR('',#10241,11.495);
#2563=VECTOR('',#10242,11.495);
#2564=VECTOR('',#10243,10.);
#2565=VECTOR('',#10244,10.);
#2566=VECTOR('',#10245,11.495);
#2567=VECTOR('',#10246,11.495);
#2568=VECTOR('',#10247,11.495);
#2569=VECTOR('',#10248,11.495);
#2570=VECTOR('',#10249,11.495);
#2571=VECTOR('',#10250,10.);
#2572=VECTOR('',#10251,10.);
#2573=VECTOR('',#10252,11.495);
#2574=VECTOR('',#10253,11.495);
#2575=VECTOR('',#10254,11.495);
#2576=VECTOR('',#10257,10.);
#2577=VECTOR('',#10258,11.495);
#2578=VECTOR('',#10259,11.495);
#2579=VECTOR('',#10262,10.);
#2580=VECTOR('',#10263,11.495);
#2581=VECTOR('',#10264,11.495);
#2582=VECTOR('',#10269,1.74186149250536);
#2583=VECTOR('',#10276,1.74186149250536);
#2584=VECTOR('',#10281,11.495);
#2585=VECTOR('',#10282,11.495);
#2586=VECTOR('',#10285,10.);
#2587=VECTOR('',#10286,11.495);
#2588=VECTOR('',#10289,11.495);
#2589=VECTOR('',#10290,11.495);
#2590=VECTOR('',#10295,1.74186149250536);
#2591=VECTOR('',#10302,1.74186149250536);
#2592=VECTOR('',#10307,11.495);
#2593=VECTOR('',#10308,11.495);
#2594=VECTOR('',#10311,10.);
#2595=VECTOR('',#10312,11.495);
#2596=VECTOR('',#10315,11.495);
#2597=VECTOR('',#10316,11.495);
#2598=VECTOR('',#10321,1.74186149250536);
#2599=VECTOR('',#10328,1.74186149250536);
#2600=VECTOR('',#10333,10.);
#2601=VECTOR('',#10334,11.495);
#2602=VECTOR('',#10337,10.);
#2603=VECTOR('',#10338,11.495);
#2604=VECTOR('',#10341,11.495);
#2605=VECTOR('',#10342,11.495);
#2606=VECTOR('',#10343,11.495);
#2607=VECTOR('',#10344,11.495);
#2608=VECTOR('',#10345,11.495);
#2609=VECTOR('',#10346,11.495);
#2610=VECTOR('',#10347,11.495);
#2611=VECTOR('',#10350,11.495);
#2612=VECTOR('',#10355,11.495);
#2613=VECTOR('',#10360,11.495);
#2614=VECTOR('',#10363,11.495);
#2615=VECTOR('',#10372,10.);
#2616=VECTOR('',#10373,10.);
#2617=VECTOR('',#10376,10.);
#2618=VECTOR('',#10379,10.);
#2619=VECTOR('',#10382,10.);
#2620=VECTOR('',#10385,10.);
#2621=VECTOR('',#10388,10.);
#2622=VECTOR('',#10393,10.);
#2623=VECTOR('',#10394,10.);
#2624=VECTOR('',#10401,10.);
#2625=VECTOR('',#10402,10.);
#2626=VECTOR('',#10407,10.);
#2627=VECTOR('',#10410,10.);
#2628=VECTOR('',#10417,10.);
#2629=VECTOR('',#10418,10.);
#2630=VECTOR('',#10423,10.);
#2631=VECTOR('',#10426,10.);
#2632=VECTOR('',#10427,10.);
#2633=VECTOR('',#10430,10.);
#2634=VECTOR('',#10433,10.);
#2635=VECTOR('',#10438,2.);
#2636=VECTOR('',#10439,2.);
#2637=VECTOR('',#10446,1.75);
#2638=VECTOR('',#10449,1.75);
#2639=VECTOR('',#10458,2.);
#2640=VECTOR('',#10465,10.);
#2641=VECTOR('',#10468,10.);
#2642=VECTOR('',#10471,10.);
#2643=VECTOR('',#10472,10.);
#2644=VECTOR('',#10473,10.);
#2645=VECTOR('',#10476,10.);
#2646=VECTOR('',#10479,10.);
#2647=VECTOR('',#10488,10.);
#2648=VECTOR('',#10489,10.);
#2649=VECTOR('',#10492,10.);
#2650=VECTOR('',#10493,10.);
#2651=VECTOR('',#10498,2.);
#2652=VECTOR('',#10501,10.);
#2653=VECTOR('',#10510,10.);
#2654=VECTOR('',#10513,10.);
#2655=VECTOR('',#10518,10.);
#2656=VECTOR('',#10521,10.);
#2657=VECTOR('',#10524,10.);
#2658=VECTOR('',#10527,10.);
#2659=VECTOR('',#10528,10.);
#2660=VECTOR('',#10531,10.);
#2661=VECTOR('',#10534,10.);
#2662=VECTOR('',#10545,10.);
#2663=VECTOR('',#10548,10.);
#2664=VECTOR('',#10551,10.);
#2665=VECTOR('',#10554,10.);
#2666=VECTOR('',#10555,10.);
#2667=VECTOR('',#10558,10.);
#2668=VECTOR('',#10559,10.);
#2669=VECTOR('',#10566,10.);
#2670=VECTOR('',#10569,10.);
#2671=VECTOR('',#10572,10.);
#2672=VECTOR('',#10573,10.);
#2673=VECTOR('',#10578,10.);
#2674=VECTOR('',#10581,10.);
#2675=VECTOR('',#10584,1.75000000000001);
#2676=VECTOR('',#10587,1.75000000000001);
#2677=VECTOR('',#10596,2.);
#2678=VECTOR('',#10603,10.);
#2679=VECTOR('',#10606,10.);
#2680=VECTOR('',#10609,10.);
#2681=VECTOR('',#10610,10.);
#2682=VECTOR('',#10611,10.);
#2683=VECTOR('',#10614,10.);
#2684=VECTOR('',#10617,10.);
#2685=VECTOR('',#10626,10.);
#2686=VECTOR('',#10627,10.);
#2687=VECTOR('',#10630,10.);
#2688=VECTOR('',#10631,10.);
#2689=VECTOR('',#10636,2.);
#2690=VECTOR('',#10639,10.);
#2691=VECTOR('',#10648,10.);
#2692=VECTOR('',#10649,10.);
#2693=VECTOR('',#10650,10.);
#2694=VECTOR('',#10651,10.);
#2695=VECTOR('',#10658,10.);
#2696=VECTOR('',#10659,10.);
#2697=VECTOR('',#10660,10.);
#2698=VECTOR('',#10661,10.);
#2699=VECTOR('',#10662,10.);
#2700=VECTOR('',#10663,10.);
#2701=VECTOR('',#10668,10.);
#2702=VECTOR('',#10669,10.);
#2703=VECTOR('',#10670,10.);
#2704=VECTOR('',#10671,10.);
#2705=VECTOR('',#10676,10.);
#2706=VECTOR('',#10677,10.);
#2707=VECTOR('',#10680,10.);
#2708=VECTOR('',#10681,10.);
#2709=VECTOR('',#10682,10.);
#2710=VECTOR('',#10683,10.);
#2711=VECTOR('',#10690,10.);
#2712=VECTOR('',#10691,10.);
#2713=VECTOR('',#10692,10.);
#2714=VECTOR('',#10695,10.);
#2715=VECTOR('',#10696,10.);
#2716=VECTOR('',#10697,10.);
#2717=VECTOR('',#10698,10.);
#2718=VECTOR('',#10705,10.);
#2719=VECTOR('',#10706,10.);
#2720=VECTOR('',#10707,10.);
#2721=VECTOR('',#10708,10.);
#2722=VECTOR('',#10709,10.);
#2723=VECTOR('',#10710,10.);
#2724=VECTOR('',#10711,10.);
#2725=VECTOR('',#10712,10.);
#2726=VECTOR('',#10715,10.);
#2727=VECTOR('',#10716,10.);
#2728=VECTOR('',#10717,10.);
#2729=VECTOR('',#10718,10.);
#2730=VECTOR('',#10723,10.);
#2731=VECTOR('',#10724,10.);
#2732=VECTOR('',#10729,10.);
#2733=VECTOR('',#10732,10.);
#2734=VECTOR('',#10737,10.);
#2735=VECTOR('',#10740,10.);
#2736=VECTOR('',#10745,10.);
#2737=VECTOR('',#10748,10.);
#2738=VECTOR('',#10753,10.);
#2739=VECTOR('',#10756,10.);
#2740=VECTOR('',#10761,10.);
#2741=VECTOR('',#10764,10.);
#2742=VECTOR('',#10769,10.);
#2743=VECTOR('',#10772,10.);
#2744=VECTOR('',#10777,130.);
#2745=VECTOR('',#10780,10.);
#2746=VECTOR('',#10785,130.);
#2747=VECTOR('',#10788,10.);
#2748=VECTOR('',#10793,130.);
#2749=VECTOR('',#10796,10.);
#2750=VECTOR('',#10801,10.);
#2751=VECTOR('',#10802,10.);
#2752=VECTOR('',#10807,10.);
#2753=VECTOR('',#10808,10.);
#2754=VECTOR('',#10813,10.);
#2755=VECTOR('',#10814,10.);
#2756=VECTOR('',#10819,45.);
#2757=VECTOR('',#10820,10.);
#2758=VECTOR('',#10821,10.);
#2759=VECTOR('',#10824,10.);
#2760=VECTOR('',#10825,10.);
#2761=VECTOR('',#10826,10.);
#2762=VECTOR('',#10827,10.);
#2763=VECTOR('',#10846,10.);
#2764=VECTOR('',#10847,10.);
#2765=VECTOR('',#10848,10.);
#2766=VECTOR('',#10851,10.);
#2767=VECTOR('',#10852,10.);
#2768=VECTOR('',#10853,10.);
#2769=VECTOR('',#10854,10.);
#2770=VECTOR('',#10857,10.);
#2771=VECTOR('',#10858,10.);
#2772=VECTOR('',#10859,10.);
#2773=VECTOR('',#10862,10.);
#2774=VECTOR('',#10863,10.);
#2775=VECTOR('',#10866,10.);
#2776=VECTOR('',#10867,10.);
#2777=VECTOR('',#10868,10.);
#2778=VECTOR('',#10871,10.);
#2779=VECTOR('',#10872,10.);
#2780=VECTOR('',#10873,10.);
#2781=VECTOR('',#10876,10.);
#2782=VECTOR('',#10877,10.);
#2783=VECTOR('',#10880,10.);
#2784=VECTOR('',#10883,10.);
#2785=VECTOR('',#10884,10.);
#2786=VECTOR('',#10885,10.);
#2787=VECTOR('',#10886,10.);
#2788=VECTOR('',#10887,10.);
#2789=VECTOR('',#10888,10.);
#2790=VECTOR('',#10889,10.);
#2791=VECTOR('',#10890,10.);
#2792=VECTOR('',#10891,10.);
#2793=VECTOR('',#10892,10.);
#2794=VECTOR('',#10893,10.);
#2795=VECTOR('',#10894,10.);
#2796=VECTOR('',#10895,10.);
#2797=VECTOR('',#10896,10.);
#2798=VECTOR('',#10897,10.);
#2799=VECTOR('',#10898,10.);
#2800=VECTOR('',#10899,10.);
#2801=VECTOR('',#10900,10.);
#2802=VECTOR('',#10901,10.);
#2803=VECTOR('',#10902,10.);
#2804=VECTOR('',#10903,10.);
#2805=VECTOR('',#10904,10.);
#2806=VECTOR('',#10905,10.);
#2807=VECTOR('',#10916,10.);
#2808=VECTOR('',#10917,10.);
#2809=VECTOR('',#10918,10.);
#2810=VECTOR('',#10921,10.);
#2811=VECTOR('',#10922,10.);
#2812=VECTOR('',#10925,10.);
#2813=VECTOR('',#10926,10.);
#2814=VECTOR('',#10931,10.);
#2815=VECTOR('',#10932,10.);
#2816=VECTOR('',#10933,10.);
#2817=VECTOR('',#10936,10.);
#2818=VECTOR('',#10937,10.);
#2819=VECTOR('',#10938,10.);
#2820=VECTOR('',#10939,10.);
#2821=VECTOR('',#10940,10.);
#2822=VECTOR('',#10941,10.);
#2823=VECTOR('',#10942,10.);
#2824=VECTOR('',#10943,10.);
#2825=VECTOR('',#10948,10.);
#2826=VECTOR('',#10949,10.);
#2827=VECTOR('',#10952,10.);
#2828=VECTOR('',#10953,10.);
#2829=VECTOR('',#10954,10.);
#2830=VECTOR('',#10955,10.);
#2831=VECTOR('',#10958,10.);
#2832=VECTOR('',#10959,10.);
#2833=VECTOR('',#10960,10.);
#2834=VECTOR('',#10963,10.);
#2835=VECTOR('',#10972,10.);
#2836=VECTOR('',#10973,10.);
#2837=VECTOR('',#10974,10.);
#2838=VECTOR('',#10975,10.);
#2839=VECTOR('',#10978,10.);
#2840=VECTOR('',#10979,10.);
#2841=VECTOR('',#10980,10.);
#2842=VECTOR('',#10983,10.);
#2843=VECTOR('',#10992,10.);
#2844=VECTOR('',#10995,10.);
#2845=VECTOR('',#10996,10.);
#2846=VECTOR('',#10997,10.);
#2847=VECTOR('',#11000,10.);
#2848=VECTOR('',#11001,10.);
#2849=VECTOR('',#11054,10.);
#2850=VECTOR('',#11075,10.);
#2851=VECTOR('',#11076,10.);
#2852=VECTOR('',#11083,10.);
#2853=VECTOR('',#11084,10.);
#2854=VECTOR('',#11093,10.);
#2855=VECTOR('',#11094,10.);
#2856=VECTOR('',#11095,10.);
#2857=VECTOR('',#11098,10.);
#2858=VECTOR('',#11137,1.8);
#2859=VECTOR('',#11142,1.8);
#2860=VECTOR('',#11147,1.8);
#2861=VECTOR('',#11152,1.8);
#2862=VECTOR('',#11157,1.8);
#2863=VECTOR('',#11162,1.8);
#2864=VECTOR('',#11167,1.8);
#2865=VECTOR('',#11172,1.8);
#2866=VECTOR('',#11175,10.);
#2867=VECTOR('',#11184,10.);
#2868=VECTOR('',#11189,10.);
#2869=VECTOR('',#11194,10.);
#2870=VECTOR('',#11197,10.);
#2871=VECTOR('',#11202,1.8);
#2872=VECTOR('',#11205,1.8);
#2873=VECTOR('',#11208,1.8);
#2874=VECTOR('',#11211,1.8);
#2875=VECTOR('',#11218,2.);
#2876=VECTOR('',#11221,2.);
#2877=VECTOR('',#11224,2.);
#2878=VECTOR('',#11227,2.);
#2879=VECTOR('',#11230,1.8);
#2880=VECTOR('',#11233,1.8);
#2881=VECTOR('',#11236,1.8);
#2882=VECTOR('',#11241,2.);
#2883=VECTOR('',#11248,2.);
#2884=VECTOR('',#11255,2.);
#2885=VECTOR('',#11262,2.);
#2886=VECTOR('',#11269,10.);
#2887=VECTOR('',#11272,10.);
#2888=VECTOR('',#11299,10.);
#2889=VECTOR('',#11302,10.);
#2890=VECTOR('',#11309,10.);
#2891=VECTOR('',#11312,10.);
#2892=VECTOR('',#11321,1.8);
#2893=VECTOR('',#11326,1.8);
#2894=VECTOR('',#11331,1.8);
#2895=VECTOR('',#11334,45.);
#2896=VECTOR('',#11347,4.);
#2897=VECTOR('',#11356,11.);
#2898=VECTOR('',#11365,3.99999999999999);
#2899=VECTOR('',#11374,11.);
#2900=VECTOR('',#11379,4.25);
#2901=VECTOR('',#11382,10.);
#2902=VECTOR('',#11385,4.25);
#2903=VECTOR('',#11394,10.);
#2904=VECTOR('',#11397,10.);
#2905=VECTOR('',#11398,10.);
#2906=VECTOR('',#11399,10.);
#2907=VECTOR('',#11402,10.);
#2908=VECTOR('',#11405,10.);
#2909=VECTOR('',#11410,10.);
#2910=VECTOR('',#11415,10.);
#2911=VECTOR('',#11422,10.);
#2912=VECTOR('',#11425,10.);
#2913=VECTOR('',#11432,10.);
#2914=VECTOR('',#11439,10.);
#2915=VECTOR('',#11442,10.);
#2916=VECTOR('',#11443,10.);
#2917=VECTOR('',#11448,10.);
#2918=VECTOR('',#11449,10.);
#2919=VECTOR('',#11450,10.);
#2920=VECTOR('',#11453,10.);
#2921=VECTOR('',#11454,10.);
#2922=VECTOR('',#11457,10.);
#2923=VECTOR('',#11458,10.);
#2924=VECTOR('',#11459,10.);
#2925=VECTOR('',#11460,10.);
#2926=VECTOR('',#11463,10.);
#2927=VECTOR('',#11468,1.97736932777628);
#2928=VECTOR('',#11475,1.64999999999999);
#2929=VECTOR('',#11480,1.64999999999999);
#2930=VECTOR('',#11485,10.);
#2931=VECTOR('',#11486,10.);
#2932=VECTOR('',#11487,10.);
#2933=VECTOR('',#11488,10.);
#2934=VECTOR('',#11491,10.);
#2935=VECTOR('',#11492,10.);
#2936=VECTOR('',#11493,10.);
#2937=VECTOR('',#11494,10.);
#2938=VECTOR('',#11497,10.);
#2939=VECTOR('',#11498,10.);
#2940=VECTOR('',#11499,10.);
#2941=VECTOR('',#11500,10.);
#2942=VECTOR('',#11503,10.);
#2943=VECTOR('',#11504,10.);
#2944=VECTOR('',#11505,10.);
#2945=VECTOR('',#11508,10.);
#2946=VECTOR('',#11509,10.);
#2947=VECTOR('',#11510,10.);
#2948=VECTOR('',#11511,10.);
#2949=VECTOR('',#11514,10.);
#2950=VECTOR('',#11515,10.);
#2951=VECTOR('',#11516,10.);
#2952=VECTOR('',#11521,10.);
#2953=VECTOR('',#11528,40.);
#2954=VECTOR('',#11531,10.);
#2955=VECTOR('',#11534,9.);
#2956=VECTOR('',#11535,10.);
#2957=VECTOR('',#11536,10.);
#2958=VECTOR('',#11545,10.);
#2959=VECTOR('',#11546,10.);
#2960=VECTOR('',#11547,10.);
#2961=VECTOR('',#11548,10.);
#2962=VECTOR('',#11553,10.);
#2963=VECTOR('',#11554,10.);
#2964=VECTOR('',#11555,10.);
#2965=VECTOR('',#11556,10.);
#2966=VECTOR('',#11559,10.);
#2967=VECTOR('',#11564,10.);
#2968=VECTOR('',#11571,10.);
#2969=VECTOR('',#11572,10.);
#2970=VECTOR('',#11579,10.);
#2971=VECTOR('',#11580,10.);
#2972=VECTOR('',#11585,10.);
#2973=VECTOR('',#11586,10.);
#2974=VECTOR('',#11587,10.);
#2975=VECTOR('',#11590,10.);
#2976=VECTOR('',#11595,10.);
#2977=VECTOR('',#11596,10.);
#2978=VECTOR('',#11597,10.);
#2979=VECTOR('',#11600,10.);
#2980=VECTOR('',#11605,9.);
#2981=VECTOR('',#11606,9.);
#2982=VECTOR('',#11609,10.);
#2983=VECTOR('',#11612,10.);
#2984=VECTOR('',#11613,10.);
#2985=VECTOR('',#11618,10.);
#2986=VECTOR('',#11623,10.);
#2987=VECTOR('',#11624,10.);
#2988=VECTOR('',#11629,10.);
#2989=VECTOR('',#11630,10.);
#2990=VECTOR('',#11631,10.);
#2991=VECTOR('',#11632,10.);
#2992=VECTOR('',#11633,10.);
#2993=VECTOR('',#11634,10.);
#2994=VECTOR('',#11635,10.);
#2995=VECTOR('',#11638,10.);
#2996=VECTOR('',#11639,10.);
#2997=VECTOR('',#11646,10.);
#2998=VECTOR('',#11647,10.);
#2999=VECTOR('',#11650,10.);
#3000=VECTOR('',#11651,10.);
#3001=VECTOR('',#11654,10.);
#3002=VECTOR('',#11659,10.);
#3003=VECTOR('',#11660,10.);
#3004=VECTOR('',#11663,10.);
#3005=VECTOR('',#11666,10.);
#3006=VECTOR('',#11669,10.);
#3007=VECTOR('',#11676,10.);
#3008=VECTOR('',#11677,10.);
#3009=VECTOR('',#11684,10.);
#3010=VECTOR('',#11691,3.25);
#3011=VECTOR('',#11702,4.);
#3012=VECTOR('',#11711,11.);
#3013=VECTOR('',#11720,4.);
#3014=VECTOR('',#11729,11.);
#3015=VECTOR('',#11732,10.);
#3016=VECTOR('',#11733,10.);
#3017=VECTOR('',#11734,10.);
#3018=VECTOR('',#11735,10.);
#3019=VECTOR('',#11738,10.);
#3020=VECTOR('',#11739,10.);
#3021=VECTOR('',#11740,10.);
#3022=VECTOR('',#11743,10.);
#3023=VECTOR('',#11744,10.);
#3024=VECTOR('',#11745,10.);
#3025=VECTOR('',#11746,10.);
#3026=VECTOR('',#11747,10.);
#3027=VECTOR('',#11752,10.);
#3028=VECTOR('',#11755,10.);
#3029=VECTOR('',#11760,10.);
#3030=VECTOR('',#11763,10.);
#3031=VECTOR('',#11770,10.);
#3032=VECTOR('',#11773,10.);
#3033=VECTOR('',#11780,10.);
#3034=VECTOR('',#11783,10.);
#3035=VECTOR('',#11790,10.);
#3036=VECTOR('',#11799,10.);
#3037=VECTOR('',#11806,10.);
#3038=VECTOR('',#11809,10.);
#3039=VECTOR('',#11810,10.);
#3040=VECTOR('',#11815,1.97736932777628);
#3041=VECTOR('',#11822,1.64999999999999);
#3042=VECTOR('',#11827,1.64999999999999);
#3043=VECTOR('',#11832,10.);
#3044=VECTOR('',#11833,10.);
#3045=VECTOR('',#11834,10.);
#3046=VECTOR('',#11835,10.);
#3047=VECTOR('',#11838,10.);
#3048=VECTOR('',#11839,10.);
#3049=VECTOR('',#11840,10.);
#3050=VECTOR('',#11841,10.);
#3051=VECTOR('',#11844,10.);
#3052=VECTOR('',#11845,10.);
#3053=VECTOR('',#11846,10.);
#3054=VECTOR('',#11847,10.);
#3055=VECTOR('',#11850,10.);
#3056=VECTOR('',#11851,10.);
#3057=VECTOR('',#11852,10.);
#3058=VECTOR('',#11855,10.);
#3059=VECTOR('',#11856,10.);
#3060=VECTOR('',#11857,10.);
#3061=VECTOR('',#11858,10.);
#3062=VECTOR('',#11861,10.);
#3063=VECTOR('',#11862,10.);
#3064=VECTOR('',#11863,10.);
#3065=VECTOR('',#11868,10.);
#3066=VECTOR('',#11875,40.);
#3067=VECTOR('',#11878,10.);
#3068=VECTOR('',#11881,9.);
#3069=VECTOR('',#11882,10.);
#3070=VECTOR('',#11883,10.);
#3071=VECTOR('',#11892,10.);
#3072=VECTOR('',#11893,10.);
#3073=VECTOR('',#11894,10.);
#3074=VECTOR('',#11895,10.);
#3075=VECTOR('',#11900,10.);
#3076=VECTOR('',#11901,10.);
#3077=VECTOR('',#11902,10.);
#3078=VECTOR('',#11903,10.);
#3079=VECTOR('',#11906,10.);
#3080=VECTOR('',#11911,10.);
#3081=VECTOR('',#11918,10.);
#3082=VECTOR('',#11919,10.);
#3083=VECTOR('',#11926,10.);
#3084=VECTOR('',#11927,10.);
#3085=VECTOR('',#11932,10.);
#3086=VECTOR('',#11933,10.);
#3087=VECTOR('',#11934,10.);
#3088=VECTOR('',#11937,10.);
#3089=VECTOR('',#11942,10.);
#3090=VECTOR('',#11943,10.);
#3091=VECTOR('',#11944,10.);
#3092=VECTOR('',#11947,10.);
#3093=VECTOR('',#11952,9.);
#3094=VECTOR('',#11953,9.);
#3095=VECTOR('',#11956,10.);
#3096=VECTOR('',#11959,10.);
#3097=VECTOR('',#11960,10.);
#3098=VECTOR('',#11965,10.);
#3099=VECTOR('',#11970,10.);
#3100=VECTOR('',#11971,10.);
#3101=VECTOR('',#11976,10.);
#3102=VECTOR('',#11977,10.);
#3103=VECTOR('',#11978,10.);
#3104=VECTOR('',#11979,10.);
#3105=VECTOR('',#11980,10.);
#3106=VECTOR('',#11981,10.);
#3107=VECTOR('',#11982,10.);
#3108=VECTOR('',#11985,10.);
#3109=VECTOR('',#11986,10.);
#3110=VECTOR('',#11989,10.);
#3111=VECTOR('',#11992,10.);
#3112=VECTOR('',#11995,10.);
#3113=VECTOR('',#12000,10.);
#3114=VECTOR('',#12001,10.);
#3115=VECTOR('',#12004,10.);
#3116=VECTOR('',#12005,10.);
#3117=VECTOR('',#12008,10.);
#3118=VECTOR('',#12013,10.);
#3119=VECTOR('',#12014,10.);
#3120=VECTOR('',#12017,10.);
#3121=VECTOR('',#12020,10.);
#3122=VECTOR('',#12023,10.);
#3123=VECTOR('',#12030,10.);
#3124=VECTOR('',#12031,10.);
#3125=VECTOR('',#12038,10.);
#3126=VECTOR('',#12045,3.25);
#3127=VECTOR('',#12050,10.);
#3128=VECTOR('',#12051,10.);
#3129=VECTOR('',#12052,10.);
#3130=VECTOR('',#12053,10.);
#3131=VECTOR('',#12056,10.);
#3132=VECTOR('',#12057,10.);
#3133=VECTOR('',#12058,10.);
#3134=VECTOR('',#12061,10.);
#3135=VECTOR('',#12062,10.);
#3136=VECTOR('',#12063,10.);
#3137=VECTOR('',#12064,10.);
#3138=VECTOR('',#12065,10.);
#3139=VECTOR('',#12070,10.);
#3140=VECTOR('',#12073,10.);
#3141=VECTOR('',#12078,10.);
#3142=VECTOR('',#12081,10.);
#3143=VECTOR('',#12088,10.);
#3144=VECTOR('',#12091,10.);
#3145=VECTOR('',#12098,10.);
#3146=VECTOR('',#12101,10.);
#3147=VECTOR('',#12108,10.);
#3148=VECTOR('',#12117,10.);
#3149=VECTOR('',#12124,10.);
#3150=VECTOR('',#12127,10.);
#3151=VECTOR('',#12128,10.);
#3152=VECTOR('',#12133,1.97736932777628);
#3153=VECTOR('',#12140,1.64999999999999);
#3154=VECTOR('',#12145,1.64999999999999);
#3155=VECTOR('',#12150,10.);
#3156=VECTOR('',#12151,10.);
#3157=VECTOR('',#12152,10.);
#3158=VECTOR('',#12153,10.);
#3159=VECTOR('',#12156,10.);
#3160=VECTOR('',#12157,10.);
#3161=VECTOR('',#12158,10.);
#3162=VECTOR('',#12159,10.);
#3163=VECTOR('',#12162,10.);
#3164=VECTOR('',#12163,10.);
#3165=VECTOR('',#12164,10.);
#3166=VECTOR('',#12165,10.);
#3167=VECTOR('',#12168,10.);
#3168=VECTOR('',#12169,10.);
#3169=VECTOR('',#12170,10.);
#3170=VECTOR('',#12173,10.);
#3171=VECTOR('',#12174,10.);
#3172=VECTOR('',#12175,10.);
#3173=VECTOR('',#12176,10.);
#3174=VECTOR('',#12179,10.);
#3175=VECTOR('',#12180,10.);
#3176=VECTOR('',#12181,10.);
#3177=VECTOR('',#12186,10.);
#3178=VECTOR('',#12193,40.);
#3179=VECTOR('',#12196,10.);
#3180=VECTOR('',#12199,9.);
#3181=VECTOR('',#12200,10.);
#3182=VECTOR('',#12201,10.);
#3183=VECTOR('',#12210,10.);
#3184=VECTOR('',#12211,10.);
#3185=VECTOR('',#12212,10.);
#3186=VECTOR('',#12213,10.);
#3187=VECTOR('',#12218,10.);
#3188=VECTOR('',#12219,10.);
#3189=VECTOR('',#12220,10.);
#3190=VECTOR('',#12221,10.);
#3191=VECTOR('',#12224,10.);
#3192=VECTOR('',#12229,10.);
#3193=VECTOR('',#12236,10.);
#3194=VECTOR('',#12237,10.);
#3195=VECTOR('',#12244,10.);
#3196=VECTOR('',#12245,10.);
#3197=VECTOR('',#12250,10.);
#3198=VECTOR('',#12251,10.);
#3199=VECTOR('',#12252,10.);
#3200=VECTOR('',#12255,10.);
#3201=VECTOR('',#12260,10.);
#3202=VECTOR('',#12261,10.);
#3203=VECTOR('',#12262,10.);
#3204=VECTOR('',#12265,10.);
#3205=VECTOR('',#12270,9.);
#3206=VECTOR('',#12271,9.);
#3207=VECTOR('',#12274,10.);
#3208=VECTOR('',#12277,10.);
#3209=VECTOR('',#12278,10.);
#3210=VECTOR('',#12283,10.);
#3211=VECTOR('',#12288,10.);
#3212=VECTOR('',#12289,10.);
#3213=VECTOR('',#12294,10.);
#3214=VECTOR('',#12295,10.);
#3215=VECTOR('',#12296,10.);
#3216=VECTOR('',#12297,10.);
#3217=VECTOR('',#12298,10.);
#3218=VECTOR('',#12299,10.);
#3219=VECTOR('',#12300,10.);
#3220=VECTOR('',#12303,10.);
#3221=VECTOR('',#12304,10.);
#3222=VECTOR('',#12307,10.);
#3223=VECTOR('',#12310,10.);
#3224=VECTOR('',#12313,10.);
#3225=VECTOR('',#12318,10.);
#3226=VECTOR('',#12319,10.);
#3227=VECTOR('',#12322,10.);
#3228=VECTOR('',#12323,10.);
#3229=VECTOR('',#12326,10.);
#3230=VECTOR('',#12331,10.);
#3231=VECTOR('',#12332,10.);
#3232=VECTOR('',#12335,10.);
#3233=VECTOR('',#12338,10.);
#3234=VECTOR('',#12341,10.);
#3235=VECTOR('',#12348,10.);
#3236=VECTOR('',#12349,10.);
#3237=VECTOR('',#12356,10.);
#3238=VECTOR('',#12363,3.25);
#3239=CIRCLE('',#8894,4.35);
#3240=CIRCLE('',#8895,4.35);
#3241=CIRCLE('',#8897,2.9);
#3242=CIRCLE('',#8899,3.);
#3243=CIRCLE('',#8900,3.);
#3244=CIRCLE('',#8901,3.);
#3245=CIRCLE('',#8902,3.);
#3246=CIRCLE('',#8903,3.);
#3247=CIRCLE('',#8904,3.);
#3248=CIRCLE('',#8906,1.625);
#3249=CIRCLE('',#8908,1.625);
#3250=CIRCLE('',#8911,3.);
#3251=CIRCLE('',#8912,3.);
#3252=CIRCLE('',#8920,3.);
#3253=CIRCLE('',#8921,3.);
#3254=CIRCLE('',#8923,2.9);
#3255=CIRCLE('',#8950,3.);
#3256=CIRCLE('',#8951,3.);
#3257=CIRCLE('',#8980,6.5);
#3258=CIRCLE('',#8983,3.);
#3259=CIRCLE('',#8984,3.);
#3260=CIRCLE('',#8988,2.9);
#3261=CIRCLE('',#8990,6.5);
#3262=CIRCLE('',#8993,2.9);
#3263=CIRCLE('',#8995,2.3712736061);
#3264=CIRCLE('',#8996,2.3712736061);
#3265=CIRCLE('',#9000,2.37127360614289);
#3266=CIRCLE('',#9001,2.37127360614289);
#3267=CIRCLE('',#9005,2.3712736061);
#3268=CIRCLE('',#9006,2.3712736061);
#3269=CIRCLE('',#9010,2.37127360614289);
#3270=CIRCLE('',#9011,2.37127360614289);
#3271=CIRCLE('',#9017,3.);
#3272=CIRCLE('',#9018,1.625);
#3273=CIRCLE('',#9020,1.625);
#3274=CIRCLE('',#9022,3.);
#3275=CIRCLE('',#9025,3.);
#3276=CIRCLE('',#9026,1.625);
#3277=CIRCLE('',#9028,1.625);
#3278=CIRCLE('',#9030,3.);
#3279=CIRCLE('',#9033,3.);
#3280=CIRCLE('',#9034,1.625);
#3281=CIRCLE('',#9036,1.625);
#3282=CIRCLE('',#9038,3.);
#3283=CIRCLE('',#9055,1.74186149250536);
#3284=CIRCLE('',#9059,1.74186149250536);
#3285=CIRCLE('',#9064,1.74186149250536);
#3286=CIRCLE('',#9068,1.74186149250536);
#3287=CIRCLE('',#9074,1.74186149250536);
#3288=CIRCLE('',#9076,1.74186149250536);
#3289=CIRCLE('',#9090,3.);
#3290=CIRCLE('',#9091,3.);
#3291=CIRCLE('',#9093,3.);
#3292=CIRCLE('',#9094,3.);
#3293=CIRCLE('',#9095,3.);
#3294=CIRCLE('',#9096,1.75);
#3295=CIRCLE('',#9099,2.);
#3296=CIRCLE('',#9100,2.);
#3297=CIRCLE('',#9102,3.);
#3298=CIRCLE('',#9103,3.);
#3299=CIRCLE('',#9104,3.);
#3300=CIRCLE('',#9105,1.75);
#3301=CIRCLE('',#9108,2.);
#3302=CIRCLE('',#9113,2.);
#3303=CIRCLE('',#9114,2.);
#3304=CIRCLE('',#9115,2.);
#3305=CIRCLE('',#9121,2.);
#3306=CIRCLE('',#9122,2.);
#3307=CIRCLE('',#9124,4.9);
#3308=CIRCLE('',#9125,4.9);
#3309=CIRCLE('',#9128,4.9);
#3310=CIRCLE('',#9129,5.);
#3311=CIRCLE('',#9130,2.);
#3312=CIRCLE('',#9132,4.9);
#3313=CIRCLE('',#9135,2.);
#3314=CIRCLE('',#9138,5.);
#3315=CIRCLE('',#9141,2.);
#3316=CIRCLE('',#9142,2.);
#3317=CIRCLE('',#9144,3.);
#3318=CIRCLE('',#9145,3.);
#3319=CIRCLE('',#9148,3.);
#3320=CIRCLE('',#9149,3.);
#3321=CIRCLE('',#9151,2.00000000000002);
#3322=CIRCLE('',#9152,2.00000000000002);
#3323=CIRCLE('',#9154,3.);
#3324=CIRCLE('',#9155,3.);
#3325=CIRCLE('',#9158,3.);
#3326=CIRCLE('',#9159,1.75000000000001);
#3327=CIRCLE('',#9162,3.);
#3328=CIRCLE('',#9163,1.75000000000001);
#3329=CIRCLE('',#9171,2.);
#3330=CIRCLE('',#9172,2.);
#3331=CIRCLE('',#9174,4.9);
#3332=CIRCLE('',#9175,4.9);
#3333=CIRCLE('',#9178,4.9);
#3334=CIRCLE('',#9179,5.);
#3335=CIRCLE('',#9180,2.);
#3336=CIRCLE('',#9182,4.9);
#3337=CIRCLE('',#9185,2.);
#3338=CIRCLE('',#9188,5.);
#3339=CIRCLE('',#9191,1.8);
#3340=CIRCLE('',#9192,1.8);
#3341=CIRCLE('',#9194,45.);
#3342=CIRCLE('',#9195,45.);
#3343=CIRCLE('',#9196,1.8);
#3344=CIRCLE('',#9199,1.8);
#3345=CIRCLE('',#9200,1.8);
#3346=CIRCLE('',#9203,1.8);
#3347=CIRCLE('',#9204,1.8);
#3348=CIRCLE('',#9206,45.);
#3349=CIRCLE('',#9207,1.8);
#3350=CIRCLE('',#9210,5.5);
#3351=CIRCLE('',#9211,5.5);
#3352=CIRCLE('',#9213,5.5);
#3353=CIRCLE('',#9214,5.5);
#3354=CIRCLE('',#9216,5.5);
#3355=CIRCLE('',#9217,5.5);
#3356=CIRCLE('',#9219,5.5);
#3357=CIRCLE('',#9220,5.5);
#3358=CIRCLE('',#9222,5.5);
#3359=CIRCLE('',#9223,5.5);
#3360=CIRCLE('',#9225,5.322);
#3361=CIRCLE('',#9226,5.322);
#3362=CIRCLE('',#9228,130.);
#3363=CIRCLE('',#9229,130.);
#3364=CIRCLE('',#9231,130.);
#3365=CIRCLE('',#9232,130.);
#3366=CIRCLE('',#9234,130.);
#3367=CIRCLE('',#9235,130.);
#3368=CIRCLE('',#9237,45.);
#3369=CIRCLE('',#9239,45.);
#3370=CIRCLE('',#9241,45.);
#3371=CIRCLE('',#9243,45.);
#3372=CIRCLE('',#9244,45.);
#3373=CIRCLE('',#9246,2.);
#3374=CIRCLE('',#9247,2.);
#3375=CIRCLE('',#9248,2.);
#3376=CIRCLE('',#9249,2.);
#3377=CIRCLE('',#9250,1.8);
#3378=CIRCLE('',#9251,1.8);
#3379=CIRCLE('',#9252,1.8);
#3380=CIRCLE('',#9262,2.);
#3381=CIRCLE('',#9263,2.);
#3382=CIRCLE('',#9264,2.);
#3383=CIRCLE('',#9265,2.);
#3384=CIRCLE('',#9272,1.8);
#3385=CIRCLE('',#9277,15.);
#3386=CIRCLE('',#9278,11.25);
#3387=CIRCLE('',#9279,11.25);
#3388=CIRCLE('',#9283,15.);
#3389=CIRCLE('',#9284,11.25);
#3390=CIRCLE('',#9285,11.25);
#3391=CIRCLE('',#9300,11.25);
#3392=CIRCLE('',#9302,11.25);
#3393=CIRCLE('',#9304,15.);
#3394=CIRCLE('',#9317,11.25);
#3395=CIRCLE('',#9319,11.25);
#3396=CIRCLE('',#9321,15.);
#3397=CIRCLE('',#9325,1.8);
#3398=CIRCLE('',#9326,1.8);
#3399=CIRCLE('',#9328,15.);
#3400=CIRCLE('',#9329,11.25);
#3401=CIRCLE('',#9330,11.25);
#3402=CIRCLE('',#9334,15.);
#3403=CIRCLE('',#9335,11.25);
#3404=CIRCLE('',#9336,11.25);
#3405=CIRCLE('',#9351,1.8);
#3406=CIRCLE('',#9352,1.8);
#3407=CIRCLE('',#9355,1.8);
#3408=CIRCLE('',#9356,1.8);
#3409=CIRCLE('',#9359,1.8);
#3410=CIRCLE('',#9361,1.8);
#3411=CIRCLE('',#9363,1.8);
#3412=CIRCLE('',#9365,1.8);
#3413=CIRCLE('',#9367,1.8);
#3414=CIRCLE('',#9368,1.8);
#3415=CIRCLE('',#9391,2.);
#3416=CIRCLE('',#9392,2.);
#3417=CIRCLE('',#9394,2.);
#3418=CIRCLE('',#9395,2.);
#3419=CIRCLE('',#9397,2.);
#3420=CIRCLE('',#9398,2.);
#3421=CIRCLE('',#9400,2.);
#3422=CIRCLE('',#9401,2.);
#3423=CIRCLE('',#9403,25.359924588478);
#3424=CIRCLE('',#9404,25.359924588478);
#3425=CIRCLE('',#9406,45.);
#3426=CIRCLE('',#9408,45.);
#3427=CIRCLE('',#9409,25.359924588478);
#3428=CIRCLE('',#9410,45.);
#3429=CIRCLE('',#9411,25.359924588478);
#3430=CIRCLE('',#9412,45.);
#3431=CIRCLE('',#9413,45.);
#3432=CIRCLE('',#9414,1.8);
#3433=CIRCLE('',#9415,1.8);
#3434=CIRCLE('',#9416,1.8);
#3435=CIRCLE('',#9418,25.359924588478);
#3436=CIRCLE('',#9420,45.);
#3437=CIRCLE('',#9422,25.359924588478);
#3438=CIRCLE('',#9424,45.);
#3439=CIRCLE('',#9426,1.8);
#3440=CIRCLE('',#9428,1.8);
#3441=CIRCLE('',#9430,1.8);
#3442=CIRCLE('',#9432,45.);
#3443=CIRCLE('',#9435,11.);
#3444=CIRCLE('',#9436,4.);
#3445=CIRCLE('',#9438,4.);
#3446=CIRCLE('',#9440,11.);
#3447=CIRCLE('',#9443,11.);
#3448=CIRCLE('',#9444,4.);
#3449=CIRCLE('',#9446,4.);
#3450=CIRCLE('',#9448,11.);
#3451=CIRCLE('',#9451,4.25);
#3452=CIRCLE('',#9452,4.25);
#3453=CIRCLE('',#9453,4.25);
#3454=CIRCLE('',#9455,15.);
#3455=CIRCLE('',#9456,19.285961324651);
#3456=CIRCLE('',#9457,3.57127360610001);
#3457=CIRCLE('',#9458,15.);
#3458=CIRCLE('',#9459,19.285961324651);
#3459=CIRCLE('',#9460,9.);
#3460=CIRCLE('',#9461,19.285961324651);
#3461=CIRCLE('',#9462,3.57127360614289);
#3462=CIRCLE('',#9463,1.97736932777628);
#3463=CIRCLE('',#9464,1.64999999999999);
#3464=CIRCLE('',#9465,3.57127360610001);
#3465=CIRCLE('',#9466,19.285961324651);
#3466=CIRCLE('',#9467,3.57127360610001);
#3467=CIRCLE('',#9468,15.);
#3468=CIRCLE('',#9469,3.57127360614288);
#3469=CIRCLE('',#9470,19.285961324651);
#3470=CIRCLE('',#9471,3.57127360614288);
#3471=CIRCLE('',#9472,15.);
#3472=CIRCLE('',#9474,19.285961324651);
#3473=CIRCLE('',#9476,3.57127360610001);
#3474=CIRCLE('',#9481,15.);
#3475=CIRCLE('',#9483,1.97736932777628);
#3476=CIRCLE('',#9485,1.64999999999999);
#3477=CIRCLE('',#9487,1.64999999999999);
#3478=CIRCLE('',#9488,1.64999999999999);
#3479=CIRCLE('',#9496,9.00000000000001);
#3480=CIRCLE('',#9497,19.0262979636856);
#3481=CIRCLE('',#9499,40.);
#3482=CIRCLE('',#9500,40.);
#3483=CIRCLE('',#9503,9.00000000000001);
#3484=CIRCLE('',#9505,19.0262979636856);
#3485=CIRCLE('',#9506,3.25);
#3486=CIRCLE('',#9511,3.57127360614288);
#3487=CIRCLE('',#9512,19.285961324651);
#3488=CIRCLE('',#9513,3.57127360614288);
#3489=CIRCLE('',#9514,3.57127360610001);
#3490=CIRCLE('',#9515,19.285961324651);
#3491=CIRCLE('',#9516,3.57127360610001);
#3492=CIRCLE('',#9517,3.57127360614289);
#3493=CIRCLE('',#9518,19.285961324651);
#3494=CIRCLE('',#9519,9.);
#3495=CIRCLE('',#9520,19.285961324651);
#3496=CIRCLE('',#9527,15.);
#3497=CIRCLE('',#9529,15.);
#3498=CIRCLE('',#9531,15.);
#3499=CIRCLE('',#9552,3.25);
#3500=CIRCLE('',#9555,11.);
#3501=CIRCLE('',#9556,4.);
#3502=CIRCLE('',#9558,4.);
#3503=CIRCLE('',#9560,11.);
#3504=CIRCLE('',#9563,11.);
#3505=CIRCLE('',#9564,4.);
#3506=CIRCLE('',#9566,4.);
#3507=CIRCLE('',#9568,11.);
#3508=CIRCLE('',#9574,19.285961324651);
#3509=CIRCLE('',#9575,9.);
#3510=CIRCLE('',#9576,19.285961324651);
#3511=CIRCLE('',#9577,3.57127360614289);
#3512=CIRCLE('',#9578,15.);
#3513=CIRCLE('',#9579,3.57127360614289);
#3514=CIRCLE('',#9580,19.285961324651);
#3515=CIRCLE('',#9581,3.57127360610001);
#3516=CIRCLE('',#9582,15.);
#3517=CIRCLE('',#9583,3.57127360614289);
#3518=CIRCLE('',#9584,19.285961324651);
#3519=CIRCLE('',#9585,3.57127360614289);
#3520=CIRCLE('',#9586,15.);
#3521=CIRCLE('',#9587,3.57127360610001);
#3522=CIRCLE('',#9588,19.285961324651);
#3523=CIRCLE('',#9589,3.57127360610001);
#3524=CIRCLE('',#9590,15.);
#3525=CIRCLE('',#9591,1.64999999999999);
#3526=CIRCLE('',#9592,1.97736932777628);
#3527=CIRCLE('',#9594,3.57127360610001);
#3528=CIRCLE('',#9595,19.285961324651);
#3529=CIRCLE('',#9596,3.57127360614289);
#3530=CIRCLE('',#9598,15.);
#3531=CIRCLE('',#9600,1.97736932777628);
#3532=CIRCLE('',#9602,1.64999999999999);
#3533=CIRCLE('',#9604,1.64999999999999);
#3534=CIRCLE('',#9605,1.64999999999999);
#3535=CIRCLE('',#9613,9.00000000000001);
#3536=CIRCLE('',#9614,19.0262979636856);
#3537=CIRCLE('',#9616,40.);
#3538=CIRCLE('',#9617,40.);
#3539=CIRCLE('',#9620,9.00000000000001);
#3540=CIRCLE('',#9622,19.0262979636856);
#3541=CIRCLE('',#9623,3.25);
#3542=CIRCLE('',#9628,3.57127360614289);
#3543=CIRCLE('',#9629,19.285961324651);
#3544=CIRCLE('',#9630,3.57127360614289);
#3545=CIRCLE('',#9631,3.57127360610001);
#3546=CIRCLE('',#9632,19.285961324651);
#3547=CIRCLE('',#9633,3.57127360610001);
#3548=CIRCLE('',#9634,3.57127360614289);
#3549=CIRCLE('',#9635,19.285961324651);
#3550=CIRCLE('',#9636,9.);
#3551=CIRCLE('',#9637,19.285961324651);
#3552=CIRCLE('',#9644,15.);
#3553=CIRCLE('',#9646,15.);
#3554=CIRCLE('',#9648,15.);
#3555=CIRCLE('',#9671,3.25);
#3556=CIRCLE('',#9677,19.285961324651);
#3557=CIRCLE('',#9678,9.);
#3558=CIRCLE('',#9679,19.285961324651);
#3559=CIRCLE('',#9680,3.57127360614289);
#3560=CIRCLE('',#9681,15.);
#3561=CIRCLE('',#9682,3.57127360614289);
#3562=CIRCLE('',#9683,19.285961324651);
#3563=CIRCLE('',#9684,3.57127360610001);
#3564=CIRCLE('',#9685,15.);
#3565=CIRCLE('',#9686,3.57127360614288);
#3566=CIRCLE('',#9687,19.285961324651);
#3567=CIRCLE('',#9688,3.57127360614288);
#3568=CIRCLE('',#9689,15.);
#3569=CIRCLE('',#9690,3.57127360610001);
#3570=CIRCLE('',#9691,19.285961324651);
#3571=CIRCLE('',#9692,3.57127360610001);
#3572=CIRCLE('',#9693,15.);
#3573=CIRCLE('',#9694,1.64999999999999);
#3574=CIRCLE('',#9695,1.97736932777628);
#3575=CIRCLE('',#9697,3.57127360610001);
#3576=CIRCLE('',#9698,19.285961324651);
#3577=CIRCLE('',#9699,3.57127360614289);
#3578=CIRCLE('',#9701,15.);
#3579=CIRCLE('',#9703,1.97736932777628);
#3580=CIRCLE('',#9705,1.64999999999999);
#3581=CIRCLE('',#9707,1.64999999999999);
#3582=CIRCLE('',#9708,1.64999999999999);
#3583=CIRCLE('',#9716,9.00000000000001);
#3584=CIRCLE('',#9717,19.0262979636856);
#3585=CIRCLE('',#9719,40.);
#3586=CIRCLE('',#9720,40.);
#3587=CIRCLE('',#9723,9.00000000000001);
#3588=CIRCLE('',#9725,19.0262979636856);
#3589=CIRCLE('',#9726,3.25);
#3590=CIRCLE('',#9731,3.57127360614288);
#3591=CIRCLE('',#9732,19.285961324651);
#3592=CIRCLE('',#9733,3.57127360614288);
#3593=CIRCLE('',#9734,3.57127360610001);
#3594=CIRCLE('',#9735,19.285961324651);
#3595=CIRCLE('',#9736,3.57127360610001);
#3596=CIRCLE('',#9737,3.57127360614289);
#3597=CIRCLE('',#9738,19.285961324651);
#3598=CIRCLE('',#9739,9.);
#3599=CIRCLE('',#9740,19.285961324651);
#3600=CIRCLE('',#9747,15.);
#3601=CIRCLE('',#9749,15.);
#3602=CIRCLE('',#9751,15.);
#3603=CIRCLE('',#9774,3.25);
#3604=VERTEX_POINT('',#12390);
#3605=VERTEX_POINT('',#12392);
#3606=VERTEX_POINT('',#12396);
#3607=VERTEX_POINT('',#12399);
#3608=VERTEX_POINT('',#12401);
#3609=VERTEX_POINT('',#12403);
#3610=VERTEX_POINT('',#12405);
#3611=VERTEX_POINT('',#12407);
#3612=VERTEX_POINT('',#12409);
#3613=VERTEX_POINT('',#12412);
#3614=VERTEX_POINT('',#12414);
#3615=VERTEX_POINT('',#12418);
#3616=VERTEX_POINT('',#12421);
#3617=VERTEX_POINT('',#12426);
#3618=VERTEX_POINT('',#12428);
#3619=VERTEX_POINT('',#12430);
#3620=VERTEX_POINT('',#12432);
#3621=VERTEX_POINT('',#12434);
#3622=VERTEX_POINT('',#12436);
#3623=VERTEX_POINT('',#12438);
#3624=VERTEX_POINT('',#12442);
#3625=VERTEX_POINT('',#12446);
#3626=VERTEX_POINT('',#12450);
#3627=VERTEX_POINT('',#12452);
#3628=VERTEX_POINT('',#12456);
#3629=VERTEX_POINT('',#12457);
#3630=VERTEX_POINT('',#12459);
#3631=VERTEX_POINT('',#12461);
#3632=VERTEX_POINT('',#12465);
#3633=VERTEX_POINT('',#12466);
#3634=VERTEX_POINT('',#12468);
#3635=VERTEX_POINT('',#12470);
#3636=VERTEX_POINT('',#12474);
#3637=VERTEX_POINT('',#12475);
#3638=VERTEX_POINT('',#12477);
#3639=VERTEX_POINT('',#12479);
#3640=VERTEX_POINT('',#12485);
#3641=VERTEX_POINT('',#12487);
#3642=VERTEX_POINT('',#12491);
#3643=VERTEX_POINT('',#12495);
#3644=VERTEX_POINT('',#12496);
#3645=VERTEX_POINT('',#12499);
#3646=VERTEX_POINT('',#12503);
#3647=VERTEX_POINT('',#12505);
#3648=VERTEX_POINT('',#12507);
#3649=VERTEX_POINT('',#12511);
#3650=VERTEX_POINT('',#12515);
#3651=VERTEX_POINT('',#12519);
#3652=VERTEX_POINT('',#12520);
#3653=VERTEX_POINT('',#12522);
#3654=VERTEX_POINT('',#12527);
#3655=VERTEX_POINT('',#12528);
#3656=VERTEX_POINT('',#12530);
#3657=VERTEX_POINT('',#12532);
#3658=VERTEX_POINT('',#12536);
#3659=VERTEX_POINT('',#12538);
#3660=VERTEX_POINT('',#12546);
#3661=VERTEX_POINT('',#12557);
#3662=VERTEX_POINT('',#12561);
#3663=VERTEX_POINT('',#12564);
#3664=VERTEX_POINT('',#12568);
#3665=VERTEX_POINT('',#12572);
#3666=VERTEX_POINT('',#12577);
#3667=VERTEX_POINT('',#12578);
#3668=VERTEX_POINT('',#12581);
#3669=VERTEX_POINT('',#12585);
#3670=VERTEX_POINT('',#12587);
#3671=VERTEX_POINT('',#12591);
#3672=VERTEX_POINT('',#12595);
#3673=VERTEX_POINT('',#12599);
#3674=VERTEX_POINT('',#12600);
#3675=VERTEX_POINT('',#12602);
#3676=VERTEX_POINT('',#12607);
#3677=VERTEX_POINT('',#12612);
#3678=VERTEX_POINT('',#12616);
#3679=VERTEX_POINT('',#12620);
#3680=VERTEX_POINT('',#12632);
#3681=VERTEX_POINT('',#12642);
#3682=VERTEX_POINT('',#12645);
#3683=VERTEX_POINT('',#12650);
#3684=VERTEX_POINT('',#12654);
#3685=VERTEX_POINT('',#12655);
#3686=VERTEX_POINT('',#12657);
#3687=VERTEX_POINT('',#12659);
#3688=VERTEX_POINT('',#12663);
#3689=VERTEX_POINT('',#12665);
#3690=VERTEX_POINT('',#12669);
#3691=VERTEX_POINT('',#12671);
#3692=VERTEX_POINT('',#12675);
#3693=VERTEX_POINT('',#12677);
#3694=VERTEX_POINT('',#12681);
#3695=VERTEX_POINT('',#12683);
#3696=VERTEX_POINT('',#12687);
#3697=VERTEX_POINT('',#12689);
#3698=VERTEX_POINT('',#12693);
#3699=VERTEX_POINT('',#12695);
#3700=VERTEX_POINT('',#12699);
#3701=VERTEX_POINT('',#12701);
#3702=VERTEX_POINT('',#12705);
#3703=VERTEX_POINT('',#12707);
#3704=VERTEX_POINT('',#12711);
#3705=VERTEX_POINT('',#12713);
#3706=VERTEX_POINT('',#12717);
#3707=VERTEX_POINT('',#12719);
#3708=VERTEX_POINT('',#12728);
#3709=VERTEX_POINT('',#12730);
#3710=VERTEX_POINT('',#12733);
#3711=VERTEX_POINT('',#12737);
#3712=VERTEX_POINT('',#12742);
#3713=VERTEX_POINT('',#12744);
#3714=VERTEX_POINT('',#12747);
#3715=VERTEX_POINT('',#12751);
#3716=VERTEX_POINT('',#12756);
#3717=VERTEX_POINT('',#12758);
#3718=VERTEX_POINT('',#12761);
#3719=VERTEX_POINT('',#12765);
#3720=VERTEX_POINT('',#12781);
#3721=VERTEX_POINT('',#12782);
#3722=VERTEX_POINT('',#12784);
#3723=VERTEX_POINT('',#12786);
#3724=VERTEX_POINT('',#12790);
#3725=VERTEX_POINT('',#12792);
#3726=VERTEX_POINT('',#12794);
#3727=VERTEX_POINT('',#12796);
#3728=VERTEX_POINT('',#12798);
#3729=VERTEX_POINT('',#12800);
#3730=VERTEX_POINT('',#12802);
#3731=VERTEX_POINT('',#12804);
#3732=VERTEX_POINT('',#12806);
#3733=VERTEX_POINT('',#12808);
#3734=VERTEX_POINT('',#12810);
#3735=VERTEX_POINT('',#12812);
#3736=VERTEX_POINT('',#12814);
#3737=VERTEX_POINT('',#12816);
#3738=VERTEX_POINT('',#12818);
#3739=VERTEX_POINT('',#12820);
#3740=VERTEX_POINT('',#12824);
#3741=VERTEX_POINT('',#12825);
#3742=VERTEX_POINT('',#12830);
#3743=VERTEX_POINT('',#12831);
#3744=VERTEX_POINT('',#12836);
#3745=VERTEX_POINT('',#12838);
#3746=VERTEX_POINT('',#12842);
#3747=VERTEX_POINT('',#12844);
#3748=VERTEX_POINT('',#12848);
#3749=VERTEX_POINT('',#12852);
#3750=VERTEX_POINT('',#12856);
#3751=VERTEX_POINT('',#12860);
#3752=VERTEX_POINT('',#12862);
#3753=VERTEX_POINT('',#12866);
#3754=VERTEX_POINT('',#12868);
#3755=VERTEX_POINT('',#12872);
#3756=VERTEX_POINT('',#12876);
#3757=VERTEX_POINT('',#12880);
#3758=VERTEX_POINT('',#12884);
#3759=VERTEX_POINT('',#12886);
#3760=VERTEX_POINT('',#12890);
#3761=VERTEX_POINT('',#12892);
#3762=VERTEX_POINT('',#12896);
#3763=VERTEX_POINT('',#12900);
#3764=VERTEX_POINT('',#12904);
#3765=VERTEX_POINT('',#12906);
#3766=VERTEX_POINT('',#12909);
#3767=VERTEX_POINT('',#12912);
#3768=VERTEX_POINT('',#12928);
#3769=VERTEX_POINT('',#12929);
#3770=VERTEX_POINT('',#12931);
#3771=VERTEX_POINT('',#12933);
#3772=VERTEX_POINT('',#12935);
#3773=VERTEX_POINT('',#12939);
#3774=VERTEX_POINT('',#12941);
#3775=VERTEX_POINT('',#12943);
#3776=VERTEX_POINT('',#12945);
#3777=VERTEX_POINT('',#12947);
#3778=VERTEX_POINT('',#12949);
#3779=VERTEX_POINT('',#12952);
#3780=VERTEX_POINT('',#12955);
#3781=VERTEX_POINT('',#12959);
#3782=VERTEX_POINT('',#12961);
#3783=VERTEX_POINT('',#12963);
#3784=VERTEX_POINT('',#12967);
#3785=VERTEX_POINT('',#12969);
#3786=VERTEX_POINT('',#12971);
#3787=VERTEX_POINT('',#12973);
#3788=VERTEX_POINT('',#12976);
#3789=VERTEX_POINT('',#12979);
#3790=VERTEX_POINT('',#12983);
#3791=VERTEX_POINT('',#12995);
#3792=VERTEX_POINT('',#12997);
#3793=VERTEX_POINT('',#13010);
#3794=VERTEX_POINT('',#13023);
#3795=VERTEX_POINT('',#13027);
#3796=VERTEX_POINT('',#13052);
#3797=VERTEX_POINT('',#13053);
#3798=VERTEX_POINT('',#13105);
#3799=VERTEX_POINT('',#13107);
#3800=VERTEX_POINT('',#13111);
#3801=VERTEX_POINT('',#13112);
#3802=VERTEX_POINT('',#13114);
#3803=VERTEX_POINT('',#13116);
#3804=VERTEX_POINT('',#13120);
#3805=VERTEX_POINT('',#13122);
#3806=VERTEX_POINT('',#13126);
#3807=VERTEX_POINT('',#13128);
#3808=VERTEX_POINT('',#13130);
#3809=VERTEX_POINT('',#13133);
#3810=VERTEX_POINT('',#13136);
#3811=VERTEX_POINT('',#13137);
#3812=VERTEX_POINT('',#13142);
#3813=VERTEX_POINT('',#13146);
#3814=VERTEX_POINT('',#13155);
#3815=VERTEX_POINT('',#13156);
#3816=VERTEX_POINT('',#13158);
#3817=VERTEX_POINT('',#13169);
#3818=VERTEX_POINT('',#13171);
#3819=VERTEX_POINT('',#13182);
#3820=VERTEX_POINT('',#13184);
#3821=VERTEX_POINT('',#13195);
#3822=VERTEX_POINT('',#13207);
#3823=VERTEX_POINT('',#13251);
#3824=VERTEX_POINT('',#13253);
#3825=VERTEX_POINT('',#13255);
#3826=VERTEX_POINT('',#13257);
#3827=VERTEX_POINT('',#13259);
#3828=VERTEX_POINT('',#13272);
#3829=VERTEX_POINT('',#13276);
#3830=VERTEX_POINT('',#13287);
#3831=VERTEX_POINT('',#13289);
#3832=VERTEX_POINT('',#13291);
#3833=VERTEX_POINT('',#13296);
#3834=VERTEX_POINT('',#13307);
#3835=VERTEX_POINT('',#13319);
#3836=VERTEX_POINT('',#13320);
#3837=VERTEX_POINT('',#13366);
#3838=VERTEX_POINT('',#13368);
#3839=VERTEX_POINT('',#13370);
#3840=VERTEX_POINT('',#13372);
#3841=VERTEX_POINT('',#13376);
#3842=VERTEX_POINT('',#13381);
#3843=VERTEX_POINT('',#13384);
#3844=VERTEX_POINT('',#13389);
#3845=VERTEX_POINT('',#13391);
#3846=VERTEX_POINT('',#13395);
#3847=VERTEX_POINT('',#13408);
#3848=VERTEX_POINT('',#13410);
#3849=VERTEX_POINT('',#13414);
#3850=VERTEX_POINT('',#13415);
#3851=VERTEX_POINT('',#13417);
#3852=VERTEX_POINT('',#13419);
#3853=VERTEX_POINT('',#13423);
#3854=VERTEX_POINT('',#13425);
#3855=VERTEX_POINT('',#13429);
#3856=VERTEX_POINT('',#13431);
#3857=VERTEX_POINT('',#13433);
#3858=VERTEX_POINT('',#13436);
#3859=VERTEX_POINT('',#13439);
#3860=VERTEX_POINT('',#13440);
#3861=VERTEX_POINT('',#13445);
#3862=VERTEX_POINT('',#13449);
#3863=VERTEX_POINT('',#13458);
#3864=VERTEX_POINT('',#13459);
#3865=VERTEX_POINT('',#13461);
#3866=VERTEX_POINT('',#13463);
#3867=VERTEX_POINT('',#13466);
#3868=VERTEX_POINT('',#13468);
#3869=VERTEX_POINT('',#13471);
#3870=VERTEX_POINT('',#13473);
#3871=VERTEX_POINT('',#13475);
#3872=VERTEX_POINT('',#13477);
#3873=VERTEX_POINT('',#13479);
#3874=VERTEX_POINT('',#13481);
#3875=VERTEX_POINT('',#13483);
#3876=VERTEX_POINT('',#13485);
#3877=VERTEX_POINT('',#13487);
#3878=VERTEX_POINT('',#13489);
#3879=VERTEX_POINT('',#13491);
#3880=VERTEX_POINT('',#13494);
#3881=VERTEX_POINT('',#13497);
#3882=VERTEX_POINT('',#13501);
#3883=VERTEX_POINT('',#13502);
#3884=VERTEX_POINT('',#13504);
#3885=VERTEX_POINT('',#13506);
#3886=VERTEX_POINT('',#13509);
#3887=VERTEX_POINT('',#13511);
#3888=VERTEX_POINT('',#13514);
#3889=VERTEX_POINT('',#13516);
#3890=VERTEX_POINT('',#13520);
#3891=VERTEX_POINT('',#13521);
#3892=VERTEX_POINT('',#13523);
#3893=VERTEX_POINT('',#13525);
#3894=VERTEX_POINT('',#13528);
#3895=VERTEX_POINT('',#13530);
#3896=VERTEX_POINT('',#13533);
#3897=VERTEX_POINT('',#13535);
#3898=VERTEX_POINT('',#13537);
#3899=VERTEX_POINT('',#13539);
#3900=VERTEX_POINT('',#13541);
#3901=VERTEX_POINT('',#13543);
#3902=VERTEX_POINT('',#13545);
#3903=VERTEX_POINT('',#13547);
#3904=VERTEX_POINT('',#13549);
#3905=VERTEX_POINT('',#13551);
#3906=VERTEX_POINT('',#13553);
#3907=VERTEX_POINT('',#13555);
#3908=VERTEX_POINT('',#13558);
#3909=VERTEX_POINT('',#13561);
#3910=VERTEX_POINT('',#13565);
#3911=VERTEX_POINT('',#13566);
#3912=VERTEX_POINT('',#13568);
#3913=VERTEX_POINT('',#13570);
#3914=VERTEX_POINT('',#13574);
#3915=VERTEX_POINT('',#13575);
#3916=VERTEX_POINT('',#13577);
#3917=VERTEX_POINT('',#13579);
#3918=VERTEX_POINT('',#13583);
#3919=VERTEX_POINT('',#13584);
#3920=VERTEX_POINT('',#13586);
#3921=VERTEX_POINT('',#13588);
#3922=VERTEX_POINT('',#13592);
#3923=VERTEX_POINT('',#13593);
#3924=VERTEX_POINT('',#13595);
#3925=VERTEX_POINT('',#13597);
#3926=VERTEX_POINT('',#13601);
#3927=VERTEX_POINT('',#13602);
#3928=VERTEX_POINT('',#13604);
#3929=VERTEX_POINT('',#13606);
#3930=VERTEX_POINT('',#13610);
#3931=VERTEX_POINT('',#13611);
#3932=VERTEX_POINT('',#13613);
#3933=VERTEX_POINT('',#13615);
#3934=VERTEX_POINT('',#13619);
#3935=VERTEX_POINT('',#13620);
#3936=VERTEX_POINT('',#13622);
#3937=VERTEX_POINT('',#13624);
#3938=VERTEX_POINT('',#13628);
#3939=VERTEX_POINT('',#13629);
#3940=VERTEX_POINT('',#13631);
#3941=VERTEX_POINT('',#13633);
#3942=VERTEX_POINT('',#13637);
#3943=VERTEX_POINT('',#13638);
#3944=VERTEX_POINT('',#13640);
#3945=VERTEX_POINT('',#13642);
#3946=VERTEX_POINT('',#13646);
#3947=VERTEX_POINT('',#13647);
#3948=VERTEX_POINT('',#13652);
#3949=VERTEX_POINT('',#13653);
#3950=VERTEX_POINT('',#13658);
#3951=VERTEX_POINT('',#13659);
#3952=VERTEX_POINT('',#13664);
#3953=VERTEX_POINT('',#13668);
#3954=VERTEX_POINT('',#13670);
#3955=VERTEX_POINT('',#13677);
#3956=VERTEX_POINT('',#13679);
#3957=VERTEX_POINT('',#13681);
#3958=VERTEX_POINT('',#13683);
#3959=VERTEX_POINT('',#13685);
#3960=VERTEX_POINT('',#13687);
#3961=VERTEX_POINT('',#13689);
#3962=VERTEX_POINT('',#13692);
#3963=VERTEX_POINT('',#13693);
#3964=VERTEX_POINT('',#13695);
#3965=VERTEX_POINT('',#13699);
#3966=VERTEX_POINT('',#13700);
#3967=VERTEX_POINT('',#13702);
#3968=VERTEX_POINT('',#13704);
#3969=VERTEX_POINT('',#13708);
#3970=VERTEX_POINT('',#13710);
#3971=VERTEX_POINT('',#13717);
#3972=VERTEX_POINT('',#13718);
#3973=VERTEX_POINT('',#13720);
#3974=VERTEX_POINT('',#13724);
#3975=VERTEX_POINT('',#13726);
#3976=VERTEX_POINT('',#13735);
#3977=VERTEX_POINT('',#13737);
#3978=VERTEX_POINT('',#13739);
#3979=VERTEX_POINT('',#13741);
#3980=VERTEX_POINT('',#13743);
#3981=VERTEX_POINT('',#13747);
#3982=VERTEX_POINT('',#13749);
#3983=VERTEX_POINT('',#13751);
#3984=VERTEX_POINT('',#13753);
#3985=VERTEX_POINT('',#13755);
#3986=VERTEX_POINT('',#13758);
#3987=VERTEX_POINT('',#13760);
#3988=VERTEX_POINT('',#13762);
#3989=VERTEX_POINT('',#13764);
#3990=VERTEX_POINT('',#13766);
#3991=VERTEX_POINT('',#13768);
#3992=VERTEX_POINT('',#13770);
#3993=VERTEX_POINT('',#13773);
#3994=VERTEX_POINT('',#13776);
#3995=VERTEX_POINT('',#13778);
#3996=VERTEX_POINT('',#13780);
#3997=VERTEX_POINT('',#13782);
#3998=VERTEX_POINT('',#13785);
#3999=VERTEX_POINT('',#13787);
#4000=VERTEX_POINT('',#13798);
#4001=VERTEX_POINT('',#13800);
#4002=VERTEX_POINT('',#13804);
#4003=VERTEX_POINT('',#13806);
#4004=VERTEX_POINT('',#13808);
#4005=VERTEX_POINT('',#13810);
#4006=VERTEX_POINT('',#13814);
#4007=VERTEX_POINT('',#13817);
#4008=VERTEX_POINT('',#13823);
#4009=VERTEX_POINT('',#13824);
#4010=VERTEX_POINT('',#13826);
#4011=VERTEX_POINT('',#13828);
#4012=VERTEX_POINT('',#13832);
#4013=VERTEX_POINT('',#13834);
#4014=VERTEX_POINT('',#13843);
#4015=VERTEX_POINT('',#13844);
#4016=VERTEX_POINT('',#13846);
#4017=VERTEX_POINT('',#13848);
#4018=VERTEX_POINT('',#13852);
#4019=VERTEX_POINT('',#13854);
#4020=VERTEX_POINT('',#13865);
#4021=VERTEX_POINT('',#13867);
#4022=VERTEX_POINT('',#13891);
#4023=VERTEX_POINT('',#13893);
#4024=VERTEX_POINT('',#13896);
#4025=VERTEX_POINT('',#13898);
#4026=VERTEX_POINT('',#13919);
#4027=VERTEX_POINT('',#13921);
#4028=VERTEX_POINT('',#13924);
#4029=VERTEX_POINT('',#13926);
#4030=VERTEX_POINT('',#13956);
#4031=VERTEX_POINT('',#13958);
#4032=VERTEX_POINT('',#13961);
#4033=VERTEX_POINT('',#13963);
#4034=VERTEX_POINT('',#13984);
#4035=VERTEX_POINT('',#13986);
#4036=VERTEX_POINT('',#13989);
#4037=VERTEX_POINT('',#13991);
#4038=VERTEX_POINT('',#14008);
#4039=VERTEX_POINT('',#14010);
#4040=VERTEX_POINT('',#14013);
#4041=VERTEX_POINT('',#14015);
#4042=VERTEX_POINT('',#14021);
#4043=VERTEX_POINT('',#14023);
#4044=VERTEX_POINT('',#14050);
#4045=VERTEX_POINT('',#14052);
#4046=VERTEX_POINT('',#14055);
#4047=VERTEX_POINT('',#14057);
#4048=VERTEX_POINT('',#14078);
#4049=VERTEX_POINT('',#14080);
#4050=VERTEX_POINT('',#14083);
#4051=VERTEX_POINT('',#14085);
#4052=VERTEX_POINT('',#14094);
#4053=VERTEX_POINT('',#14096);
#4054=VERTEX_POINT('',#14102);
#4055=VERTEX_POINT('',#14104);
#4056=VERTEX_POINT('',#14110);
#4057=VERTEX_POINT('',#14114);
#4058=VERTEX_POINT('',#14118);
#4059=VERTEX_POINT('',#14122);
#4060=VERTEX_POINT('',#14127);
#4061=VERTEX_POINT('',#14129);
#4062=VERTEX_POINT('',#14168);
#4063=VERTEX_POINT('',#14170);
#4064=VERTEX_POINT('',#14174);
#4065=VERTEX_POINT('',#14176);
#4066=VERTEX_POINT('',#14180);
#4067=VERTEX_POINT('',#14182);
#4068=VERTEX_POINT('',#14186);
#4069=VERTEX_POINT('',#14188);
#4070=VERTEX_POINT('',#14192);
#4071=VERTEX_POINT('',#14193);
#4072=VERTEX_POINT('',#14195);
#4073=VERTEX_POINT('',#14197);
#4074=VERTEX_POINT('',#14203);
#4075=VERTEX_POINT('',#14205);
#4076=VERTEX_POINT('',#14207);
#4077=VERTEX_POINT('',#14209);
#4078=VERTEX_POINT('',#14211);
#4079=VERTEX_POINT('',#14214);
#4080=VERTEX_POINT('',#14216);
#4081=VERTEX_POINT('',#14218);
#4082=VERTEX_POINT('',#14221);
#4083=VERTEX_POINT('',#14223);
#4084=VERTEX_POINT('',#14229);
#4085=VERTEX_POINT('',#14231);
#4086=VERTEX_POINT('',#14237);
#4087=VERTEX_POINT('',#14241);
#4088=VERTEX_POINT('',#14245);
#4089=VERTEX_POINT('',#14249);
#4090=VERTEX_POINT('',#14254);
#4091=VERTEX_POINT('',#14256);
#4092=VERTEX_POINT('',#14259);
#4093=VERTEX_POINT('',#14263);
#4094=VERTEX_POINT('',#14268);
#4095=VERTEX_POINT('',#14270);
#4096=VERTEX_POINT('',#14273);
#4097=VERTEX_POINT('',#14277);
#4098=VERTEX_POINT('',#14282);
#4099=VERTEX_POINT('',#14283);
#4100=VERTEX_POINT('',#14285);
#4101=VERTEX_POINT('',#14287);
#4102=VERTEX_POINT('',#14289);
#4103=VERTEX_POINT('',#14291);
#4104=VERTEX_POINT('',#14295);
#4105=VERTEX_POINT('',#14297);
#4106=VERTEX_POINT('',#14299);
#4107=VERTEX_POINT('',#14301);
#4108=VERTEX_POINT('',#14303);
#4109=VERTEX_POINT('',#14305);
#4110=VERTEX_POINT('',#14307);
#4111=VERTEX_POINT('',#14309);
#4112=VERTEX_POINT('',#14311);
#4113=VERTEX_POINT('',#14313);
#4114=VERTEX_POINT('',#14315);
#4115=VERTEX_POINT('',#14317);
#4116=VERTEX_POINT('',#14319);
#4117=VERTEX_POINT('',#14321);
#4118=VERTEX_POINT('',#14324);
#4119=VERTEX_POINT('',#14326);
#4120=VERTEX_POINT('',#14328);
#4121=VERTEX_POINT('',#14329);
#4122=VERTEX_POINT('',#14331);
#4123=VERTEX_POINT('',#14333);
#4124=VERTEX_POINT('',#14335);
#4125=VERTEX_POINT('',#14337);
#4126=VERTEX_POINT('',#14340);
#4127=VERTEX_POINT('',#14341);
#4128=VERTEX_POINT('',#14343);
#4129=VERTEX_POINT('',#14345);
#4130=VERTEX_POINT('',#14347);
#4131=VERTEX_POINT('',#14349);
#4132=VERTEX_POINT('',#14353);
#4133=VERTEX_POINT('',#14357);
#4134=VERTEX_POINT('',#14359);
#4135=VERTEX_POINT('',#14363);
#4136=VERTEX_POINT('',#14364);
#4137=VERTEX_POINT('',#14369);
#4138=VERTEX_POINT('',#14373);
#4139=VERTEX_POINT('',#14375);
#4140=VERTEX_POINT('',#14377);
#4141=VERTEX_POINT('',#14381);
#4142=VERTEX_POINT('',#14385);
#4143=VERTEX_POINT('',#14389);
#4144=VERTEX_POINT('',#14393);
#4145=VERTEX_POINT('',#14395);
#4146=VERTEX_POINT('',#14399);
#4147=VERTEX_POINT('',#14400);
#4148=VERTEX_POINT('',#14402);
#4149=VERTEX_POINT('',#14404);
#4150=VERTEX_POINT('',#14408);
#4151=VERTEX_POINT('',#14409);
#4152=VERTEX_POINT('',#14411);
#4153=VERTEX_POINT('',#14413);
#4154=VERTEX_POINT('',#14417);
#4155=VERTEX_POINT('',#14419);
#4156=VERTEX_POINT('',#14421);
#4157=VERTEX_POINT('',#14425);
#4158=VERTEX_POINT('',#14427);
#4159=VERTEX_POINT('',#14431);
#4160=VERTEX_POINT('',#14432);
#4161=VERTEX_POINT('',#14434);
#4162=VERTEX_POINT('',#14436);
#4163=VERTEX_POINT('',#14444);
#4164=VERTEX_POINT('',#14446);
#4165=VERTEX_POINT('',#14450);
#4166=VERTEX_POINT('',#14451);
#4167=VERTEX_POINT('',#14453);
#4168=VERTEX_POINT('',#14455);
#4169=VERTEX_POINT('',#14459);
#4170=VERTEX_POINT('',#14461);
#4171=VERTEX_POINT('',#14468);
#4172=VERTEX_POINT('',#14471);
#4173=VERTEX_POINT('',#14474);
#4174=VERTEX_POINT('',#14477);
#4175=VERTEX_POINT('',#14479);
#4176=VERTEX_POINT('',#14481);
#4177=VERTEX_POINT('',#14488);
#4178=VERTEX_POINT('',#14490);
#4179=VERTEX_POINT('',#14492);
#4180=VERTEX_POINT('',#14494);
#4181=VERTEX_POINT('',#14496);
#4182=VERTEX_POINT('',#14498);
#4183=VERTEX_POINT('',#14500);
#4184=VERTEX_POINT('',#14502);
#4185=VERTEX_POINT('',#14504);
#4186=VERTEX_POINT('',#14506);
#4187=VERTEX_POINT('',#14508);
#4188=VERTEX_POINT('',#14510);
#4189=VERTEX_POINT('',#14512);
#4190=VERTEX_POINT('',#14515);
#4191=VERTEX_POINT('',#14517);
#4192=VERTEX_POINT('',#14519);
#4193=VERTEX_POINT('',#14521);
#4194=VERTEX_POINT('',#14526);
#4195=VERTEX_POINT('',#14538);
#4196=VERTEX_POINT('',#14540);
#4197=VERTEX_POINT('',#14544);
#4198=VERTEX_POINT('',#14548);
#4199=VERTEX_POINT('',#14550);
#4200=VERTEX_POINT('',#14554);
#4201=VERTEX_POINT('',#14556);
#4202=VERTEX_POINT('',#14560);
#4203=VERTEX_POINT('',#14598);
#4204=VERTEX_POINT('',#14603);
#4205=VERTEX_POINT('',#14605);
#4206=VERTEX_POINT('',#14608);
#4207=VERTEX_POINT('',#14612);
#4208=VERTEX_POINT('',#14617);
#4209=VERTEX_POINT('',#14619);
#4210=VERTEX_POINT('',#14622);
#4211=VERTEX_POINT('',#14626);
#4212=VERTEX_POINT('',#14631);
#4213=VERTEX_POINT('',#14632);
#4214=VERTEX_POINT('',#14634);
#4215=VERTEX_POINT('',#14636);
#4216=VERTEX_POINT('',#14640);
#4217=VERTEX_POINT('',#14642);
#4218=VERTEX_POINT('',#14646);
#4219=VERTEX_POINT('',#14648);
#4220=VERTEX_POINT('',#14650);
#4221=VERTEX_POINT('',#14652);
#4222=VERTEX_POINT('',#14656);
#4223=VERTEX_POINT('',#14658);
#4224=VERTEX_POINT('',#14660);
#4225=VERTEX_POINT('',#14662);
#4226=VERTEX_POINT('',#14664);
#4227=VERTEX_POINT('',#14666);
#4228=VERTEX_POINT('',#14668);
#4229=VERTEX_POINT('',#14670);
#4230=VERTEX_POINT('',#14672);
#4231=VERTEX_POINT('',#14674);
#4232=VERTEX_POINT('',#14676);
#4233=VERTEX_POINT('',#14678);
#4234=VERTEX_POINT('',#14680);
#4235=VERTEX_POINT('',#14683);
#4236=VERTEX_POINT('',#14684);
#4237=VERTEX_POINT('',#14686);
#4238=VERTEX_POINT('',#14688);
#4239=VERTEX_POINT('',#14690);
#4240=VERTEX_POINT('',#14692);
#4241=VERTEX_POINT('',#14695);
#4242=VERTEX_POINT('',#14696);
#4243=VERTEX_POINT('',#14698);
#4244=VERTEX_POINT('',#14700);
#4245=VERTEX_POINT('',#14702);
#4246=VERTEX_POINT('',#14704);
#4247=VERTEX_POINT('',#14707);
#4248=VERTEX_POINT('',#14709);
#4249=VERTEX_POINT('',#14712);
#4250=VERTEX_POINT('',#14713);
#4251=VERTEX_POINT('',#14715);
#4252=VERTEX_POINT('',#14717);
#4253=VERTEX_POINT('',#14719);
#4254=VERTEX_POINT('',#14723);
#4255=VERTEX_POINT('',#14725);
#4256=VERTEX_POINT('',#14729);
#4257=VERTEX_POINT('',#14733);
#4258=VERTEX_POINT('',#14737);
#4259=VERTEX_POINT('',#14739);
#4260=VERTEX_POINT('',#14743);
#4261=VERTEX_POINT('',#14744);
#4262=VERTEX_POINT('',#14746);
#4263=VERTEX_POINT('',#14748);
#4264=VERTEX_POINT('',#14752);
#4265=VERTEX_POINT('',#14753);
#4266=VERTEX_POINT('',#14755);
#4267=VERTEX_POINT('',#14757);
#4268=VERTEX_POINT('',#14761);
#4269=VERTEX_POINT('',#14763);
#4270=VERTEX_POINT('',#14765);
#4271=VERTEX_POINT('',#14769);
#4272=VERTEX_POINT('',#14771);
#4273=VERTEX_POINT('',#14775);
#4274=VERTEX_POINT('',#14776);
#4275=VERTEX_POINT('',#14778);
#4276=VERTEX_POINT('',#14780);
#4277=VERTEX_POINT('',#14788);
#4278=VERTEX_POINT('',#14790);
#4279=VERTEX_POINT('',#14794);
#4280=VERTEX_POINT('',#14795);
#4281=VERTEX_POINT('',#14797);
#4282=VERTEX_POINT('',#14799);
#4283=VERTEX_POINT('',#14803);
#4284=VERTEX_POINT('',#14805);
#4285=VERTEX_POINT('',#14812);
#4286=VERTEX_POINT('',#14815);
#4287=VERTEX_POINT('',#14818);
#4288=VERTEX_POINT('',#14821);
#4289=VERTEX_POINT('',#14823);
#4290=VERTEX_POINT('',#14825);
#4291=VERTEX_POINT('',#14832);
#4292=VERTEX_POINT('',#14834);
#4293=VERTEX_POINT('',#14836);
#4294=VERTEX_POINT('',#14838);
#4295=VERTEX_POINT('',#14840);
#4296=VERTEX_POINT('',#14842);
#4297=VERTEX_POINT('',#14844);
#4298=VERTEX_POINT('',#14846);
#4299=VERTEX_POINT('',#14848);
#4300=VERTEX_POINT('',#14850);
#4301=VERTEX_POINT('',#14852);
#4302=VERTEX_POINT('',#14854);
#4303=VERTEX_POINT('',#14856);
#4304=VERTEX_POINT('',#14859);
#4305=VERTEX_POINT('',#14861);
#4306=VERTEX_POINT('',#14863);
#4307=VERTEX_POINT('',#14865);
#4308=VERTEX_POINT('',#14870);
#4309=VERTEX_POINT('',#14882);
#4310=VERTEX_POINT('',#14884);
#4311=VERTEX_POINT('',#14888);
#4312=VERTEX_POINT('',#14892);
#4313=VERTEX_POINT('',#14894);
#4314=VERTEX_POINT('',#14898);
#4315=VERTEX_POINT('',#14900);
#4316=VERTEX_POINT('',#14904);
#4317=VERTEX_POINT('',#14947);
#4318=VERTEX_POINT('',#14952);
#4319=VERTEX_POINT('',#14953);
#4320=VERTEX_POINT('',#14955);
#4321=VERTEX_POINT('',#14957);
#4322=VERTEX_POINT('',#14961);
#4323=VERTEX_POINT('',#14963);
#4324=VERTEX_POINT('',#14967);
#4325=VERTEX_POINT('',#14969);
#4326=VERTEX_POINT('',#14971);
#4327=VERTEX_POINT('',#14973);
#4328=VERTEX_POINT('',#14977);
#4329=VERTEX_POINT('',#14979);
#4330=VERTEX_POINT('',#14981);
#4331=VERTEX_POINT('',#14983);
#4332=VERTEX_POINT('',#14985);
#4333=VERTEX_POINT('',#14987);
#4334=VERTEX_POINT('',#14989);
#4335=VERTEX_POINT('',#14991);
#4336=VERTEX_POINT('',#14993);
#4337=VERTEX_POINT('',#14995);
#4338=VERTEX_POINT('',#14997);
#4339=VERTEX_POINT('',#14999);
#4340=VERTEX_POINT('',#15001);
#4341=VERTEX_POINT('',#15004);
#4342=VERTEX_POINT('',#15005);
#4343=VERTEX_POINT('',#15007);
#4344=VERTEX_POINT('',#15009);
#4345=VERTEX_POINT('',#15011);
#4346=VERTEX_POINT('',#15013);
#4347=VERTEX_POINT('',#15016);
#4348=VERTEX_POINT('',#15017);
#4349=VERTEX_POINT('',#15019);
#4350=VERTEX_POINT('',#15021);
#4351=VERTEX_POINT('',#15023);
#4352=VERTEX_POINT('',#15025);
#4353=VERTEX_POINT('',#15028);
#4354=VERTEX_POINT('',#15030);
#4355=VERTEX_POINT('',#15033);
#4356=VERTEX_POINT('',#15034);
#4357=VERTEX_POINT('',#15036);
#4358=VERTEX_POINT('',#15038);
#4359=VERTEX_POINT('',#15040);
#4360=VERTEX_POINT('',#15044);
#4361=VERTEX_POINT('',#15046);
#4362=VERTEX_POINT('',#15050);
#4363=VERTEX_POINT('',#15054);
#4364=VERTEX_POINT('',#15058);
#4365=VERTEX_POINT('',#15060);
#4366=VERTEX_POINT('',#15064);
#4367=VERTEX_POINT('',#15065);
#4368=VERTEX_POINT('',#15067);
#4369=VERTEX_POINT('',#15069);
#4370=VERTEX_POINT('',#15073);
#4371=VERTEX_POINT('',#15074);
#4372=VERTEX_POINT('',#15076);
#4373=VERTEX_POINT('',#15078);
#4374=VERTEX_POINT('',#15082);
#4375=VERTEX_POINT('',#15084);
#4376=VERTEX_POINT('',#15086);
#4377=VERTEX_POINT('',#15090);
#4378=VERTEX_POINT('',#15092);
#4379=VERTEX_POINT('',#15096);
#4380=VERTEX_POINT('',#15097);
#4381=VERTEX_POINT('',#15099);
#4382=VERTEX_POINT('',#15101);
#4383=VERTEX_POINT('',#15109);
#4384=VERTEX_POINT('',#15111);
#4385=VERTEX_POINT('',#15115);
#4386=VERTEX_POINT('',#15116);
#4387=VERTEX_POINT('',#15118);
#4388=VERTEX_POINT('',#15120);
#4389=VERTEX_POINT('',#15124);
#4390=VERTEX_POINT('',#15126);
#4391=VERTEX_POINT('',#15133);
#4392=VERTEX_POINT('',#15136);
#4393=VERTEX_POINT('',#15139);
#4394=VERTEX_POINT('',#15142);
#4395=VERTEX_POINT('',#15144);
#4396=VERTEX_POINT('',#15146);
#4397=VERTEX_POINT('',#15153);
#4398=VERTEX_POINT('',#15155);
#4399=VERTEX_POINT('',#15157);
#4400=VERTEX_POINT('',#15159);
#4401=VERTEX_POINT('',#15161);
#4402=VERTEX_POINT('',#15163);
#4403=VERTEX_POINT('',#15165);
#4404=VERTEX_POINT('',#15167);
#4405=VERTEX_POINT('',#15169);
#4406=VERTEX_POINT('',#15171);
#4407=VERTEX_POINT('',#15173);
#4408=VERTEX_POINT('',#15175);
#4409=VERTEX_POINT('',#15177);
#4410=VERTEX_POINT('',#15180);
#4411=VERTEX_POINT('',#15182);
#4412=VERTEX_POINT('',#15184);
#4413=VERTEX_POINT('',#15186);
#4414=VERTEX_POINT('',#15191);
#4415=VERTEX_POINT('',#15203);
#4416=VERTEX_POINT('',#15205);
#4417=VERTEX_POINT('',#15209);
#4418=VERTEX_POINT('',#15213);
#4419=VERTEX_POINT('',#15215);
#4420=VERTEX_POINT('',#15219);
#4421=VERTEX_POINT('',#15221);
#4422=VERTEX_POINT('',#15225);
#4423=VERTEX_POINT('',#15268);
#4424=EDGE_CURVE('',#3604,#3604,#3239,.T.);
#4425=EDGE_CURVE('',#3604,#3605,#1635,.T.);
#4426=EDGE_CURVE('',#3605,#3605,#3240,.T.);
#4427=EDGE_CURVE('',#3606,#3606,#3241,.T.);
#4428=EDGE_CURVE('',#3607,#3607,#3242,.T.);
#4429=EDGE_CURVE('',#3607,#3608,#1636,.T.);
#4430=EDGE_CURVE('',#3609,#3608,#3243,.T.);
#4431=EDGE_CURVE('',#3610,#3609,#1637,.T.);
#4432=EDGE_CURVE('',#3611,#3610,#3244,.T.);
#4433=EDGE_CURVE('',#3611,#3612,#1638,.T.);
#4434=EDGE_CURVE('',#3612,#3612,#3245,.T.);
#4435=EDGE_CURVE('',#3613,#3611,#3246,.T.);
#4436=EDGE_CURVE('',#3614,#3613,#1639,.T.);
#4437=EDGE_CURVE('',#3608,#3614,#3247,.T.);
#4438=EDGE_CURVE('',#3615,#3615,#3248,.T.);
#4439=EDGE_CURVE('',#3616,#3616,#3249,.T.);
#4440=EDGE_CURVE('',#3616,#3615,#1640,.T.);
#4441=EDGE_CURVE('',#3617,#3610,#1641,.T.);
#4442=EDGE_CURVE('',#3618,#3617,#1642,.T.);
#4443=EDGE_CURVE('',#3619,#3618,#1643,.T.);
#4444=EDGE_CURVE('',#3620,#3619,#1644,.T.);
#4445=EDGE_CURVE('',#3621,#3620,#1645,.T.);
#4446=EDGE_CURVE('',#3622,#3621,#3250,.T.);
#4447=EDGE_CURVE('',#3623,#3622,#3251,.T.);
#4448=EDGE_CURVE('',#3613,#3623,#1646,.T.);
#4449=EDGE_CURVE('',#3609,#3624,#1647,.T.);
#4450=EDGE_CURVE('',#3617,#3624,#1648,.T.);
#4451=EDGE_CURVE('',#3625,#3623,#1649,.T.);
#4452=EDGE_CURVE('',#3625,#3614,#1650,.T.);
#4453=EDGE_CURVE('',#3621,#3626,#1651,.T.);
#4454=EDGE_CURVE('',#3627,#3620,#1652,.T.);
#4455=EDGE_CURVE('',#3627,#3626,#1653,.T.);
#4456=EDGE_CURVE('',#3628,#3629,#1654,.T.);
#4457=EDGE_CURVE('',#3628,#3630,#1655,.T.);
#4458=EDGE_CURVE('',#3631,#3630,#1656,.T.);
#4459=EDGE_CURVE('',#3631,#3629,#1657,.T.);
#4460=EDGE_CURVE('',#3632,#3633,#1658,.T.);
#4461=EDGE_CURVE('',#3632,#3634,#1659,.T.);
#4462=EDGE_CURVE('',#3635,#3634,#1660,.T.);
#4463=EDGE_CURVE('',#3635,#3633,#1661,.T.);
#4464=EDGE_CURVE('',#3636,#3637,#1662,.T.);
#4465=EDGE_CURVE('',#3636,#3638,#1663,.T.);
#4466=EDGE_CURVE('',#3639,#3638,#1664,.T.);
#4467=EDGE_CURVE('',#3639,#3637,#1665,.T.);
#4468=EDGE_CURVE('',#3633,#3636,#3252,.T.);
#4469=EDGE_CURVE('',#3629,#3635,#3253,.T.);
#4470=EDGE_CURVE('',#3640,#3631,#1666,.T.);
#4471=EDGE_CURVE('',#3641,#3640,#1667,.T.);
#4472=EDGE_CURVE('',#3638,#3641,#1668,.T.);
#4473=EDGE_CURVE('',#3606,#3642,#1669,.T.);
#4474=EDGE_CURVE('',#3642,#3642,#3254,.T.);
#4475=EDGE_CURVE('',#3643,#3644,#1670,.T.);
#4476=EDGE_CURVE('',#3644,#3619,#152,.T.);
#4477=EDGE_CURVE('',#3619,#3645,#1671,.T.);
#4478=EDGE_CURVE('',#3645,#3643,#153,.T.);
#4479=EDGE_CURVE('',#3646,#3640,#1672,.T.);
#4480=EDGE_CURVE('',#3640,#3647,#154,.T.);
#4481=EDGE_CURVE('',#3647,#3648,#1673,.T.);
#4482=EDGE_CURVE('',#3648,#3646,#155,.T.);
#4483=EDGE_CURVE('',#3644,#3649,#1674,.T.);
#4484=EDGE_CURVE('',#3649,#3620,#156,.T.);
#4485=EDGE_CURVE('',#3631,#3650,#157,.T.);
#4486=EDGE_CURVE('',#3650,#3647,#1675,.T.);
#4487=EDGE_CURVE('',#3651,#3652,#1676,.T.);
#4488=EDGE_CURVE('',#3652,#3653,#158,.T.);
#4489=EDGE_CURVE('',#3653,#3627,#1677,.T.);
#4490=EDGE_CURVE('',#3627,#3651,#159,.T.);
#4491=EDGE_CURVE('',#3654,#3655,#1678,.T.);
#4492=EDGE_CURVE('',#3655,#3656,#160,.T.);
#4493=EDGE_CURVE('',#3656,#3657,#1679,.T.);
#4494=EDGE_CURVE('',#3657,#3654,#161,.T.);
#4495=EDGE_CURVE('',#3658,#3656,#1680,.T.);
#4496=EDGE_CURVE('',#3655,#3659,#1681,.T.);
#4497=EDGE_CURVE('',#3659,#3658,#162,.T.);
#4498=EDGE_CURVE('',#3652,#3654,#1682,.T.);
#4499=EDGE_CURVE('',#3657,#3653,#1683,.T.);
#4500=EDGE_CURVE('',#3630,#3658,#1684,.T.);
#4501=EDGE_CURVE('',#3659,#3660,#1685,.T.);
#4502=EDGE_CURVE('',#3660,#3630,#163,.T.);
#4503=EDGE_CURVE('',#3660,#3650,#1686,.T.);
#4504=EDGE_CURVE('',#3649,#3651,#1687,.T.);
#4505=EDGE_CURVE('',#3645,#3646,#1688,.T.);
#4506=EDGE_CURVE('',#3648,#3643,#1689,.T.);
#4507=EDGE_CURVE('',#3661,#3618,#1690,.T.);
#4508=EDGE_CURVE('',#3645,#3661,#1691,.T.);
#4509=EDGE_CURVE('',#3662,#3625,#3255,.T.);
#4510=EDGE_CURVE('',#3626,#3662,#3256,.T.);
#4511=EDGE_CURVE('',#3663,#3653,#1692,.T.);
#4512=EDGE_CURVE('',#3624,#3663,#1693,.T.);
#4513=EDGE_CURVE('',#3657,#3664,#1694,.T.);
#4514=EDGE_CURVE('',#3663,#3664,#1695,.T.);
#4515=EDGE_CURVE('',#3665,#3656,#1696,.T.);
#4516=EDGE_CURVE('',#3664,#3665,#1697,.T.);
#4517=EDGE_CURVE('',#3666,#3667,#1698,.T.);
#4518=EDGE_CURVE('',#3667,#3641,#164,.T.);
#4519=EDGE_CURVE('',#3641,#3668,#1699,.T.);
#4520=EDGE_CURVE('',#3668,#3666,#165,.T.);
#4521=EDGE_CURVE('',#3618,#3669,#166,.T.);
#4522=EDGE_CURVE('',#3669,#3670,#1700,.T.);
#4523=EDGE_CURVE('',#3670,#3661,#167,.T.);
#4524=EDGE_CURVE('',#3667,#3671,#1701,.T.);
#4525=EDGE_CURVE('',#3671,#3638,#168,.T.);
#4526=EDGE_CURVE('',#3617,#3672,#169,.T.);
#4527=EDGE_CURVE('',#3672,#3669,#1702,.T.);
#4528=EDGE_CURVE('',#3673,#3674,#1703,.T.);
#4529=EDGE_CURVE('',#3674,#3675,#170,.T.);
#4530=EDGE_CURVE('',#3675,#3639,#1704,.T.);
#4531=EDGE_CURVE('',#3639,#3673,#171,.T.);
#4532=EDGE_CURVE('',#3674,#3676,#1705,.T.);
#4533=EDGE_CURVE('',#3676,#3665,#172,.T.);
#4534=EDGE_CURVE('',#3665,#3675,#1706,.T.);
#4535=EDGE_CURVE('',#3676,#3677,#1707,.T.);
#4536=EDGE_CURVE('',#3677,#3664,#173,.T.);
#4537=EDGE_CURVE('',#3677,#3678,#1708,.T.);
#4538=EDGE_CURVE('',#3678,#3663,#174,.T.);
#4539=EDGE_CURVE('',#3678,#3679,#1709,.T.);
#4540=EDGE_CURVE('',#3679,#3624,#175,.T.);
#4541=EDGE_CURVE('',#3679,#3672,#1710,.T.);
#4542=EDGE_CURVE('',#3671,#3673,#1711,.T.);
#4543=EDGE_CURVE('',#3668,#3661,#1712,.T.);
#4544=EDGE_CURVE('',#3670,#3666,#1713,.T.);
#4545=EDGE_CURVE('',#3668,#3646,#1714,.T.);
#4546=EDGE_CURVE('',#3680,#3680,#3257,.T.);
#4547=EDGE_CURVE('',#3637,#3632,#3258,.T.);
#4548=EDGE_CURVE('',#3658,#3675,#1715,.T.);
#4549=EDGE_CURVE('',#3634,#3628,#3259,.T.);
#4550=EDGE_CURVE('',#3681,#3681,#3260,.T.);
#4551=EDGE_CURVE('',#3682,#3682,#3261,.T.);
#4552=EDGE_CURVE('',#3682,#3680,#1716,.T.);
#4553=EDGE_CURVE('',#3683,#3683,#3262,.T.);
#4554=EDGE_CURVE('',#3683,#3681,#1717,.T.);
#4555=EDGE_CURVE('',#3684,#3685,#3263,.T.);
#4556=EDGE_CURVE('',#3684,#3686,#1718,.T.);
#4557=EDGE_CURVE('',#3687,#3686,#3264,.T.);
#4558=EDGE_CURVE('',#3685,#3687,#1719,.T.);
#4559=EDGE_CURVE('',#3685,#3688,#1720,.T.);
#4560=EDGE_CURVE('',#3689,#3687,#1721,.T.);
#4561=EDGE_CURVE('',#3688,#3689,#1722,.T.);
#4562=EDGE_CURVE('',#3688,#3690,#1723,.T.);
#4563=EDGE_CURVE('',#3691,#3689,#1724,.T.);
#4564=EDGE_CURVE('',#3690,#3691,#1725,.T.);
#4565=EDGE_CURVE('',#3690,#3692,#3265,.T.);
#4566=EDGE_CURVE('',#3693,#3691,#3266,.T.);
#4567=EDGE_CURVE('',#3692,#3693,#1726,.T.);
#4568=EDGE_CURVE('',#3692,#3694,#1727,.T.);
#4569=EDGE_CURVE('',#3695,#3693,#1728,.T.);
#4570=EDGE_CURVE('',#3694,#3695,#1729,.T.);
#4571=EDGE_CURVE('',#3694,#3696,#1730,.T.);
#4572=EDGE_CURVE('',#3697,#3695,#1731,.T.);
#4573=EDGE_CURVE('',#3696,#3697,#1732,.T.);
#4574=EDGE_CURVE('',#3696,#3698,#3267,.T.);
#4575=EDGE_CURVE('',#3699,#3697,#3268,.T.);
#4576=EDGE_CURVE('',#3698,#3699,#1733,.T.);
#4577=EDGE_CURVE('',#3698,#3700,#1734,.T.);
#4578=EDGE_CURVE('',#3701,#3699,#1735,.T.);
#4579=EDGE_CURVE('',#3700,#3701,#1736,.T.);
#4580=EDGE_CURVE('',#3700,#3702,#1737,.T.);
#4581=EDGE_CURVE('',#3703,#3701,#1738,.T.);
#4582=EDGE_CURVE('',#3702,#3703,#1739,.T.);
#4583=EDGE_CURVE('',#3702,#3704,#3269,.T.);
#4584=EDGE_CURVE('',#3705,#3703,#3270,.T.);
#4585=EDGE_CURVE('',#3704,#3705,#1740,.T.);
#4586=EDGE_CURVE('',#3704,#3706,#1741,.T.);
#4587=EDGE_CURVE('',#3707,#3705,#1742,.T.);
#4588=EDGE_CURVE('',#3706,#3707,#1743,.T.);
#4589=EDGE_CURVE('',#3706,#3684,#1744,.T.);
#4590=EDGE_CURVE('',#3686,#3707,#1745,.T.);
#4591=EDGE_CURVE('',#3708,#3708,#3271,.T.);
#4592=EDGE_CURVE('',#3709,#3709,#3272,.T.);
#4593=EDGE_CURVE('',#3710,#3710,#3273,.T.);
#4594=EDGE_CURVE('',#3710,#3709,#1746,.T.);
#4595=EDGE_CURVE('',#3711,#3711,#3274,.T.);
#4596=EDGE_CURVE('',#3711,#3708,#1747,.T.);
#4597=EDGE_CURVE('',#3712,#3712,#3275,.T.);
#4598=EDGE_CURVE('',#3713,#3713,#3276,.T.);
#4599=EDGE_CURVE('',#3714,#3714,#3277,.T.);
#4600=EDGE_CURVE('',#3714,#3713,#1748,.T.);
#4601=EDGE_CURVE('',#3715,#3715,#3278,.T.);
#4602=EDGE_CURVE('',#3715,#3712,#1749,.T.);
#4603=EDGE_CURVE('',#3716,#3716,#3279,.T.);
#4604=EDGE_CURVE('',#3717,#3717,#3280,.T.);
#4605=EDGE_CURVE('',#3718,#3718,#3281,.T.);
#4606=EDGE_CURVE('',#3718,#3717,#1750,.T.);
#4607=EDGE_CURVE('',#3719,#3719,#3282,.T.);
#4608=EDGE_CURVE('',#3719,#3662,#1751,.T.);
#4609=EDGE_CURVE('',#3622,#3716,#1752,.T.);
#4610=EDGE_CURVE('',#3720,#3721,#1753,.T.);
#4611=EDGE_CURVE('',#3722,#3720,#1754,.T.);
#4612=EDGE_CURVE('',#3723,#3722,#1755,.T.);
#4613=EDGE_CURVE('',#3721,#3723,#1756,.T.);
#4614=EDGE_CURVE('',#3724,#3723,#1757,.T.);
#4615=EDGE_CURVE('',#3722,#3725,#1758,.T.);
#4616=EDGE_CURVE('',#3725,#3726,#1759,.T.);
#4617=EDGE_CURVE('',#3726,#3727,#1760,.T.);
#4618=EDGE_CURVE('',#3727,#3728,#1761,.T.);
#4619=EDGE_CURVE('',#3728,#3729,#1762,.T.);
#4620=EDGE_CURVE('',#3729,#3730,#1763,.T.);
#4621=EDGE_CURVE('',#3730,#3731,#1764,.T.);
#4622=EDGE_CURVE('',#3731,#3732,#1765,.T.);
#4623=EDGE_CURVE('',#3732,#3733,#1766,.T.);
#4624=EDGE_CURVE('',#3733,#3734,#1767,.T.);
#4625=EDGE_CURVE('',#3734,#3735,#1768,.T.);
#4626=EDGE_CURVE('',#3735,#3736,#1769,.T.);
#4627=EDGE_CURVE('',#3736,#3737,#1770,.T.);
#4628=EDGE_CURVE('',#3737,#3738,#1771,.T.);
#4629=EDGE_CURVE('',#3738,#3739,#1772,.T.);
#4630=EDGE_CURVE('',#3739,#3724,#1773,.T.);
#4631=EDGE_CURVE('',#3740,#3741,#1774,.T.);
#4632=EDGE_CURVE('',#3736,#3740,#1775,.T.);
#4633=EDGE_CURVE('',#3741,#3735,#1776,.T.);
#4634=EDGE_CURVE('',#3742,#3743,#1777,.T.);
#4635=EDGE_CURVE('',#3730,#3742,#1778,.T.);
#4636=EDGE_CURVE('',#3743,#3729,#1779,.T.);
#4637=EDGE_CURVE('',#3744,#3744,#3283,.T.);
#4638=EDGE_CURVE('',#3744,#3745,#1780,.T.);
#4639=EDGE_CURVE('',#3745,#3745,#176,.T.);
#4640=EDGE_CURVE('',#3746,#3746,#177,.T.);
#4641=EDGE_CURVE('',#3746,#3747,#1781,.T.);
#4642=EDGE_CURVE('',#3747,#3747,#3284,.T.);
#4643=EDGE_CURVE('',#3748,#3742,#1782,.T.);
#4644=EDGE_CURVE('',#3731,#3748,#1783,.T.);
#4645=EDGE_CURVE('',#3743,#3749,#1784,.T.);
#4646=EDGE_CURVE('',#3749,#3728,#1785,.T.);
#4647=EDGE_CURVE('',#3748,#3750,#1786,.T.);
#4648=EDGE_CURVE('',#3750,#3732,#1787,.T.);
#4649=EDGE_CURVE('',#3751,#3751,#3285,.T.);
#4650=EDGE_CURVE('',#3751,#3752,#1788,.T.);
#4651=EDGE_CURVE('',#3752,#3752,#178,.T.);
#4652=EDGE_CURVE('',#3753,#3753,#179,.T.);
#4653=EDGE_CURVE('',#3753,#3754,#1789,.T.);
#4654=EDGE_CURVE('',#3754,#3754,#3286,.T.);
#4655=EDGE_CURVE('',#3755,#3720,#1790,.T.);
#4656=EDGE_CURVE('',#3725,#3755,#1791,.T.);
#4657=EDGE_CURVE('',#3721,#3756,#1792,.T.);
#4658=EDGE_CURVE('',#3756,#3724,#1793,.T.);
#4659=EDGE_CURVE('',#3755,#3757,#1794,.T.);
#4660=EDGE_CURVE('',#3757,#3726,#1795,.T.);
#4661=EDGE_CURVE('',#3758,#3758,#180,.T.);
#4662=EDGE_CURVE('',#3758,#3759,#1796,.T.);
#4663=EDGE_CURVE('',#3759,#3759,#3287,.T.);
#4664=EDGE_CURVE('',#3760,#3760,#3288,.T.);
#4665=EDGE_CURVE('',#3760,#3761,#1797,.T.);
#4666=EDGE_CURVE('',#3761,#3761,#181,.T.);
#4667=EDGE_CURVE('',#3741,#3762,#1798,.T.);
#4668=EDGE_CURVE('',#3762,#3734,#1799,.T.);
#4669=EDGE_CURVE('',#3763,#3740,#1800,.T.);
#4670=EDGE_CURVE('',#3737,#3763,#1801,.T.);
#4671=EDGE_CURVE('',#3764,#3756,#1802,.T.);
#4672=EDGE_CURVE('',#3765,#3764,#1803,.T.);
#4673=EDGE_CURVE('',#3763,#3765,#1804,.T.);
#4674=EDGE_CURVE('',#3766,#3762,#1805,.T.);
#4675=EDGE_CURVE('',#3750,#3766,#1806,.T.);
#4676=EDGE_CURVE('',#3767,#3749,#1807,.T.);
#4677=EDGE_CURVE('',#3757,#3767,#1808,.T.);
#4678=EDGE_CURVE('',#3766,#3733,#1809,.T.);
#4679=EDGE_CURVE('',#3767,#3727,#1810,.T.);
#4680=EDGE_CURVE('',#3764,#3739,#1811,.T.);
#4681=EDGE_CURVE('',#3765,#3738,#1812,.T.);
#4682=EDGE_CURVE('',#3768,#3769,#3289,.T.);
#4683=EDGE_CURVE('',#3769,#3770,#1813,.T.);
#4684=EDGE_CURVE('',#3770,#3771,#1814,.T.);
#4685=EDGE_CURVE('',#3771,#3772,#3290,.T.);
#4686=EDGE_CURVE('',#3772,#3768,#1815,.T.);
#4687=EDGE_CURVE('',#3773,#3768,#1816,.T.);
#4688=EDGE_CURVE('',#3774,#3773,#3291,.T.);
#4689=EDGE_CURVE('',#3775,#3774,#1817,.T.);
#4690=EDGE_CURVE('',#3776,#3775,#3292,.T.);
#4691=EDGE_CURVE('',#3776,#3777,#1818,.T.);
#4692=EDGE_CURVE('',#3778,#3777,#3293,.T.);
#4693=EDGE_CURVE('',#3769,#3778,#1819,.T.);
#4694=EDGE_CURVE('',#3779,#3779,#3294,.T.);
#4695=EDGE_CURVE('',#3780,#3772,#1820,.T.);
#4696=EDGE_CURVE('',#3773,#3780,#1821,.T.);
#4697=EDGE_CURVE('',#3770,#3781,#3295,.T.);
#4698=EDGE_CURVE('',#3781,#3782,#3296,.T.);
#4699=EDGE_CURVE('',#3783,#3782,#1822,.T.);
#4700=EDGE_CURVE('',#3783,#3771,#1823,.T.);
#4701=EDGE_CURVE('',#3784,#3783,#3297,.T.);
#4702=EDGE_CURVE('',#3785,#3784,#1824,.T.);
#4703=EDGE_CURVE('',#3786,#3785,#3298,.T.);
#4704=EDGE_CURVE('',#3787,#3786,#1825,.T.);
#4705=EDGE_CURVE('',#3780,#3787,#3299,.T.);
#4706=EDGE_CURVE('',#3788,#3788,#3300,.T.);
#4707=EDGE_CURVE('',#3787,#3789,#1826,.T.);
#4708=EDGE_CURVE('',#3789,#3774,#1827,.T.);
#4709=EDGE_CURVE('',#3789,#3790,#3301,.T.);
#4710=EDGE_CURVE('',#3775,#3790,#1828,.T.);
#4711=EDGE_CURVE('',#3782,#3778,#1829,.T.);
#4712=EDGE_CURVE('',#3777,#3784,#1830,.T.);
#4713=EDGE_CURVE('',#3785,#3776,#1831,.T.);
#4714=EDGE_CURVE('',#3790,#3786,#1832,.T.);
#4715=EDGE_CURVE('',#3782,#3770,#3302,.T.);
#4716=EDGE_CURVE('',#3781,#3791,#1833,.T.);
#4717=EDGE_CURVE('',#3792,#3791,#26,.T.);
#4718=EDGE_CURVE('',#3793,#3792,#27,.T.);
#4719=EDGE_CURVE('',#3793,#3794,#1834,.T.);
#4720=EDGE_CURVE('',#3790,#3794,#3303,.T.);
#4721=EDGE_CURVE('',#3794,#3789,#3304,.T.);
#4722=EDGE_CURVE('',#3795,#3793,#28,.T.);
#4723=EDGE_CURVE('',#3791,#3795,#29,.T.);
#4724=EDGE_CURVE('',#3796,#3797,#30,.T.);
#4725=EDGE_CURVE('',#3797,#3796,#31,.T.);
#4726=EDGE_CURVE('',#3788,#3792,#1835,.T.);
#4727=EDGE_CURVE('',#3797,#3779,#1836,.T.);
#4728=EDGE_CURVE('',#3798,#3798,#3305,.T.);
#4729=EDGE_CURVE('',#3798,#3799,#1837,.T.);
#4730=EDGE_CURVE('',#3799,#3799,#3306,.T.);
#4731=EDGE_CURVE('',#3800,#3801,#3307,.T.);
#4732=EDGE_CURVE('',#3801,#3802,#1838,.T.);
#4733=EDGE_CURVE('',#3802,#3803,#3308,.T.);
#4734=EDGE_CURVE('',#3803,#3800,#1839,.T.);
#4735=EDGE_CURVE('',#3804,#3803,#1840,.T.);
#4736=EDGE_CURVE('',#3804,#3805,#1841,.T.);
#4737=EDGE_CURVE('',#3800,#3805,#1842,.T.);
#4738=EDGE_CURVE('',#3802,#3806,#1843,.T.);
#4739=EDGE_CURVE('',#3807,#3806,#3309,.T.);
#4740=EDGE_CURVE('',#3807,#3808,#1844,.T.);
#4741=EDGE_CURVE('',#3804,#3808,#3310,.T.);
#4742=EDGE_CURVE('',#3809,#3809,#3311,.T.);
#4743=EDGE_CURVE('',#3810,#3811,#3312,.T.);
#4744=EDGE_CURVE('',#3811,#3807,#1845,.T.);
#4745=EDGE_CURVE('',#3806,#3810,#1846,.T.);
#4746=EDGE_CURVE('',#3812,#3811,#1847,.T.);
#4747=EDGE_CURVE('',#3808,#3812,#1848,.T.);
#4748=EDGE_CURVE('',#3813,#3813,#3313,.T.);
#4749=EDGE_CURVE('',#3813,#3809,#1849,.T.);
#4750=EDGE_CURVE('',#3810,#3801,#1850,.T.);
#4751=EDGE_CURVE('',#3805,#3812,#3314,.T.);
#4752=EDGE_CURVE('',#3814,#3815,#1851,.T.);
#4753=EDGE_CURVE('',#3816,#3814,#32,.T.);
#4754=EDGE_CURVE('',#3817,#3816,#3315,.T.);
#4755=EDGE_CURVE('',#3818,#3817,#33,.T.);
#4756=EDGE_CURVE('',#3819,#3818,#1852,.T.);
#4757=EDGE_CURVE('',#3820,#3819,#34,.T.);
#4758=EDGE_CURVE('',#3821,#3820,#3316,.T.);
#4759=EDGE_CURVE('',#3815,#3821,#35,.T.);
#4760=EDGE_CURVE('',#3822,#3822,#36,.T.);
#4761=EDGE_CURVE('',#3817,#3823,#1853,.T.);
#4762=EDGE_CURVE('',#3823,#3824,#3317,.T.);
#4763=EDGE_CURVE('',#3824,#3825,#1854,.T.);
#4764=EDGE_CURVE('',#3825,#3826,#3318,.T.);
#4765=EDGE_CURVE('',#3826,#3827,#1855,.T.);
#4766=EDGE_CURVE('',#3827,#3818,#37,.T.);
#4767=EDGE_CURVE('',#3828,#3816,#1856,.T.);
#4768=EDGE_CURVE('',#3828,#3823,#1857,.T.);
#4769=EDGE_CURVE('',#3814,#3829,#38,.T.);
#4770=EDGE_CURVE('',#3829,#3830,#1858,.T.);
#4771=EDGE_CURVE('',#3830,#3831,#3319,.T.);
#4772=EDGE_CURVE('',#3831,#3832,#1859,.T.);
#4773=EDGE_CURVE('',#3832,#3828,#3320,.T.);
#4774=EDGE_CURVE('',#3829,#3827,#3321,.T.);
#4775=EDGE_CURVE('',#3833,#3815,#39,.T.);
#4776=EDGE_CURVE('',#3833,#3834,#3322,.T.);
#4777=EDGE_CURVE('',#3819,#3834,#40,.T.);
#4778=EDGE_CURVE('',#3835,#3836,#41,.T.);
#4779=EDGE_CURVE('',#3836,#3835,#42,.T.);
#4780=EDGE_CURVE('',#3834,#3837,#1860,.T.);
#4781=EDGE_CURVE('',#3837,#3838,#3323,.T.);
#4782=EDGE_CURVE('',#3838,#3839,#1861,.T.);
#4783=EDGE_CURVE('',#3839,#3840,#3324,.T.);
#4784=EDGE_CURVE('',#3840,#3820,#1862,.T.);
#4785=EDGE_CURVE('',#3840,#3841,#1863,.T.);
#4786=EDGE_CURVE('',#3821,#3841,#1864,.T.);
#4787=EDGE_CURVE('',#3839,#3824,#1865,.T.);
#4788=EDGE_CURVE('',#3842,#3832,#1866,.T.);
#4789=EDGE_CURVE('',#3841,#3842,#3325,.T.);
#4790=EDGE_CURVE('',#3843,#3843,#3326,.T.);
#4791=EDGE_CURVE('',#3826,#3830,#1867,.T.);
#4792=EDGE_CURVE('',#3844,#3837,#1868,.T.);
#4793=EDGE_CURVE('',#3845,#3844,#3327,.T.);
#4794=EDGE_CURVE('',#3845,#3831,#1869,.T.);
#4795=EDGE_CURVE('',#3838,#3825,#1870,.T.);
#4796=EDGE_CURVE('',#3846,#3846,#3328,.T.);
#4797=EDGE_CURVE('',#3842,#3845,#1871,.T.);
#4798=EDGE_CURVE('',#3844,#3833,#1872,.T.);
#4799=EDGE_CURVE('',#3843,#3822,#1873,.T.);
#4800=EDGE_CURVE('',#3836,#3846,#1874,.T.);
#4801=EDGE_CURVE('',#3847,#3847,#3329,.T.);
#4802=EDGE_CURVE('',#3847,#3848,#1875,.T.);
#4803=EDGE_CURVE('',#3848,#3848,#3330,.T.);
#4804=EDGE_CURVE('',#3849,#3850,#3331,.T.);
#4805=EDGE_CURVE('',#3850,#3851,#1876,.T.);
#4806=EDGE_CURVE('',#3851,#3852,#3332,.T.);
#4807=EDGE_CURVE('',#3852,#3849,#1877,.T.);
#4808=EDGE_CURVE('',#3853,#3852,#1878,.T.);
#4809=EDGE_CURVE('',#3853,#3854,#1879,.T.);
#4810=EDGE_CURVE('',#3849,#3854,#1880,.T.);
#4811=EDGE_CURVE('',#3851,#3855,#1881,.T.);
#4812=EDGE_CURVE('',#3856,#3855,#3333,.T.);
#4813=EDGE_CURVE('',#3856,#3857,#1882,.T.);
#4814=EDGE_CURVE('',#3853,#3857,#3334,.T.);
#4815=EDGE_CURVE('',#3858,#3858,#3335,.T.);
#4816=EDGE_CURVE('',#3859,#3860,#3336,.T.);
#4817=EDGE_CURVE('',#3860,#3856,#1883,.T.);
#4818=EDGE_CURVE('',#3855,#3859,#1884,.T.);
#4819=EDGE_CURVE('',#3861,#3860,#1885,.T.);
#4820=EDGE_CURVE('',#3857,#3861,#1886,.T.);
#4821=EDGE_CURVE('',#3862,#3862,#3337,.T.);
#4822=EDGE_CURVE('',#3862,#3858,#1887,.T.);
#4823=EDGE_CURVE('',#3859,#3850,#1888,.T.);
#4824=EDGE_CURVE('',#3854,#3861,#3338,.T.);
#4825=EDGE_CURVE('',#3863,#3864,#1889,.T.);
#4826=EDGE_CURVE('',#3865,#3864,#1890,.T.);
#4827=EDGE_CURVE('',#3866,#3865,#1891,.T.);
#4828=EDGE_CURVE('',#3866,#3863,#1892,.T.);
#4829=EDGE_CURVE('',#3867,#3867,#3339,.T.);
#4830=EDGE_CURVE('',#3868,#3868,#3340,.T.);
#4831=EDGE_CURVE('',#3869,#3866,#1893,.T.);
#4832=EDGE_CURVE('',#3865,#3870,#1894,.T.);
#4833=EDGE_CURVE('',#3870,#3871,#1895,.T.);
#4834=EDGE_CURVE('',#3871,#3872,#1896,.T.);
#4835=EDGE_CURVE('',#3872,#3873,#1897,.T.);
#4836=EDGE_CURVE('',#3873,#3874,#1898,.T.);
#4837=EDGE_CURVE('',#3875,#3874,#3341,.T.);
#4838=EDGE_CURVE('',#3876,#3875,#3342,.T.);
#4839=EDGE_CURVE('',#3876,#3877,#1899,.T.);
#4840=EDGE_CURVE('',#3877,#3878,#1900,.T.);
#4841=EDGE_CURVE('',#3878,#3879,#1901,.T.);
#4842=EDGE_CURVE('',#3869,#3879,#1902,.T.);
#4843=EDGE_CURVE('',#3880,#3880,#3343,.T.);
#4844=EDGE_CURVE('',#3864,#3881,#1903,.T.);
#4845=EDGE_CURVE('',#3881,#3870,#1904,.T.);
#4846=EDGE_CURVE('',#3882,#3883,#1905,.T.);
#4847=EDGE_CURVE('',#3883,#3884,#1906,.T.);
#4848=EDGE_CURVE('',#3885,#3884,#1907,.T.);
#4849=EDGE_CURVE('',#3882,#3885,#1908,.T.);
#4850=EDGE_CURVE('',#3886,#3886,#3344,.T.);
#4851=EDGE_CURVE('',#3887,#3887,#3345,.T.);
#4852=EDGE_CURVE('',#3888,#3885,#1909,.T.);
#4853=EDGE_CURVE('',#3889,#3888,#1910,.T.);
#4854=EDGE_CURVE('',#3889,#3882,#1911,.T.);
#4855=EDGE_CURVE('',#3890,#3891,#1912,.T.);
#4856=EDGE_CURVE('',#3892,#3891,#1913,.T.);
#4857=EDGE_CURVE('',#3893,#3892,#1914,.T.);
#4858=EDGE_CURVE('',#3893,#3890,#1915,.T.);
#4859=EDGE_CURVE('',#3894,#3894,#3346,.T.);
#4860=EDGE_CURVE('',#3895,#3895,#3347,.T.);
#4861=EDGE_CURVE('',#3896,#3893,#1916,.T.);
#4862=EDGE_CURVE('',#3892,#3897,#1917,.T.);
#4863=EDGE_CURVE('',#3897,#3898,#1918,.T.);
#4864=EDGE_CURVE('',#3898,#3899,#1919,.T.);
#4865=EDGE_CURVE('',#3899,#3900,#1920,.T.);
#4866=EDGE_CURVE('',#3900,#3901,#1921,.T.);
#4867=EDGE_CURVE('',#3901,#3902,#1922,.T.);
#4868=EDGE_CURVE('',#3902,#3903,#1923,.T.);
#4869=EDGE_CURVE('',#3904,#3903,#3348,.T.);
#4870=EDGE_CURVE('',#3904,#3905,#1924,.T.);
#4871=EDGE_CURVE('',#3905,#3906,#1925,.T.);
#4872=EDGE_CURVE('',#3906,#3907,#1926,.T.);
#4873=EDGE_CURVE('',#3896,#3907,#1927,.T.);
#4874=EDGE_CURVE('',#3908,#3908,#3349,.T.);
#4875=EDGE_CURVE('',#3891,#3909,#1928,.T.);
#4876=EDGE_CURVE('',#3909,#3897,#1929,.T.);
#4877=EDGE_CURVE('',#3910,#3911,#3350,.F.);
#4878=EDGE_CURVE('',#3910,#3912,#1930,.T.);
#4879=EDGE_CURVE('',#3912,#3913,#3351,.T.);
#4880=EDGE_CURVE('',#3911,#3913,#1931,.T.);
#4881=EDGE_CURVE('',#3914,#3915,#3352,.F.);
#4882=EDGE_CURVE('',#3914,#3916,#1932,.T.);
#4883=EDGE_CURVE('',#3916,#3917,#3353,.T.);
#4884=EDGE_CURVE('',#3915,#3917,#1933,.T.);
#4885=EDGE_CURVE('',#3918,#3919,#3354,.F.);
#4886=EDGE_CURVE('',#3918,#3920,#1934,.T.);
#4887=EDGE_CURVE('',#3920,#3921,#3355,.T.);
#4888=EDGE_CURVE('',#3919,#3921,#1935,.T.);
#4889=EDGE_CURVE('',#3922,#3923,#3356,.F.);
#4890=EDGE_CURVE('',#3922,#3924,#1936,.T.);
#4891=EDGE_CURVE('',#3924,#3925,#3357,.T.);
#4892=EDGE_CURVE('',#3923,#3925,#1937,.T.);
#4893=EDGE_CURVE('',#3926,#3927,#3358,.F.);
#4894=EDGE_CURVE('',#3926,#3928,#1938,.T.);
#4895=EDGE_CURVE('',#3928,#3929,#3359,.T.);
#4896=EDGE_CURVE('',#3927,#3929,#1939,.T.);
#4897=EDGE_CURVE('',#3930,#3931,#3360,.F.);
#4898=EDGE_CURVE('',#3930,#3932,#1940,.T.);
#4899=EDGE_CURVE('',#3932,#3933,#3361,.T.);
#4900=EDGE_CURVE('',#3931,#3933,#1941,.T.);
#4901=EDGE_CURVE('',#3934,#3935,#3362,.T.);
#4902=EDGE_CURVE('',#3935,#3936,#1942,.T.);
#4903=EDGE_CURVE('',#3937,#3936,#3363,.F.);
#4904=EDGE_CURVE('',#3934,#3937,#1943,.T.);
#4905=EDGE_CURVE('',#3938,#3939,#3364,.T.);
#4906=EDGE_CURVE('',#3939,#3940,#1944,.T.);
#4907=EDGE_CURVE('',#3941,#3940,#3365,.F.);
#4908=EDGE_CURVE('',#3938,#3941,#1945,.T.);
#4909=EDGE_CURVE('',#3942,#3943,#3366,.T.);
#4910=EDGE_CURVE('',#3943,#3944,#1946,.T.);
#4911=EDGE_CURVE('',#3945,#3944,#3367,.F.);
#4912=EDGE_CURVE('',#3942,#3945,#1947,.T.);
#4913=EDGE_CURVE('',#3946,#3947,#3368,.T.);
#4914=EDGE_CURVE('',#3946,#3934,#1948,.T.);
#4915=EDGE_CURVE('',#3937,#3947,#1949,.T.);
#4916=EDGE_CURVE('',#3948,#3949,#3369,.T.);
#4917=EDGE_CURVE('',#3948,#3942,#1950,.T.);
#4918=EDGE_CURVE('',#3945,#3949,#1951,.T.);
#4919=EDGE_CURVE('',#3950,#3951,#3370,.T.);
#4920=EDGE_CURVE('',#3950,#3938,#1952,.T.);
#4921=EDGE_CURVE('',#3941,#3951,#1953,.T.);
#4922=EDGE_CURVE('',#3952,#3952,#3371,.T.);
#4923=EDGE_CURVE('',#3952,#3875,#1954,.T.);
#4924=EDGE_CURVE('',#3874,#3948,#1955,.T.);
#4925=EDGE_CURVE('',#3949,#3953,#1956,.T.);
#4926=EDGE_CURVE('',#3953,#3954,#3372,.T.);
#4927=EDGE_CURVE('',#3954,#3950,#1957,.T.);
#4928=EDGE_CURVE('',#3951,#3904,#1958,.T.);
#4929=EDGE_CURVE('',#3903,#3946,#1959,.T.);
#4930=EDGE_CURVE('',#3947,#3876,#1960,.T.);
#4931=EDGE_CURVE('',#3955,#3955,#3373,.T.);
#4932=EDGE_CURVE('',#3956,#3956,#3374,.T.);
#4933=EDGE_CURVE('',#3957,#3957,#3375,.T.);
#4934=EDGE_CURVE('',#3958,#3958,#3376,.T.);
#4935=EDGE_CURVE('',#3959,#3959,#3377,.T.);
#4936=EDGE_CURVE('',#3960,#3960,#3378,.T.);
#4937=EDGE_CURVE('',#3961,#3961,#3379,.T.);
#4938=EDGE_CURVE('',#3962,#3963,#1961,.T.);
#4939=EDGE_CURVE('',#3962,#3964,#1962,.T.);
#4940=EDGE_CURVE('',#3963,#3964,#1963,.T.);
#4941=EDGE_CURVE('',#3965,#3966,#1964,.T.);
#4942=EDGE_CURVE('',#3965,#3967,#1965,.T.);
#4943=EDGE_CURVE('',#3967,#3968,#1966,.T.);
#4944=EDGE_CURVE('',#3966,#3968,#1967,.T.);
#4945=EDGE_CURVE('',#3963,#3969,#1968,.T.);
#4946=EDGE_CURVE('',#3964,#3970,#1969,.T.);
#4947=EDGE_CURVE('',#3969,#3970,#1970,.T.);
#4948=EDGE_CURVE('',#3968,#3962,#1971,.T.);
#4949=EDGE_CURVE('',#3970,#3967,#1972,.T.);
#4950=EDGE_CURVE('',#3971,#3972,#1973,.T.);
#4951=EDGE_CURVE('',#3971,#3973,#1974,.T.);
#4952=EDGE_CURVE('',#3972,#3973,#1975,.T.);
#4953=EDGE_CURVE('',#3869,#3974,#1976,.T.);
#4954=EDGE_CURVE('',#3879,#3975,#1977,.T.);
#4955=EDGE_CURVE('',#3974,#3975,#1978,.T.);
#4956=EDGE_CURVE('',#3877,#3972,#1979,.T.);
#4957=EDGE_CURVE('',#3973,#3878,#1980,.T.);
#4958=EDGE_CURVE('',#3975,#3971,#1981,.T.);
#4959=EDGE_CURVE('',#3976,#3962,#1982,.T.);
#4960=EDGE_CURVE('',#3977,#3976,#1983,.T.);
#4961=EDGE_CURVE('',#3978,#3977,#1984,.T.);
#4962=EDGE_CURVE('',#3979,#3978,#1985,.T.);
#4963=EDGE_CURVE('',#3980,#3979,#1986,.T.);
#4964=EDGE_CURVE('',#3881,#3980,#1987,.T.);
#4965=EDGE_CURVE('',#3974,#3863,#1988,.T.);
#4966=EDGE_CURVE('',#3981,#3971,#1989,.T.);
#4967=EDGE_CURVE('',#3982,#3981,#1990,.T.);
#4968=EDGE_CURVE('',#3982,#3983,#1991,.T.);
#4969=EDGE_CURVE('',#3984,#3983,#1992,.T.);
#4970=EDGE_CURVE('',#3985,#3984,#1993,.T.);
#4971=EDGE_CURVE('',#3909,#3985,#1994,.T.);
#4972=EDGE_CURVE('',#3986,#3890,#1995,.T.);
#4973=EDGE_CURVE('',#3986,#3987,#1996,.T.);
#4974=EDGE_CURVE('',#3987,#3988,#1997,.T.);
#4975=EDGE_CURVE('',#3989,#3988,#1998,.T.);
#4976=EDGE_CURVE('',#3990,#3989,#1999,.T.);
#4977=EDGE_CURVE('',#3990,#3991,#2000,.T.);
#4978=EDGE_CURVE('',#3992,#3991,#2001,.T.);
#4979=EDGE_CURVE('',#3883,#3992,#2002,.T.);
#4980=EDGE_CURVE('',#3993,#3889,#2003,.T.);
#4981=EDGE_CURVE('',#3966,#3993,#2004,.T.);
#4982=EDGE_CURVE('',#3994,#3994,#3380,.T.);
#4983=EDGE_CURVE('',#3995,#3995,#3381,.T.);
#4984=EDGE_CURVE('',#3996,#3996,#3382,.T.);
#4985=EDGE_CURVE('',#3997,#3997,#3383,.T.);
#4986=EDGE_CURVE('',#3988,#3998,#2005,.T.);
#4987=EDGE_CURVE('',#3988,#3999,#2006,.T.);
#4988=EDGE_CURVE('',#3998,#3999,#2007,.T.);
#4989=EDGE_CURVE('',#3896,#3986,#2008,.T.);
#4990=EDGE_CURVE('',#3907,#3987,#2009,.T.);
#4991=EDGE_CURVE('',#3998,#3905,#2010,.T.);
#4992=EDGE_CURVE('',#3999,#3906,#2011,.T.);
#4993=EDGE_CURVE('',#4000,#3901,#2012,.T.);
#4994=EDGE_CURVE('',#4001,#3900,#2013,.T.);
#4995=EDGE_CURVE('',#4000,#4001,#2014,.T.);
#4996=EDGE_CURVE('',#3884,#4002,#2015,.T.);
#4997=EDGE_CURVE('',#4002,#4003,#2016,.T.);
#4998=EDGE_CURVE('',#4003,#4004,#2017,.T.);
#4999=EDGE_CURVE('',#4004,#4005,#2018,.T.);
#5000=EDGE_CURVE('',#4005,#3954,#2019,.T.);
#5001=EDGE_CURVE('',#3953,#3969,#2020,.T.);
#5002=EDGE_CURVE('',#3965,#4006,#2021,.T.);
#5003=EDGE_CURVE('',#4006,#3888,#2022,.T.);
#5004=EDGE_CURVE('',#4007,#4007,#3384,.T.);
#5005=EDGE_CURVE('',#4004,#3990,#2023,.T.);
#5006=EDGE_CURVE('',#3991,#4003,#2024,.T.);
#5007=EDGE_CURVE('',#4008,#4009,#2025,.T.);
#5008=EDGE_CURVE('',#4010,#4009,#2026,.T.);
#5009=EDGE_CURVE('',#4010,#4011,#2027,.T.);
#5010=EDGE_CURVE('',#4008,#4011,#2028,.T.);
#5011=EDGE_CURVE('',#4011,#4012,#2029,.T.);
#5012=EDGE_CURVE('',#4013,#4010,#2030,.T.);
#5013=EDGE_CURVE('',#4012,#4013,#2031,.T.);
#5014=EDGE_CURVE('',#3981,#4012,#2032,.T.);
#5015=EDGE_CURVE('',#4008,#3936,#3385,.T.);
#5016=EDGE_CURVE('',#3918,#3927,#3386,.T.);
#5017=EDGE_CURVE('',#3926,#3919,#3387,.T.);
#5018=EDGE_CURVE('',#4014,#4015,#2033,.T.);
#5019=EDGE_CURVE('',#4016,#4015,#2034,.T.);
#5020=EDGE_CURVE('',#4016,#4017,#2035,.T.);
#5021=EDGE_CURVE('',#4014,#4017,#2036,.T.);
#5022=EDGE_CURVE('',#4017,#4018,#2037,.T.);
#5023=EDGE_CURVE('',#4019,#4016,#2038,.T.);
#5024=EDGE_CURVE('',#4018,#4019,#2039,.T.);
#5025=EDGE_CURVE('',#3989,#4018,#2040,.T.);
#5026=EDGE_CURVE('',#4014,#3940,#3388,.T.);
#5027=EDGE_CURVE('',#3910,#3915,#3389,.T.);
#5028=EDGE_CURVE('',#3914,#3911,#3390,.T.);
#5029=EDGE_CURVE('',#4019,#4005,#2041,.T.);
#5030=EDGE_CURVE('',#3983,#4020,#2042,.T.);
#5031=EDGE_CURVE('',#4021,#3982,#2043,.T.);
#5032=EDGE_CURVE('',#4021,#4020,#2044,.T.);
#5033=EDGE_CURVE('',#4020,#4001,#2045,.T.);
#5034=EDGE_CURVE('',#4000,#4021,#2046,.T.);
#5035=EDGE_CURVE('',#4022,#4022,#182,.T.);
#5036=EDGE_CURVE('',#4022,#4023,#43,.T.);
#5037=EDGE_CURVE('',#4023,#4024,#183,.T.);
#5038=EDGE_CURVE('',#4024,#4025,#184,.T.);
#5039=EDGE_CURVE('',#4025,#4023,#185,.T.);
#5040=EDGE_CURVE('',#4026,#4026,#186,.T.);
#5041=EDGE_CURVE('',#4026,#4027,#44,.T.);
#5042=EDGE_CURVE('',#4027,#4028,#187,.T.);
#5043=EDGE_CURVE('',#4028,#4029,#188,.T.);
#5044=EDGE_CURVE('',#4029,#4027,#189,.T.);
#5045=EDGE_CURVE('',#3916,#3913,#3391,.T.);
#5046=EDGE_CURVE('',#3912,#3917,#3392,.T.);
#5047=EDGE_CURVE('',#4015,#3939,#3393,.T.);
#5048=EDGE_CURVE('',#4030,#4030,#190,.T.);
#5049=EDGE_CURVE('',#4030,#4031,#45,.T.);
#5050=EDGE_CURVE('',#4032,#4031,#191,.T.);
#5051=EDGE_CURVE('',#4033,#4032,#192,.T.);
#5052=EDGE_CURVE('',#4031,#4033,#193,.T.);
#5053=EDGE_CURVE('',#4034,#4034,#194,.T.);
#5054=EDGE_CURVE('',#4034,#4035,#46,.T.);
#5055=EDGE_CURVE('',#4036,#4035,#195,.T.);
#5056=EDGE_CURVE('',#4037,#4036,#196,.T.);
#5057=EDGE_CURVE('',#4035,#4037,#197,.T.);
#5058=EDGE_CURVE('',#4013,#3902,#2047,.T.);
#5059=EDGE_CURVE('',#3928,#3921,#3394,.T.);
#5060=EDGE_CURVE('',#3920,#3929,#3395,.T.);
#5061=EDGE_CURVE('',#4009,#3935,#3396,.T.);
#5062=EDGE_CURVE('',#3873,#3978,#2048,.T.);
#5063=EDGE_CURVE('',#3872,#3979,#2049,.T.);
#5064=EDGE_CURVE('',#4038,#4038,#3397,.T.);
#5065=EDGE_CURVE('',#4039,#4039,#3398,.T.);
#5066=EDGE_CURVE('',#3977,#4040,#2050,.T.);
#5067=EDGE_CURVE('',#4040,#4041,#2051,.T.);
#5068=EDGE_CURVE('',#4041,#3943,#3399,.T.);
#5069=EDGE_CURVE('',#3924,#3933,#3400,.T.);
#5070=EDGE_CURVE('',#3932,#3925,#3401,.T.);
#5071=EDGE_CURVE('',#4042,#4041,#2052,.T.);
#5072=EDGE_CURVE('',#4040,#4043,#2053,.T.);
#5073=EDGE_CURVE('',#4042,#4043,#2054,.T.);
#5074=EDGE_CURVE('',#4043,#3976,#2055,.T.);
#5075=EDGE_CURVE('',#4042,#3944,#3402,.T.);
#5076=EDGE_CURVE('',#3922,#3931,#3403,.T.);
#5077=EDGE_CURVE('',#3930,#3923,#3404,.T.);
#5078=EDGE_CURVE('',#4044,#4044,#198,.T.);
#5079=EDGE_CURVE('',#4044,#4045,#47,.T.);
#5080=EDGE_CURVE('',#4045,#4046,#199,.T.);
#5081=EDGE_CURVE('',#4046,#4047,#200,.T.);
#5082=EDGE_CURVE('',#4047,#4045,#201,.T.);
#5083=EDGE_CURVE('',#4048,#4048,#202,.T.);
#5084=EDGE_CURVE('',#4048,#4049,#48,.T.);
#5085=EDGE_CURVE('',#4049,#4050,#203,.T.);
#5086=EDGE_CURVE('',#4050,#4051,#204,.T.);
#5087=EDGE_CURVE('',#4051,#4049,#205,.T.);
#5088=EDGE_CURVE('',#4052,#4052,#3405,.T.);
#5089=EDGE_CURVE('',#4052,#4053,#2056,.T.);
#5090=EDGE_CURVE('',#4053,#4053,#3406,.T.);
#5091=EDGE_CURVE('',#3894,#4027,#2057,.T.);
#5092=EDGE_CURVE('',#4054,#4054,#3407,.T.);
#5093=EDGE_CURVE('',#4054,#4055,#2058,.T.);
#5094=EDGE_CURVE('',#4055,#4055,#3408,.T.);
#5095=EDGE_CURVE('',#3895,#4023,#2059,.T.);
#5096=EDGE_CURVE('',#4056,#4056,#3409,.T.);
#5097=EDGE_CURVE('',#4056,#3886,#2060,.T.);
#5098=EDGE_CURVE('',#4057,#4057,#3410,.T.);
#5099=EDGE_CURVE('',#4057,#4049,#2061,.T.);
#5100=EDGE_CURVE('',#4058,#4058,#3411,.T.);
#5101=EDGE_CURVE('',#4058,#3887,#2062,.T.);
#5102=EDGE_CURVE('',#4059,#4059,#3412,.T.);
#5103=EDGE_CURVE('',#4059,#4045,#2063,.T.);
#5104=EDGE_CURVE('',#3871,#3980,#2064,.T.);
#5105=EDGE_CURVE('',#4060,#4060,#3413,.T.);
#5106=EDGE_CURVE('',#4061,#4061,#3414,.T.);
#5107=EDGE_CURVE('',#3993,#4006,#2065,.T.);
#5108=EDGE_CURVE('',#4002,#3992,#2066,.T.);
#5109=EDGE_CURVE('',#3899,#3984,#2067,.T.);
#5110=EDGE_CURVE('',#3898,#3985,#2068,.T.);
#5111=EDGE_CURVE('',#4039,#4061,#2069,.T.);
#5112=EDGE_CURVE('',#3867,#4031,#2070,.T.);
#5113=EDGE_CURVE('',#4038,#4060,#2071,.T.);
#5114=EDGE_CURVE('',#3868,#4035,#2072,.T.);
#5115=EDGE_CURVE('',#3997,#3955,#2073,.T.);
#5116=EDGE_CURVE('',#3996,#3956,#2074,.T.);
#5117=EDGE_CURVE('',#3995,#3957,#2075,.T.);
#5118=EDGE_CURVE('',#3994,#3958,#2076,.T.);
#5119=EDGE_CURVE('',#3959,#4007,#2077,.T.);
#5120=EDGE_CURVE('',#3960,#3908,#2078,.T.);
#5121=EDGE_CURVE('',#3961,#3880,#2079,.T.);
#5122=EDGE_CURVE('',#4062,#4062,#3415,.T.);
#5123=EDGE_CURVE('',#4062,#4063,#2080,.T.);
#5124=EDGE_CURVE('',#4063,#4063,#3416,.T.);
#5125=EDGE_CURVE('',#4064,#4064,#3417,.T.);
#5126=EDGE_CURVE('',#4064,#4065,#2081,.T.);
#5127=EDGE_CURVE('',#4065,#4065,#3418,.T.);
#5128=EDGE_CURVE('',#4066,#4066,#3419,.T.);
#5129=EDGE_CURVE('',#4066,#4067,#2082,.T.);
#5130=EDGE_CURVE('',#4067,#4067,#3420,.T.);
#5131=EDGE_CURVE('',#4068,#4068,#3421,.T.);
#5132=EDGE_CURVE('',#4068,#4069,#2083,.T.);
#5133=EDGE_CURVE('',#4069,#4069,#3422,.T.);
#5134=EDGE_CURVE('',#4070,#4071,#3423,.T.);
#5135=EDGE_CURVE('',#4072,#4070,#2084,.T.);
#5136=EDGE_CURVE('',#4072,#4073,#3424,.T.);
#5137=EDGE_CURVE('',#4071,#4073,#2085,.T.);
#5138=EDGE_CURVE('',#4073,#4072,#3425,.T.);
#5139=EDGE_CURVE('',#4071,#4074,#3426,.T.);
#5140=EDGE_CURVE('',#4074,#4075,#3427,.T.);
#5141=EDGE_CURVE('',#4075,#4076,#3428,.T.);
#5142=EDGE_CURVE('',#4076,#4077,#3429,.T.);
#5143=EDGE_CURVE('',#4077,#4078,#3430,.T.);
#5144=EDGE_CURVE('',#4078,#4070,#3431,.T.);
#5145=EDGE_CURVE('',#4079,#4079,#3432,.T.);
#5146=EDGE_CURVE('',#4080,#4080,#3433,.T.);
#5147=EDGE_CURVE('',#4081,#4081,#3434,.T.);
#5148=EDGE_CURVE('',#4082,#4076,#2086,.T.);
#5149=EDGE_CURVE('',#4082,#4083,#3435,.T.);
#5150=EDGE_CURVE('',#4077,#4083,#2087,.T.);
#5151=EDGE_CURVE('',#4083,#4082,#3436,.T.);
#5152=EDGE_CURVE('',#4084,#4074,#2088,.T.);
#5153=EDGE_CURVE('',#4084,#4085,#3437,.T.);
#5154=EDGE_CURVE('',#4075,#4085,#2089,.T.);
#5155=EDGE_CURVE('',#4085,#4084,#3438,.T.);
#5156=EDGE_CURVE('',#4086,#4086,#3439,.T.);
#5157=EDGE_CURVE('',#4086,#4081,#2090,.T.);
#5158=EDGE_CURVE('',#4087,#4087,#3440,.T.);
#5159=EDGE_CURVE('',#4087,#4080,#2091,.T.);
#5160=EDGE_CURVE('',#4088,#4088,#3441,.T.);
#5161=EDGE_CURVE('',#4088,#4079,#2092,.T.);
#5162=EDGE_CURVE('',#4078,#4089,#2093,.T.);
#5163=EDGE_CURVE('',#4089,#4089,#3442,.T.);
#5164=EDGE_CURVE('',#4090,#4090,#3443,.T.);
#5165=EDGE_CURVE('',#4091,#4091,#3444,.T.);
#5166=EDGE_CURVE('',#4091,#4092,#2094,.T.);
#5167=EDGE_CURVE('',#4092,#4092,#3445,.T.);
#5168=EDGE_CURVE('',#4093,#4093,#3446,.T.);
#5169=EDGE_CURVE('',#4090,#4093,#2095,.T.);
#5170=EDGE_CURVE('',#4094,#4094,#3447,.T.);
#5171=EDGE_CURVE('',#4095,#4095,#3448,.T.);
#5172=EDGE_CURVE('',#4095,#4096,#2096,.T.);
#5173=EDGE_CURVE('',#4096,#4096,#3449,.T.);
#5174=EDGE_CURVE('',#4097,#4097,#3450,.T.);
#5175=EDGE_CURVE('',#4094,#4097,#2097,.T.);
#5176=EDGE_CURVE('',#4098,#4099,#3451,.T.);
#5177=EDGE_CURVE('',#4099,#4100,#2098,.T.);
#5178=EDGE_CURVE('',#4100,#4101,#3452,.T.);
#5179=EDGE_CURVE('',#4102,#4101,#2099,.T.);
#5180=EDGE_CURVE('',#4102,#4103,#3453,.F.);
#5181=EDGE_CURVE('',#4103,#4098,#2100,.T.);
#5182=EDGE_CURVE('',#4101,#4104,#3454,.T.);
#5183=EDGE_CURVE('',#4100,#4105,#3455,.T.);
#5184=EDGE_CURVE('',#4105,#4106,#3456,.T.);
#5185=EDGE_CURVE('',#4106,#4107,#2101,.T.);
#5186=EDGE_CURVE('',#4107,#4108,#3457,.T.);
#5187=EDGE_CURVE('',#4108,#4109,#2102,.T.);
#5188=EDGE_CURVE('',#4109,#4110,#2103,.T.);
#5189=EDGE_CURVE('',#4110,#4111,#2104,.T.);
#5190=EDGE_CURVE('',#4111,#4112,#3458,.T.);
#5191=EDGE_CURVE('',#4112,#4113,#2105,.T.);
#5192=EDGE_CURVE('',#4114,#4113,#3459,.T.);
#5193=EDGE_CURVE('',#4114,#4115,#2106,.T.);
#5194=EDGE_CURVE('',#4115,#4116,#3460,.T.);
#5195=EDGE_CURVE('',#4116,#4117,#3461,.T.);
#5196=EDGE_CURVE('',#4117,#4104,#2107,.T.);
#5197=EDGE_CURVE('',#4118,#4118,#3462,.T.);
#5198=EDGE_CURVE('',#4119,#4119,#3463,.T.);
#5199=EDGE_CURVE('',#4120,#4121,#2108,.T.);
#5200=EDGE_CURVE('',#4121,#4122,#3464,.T.);
#5201=EDGE_CURVE('',#4122,#4123,#3465,.T.);
#5202=EDGE_CURVE('',#4123,#4124,#3466,.T.);
#5203=EDGE_CURVE('',#4124,#4125,#2109,.T.);
#5204=EDGE_CURVE('',#4125,#4120,#3467,.T.);
#5205=EDGE_CURVE('',#4126,#4127,#2110,.T.);
#5206=EDGE_CURVE('',#4127,#4128,#3468,.T.);
#5207=EDGE_CURVE('',#4128,#4129,#3469,.T.);
#5208=EDGE_CURVE('',#4129,#4130,#3470,.T.);
#5209=EDGE_CURVE('',#4130,#4131,#2111,.T.);
#5210=EDGE_CURVE('',#4131,#4126,#3471,.T.);
#5211=EDGE_CURVE('',#4132,#4099,#3472,.T.);
#5212=EDGE_CURVE('',#4105,#4132,#2112,.T.);
#5213=EDGE_CURVE('',#4098,#4133,#2113,.T.);
#5214=EDGE_CURVE('',#4133,#4134,#2114,.T.);
#5215=EDGE_CURVE('',#4134,#4132,#3473,.T.);
#5216=EDGE_CURVE('',#4135,#4136,#2115,.T.);
#5217=EDGE_CURVE('',#4110,#4135,#2116,.T.);
#5218=EDGE_CURVE('',#4136,#4109,#2117,.T.);
#5219=EDGE_CURVE('',#4137,#4135,#2118,.T.);
#5220=EDGE_CURVE('',#4111,#4137,#2119,.T.);
#5221=EDGE_CURVE('',#4108,#4138,#2120,.T.);
#5222=EDGE_CURVE('',#4138,#4139,#2121,.T.);
#5223=EDGE_CURVE('',#4139,#4140,#2122,.T.);
#5224=EDGE_CURVE('',#4136,#4140,#2123,.T.);
#5225=EDGE_CURVE('',#4141,#4104,#2124,.T.);
#5226=EDGE_CURVE('',#4102,#4141,#3474,.T.);
#5227=EDGE_CURVE('',#4118,#4142,#2125,.T.);
#5228=EDGE_CURVE('',#4142,#4142,#3475,.T.);
#5229=EDGE_CURVE('',#4143,#4143,#3476,.T.);
#5230=EDGE_CURVE('',#4143,#4119,#2126,.T.);
#5231=EDGE_CURVE('',#4144,#4144,#3477,.T.);
#5232=EDGE_CURVE('',#4144,#4145,#2127,.T.);
#5233=EDGE_CURVE('',#4145,#4145,#3478,.T.);
#5234=EDGE_CURVE('',#4146,#4147,#2128,.T.);
#5235=EDGE_CURVE('',#4146,#4148,#2129,.T.);
#5236=EDGE_CURVE('',#4149,#4148,#2130,.T.);
#5237=EDGE_CURVE('',#4147,#4149,#2131,.T.);
#5238=EDGE_CURVE('',#4150,#4151,#2132,.T.);
#5239=EDGE_CURVE('',#4151,#4152,#2133,.T.);
#5240=EDGE_CURVE('',#4153,#4152,#2134,.T.);
#5241=EDGE_CURVE('',#4150,#4153,#2135,.T.);
#5242=EDGE_CURVE('',#4150,#4154,#2136,.T.);
#5243=EDGE_CURVE('',#4155,#4153,#2137,.T.);
#5244=EDGE_CURVE('',#4156,#4155,#2138,.T.);
#5245=EDGE_CURVE('',#4156,#4154,#2139,.T.);
#5246=EDGE_CURVE('',#4157,#4156,#2140,.T.);
#5247=EDGE_CURVE('',#4158,#4155,#2141,.T.);
#5248=EDGE_CURVE('',#4157,#4158,#2142,.T.);
#5249=EDGE_CURVE('',#4159,#4160,#2143,.T.);
#5250=EDGE_CURVE('',#4159,#4161,#2144,.T.);
#5251=EDGE_CURVE('',#4162,#4161,#2145,.T.);
#5252=EDGE_CURVE('',#4160,#4162,#2146,.T.);
#5253=EDGE_CURVE('',#4148,#4162,#2147,.T.);
#5254=EDGE_CURVE('',#4161,#4158,#2148,.T.);
#5255=EDGE_CURVE('',#4152,#4149,#2149,.T.);
#5256=EDGE_CURVE('',#4163,#4146,#3479,.T.);
#5257=EDGE_CURVE('',#4164,#4163,#2150,.T.);
#5258=EDGE_CURVE('',#4160,#4164,#3480,.T.);
#5259=EDGE_CURVE('',#4165,#4166,#3481,.T.);
#5260=EDGE_CURVE('',#4165,#4167,#2151,.T.);
#5261=EDGE_CURVE('',#4167,#4168,#3482,.F.);
#5262=EDGE_CURVE('',#4166,#4168,#2152,.T.);
#5263=EDGE_CURVE('',#4169,#4163,#2153,.T.);
#5264=EDGE_CURVE('',#4170,#4169,#2154,.T.);
#5265=EDGE_CURVE('',#4170,#4164,#2155,.T.);
#5266=EDGE_CURVE('',#4169,#4147,#3483,.T.);
#5267=EDGE_CURVE('',#4159,#4170,#3484,.T.);
#5268=EDGE_CURVE('',#4171,#4151,#2156,.T.);
#5269=EDGE_CURVE('',#4168,#4171,#2157,.T.);
#5270=EDGE_CURVE('',#4172,#4167,#2158,.T.);
#5271=EDGE_CURVE('',#4157,#4172,#2159,.T.);
#5272=EDGE_CURVE('',#4173,#4173,#3485,.T.);
#5273=EDGE_CURVE('',#4172,#4174,#2160,.T.);
#5274=EDGE_CURVE('',#4175,#4174,#2161,.T.);
#5275=EDGE_CURVE('',#4175,#4176,#2162,.T.);
#5276=EDGE_CURVE('',#4154,#4176,#2163,.T.);
#5277=EDGE_CURVE('',#4174,#4165,#2164,.T.);
#5278=EDGE_CURVE('',#4140,#4177,#2165,.T.);
#5279=EDGE_CURVE('',#4177,#4178,#3486,.T.);
#5280=EDGE_CURVE('',#4178,#4179,#3487,.T.);
#5281=EDGE_CURVE('',#4179,#4180,#3488,.T.);
#5282=EDGE_CURVE('',#4180,#4181,#2166,.T.);
#5283=EDGE_CURVE('',#4181,#4182,#2167,.T.);
#5284=EDGE_CURVE('',#4182,#4183,#3489,.T.);
#5285=EDGE_CURVE('',#4183,#4184,#3490,.T.);
#5286=EDGE_CURVE('',#4184,#4185,#3491,.T.);
#5287=EDGE_CURVE('',#4185,#4186,#2168,.T.);
#5288=EDGE_CURVE('',#4186,#4187,#2169,.T.);
#5289=EDGE_CURVE('',#4187,#4188,#3492,.T.);
#5290=EDGE_CURVE('',#4188,#4189,#3493,.T.);
#5291=EDGE_CURVE('',#4189,#4175,#2170,.T.);
#5292=EDGE_CURVE('',#4166,#4190,#2171,.T.);
#5293=EDGE_CURVE('',#4190,#4191,#2172,.T.);
#5294=EDGE_CURVE('',#4192,#4191,#3494,.T.);
#5295=EDGE_CURVE('',#4192,#4193,#2173,.T.);
#5296=EDGE_CURVE('',#4193,#4137,#3495,.T.);
#5297=EDGE_CURVE('',#4175,#4190,#2174,.T.);
#5298=EDGE_CURVE('',#4190,#4194,#2175,.T.);
#5299=EDGE_CURVE('',#4176,#4194,#2176,.T.);
#5300=EDGE_CURVE('',#4194,#4171,#2177,.T.);
#5301=EDGE_CURVE('',#4113,#4192,#2178,.T.);
#5302=EDGE_CURVE('',#4191,#4114,#2179,.T.);
#5303=EDGE_CURVE('',#4193,#4112,#2180,.T.);
#5304=EDGE_CURVE('',#4126,#4195,#2181,.T.);
#5305=EDGE_CURVE('',#4196,#4131,#2182,.T.);
#5306=EDGE_CURVE('',#4195,#4196,#3496,.T.);
#5307=EDGE_CURVE('',#4107,#4197,#2183,.T.);
#5308=EDGE_CURVE('',#4138,#4197,#3497,.T.);
#5309=EDGE_CURVE('',#4120,#4198,#2184,.T.);
#5310=EDGE_CURVE('',#4199,#4125,#2185,.T.);
#5311=EDGE_CURVE('',#4198,#4199,#3498,.T.);
#5312=EDGE_CURVE('',#4198,#4200,#2186,.T.);
#5313=EDGE_CURVE('',#4201,#4199,#2187,.T.);
#5314=EDGE_CURVE('',#4195,#4201,#2188,.T.);
#5315=EDGE_CURVE('',#4139,#4196,#2189,.T.);
#5316=EDGE_CURVE('',#4202,#4197,#2190,.T.);
#5317=EDGE_CURVE('',#4103,#4202,#2191,.T.);
#5318=EDGE_CURVE('',#4200,#4141,#2192,.T.);
#5319=EDGE_CURVE('',#4134,#4106,#2193,.T.);
#5320=EDGE_CURVE('',#4202,#4133,#2194,.T.);
#5321=EDGE_CURVE('',#4117,#4187,#2195,.T.);
#5322=EDGE_CURVE('',#4200,#4186,#2196,.T.);
#5323=EDGE_CURVE('',#4124,#4182,#2197,.T.);
#5324=EDGE_CURVE('',#4201,#4181,#2198,.T.);
#5325=EDGE_CURVE('',#4130,#4177,#2199,.T.);
#5326=EDGE_CURVE('',#4189,#4115,#2200,.T.);
#5327=EDGE_CURVE('',#4116,#4188,#2201,.T.);
#5328=EDGE_CURVE('',#4129,#4178,#2202,.T.);
#5329=EDGE_CURVE('',#4128,#4179,#2203,.T.);
#5330=EDGE_CURVE('',#4127,#4180,#2204,.T.);
#5331=EDGE_CURVE('',#4122,#4184,#2205,.T.);
#5332=EDGE_CURVE('',#4123,#4183,#2206,.T.);
#5333=EDGE_CURVE('',#4121,#4185,#2207,.T.);
#5334=EDGE_CURVE('',#4203,#4203,#3499,.T.);
#5335=EDGE_CURVE('',#4203,#4173,#2208,.T.);
#5336=EDGE_CURVE('',#4204,#4204,#3500,.T.);
#5337=EDGE_CURVE('',#4205,#4205,#3501,.T.);
#5338=EDGE_CURVE('',#4205,#4206,#2209,.T.);
#5339=EDGE_CURVE('',#4206,#4206,#3502,.T.);
#5340=EDGE_CURVE('',#4207,#4207,#3503,.T.);
#5341=EDGE_CURVE('',#4204,#4207,#2210,.T.);
#5342=EDGE_CURVE('',#4208,#4208,#3504,.T.);
#5343=EDGE_CURVE('',#4209,#4209,#3505,.T.);
#5344=EDGE_CURVE('',#4209,#4210,#2211,.T.);
#5345=EDGE_CURVE('',#4210,#4210,#3506,.T.);
#5346=EDGE_CURVE('',#4211,#4211,#3507,.T.);
#5347=EDGE_CURVE('',#4208,#4211,#2212,.T.);
#5348=EDGE_CURVE('',#4212,#4213,#2213,.T.);
#5349=EDGE_CURVE('',#4214,#4212,#2214,.T.);
#5350=EDGE_CURVE('',#4215,#4214,#2215,.T.);
#5351=EDGE_CURVE('',#4213,#4215,#2216,.T.);
#5352=EDGE_CURVE('',#4216,#4212,#2217,.T.);
#5353=EDGE_CURVE('',#4217,#4216,#2218,.T.);
#5354=EDGE_CURVE('',#4214,#4217,#2219,.T.);
#5355=EDGE_CURVE('',#4218,#4215,#2220,.T.);
#5356=EDGE_CURVE('',#4218,#4219,#2221,.T.);
#5357=EDGE_CURVE('',#4219,#4220,#2222,.T.);
#5358=EDGE_CURVE('',#4220,#4221,#2223,.T.);
#5359=EDGE_CURVE('',#4213,#4221,#2224,.T.);
#5360=EDGE_CURVE('',#4217,#4222,#3508,.T.);
#5361=EDGE_CURVE('',#4222,#4223,#2225,.T.);
#5362=EDGE_CURVE('',#4224,#4223,#3509,.T.);
#5363=EDGE_CURVE('',#4224,#4225,#2226,.T.);
#5364=EDGE_CURVE('',#4225,#4226,#3510,.T.);
#5365=EDGE_CURVE('',#4226,#4227,#3511,.T.);
#5366=EDGE_CURVE('',#4227,#4228,#2227,.T.);
#5367=EDGE_CURVE('',#4228,#4229,#3512,.T.);
#5368=EDGE_CURVE('',#4229,#4230,#2228,.T.);
#5369=EDGE_CURVE('',#4230,#4231,#3513,.T.);
#5370=EDGE_CURVE('',#4231,#4232,#3514,.T.);
#5371=EDGE_CURVE('',#4232,#4233,#3515,.T.);
#5372=EDGE_CURVE('',#4233,#4234,#2229,.T.);
#5373=EDGE_CURVE('',#4234,#4218,#3516,.T.);
#5374=EDGE_CURVE('',#4235,#4236,#2230,.T.);
#5375=EDGE_CURVE('',#4236,#4237,#3517,.T.);
#5376=EDGE_CURVE('',#4237,#4238,#3518,.T.);
#5377=EDGE_CURVE('',#4238,#4239,#3519,.T.);
#5378=EDGE_CURVE('',#4239,#4240,#2231,.T.);
#5379=EDGE_CURVE('',#4240,#4235,#3520,.T.);
#5380=EDGE_CURVE('',#4241,#4242,#2232,.T.);
#5381=EDGE_CURVE('',#4242,#4243,#3521,.T.);
#5382=EDGE_CURVE('',#4243,#4244,#3522,.T.);
#5383=EDGE_CURVE('',#4244,#4245,#3523,.T.);
#5384=EDGE_CURVE('',#4245,#4246,#2233,.T.);
#5385=EDGE_CURVE('',#4246,#4241,#3524,.T.);
#5386=EDGE_CURVE('',#4247,#4247,#3525,.T.);
#5387=EDGE_CURVE('',#4248,#4248,#3526,.T.);
#5388=EDGE_CURVE('',#4249,#4250,#2234,.T.);
#5389=EDGE_CURVE('',#4250,#4251,#3527,.T.);
#5390=EDGE_CURVE('',#4251,#4252,#3528,.T.);
#5391=EDGE_CURVE('',#4252,#4253,#3529,.T.);
#5392=EDGE_CURVE('',#4253,#4249,#2235,.T.);
#5393=EDGE_CURVE('',#4229,#4254,#2236,.T.);
#5394=EDGE_CURVE('',#4255,#4228,#2237,.T.);
#5395=EDGE_CURVE('',#4254,#4255,#3530,.T.);
#5396=EDGE_CURVE('',#4248,#4256,#2238,.T.);
#5397=EDGE_CURVE('',#4256,#4256,#3531,.T.);
#5398=EDGE_CURVE('',#4257,#4257,#3532,.T.);
#5399=EDGE_CURVE('',#4257,#4247,#2239,.T.);
#5400=EDGE_CURVE('',#4258,#4258,#3533,.T.);
#5401=EDGE_CURVE('',#4258,#4259,#2240,.T.);
#5402=EDGE_CURVE('',#4259,#4259,#3534,.T.);
#5403=EDGE_CURVE('',#4260,#4261,#2241,.T.);
#5404=EDGE_CURVE('',#4260,#4262,#2242,.T.);
#5405=EDGE_CURVE('',#4263,#4262,#2243,.T.);
#5406=EDGE_CURVE('',#4261,#4263,#2244,.T.);
#5407=EDGE_CURVE('',#4264,#4265,#2245,.T.);
#5408=EDGE_CURVE('',#4265,#4266,#2246,.T.);
#5409=EDGE_CURVE('',#4267,#4266,#2247,.T.);
#5410=EDGE_CURVE('',#4264,#4267,#2248,.T.);
#5411=EDGE_CURVE('',#4264,#4268,#2249,.T.);
#5412=EDGE_CURVE('',#4269,#4267,#2250,.T.);
#5413=EDGE_CURVE('',#4270,#4269,#2251,.T.);
#5414=EDGE_CURVE('',#4270,#4268,#2252,.T.);
#5415=EDGE_CURVE('',#4271,#4270,#2253,.T.);
#5416=EDGE_CURVE('',#4272,#4269,#2254,.T.);
#5417=EDGE_CURVE('',#4271,#4272,#2255,.T.);
#5418=EDGE_CURVE('',#4273,#4274,#2256,.T.);
#5419=EDGE_CURVE('',#4273,#4275,#2257,.T.);
#5420=EDGE_CURVE('',#4276,#4275,#2258,.T.);
#5421=EDGE_CURVE('',#4274,#4276,#2259,.T.);
#5422=EDGE_CURVE('',#4262,#4276,#2260,.T.);
#5423=EDGE_CURVE('',#4275,#4272,#2261,.T.);
#5424=EDGE_CURVE('',#4266,#4263,#2262,.T.);
#5425=EDGE_CURVE('',#4277,#4260,#3535,.T.);
#5426=EDGE_CURVE('',#4278,#4277,#2263,.T.);
#5427=EDGE_CURVE('',#4274,#4278,#3536,.T.);
#5428=EDGE_CURVE('',#4279,#4280,#3537,.T.);
#5429=EDGE_CURVE('',#4279,#4281,#2264,.T.);
#5430=EDGE_CURVE('',#4281,#4282,#3538,.F.);
#5431=EDGE_CURVE('',#4280,#4282,#2265,.T.);
#5432=EDGE_CURVE('',#4283,#4277,#2266,.T.);
#5433=EDGE_CURVE('',#4284,#4283,#2267,.T.);
#5434=EDGE_CURVE('',#4284,#4278,#2268,.T.);
#5435=EDGE_CURVE('',#4283,#4261,#3539,.T.);
#5436=EDGE_CURVE('',#4273,#4284,#3540,.T.);
#5437=EDGE_CURVE('',#4285,#4265,#2269,.T.);
#5438=EDGE_CURVE('',#4282,#4285,#2270,.T.);
#5439=EDGE_CURVE('',#4286,#4281,#2271,.T.);
#5440=EDGE_CURVE('',#4271,#4286,#2272,.T.);
#5441=EDGE_CURVE('',#4287,#4287,#3541,.T.);
#5442=EDGE_CURVE('',#4286,#4288,#2273,.T.);
#5443=EDGE_CURVE('',#4289,#4288,#2274,.T.);
#5444=EDGE_CURVE('',#4289,#4290,#2275,.T.);
#5445=EDGE_CURVE('',#4268,#4290,#2276,.T.);
#5446=EDGE_CURVE('',#4288,#4279,#2277,.T.);
#5447=EDGE_CURVE('',#4221,#4291,#2278,.T.);
#5448=EDGE_CURVE('',#4291,#4292,#3542,.T.);
#5449=EDGE_CURVE('',#4292,#4293,#3543,.T.);
#5450=EDGE_CURVE('',#4293,#4294,#3544,.T.);
#5451=EDGE_CURVE('',#4294,#4295,#2279,.T.);
#5452=EDGE_CURVE('',#4295,#4296,#2280,.T.);
#5453=EDGE_CURVE('',#4296,#4297,#3545,.T.);
#5454=EDGE_CURVE('',#4297,#4298,#3546,.T.);
#5455=EDGE_CURVE('',#4298,#4299,#3547,.T.);
#5456=EDGE_CURVE('',#4299,#4300,#2281,.T.);
#5457=EDGE_CURVE('',#4300,#4301,#2282,.T.);
#5458=EDGE_CURVE('',#4301,#4302,#3548,.T.);
#5459=EDGE_CURVE('',#4302,#4303,#3549,.T.);
#5460=EDGE_CURVE('',#4303,#4289,#2283,.T.);
#5461=EDGE_CURVE('',#4280,#4304,#2284,.T.);
#5462=EDGE_CURVE('',#4304,#4305,#2285,.T.);
#5463=EDGE_CURVE('',#4306,#4305,#3550,.T.);
#5464=EDGE_CURVE('',#4306,#4307,#2286,.T.);
#5465=EDGE_CURVE('',#4307,#4216,#3551,.T.);
#5466=EDGE_CURVE('',#4289,#4304,#2287,.T.);
#5467=EDGE_CURVE('',#4304,#4308,#2288,.T.);
#5468=EDGE_CURVE('',#4290,#4308,#2289,.T.);
#5469=EDGE_CURVE('',#4308,#4285,#2290,.T.);
#5470=EDGE_CURVE('',#4223,#4306,#2291,.T.);
#5471=EDGE_CURVE('',#4305,#4224,#2292,.T.);
#5472=EDGE_CURVE('',#4307,#4222,#2293,.T.);
#5473=EDGE_CURVE('',#4235,#4309,#2294,.T.);
#5474=EDGE_CURVE('',#4310,#4240,#2295,.T.);
#5475=EDGE_CURVE('',#4309,#4310,#3552,.T.);
#5476=EDGE_CURVE('',#4234,#4311,#2296,.T.);
#5477=EDGE_CURVE('',#4219,#4311,#3553,.T.);
#5478=EDGE_CURVE('',#4241,#4312,#2297,.T.);
#5479=EDGE_CURVE('',#4313,#4246,#2298,.T.);
#5480=EDGE_CURVE('',#4312,#4313,#3554,.T.);
#5481=EDGE_CURVE('',#4312,#4314,#2299,.T.);
#5482=EDGE_CURVE('',#4315,#4313,#2300,.T.);
#5483=EDGE_CURVE('',#4309,#4315,#2301,.T.);
#5484=EDGE_CURVE('',#4220,#4310,#2302,.T.);
#5485=EDGE_CURVE('',#4316,#4311,#2303,.T.);
#5486=EDGE_CURVE('',#4254,#4316,#2304,.T.);
#5487=EDGE_CURVE('',#4314,#4255,#2305,.T.);
#5488=EDGE_CURVE('',#4250,#4233,#2306,.T.);
#5489=EDGE_CURVE('',#4316,#4249,#2307,.T.);
#5490=EDGE_CURVE('',#4230,#4253,#2308,.T.);
#5491=EDGE_CURVE('',#4232,#4251,#2309,.T.);
#5492=EDGE_CURVE('',#4231,#4252,#2310,.T.);
#5493=EDGE_CURVE('',#4227,#4301,#2311,.T.);
#5494=EDGE_CURVE('',#4314,#4300,#2312,.T.);
#5495=EDGE_CURVE('',#4245,#4296,#2313,.T.);
#5496=EDGE_CURVE('',#4315,#4295,#2314,.T.);
#5497=EDGE_CURVE('',#4239,#4291,#2315,.T.);
#5498=EDGE_CURVE('',#4303,#4225,#2316,.T.);
#5499=EDGE_CURVE('',#4226,#4302,#2317,.T.);
#5500=EDGE_CURVE('',#4238,#4292,#2318,.T.);
#5501=EDGE_CURVE('',#4237,#4293,#2319,.T.);
#5502=EDGE_CURVE('',#4236,#4294,#2320,.T.);
#5503=EDGE_CURVE('',#4243,#4298,#2321,.T.);
#5504=EDGE_CURVE('',#4244,#4297,#2322,.T.);
#5505=EDGE_CURVE('',#4242,#4299,#2323,.T.);
#5506=EDGE_CURVE('',#4317,#4317,#3555,.T.);
#5507=EDGE_CURVE('',#4317,#4287,#2324,.T.);
#5508=EDGE_CURVE('',#4318,#4319,#2325,.T.);
#5509=EDGE_CURVE('',#4320,#4318,#2326,.T.);
#5510=EDGE_CURVE('',#4321,#4320,#2327,.T.);
#5511=EDGE_CURVE('',#4319,#4321,#2328,.T.);
#5512=EDGE_CURVE('',#4322,#4318,#2329,.T.);
#5513=EDGE_CURVE('',#4323,#4322,#2330,.T.);
#5514=EDGE_CURVE('',#4320,#4323,#2331,.T.);
#5515=EDGE_CURVE('',#4324,#4321,#2332,.T.);
#5516=EDGE_CURVE('',#4324,#4325,#2333,.T.);
#5517=EDGE_CURVE('',#4325,#4326,#2334,.T.);
#5518=EDGE_CURVE('',#4326,#4327,#2335,.T.);
#5519=EDGE_CURVE('',#4319,#4327,#2336,.T.);
#5520=EDGE_CURVE('',#4323,#4328,#3556,.T.);
#5521=EDGE_CURVE('',#4328,#4329,#2337,.T.);
#5522=EDGE_CURVE('',#4330,#4329,#3557,.T.);
#5523=EDGE_CURVE('',#4330,#4331,#2338,.T.);
#5524=EDGE_CURVE('',#4331,#4332,#3558,.T.);
#5525=EDGE_CURVE('',#4332,#4333,#3559,.T.);
#5526=EDGE_CURVE('',#4333,#4334,#2339,.T.);
#5527=EDGE_CURVE('',#4334,#4335,#3560,.T.);
#5528=EDGE_CURVE('',#4335,#4336,#2340,.T.);
#5529=EDGE_CURVE('',#4336,#4337,#3561,.T.);
#5530=EDGE_CURVE('',#4337,#4338,#3562,.T.);
#5531=EDGE_CURVE('',#4338,#4339,#3563,.T.);
#5532=EDGE_CURVE('',#4339,#4340,#2341,.T.);
#5533=EDGE_CURVE('',#4340,#4324,#3564,.T.);
#5534=EDGE_CURVE('',#4341,#4342,#2342,.T.);
#5535=EDGE_CURVE('',#4342,#4343,#3565,.T.);
#5536=EDGE_CURVE('',#4343,#4344,#3566,.T.);
#5537=EDGE_CURVE('',#4344,#4345,#3567,.T.);
#5538=EDGE_CURVE('',#4345,#4346,#2343,.T.);
#5539=EDGE_CURVE('',#4346,#4341,#3568,.T.);
#5540=EDGE_CURVE('',#4347,#4348,#2344,.T.);
#5541=EDGE_CURVE('',#4348,#4349,#3569,.T.);
#5542=EDGE_CURVE('',#4349,#4350,#3570,.T.);
#5543=EDGE_CURVE('',#4350,#4351,#3571,.T.);
#5544=EDGE_CURVE('',#4351,#4352,#2345,.T.);
#5545=EDGE_CURVE('',#4352,#4347,#3572,.T.);
#5546=EDGE_CURVE('',#4353,#4353,#3573,.T.);
#5547=EDGE_CURVE('',#4354,#4354,#3574,.T.);
#5548=EDGE_CURVE('',#4355,#4356,#2346,.T.);
#5549=EDGE_CURVE('',#4356,#4357,#3575,.T.);
#5550=EDGE_CURVE('',#4357,#4358,#3576,.T.);
#5551=EDGE_CURVE('',#4358,#4359,#3577,.T.);
#5552=EDGE_CURVE('',#4359,#4355,#2347,.T.);
#5553=EDGE_CURVE('',#4335,#4360,#2348,.T.);
#5554=EDGE_CURVE('',#4361,#4334,#2349,.T.);
#5555=EDGE_CURVE('',#4360,#4361,#3578,.T.);
#5556=EDGE_CURVE('',#4354,#4362,#2350,.T.);
#5557=EDGE_CURVE('',#4362,#4362,#3579,.T.);
#5558=EDGE_CURVE('',#4363,#4363,#3580,.T.);
#5559=EDGE_CURVE('',#4363,#4353,#2351,.T.);
#5560=EDGE_CURVE('',#4364,#4364,#3581,.T.);
#5561=EDGE_CURVE('',#4364,#4365,#2352,.T.);
#5562=EDGE_CURVE('',#4365,#4365,#3582,.T.);
#5563=EDGE_CURVE('',#4366,#4367,#2353,.T.);
#5564=EDGE_CURVE('',#4366,#4368,#2354,.T.);
#5565=EDGE_CURVE('',#4369,#4368,#2355,.T.);
#5566=EDGE_CURVE('',#4367,#4369,#2356,.T.);
#5567=EDGE_CURVE('',#4370,#4371,#2357,.T.);
#5568=EDGE_CURVE('',#4371,#4372,#2358,.T.);
#5569=EDGE_CURVE('',#4373,#4372,#2359,.T.);
#5570=EDGE_CURVE('',#4370,#4373,#2360,.T.);
#5571=EDGE_CURVE('',#4370,#4374,#2361,.T.);
#5572=EDGE_CURVE('',#4375,#4373,#2362,.T.);
#5573=EDGE_CURVE('',#4376,#4375,#2363,.T.);
#5574=EDGE_CURVE('',#4376,#4374,#2364,.T.);
#5575=EDGE_CURVE('',#4377,#4376,#2365,.T.);
#5576=EDGE_CURVE('',#4378,#4375,#2366,.T.);
#5577=EDGE_CURVE('',#4377,#4378,#2367,.T.);
#5578=EDGE_CURVE('',#4379,#4380,#2368,.T.);
#5579=EDGE_CURVE('',#4379,#4381,#2369,.T.);
#5580=EDGE_CURVE('',#4382,#4381,#2370,.T.);
#5581=EDGE_CURVE('',#4380,#4382,#2371,.T.);
#5582=EDGE_CURVE('',#4368,#4382,#2372,.T.);
#5583=EDGE_CURVE('',#4381,#4378,#2373,.T.);
#5584=EDGE_CURVE('',#4372,#4369,#2374,.T.);
#5585=EDGE_CURVE('',#4383,#4366,#3583,.T.);
#5586=EDGE_CURVE('',#4384,#4383,#2375,.T.);
#5587=EDGE_CURVE('',#4380,#4384,#3584,.T.);
#5588=EDGE_CURVE('',#4385,#4386,#3585,.T.);
#5589=EDGE_CURVE('',#4385,#4387,#2376,.T.);
#5590=EDGE_CURVE('',#4387,#4388,#3586,.F.);
#5591=EDGE_CURVE('',#4386,#4388,#2377,.T.);
#5592=EDGE_CURVE('',#4389,#4383,#2378,.T.);
#5593=EDGE_CURVE('',#4390,#4389,#2379,.T.);
#5594=EDGE_CURVE('',#4390,#4384,#2380,.T.);
#5595=EDGE_CURVE('',#4389,#4367,#3587,.T.);
#5596=EDGE_CURVE('',#4379,#4390,#3588,.T.);
#5597=EDGE_CURVE('',#4391,#4371,#2381,.T.);
#5598=EDGE_CURVE('',#4388,#4391,#2382,.T.);
#5599=EDGE_CURVE('',#4392,#4387,#2383,.T.);
#5600=EDGE_CURVE('',#4377,#4392,#2384,.T.);
#5601=EDGE_CURVE('',#4393,#4393,#3589,.T.);
#5602=EDGE_CURVE('',#4392,#4394,#2385,.T.);
#5603=EDGE_CURVE('',#4395,#4394,#2386,.T.);
#5604=EDGE_CURVE('',#4395,#4396,#2387,.T.);
#5605=EDGE_CURVE('',#4374,#4396,#2388,.T.);
#5606=EDGE_CURVE('',#4394,#4385,#2389,.T.);
#5607=EDGE_CURVE('',#4327,#4397,#2390,.T.);
#5608=EDGE_CURVE('',#4397,#4398,#3590,.T.);
#5609=EDGE_CURVE('',#4398,#4399,#3591,.T.);
#5610=EDGE_CURVE('',#4399,#4400,#3592,.T.);
#5611=EDGE_CURVE('',#4400,#4401,#2391,.T.);
#5612=EDGE_CURVE('',#4401,#4402,#2392,.T.);
#5613=EDGE_CURVE('',#4402,#4403,#3593,.T.);
#5614=EDGE_CURVE('',#4403,#4404,#3594,.T.);
#5615=EDGE_CURVE('',#4404,#4405,#3595,.T.);
#5616=EDGE_CURVE('',#4405,#4406,#2393,.T.);
#5617=EDGE_CURVE('',#4406,#4407,#2394,.T.);
#5618=EDGE_CURVE('',#4407,#4408,#3596,.T.);
#5619=EDGE_CURVE('',#4408,#4409,#3597,.T.);
#5620=EDGE_CURVE('',#4409,#4395,#2395,.T.);
#5621=EDGE_CURVE('',#4386,#4410,#2396,.T.);
#5622=EDGE_CURVE('',#4410,#4411,#2397,.T.);
#5623=EDGE_CURVE('',#4412,#4411,#3598,.T.);
#5624=EDGE_CURVE('',#4412,#4413,#2398,.T.);
#5625=EDGE_CURVE('',#4413,#4322,#3599,.T.);
#5626=EDGE_CURVE('',#4395,#4410,#2399,.T.);
#5627=EDGE_CURVE('',#4410,#4414,#2400,.T.);
#5628=EDGE_CURVE('',#4396,#4414,#2401,.T.);
#5629=EDGE_CURVE('',#4414,#4391,#2402,.T.);
#5630=EDGE_CURVE('',#4329,#4412,#2403,.T.);
#5631=EDGE_CURVE('',#4411,#4330,#2404,.T.);
#5632=EDGE_CURVE('',#4413,#4328,#2405,.T.);
#5633=EDGE_CURVE('',#4341,#4415,#2406,.T.);
#5634=EDGE_CURVE('',#4416,#4346,#2407,.T.);
#5635=EDGE_CURVE('',#4415,#4416,#3600,.T.);
#5636=EDGE_CURVE('',#4340,#4417,#2408,.T.);
#5637=EDGE_CURVE('',#4325,#4417,#3601,.T.);
#5638=EDGE_CURVE('',#4347,#4418,#2409,.T.);
#5639=EDGE_CURVE('',#4419,#4352,#2410,.T.);
#5640=EDGE_CURVE('',#4418,#4419,#3602,.T.);
#5641=EDGE_CURVE('',#4418,#4420,#2411,.T.);
#5642=EDGE_CURVE('',#4421,#4419,#2412,.T.);
#5643=EDGE_CURVE('',#4415,#4421,#2413,.T.);
#5644=EDGE_CURVE('',#4326,#4416,#2414,.T.);
#5645=EDGE_CURVE('',#4422,#4417,#2415,.T.);
#5646=EDGE_CURVE('',#4360,#4422,#2416,.T.);
#5647=EDGE_CURVE('',#4420,#4361,#2417,.T.);
#5648=EDGE_CURVE('',#4356,#4339,#2418,.T.);
#5649=EDGE_CURVE('',#4422,#4355,#2419,.T.);
#5650=EDGE_CURVE('',#4336,#4359,#2420,.T.);
#5651=EDGE_CURVE('',#4338,#4357,#2421,.T.);
#5652=EDGE_CURVE('',#4337,#4358,#2422,.T.);
#5653=EDGE_CURVE('',#4333,#4407,#2423,.T.);
#5654=EDGE_CURVE('',#4420,#4406,#2424,.T.);
#5655=EDGE_CURVE('',#4351,#4402,#2425,.T.);
#5656=EDGE_CURVE('',#4421,#4401,#2426,.T.);
#5657=EDGE_CURVE('',#4345,#4397,#2427,.T.);
#5658=EDGE_CURVE('',#4409,#4331,#2428,.T.);
#5659=EDGE_CURVE('',#4332,#4408,#2429,.T.);
#5660=EDGE_CURVE('',#4344,#4398,#2430,.T.);
#5661=EDGE_CURVE('',#4343,#4399,#2431,.T.);
#5662=EDGE_CURVE('',#4342,#4400,#2432,.T.);
#5663=EDGE_CURVE('',#4349,#4404,#2433,.T.);
#5664=EDGE_CURVE('',#4350,#4403,#2434,.T.);
#5665=EDGE_CURVE('',#4348,#4405,#2435,.T.);
#5666=EDGE_CURVE('',#4423,#4423,#3603,.T.);
#5667=EDGE_CURVE('',#4423,#4393,#2436,.T.);
#5668=ORIENTED_EDGE('',*,*,#4424,.F.);
#5669=ORIENTED_EDGE('',*,*,#4425,.T.);
#5670=ORIENTED_EDGE('',*,*,#4426,.T.);
#5671=ORIENTED_EDGE('',*,*,#4425,.F.);
#5672=ORIENTED_EDGE('',*,*,#4426,.F.);
#5673=ORIENTED_EDGE('',*,*,#4427,.F.);
#5674=ORIENTED_EDGE('',*,*,#4428,.F.);
#5675=ORIENTED_EDGE('',*,*,#4429,.T.);
#5676=ORIENTED_EDGE('',*,*,#4430,.F.);
#5677=ORIENTED_EDGE('',*,*,#4431,.F.);
#5678=ORIENTED_EDGE('',*,*,#4432,.F.);
#5679=ORIENTED_EDGE('',*,*,#4433,.T.);
#5680=ORIENTED_EDGE('',*,*,#4434,.F.);
#5681=ORIENTED_EDGE('',*,*,#4433,.F.);
#5682=ORIENTED_EDGE('',*,*,#4435,.F.);
#5683=ORIENTED_EDGE('',*,*,#4436,.F.);
#5684=ORIENTED_EDGE('',*,*,#4437,.F.);
#5685=ORIENTED_EDGE('',*,*,#4429,.F.);
#5686=ORIENTED_EDGE('',*,*,#4434,.T.);
#5687=ORIENTED_EDGE('',*,*,#4438,.T.);
#5688=ORIENTED_EDGE('',*,*,#4439,.F.);
#5689=ORIENTED_EDGE('',*,*,#4440,.T.);
#5690=ORIENTED_EDGE('',*,*,#4438,.F.);
#5691=ORIENTED_EDGE('',*,*,#4440,.F.);
#5692=ORIENTED_EDGE('',*,*,#4428,.T.);
#5693=ORIENTED_EDGE('',*,*,#4439,.T.);
#5694=ORIENTED_EDGE('',*,*,#4435,.T.);
#5695=ORIENTED_EDGE('',*,*,#4432,.T.);
#5696=ORIENTED_EDGE('',*,*,#4441,.F.);
#5697=ORIENTED_EDGE('',*,*,#4442,.F.);
#5698=ORIENTED_EDGE('',*,*,#4443,.F.);
#5699=ORIENTED_EDGE('',*,*,#4444,.F.);
#5700=ORIENTED_EDGE('',*,*,#4445,.F.);
#5701=ORIENTED_EDGE('',*,*,#4446,.F.);
#5702=ORIENTED_EDGE('',*,*,#4447,.F.);
#5703=ORIENTED_EDGE('',*,*,#4448,.F.);
#5704=ORIENTED_EDGE('',*,*,#4431,.T.);
#5705=ORIENTED_EDGE('',*,*,#4449,.T.);
#5706=ORIENTED_EDGE('',*,*,#4450,.F.);
#5707=ORIENTED_EDGE('',*,*,#4441,.T.);
#5708=ORIENTED_EDGE('',*,*,#4436,.T.);
#5709=ORIENTED_EDGE('',*,*,#4448,.T.);
#5710=ORIENTED_EDGE('',*,*,#4451,.F.);
#5711=ORIENTED_EDGE('',*,*,#4452,.T.);
#5712=ORIENTED_EDGE('',*,*,#4453,.F.);
#5713=ORIENTED_EDGE('',*,*,#4445,.T.);
#5714=ORIENTED_EDGE('',*,*,#4454,.F.);
#5715=ORIENTED_EDGE('',*,*,#4455,.T.);
#5716=ORIENTED_EDGE('',*,*,#4456,.F.);
#5717=ORIENTED_EDGE('',*,*,#4457,.T.);
#5718=ORIENTED_EDGE('',*,*,#4458,.F.);
#5719=ORIENTED_EDGE('',*,*,#4459,.T.);
#5720=ORIENTED_EDGE('',*,*,#4460,.F.);
#5721=ORIENTED_EDGE('',*,*,#4461,.T.);
#5722=ORIENTED_EDGE('',*,*,#4462,.F.);
#5723=ORIENTED_EDGE('',*,*,#4463,.T.);
#5724=ORIENTED_EDGE('',*,*,#4464,.F.);
#5725=ORIENTED_EDGE('',*,*,#4465,.T.);
#5726=ORIENTED_EDGE('',*,*,#4466,.F.);
#5727=ORIENTED_EDGE('',*,*,#4467,.T.);
#5728=ORIENTED_EDGE('',*,*,#4468,.F.);
#5729=ORIENTED_EDGE('',*,*,#4463,.F.);
#5730=ORIENTED_EDGE('',*,*,#4469,.F.);
#5731=ORIENTED_EDGE('',*,*,#4459,.F.);
#5732=ORIENTED_EDGE('',*,*,#4470,.F.);
#5733=ORIENTED_EDGE('',*,*,#4471,.F.);
#5734=ORIENTED_EDGE('',*,*,#4472,.F.);
#5735=ORIENTED_EDGE('',*,*,#4465,.F.);
#5736=ORIENTED_EDGE('',*,*,#4427,.T.);
#5737=ORIENTED_EDGE('',*,*,#4473,.T.);
#5738=ORIENTED_EDGE('',*,*,#4474,.F.);
#5739=ORIENTED_EDGE('',*,*,#4473,.F.);
#5740=ORIENTED_EDGE('',*,*,#4475,.T.);
#5741=ORIENTED_EDGE('',*,*,#4476,.T.);
#5742=ORIENTED_EDGE('',*,*,#4477,.T.);
#5743=ORIENTED_EDGE('',*,*,#4478,.T.);
#5744=ORIENTED_EDGE('',*,*,#4479,.T.);
#5745=ORIENTED_EDGE('',*,*,#4480,.T.);
#5746=ORIENTED_EDGE('',*,*,#4481,.T.);
#5747=ORIENTED_EDGE('',*,*,#4482,.T.);
#5748=ORIENTED_EDGE('',*,*,#4483,.T.);
#5749=ORIENTED_EDGE('',*,*,#4484,.T.);
#5750=ORIENTED_EDGE('',*,*,#4444,.T.);
#5751=ORIENTED_EDGE('',*,*,#4476,.F.);
#5752=ORIENTED_EDGE('',*,*,#4470,.T.);
#5753=ORIENTED_EDGE('',*,*,#4485,.T.);
#5754=ORIENTED_EDGE('',*,*,#4486,.T.);
#5755=ORIENTED_EDGE('',*,*,#4480,.F.);
#5756=ORIENTED_EDGE('',*,*,#4487,.T.);
#5757=ORIENTED_EDGE('',*,*,#4488,.T.);
#5758=ORIENTED_EDGE('',*,*,#4489,.T.);
#5759=ORIENTED_EDGE('',*,*,#4490,.T.);
#5760=ORIENTED_EDGE('',*,*,#4491,.T.);
#5761=ORIENTED_EDGE('',*,*,#4492,.T.);
#5762=ORIENTED_EDGE('',*,*,#4493,.T.);
#5763=ORIENTED_EDGE('',*,*,#4494,.T.);
#5764=ORIENTED_EDGE('',*,*,#4495,.T.);
#5765=ORIENTED_EDGE('',*,*,#4492,.F.);
#5766=ORIENTED_EDGE('',*,*,#4496,.T.);
#5767=ORIENTED_EDGE('',*,*,#4497,.T.);
#5768=ORIENTED_EDGE('',*,*,#4498,.T.);
#5769=ORIENTED_EDGE('',*,*,#4494,.F.);
#5770=ORIENTED_EDGE('',*,*,#4499,.T.);
#5771=ORIENTED_EDGE('',*,*,#4488,.F.);
#5772=ORIENTED_EDGE('',*,*,#4500,.T.);
#5773=ORIENTED_EDGE('',*,*,#4497,.F.);
#5774=ORIENTED_EDGE('',*,*,#4501,.T.);
#5775=ORIENTED_EDGE('',*,*,#4502,.T.);
#5776=ORIENTED_EDGE('',*,*,#4458,.T.);
#5777=ORIENTED_EDGE('',*,*,#4502,.F.);
#5778=ORIENTED_EDGE('',*,*,#4503,.T.);
#5779=ORIENTED_EDGE('',*,*,#4485,.F.);
#5780=ORIENTED_EDGE('',*,*,#4504,.T.);
#5781=ORIENTED_EDGE('',*,*,#4490,.F.);
#5782=ORIENTED_EDGE('',*,*,#4454,.T.);
#5783=ORIENTED_EDGE('',*,*,#4484,.F.);
#5784=ORIENTED_EDGE('',*,*,#4505,.T.);
#5785=ORIENTED_EDGE('',*,*,#4482,.F.);
#5786=ORIENTED_EDGE('',*,*,#4506,.T.);
#5787=ORIENTED_EDGE('',*,*,#4478,.F.);
#5788=ORIENTED_EDGE('',*,*,#4477,.F.);
#5789=ORIENTED_EDGE('',*,*,#4443,.T.);
#5790=ORIENTED_EDGE('',*,*,#4507,.F.);
#5791=ORIENTED_EDGE('',*,*,#4508,.F.);
#5792=ORIENTED_EDGE('',*,*,#4430,.T.);
#5793=ORIENTED_EDGE('',*,*,#4437,.T.);
#5794=ORIENTED_EDGE('',*,*,#4452,.F.);
#5795=ORIENTED_EDGE('',*,*,#4509,.F.);
#5796=ORIENTED_EDGE('',*,*,#4510,.F.);
#5797=ORIENTED_EDGE('',*,*,#4455,.F.);
#5798=ORIENTED_EDGE('',*,*,#4489,.F.);
#5799=ORIENTED_EDGE('',*,*,#4511,.F.);
#5800=ORIENTED_EDGE('',*,*,#4512,.F.);
#5801=ORIENTED_EDGE('',*,*,#4449,.F.);
#5802=ORIENTED_EDGE('',*,*,#4499,.F.);
#5803=ORIENTED_EDGE('',*,*,#4513,.T.);
#5804=ORIENTED_EDGE('',*,*,#4514,.F.);
#5805=ORIENTED_EDGE('',*,*,#4511,.T.);
#5806=ORIENTED_EDGE('',*,*,#4493,.F.);
#5807=ORIENTED_EDGE('',*,*,#4515,.F.);
#5808=ORIENTED_EDGE('',*,*,#4516,.F.);
#5809=ORIENTED_EDGE('',*,*,#4513,.F.);
#5810=ORIENTED_EDGE('',*,*,#4491,.F.);
#5811=ORIENTED_EDGE('',*,*,#4498,.F.);
#5812=ORIENTED_EDGE('',*,*,#4487,.F.);
#5813=ORIENTED_EDGE('',*,*,#4504,.F.);
#5814=ORIENTED_EDGE('',*,*,#4483,.F.);
#5815=ORIENTED_EDGE('',*,*,#4475,.F.);
#5816=ORIENTED_EDGE('',*,*,#4506,.F.);
#5817=ORIENTED_EDGE('',*,*,#4481,.F.);
#5818=ORIENTED_EDGE('',*,*,#4486,.F.);
#5819=ORIENTED_EDGE('',*,*,#4503,.F.);
#5820=ORIENTED_EDGE('',*,*,#4501,.F.);
#5821=ORIENTED_EDGE('',*,*,#4496,.F.);
#5822=ORIENTED_EDGE('',*,*,#4517,.T.);
#5823=ORIENTED_EDGE('',*,*,#4518,.T.);
#5824=ORIENTED_EDGE('',*,*,#4519,.T.);
#5825=ORIENTED_EDGE('',*,*,#4520,.T.);
#5826=ORIENTED_EDGE('',*,*,#4507,.T.);
#5827=ORIENTED_EDGE('',*,*,#4521,.T.);
#5828=ORIENTED_EDGE('',*,*,#4522,.T.);
#5829=ORIENTED_EDGE('',*,*,#4523,.T.);
#5830=ORIENTED_EDGE('',*,*,#4524,.T.);
#5831=ORIENTED_EDGE('',*,*,#4525,.T.);
#5832=ORIENTED_EDGE('',*,*,#4472,.T.);
#5833=ORIENTED_EDGE('',*,*,#4518,.F.);
#5834=ORIENTED_EDGE('',*,*,#4442,.T.);
#5835=ORIENTED_EDGE('',*,*,#4526,.T.);
#5836=ORIENTED_EDGE('',*,*,#4527,.T.);
#5837=ORIENTED_EDGE('',*,*,#4521,.F.);
#5838=ORIENTED_EDGE('',*,*,#4528,.T.);
#5839=ORIENTED_EDGE('',*,*,#4529,.T.);
#5840=ORIENTED_EDGE('',*,*,#4530,.T.);
#5841=ORIENTED_EDGE('',*,*,#4531,.T.);
#5842=ORIENTED_EDGE('',*,*,#4532,.T.);
#5843=ORIENTED_EDGE('',*,*,#4533,.T.);
#5844=ORIENTED_EDGE('',*,*,#4534,.T.);
#5845=ORIENTED_EDGE('',*,*,#4529,.F.);
#5846=ORIENTED_EDGE('',*,*,#4535,.T.);
#5847=ORIENTED_EDGE('',*,*,#4536,.T.);
#5848=ORIENTED_EDGE('',*,*,#4516,.T.);
#5849=ORIENTED_EDGE('',*,*,#4533,.F.);
#5850=ORIENTED_EDGE('',*,*,#4514,.T.);
#5851=ORIENTED_EDGE('',*,*,#4536,.F.);
#5852=ORIENTED_EDGE('',*,*,#4537,.T.);
#5853=ORIENTED_EDGE('',*,*,#4538,.T.);
#5854=ORIENTED_EDGE('',*,*,#4512,.T.);
#5855=ORIENTED_EDGE('',*,*,#4538,.F.);
#5856=ORIENTED_EDGE('',*,*,#4539,.T.);
#5857=ORIENTED_EDGE('',*,*,#4540,.T.);
#5858=ORIENTED_EDGE('',*,*,#4450,.T.);
#5859=ORIENTED_EDGE('',*,*,#4540,.F.);
#5860=ORIENTED_EDGE('',*,*,#4541,.T.);
#5861=ORIENTED_EDGE('',*,*,#4526,.F.);
#5862=ORIENTED_EDGE('',*,*,#4542,.T.);
#5863=ORIENTED_EDGE('',*,*,#4531,.F.);
#5864=ORIENTED_EDGE('',*,*,#4466,.T.);
#5865=ORIENTED_EDGE('',*,*,#4525,.F.);
#5866=ORIENTED_EDGE('',*,*,#4543,.T.);
#5867=ORIENTED_EDGE('',*,*,#4523,.F.);
#5868=ORIENTED_EDGE('',*,*,#4544,.T.);
#5869=ORIENTED_EDGE('',*,*,#4520,.F.);
#5870=ORIENTED_EDGE('',*,*,#4505,.F.);
#5871=ORIENTED_EDGE('',*,*,#4508,.T.);
#5872=ORIENTED_EDGE('',*,*,#4543,.F.);
#5873=ORIENTED_EDGE('',*,*,#4545,.T.);
#5874=ORIENTED_EDGE('',*,*,#4546,.T.);
#5875=ORIENTED_EDGE('',*,*,#4479,.F.);
#5876=ORIENTED_EDGE('',*,*,#4545,.F.);
#5877=ORIENTED_EDGE('',*,*,#4519,.F.);
#5878=ORIENTED_EDGE('',*,*,#4471,.T.);
#5879=ORIENTED_EDGE('',*,*,#4547,.F.);
#5880=ORIENTED_EDGE('',*,*,#4467,.F.);
#5881=ORIENTED_EDGE('',*,*,#4530,.F.);
#5882=ORIENTED_EDGE('',*,*,#4548,.F.);
#5883=ORIENTED_EDGE('',*,*,#4500,.F.);
#5884=ORIENTED_EDGE('',*,*,#4457,.F.);
#5885=ORIENTED_EDGE('',*,*,#4549,.F.);
#5886=ORIENTED_EDGE('',*,*,#4461,.F.);
#5887=ORIENTED_EDGE('',*,*,#4528,.F.);
#5888=ORIENTED_EDGE('',*,*,#4542,.F.);
#5889=ORIENTED_EDGE('',*,*,#4524,.F.);
#5890=ORIENTED_EDGE('',*,*,#4517,.F.);
#5891=ORIENTED_EDGE('',*,*,#4544,.F.);
#5892=ORIENTED_EDGE('',*,*,#4522,.F.);
#5893=ORIENTED_EDGE('',*,*,#4527,.F.);
#5894=ORIENTED_EDGE('',*,*,#4541,.F.);
#5895=ORIENTED_EDGE('',*,*,#4539,.F.);
#5896=ORIENTED_EDGE('',*,*,#4537,.F.);
#5897=ORIENTED_EDGE('',*,*,#4535,.F.);
#5898=ORIENTED_EDGE('',*,*,#4532,.F.);
#5899=ORIENTED_EDGE('',*,*,#4495,.F.);
#5900=ORIENTED_EDGE('',*,*,#4548,.T.);
#5901=ORIENTED_EDGE('',*,*,#4534,.F.);
#5902=ORIENTED_EDGE('',*,*,#4515,.T.);
#5903=ORIENTED_EDGE('',*,*,#4550,.F.);
#5904=ORIENTED_EDGE('',*,*,#4551,.F.);
#5905=ORIENTED_EDGE('',*,*,#4552,.T.);
#5906=ORIENTED_EDGE('',*,*,#4546,.F.);
#5907=ORIENTED_EDGE('',*,*,#4552,.F.);
#5908=ORIENTED_EDGE('',*,*,#4551,.T.);
#5909=ORIENTED_EDGE('',*,*,#4474,.T.);
#5910=ORIENTED_EDGE('',*,*,#4553,.F.);
#5911=ORIENTED_EDGE('',*,*,#4554,.T.);
#5912=ORIENTED_EDGE('',*,*,#4550,.T.);
#5913=ORIENTED_EDGE('',*,*,#4554,.F.);
#5914=ORIENTED_EDGE('',*,*,#4555,.F.);
#5915=ORIENTED_EDGE('',*,*,#4556,.T.);
#5916=ORIENTED_EDGE('',*,*,#4557,.F.);
#5917=ORIENTED_EDGE('',*,*,#4558,.F.);
#5918=ORIENTED_EDGE('',*,*,#4559,.F.);
#5919=ORIENTED_EDGE('',*,*,#4558,.T.);
#5920=ORIENTED_EDGE('',*,*,#4560,.F.);
#5921=ORIENTED_EDGE('',*,*,#4561,.F.);
#5922=ORIENTED_EDGE('',*,*,#4562,.F.);
#5923=ORIENTED_EDGE('',*,*,#4561,.T.);
#5924=ORIENTED_EDGE('',*,*,#4563,.F.);
#5925=ORIENTED_EDGE('',*,*,#4564,.F.);
#5926=ORIENTED_EDGE('',*,*,#4565,.F.);
#5927=ORIENTED_EDGE('',*,*,#4564,.T.);
#5928=ORIENTED_EDGE('',*,*,#4566,.F.);
#5929=ORIENTED_EDGE('',*,*,#4567,.F.);
#5930=ORIENTED_EDGE('',*,*,#4568,.F.);
#5931=ORIENTED_EDGE('',*,*,#4567,.T.);
#5932=ORIENTED_EDGE('',*,*,#4569,.F.);
#5933=ORIENTED_EDGE('',*,*,#4570,.F.);
#5934=ORIENTED_EDGE('',*,*,#4571,.F.);
#5935=ORIENTED_EDGE('',*,*,#4570,.T.);
#5936=ORIENTED_EDGE('',*,*,#4572,.F.);
#5937=ORIENTED_EDGE('',*,*,#4573,.F.);
#5938=ORIENTED_EDGE('',*,*,#4574,.F.);
#5939=ORIENTED_EDGE('',*,*,#4573,.T.);
#5940=ORIENTED_EDGE('',*,*,#4575,.F.);
#5941=ORIENTED_EDGE('',*,*,#4576,.F.);
#5942=ORIENTED_EDGE('',*,*,#4577,.F.);
#5943=ORIENTED_EDGE('',*,*,#4576,.T.);
#5944=ORIENTED_EDGE('',*,*,#4578,.F.);
#5945=ORIENTED_EDGE('',*,*,#4579,.F.);
#5946=ORIENTED_EDGE('',*,*,#4580,.F.);
#5947=ORIENTED_EDGE('',*,*,#4579,.T.);
#5948=ORIENTED_EDGE('',*,*,#4581,.F.);
#5949=ORIENTED_EDGE('',*,*,#4582,.F.);
#5950=ORIENTED_EDGE('',*,*,#4583,.F.);
#5951=ORIENTED_EDGE('',*,*,#4582,.T.);
#5952=ORIENTED_EDGE('',*,*,#4584,.F.);
#5953=ORIENTED_EDGE('',*,*,#4585,.F.);
#5954=ORIENTED_EDGE('',*,*,#4586,.F.);
#5955=ORIENTED_EDGE('',*,*,#4585,.T.);
#5956=ORIENTED_EDGE('',*,*,#4587,.F.);
#5957=ORIENTED_EDGE('',*,*,#4588,.F.);
#5958=ORIENTED_EDGE('',*,*,#4589,.F.);
#5959=ORIENTED_EDGE('',*,*,#4588,.T.);
#5960=ORIENTED_EDGE('',*,*,#4590,.F.);
#5961=ORIENTED_EDGE('',*,*,#4556,.F.);
#5962=ORIENTED_EDGE('',*,*,#4590,.T.);
#5963=ORIENTED_EDGE('',*,*,#4587,.T.);
#5964=ORIENTED_EDGE('',*,*,#4584,.T.);
#5965=ORIENTED_EDGE('',*,*,#4581,.T.);
#5966=ORIENTED_EDGE('',*,*,#4578,.T.);
#5967=ORIENTED_EDGE('',*,*,#4575,.T.);
#5968=ORIENTED_EDGE('',*,*,#4572,.T.);
#5969=ORIENTED_EDGE('',*,*,#4569,.T.);
#5970=ORIENTED_EDGE('',*,*,#4566,.T.);
#5971=ORIENTED_EDGE('',*,*,#4563,.T.);
#5972=ORIENTED_EDGE('',*,*,#4560,.T.);
#5973=ORIENTED_EDGE('',*,*,#4557,.T.);
#5974=ORIENTED_EDGE('',*,*,#4553,.T.);
#5975=ORIENTED_EDGE('',*,*,#4589,.T.);
#5976=ORIENTED_EDGE('',*,*,#4555,.T.);
#5977=ORIENTED_EDGE('',*,*,#4559,.T.);
#5978=ORIENTED_EDGE('',*,*,#4562,.T.);
#5979=ORIENTED_EDGE('',*,*,#4565,.T.);
#5980=ORIENTED_EDGE('',*,*,#4568,.T.);
#5981=ORIENTED_EDGE('',*,*,#4571,.T.);
#5982=ORIENTED_EDGE('',*,*,#4574,.T.);
#5983=ORIENTED_EDGE('',*,*,#4577,.T.);
#5984=ORIENTED_EDGE('',*,*,#4580,.T.);
#5985=ORIENTED_EDGE('',*,*,#4583,.T.);
#5986=ORIENTED_EDGE('',*,*,#4586,.T.);
#5987=ORIENTED_EDGE('',*,*,#4424,.T.);
#5988=ORIENTED_EDGE('',*,*,#4591,.T.);
#5989=ORIENTED_EDGE('',*,*,#4592,.T.);
#5990=ORIENTED_EDGE('',*,*,#4593,.F.);
#5991=ORIENTED_EDGE('',*,*,#4594,.T.);
#5992=ORIENTED_EDGE('',*,*,#4592,.F.);
#5993=ORIENTED_EDGE('',*,*,#4594,.F.);
#5994=ORIENTED_EDGE('',*,*,#4595,.F.);
#5995=ORIENTED_EDGE('',*,*,#4596,.T.);
#5996=ORIENTED_EDGE('',*,*,#4591,.F.);
#5997=ORIENTED_EDGE('',*,*,#4596,.F.);
#5998=ORIENTED_EDGE('',*,*,#4469,.T.);
#5999=ORIENTED_EDGE('',*,*,#4462,.T.);
#6000=ORIENTED_EDGE('',*,*,#4549,.T.);
#6001=ORIENTED_EDGE('',*,*,#4456,.T.);
#6002=ORIENTED_EDGE('',*,*,#4595,.T.);
#6003=ORIENTED_EDGE('',*,*,#4593,.T.);
#6004=ORIENTED_EDGE('',*,*,#4597,.T.);
#6005=ORIENTED_EDGE('',*,*,#4598,.T.);
#6006=ORIENTED_EDGE('',*,*,#4599,.F.);
#6007=ORIENTED_EDGE('',*,*,#4600,.T.);
#6008=ORIENTED_EDGE('',*,*,#4598,.F.);
#6009=ORIENTED_EDGE('',*,*,#4600,.F.);
#6010=ORIENTED_EDGE('',*,*,#4601,.F.);
#6011=ORIENTED_EDGE('',*,*,#4602,.T.);
#6012=ORIENTED_EDGE('',*,*,#4597,.F.);
#6013=ORIENTED_EDGE('',*,*,#4602,.F.);
#6014=ORIENTED_EDGE('',*,*,#4468,.T.);
#6015=ORIENTED_EDGE('',*,*,#4464,.T.);
#6016=ORIENTED_EDGE('',*,*,#4547,.T.);
#6017=ORIENTED_EDGE('',*,*,#4460,.T.);
#6018=ORIENTED_EDGE('',*,*,#4601,.T.);
#6019=ORIENTED_EDGE('',*,*,#4599,.T.);
#6020=ORIENTED_EDGE('',*,*,#4603,.T.);
#6021=ORIENTED_EDGE('',*,*,#4604,.T.);
#6022=ORIENTED_EDGE('',*,*,#4605,.F.);
#6023=ORIENTED_EDGE('',*,*,#4606,.T.);
#6024=ORIENTED_EDGE('',*,*,#4604,.F.);
#6025=ORIENTED_EDGE('',*,*,#4606,.F.);
#6026=ORIENTED_EDGE('',*,*,#4607,.F.);
#6027=ORIENTED_EDGE('',*,*,#4608,.T.);
#6028=ORIENTED_EDGE('',*,*,#4509,.T.);
#6029=ORIENTED_EDGE('',*,*,#4451,.T.);
#6030=ORIENTED_EDGE('',*,*,#4447,.T.);
#6031=ORIENTED_EDGE('',*,*,#4609,.T.);
#6032=ORIENTED_EDGE('',*,*,#4603,.F.);
#6033=ORIENTED_EDGE('',*,*,#4609,.F.);
#6034=ORIENTED_EDGE('',*,*,#4446,.T.);
#6035=ORIENTED_EDGE('',*,*,#4453,.T.);
#6036=ORIENTED_EDGE('',*,*,#4510,.T.);
#6037=ORIENTED_EDGE('',*,*,#4608,.F.);
#6038=ORIENTED_EDGE('',*,*,#4607,.T.);
#6039=ORIENTED_EDGE('',*,*,#4605,.T.);
#6040=ORIENTED_EDGE('',*,*,#4610,.F.);
#6041=ORIENTED_EDGE('',*,*,#4611,.F.);
#6042=ORIENTED_EDGE('',*,*,#4612,.F.);
#6043=ORIENTED_EDGE('',*,*,#4613,.F.);
#6044=ORIENTED_EDGE('',*,*,#4614,.T.);
#6045=ORIENTED_EDGE('',*,*,#4612,.T.);
#6046=ORIENTED_EDGE('',*,*,#4615,.T.);
#6047=ORIENTED_EDGE('',*,*,#4616,.T.);
#6048=ORIENTED_EDGE('',*,*,#4617,.T.);
#6049=ORIENTED_EDGE('',*,*,#4618,.T.);
#6050=ORIENTED_EDGE('',*,*,#4619,.T.);
#6051=ORIENTED_EDGE('',*,*,#4620,.T.);
#6052=ORIENTED_EDGE('',*,*,#4621,.T.);
#6053=ORIENTED_EDGE('',*,*,#4622,.T.);
#6054=ORIENTED_EDGE('',*,*,#4623,.T.);
#6055=ORIENTED_EDGE('',*,*,#4624,.T.);
#6056=ORIENTED_EDGE('',*,*,#4625,.T.);
#6057=ORIENTED_EDGE('',*,*,#4626,.T.);
#6058=ORIENTED_EDGE('',*,*,#4627,.T.);
#6059=ORIENTED_EDGE('',*,*,#4628,.T.);
#6060=ORIENTED_EDGE('',*,*,#4629,.T.);
#6061=ORIENTED_EDGE('',*,*,#4630,.T.);
#6062=ORIENTED_EDGE('',*,*,#4631,.F.);
#6063=ORIENTED_EDGE('',*,*,#4632,.F.);
#6064=ORIENTED_EDGE('',*,*,#4626,.F.);
#6065=ORIENTED_EDGE('',*,*,#4633,.F.);
#6066=ORIENTED_EDGE('',*,*,#4634,.F.);
#6067=ORIENTED_EDGE('',*,*,#4635,.F.);
#6068=ORIENTED_EDGE('',*,*,#4620,.F.);
#6069=ORIENTED_EDGE('',*,*,#4636,.F.);
#6070=ORIENTED_EDGE('',*,*,#4637,.F.);
#6071=ORIENTED_EDGE('',*,*,#4638,.T.);
#6072=ORIENTED_EDGE('',*,*,#4639,.F.);
#6073=ORIENTED_EDGE('',*,*,#4638,.F.);
#6074=ORIENTED_EDGE('',*,*,#4640,.F.);
#6075=ORIENTED_EDGE('',*,*,#4641,.T.);
#6076=ORIENTED_EDGE('',*,*,#4642,.F.);
#6077=ORIENTED_EDGE('',*,*,#4641,.F.);
#6078=ORIENTED_EDGE('',*,*,#4643,.F.);
#6079=ORIENTED_EDGE('',*,*,#4644,.F.);
#6080=ORIENTED_EDGE('',*,*,#4621,.F.);
#6081=ORIENTED_EDGE('',*,*,#4635,.T.);
#6082=ORIENTED_EDGE('',*,*,#4642,.T.);
#6083=ORIENTED_EDGE('',*,*,#4645,.F.);
#6084=ORIENTED_EDGE('',*,*,#4636,.T.);
#6085=ORIENTED_EDGE('',*,*,#4619,.F.);
#6086=ORIENTED_EDGE('',*,*,#4646,.F.);
#6087=ORIENTED_EDGE('',*,*,#4637,.T.);
#6088=ORIENTED_EDGE('',*,*,#4644,.T.);
#6089=ORIENTED_EDGE('',*,*,#4647,.T.);
#6090=ORIENTED_EDGE('',*,*,#4648,.T.);
#6091=ORIENTED_EDGE('',*,*,#4622,.F.);
#6092=ORIENTED_EDGE('',*,*,#4649,.F.);
#6093=ORIENTED_EDGE('',*,*,#4650,.T.);
#6094=ORIENTED_EDGE('',*,*,#4651,.F.);
#6095=ORIENTED_EDGE('',*,*,#4650,.F.);
#6096=ORIENTED_EDGE('',*,*,#4652,.F.);
#6097=ORIENTED_EDGE('',*,*,#4653,.T.);
#6098=ORIENTED_EDGE('',*,*,#4654,.F.);
#6099=ORIENTED_EDGE('',*,*,#4653,.F.);
#6100=ORIENTED_EDGE('',*,*,#4655,.F.);
#6101=ORIENTED_EDGE('',*,*,#4656,.F.);
#6102=ORIENTED_EDGE('',*,*,#4615,.F.);
#6103=ORIENTED_EDGE('',*,*,#4611,.T.);
#6104=ORIENTED_EDGE('',*,*,#4654,.T.);
#6105=ORIENTED_EDGE('',*,*,#4657,.F.);
#6106=ORIENTED_EDGE('',*,*,#4613,.T.);
#6107=ORIENTED_EDGE('',*,*,#4614,.F.);
#6108=ORIENTED_EDGE('',*,*,#4658,.F.);
#6109=ORIENTED_EDGE('',*,*,#4649,.T.);
#6110=ORIENTED_EDGE('',*,*,#4656,.T.);
#6111=ORIENTED_EDGE('',*,*,#4659,.T.);
#6112=ORIENTED_EDGE('',*,*,#4660,.T.);
#6113=ORIENTED_EDGE('',*,*,#4616,.F.);
#6114=ORIENTED_EDGE('',*,*,#4661,.F.);
#6115=ORIENTED_EDGE('',*,*,#4662,.T.);
#6116=ORIENTED_EDGE('',*,*,#4663,.F.);
#6117=ORIENTED_EDGE('',*,*,#4662,.F.);
#6118=ORIENTED_EDGE('',*,*,#4664,.F.);
#6119=ORIENTED_EDGE('',*,*,#4665,.T.);
#6120=ORIENTED_EDGE('',*,*,#4666,.F.);
#6121=ORIENTED_EDGE('',*,*,#4665,.F.);
#6122=ORIENTED_EDGE('',*,*,#4667,.F.);
#6123=ORIENTED_EDGE('',*,*,#4633,.T.);
#6124=ORIENTED_EDGE('',*,*,#4625,.F.);
#6125=ORIENTED_EDGE('',*,*,#4668,.F.);
#6126=ORIENTED_EDGE('',*,*,#4664,.T.);
#6127=ORIENTED_EDGE('',*,*,#4669,.F.);
#6128=ORIENTED_EDGE('',*,*,#4670,.F.);
#6129=ORIENTED_EDGE('',*,*,#4627,.F.);
#6130=ORIENTED_EDGE('',*,*,#4632,.T.);
#6131=ORIENTED_EDGE('',*,*,#4663,.T.);
#6132=ORIENTED_EDGE('',*,*,#4657,.T.);
#6133=ORIENTED_EDGE('',*,*,#4671,.F.);
#6134=ORIENTED_EDGE('',*,*,#4672,.F.);
#6135=ORIENTED_EDGE('',*,*,#4673,.F.);
#6136=ORIENTED_EDGE('',*,*,#4669,.T.);
#6137=ORIENTED_EDGE('',*,*,#4631,.T.);
#6138=ORIENTED_EDGE('',*,*,#4667,.T.);
#6139=ORIENTED_EDGE('',*,*,#4674,.F.);
#6140=ORIENTED_EDGE('',*,*,#4675,.F.);
#6141=ORIENTED_EDGE('',*,*,#4647,.F.);
#6142=ORIENTED_EDGE('',*,*,#4643,.T.);
#6143=ORIENTED_EDGE('',*,*,#4634,.T.);
#6144=ORIENTED_EDGE('',*,*,#4645,.T.);
#6145=ORIENTED_EDGE('',*,*,#4676,.F.);
#6146=ORIENTED_EDGE('',*,*,#4677,.F.);
#6147=ORIENTED_EDGE('',*,*,#4659,.F.);
#6148=ORIENTED_EDGE('',*,*,#4655,.T.);
#6149=ORIENTED_EDGE('',*,*,#4610,.T.);
#6150=ORIENTED_EDGE('',*,*,#4668,.T.);
#6151=ORIENTED_EDGE('',*,*,#4624,.F.);
#6152=ORIENTED_EDGE('',*,*,#4678,.F.);
#6153=ORIENTED_EDGE('',*,*,#4674,.T.);
#6154=ORIENTED_EDGE('',*,*,#4675,.T.);
#6155=ORIENTED_EDGE('',*,*,#4678,.T.);
#6156=ORIENTED_EDGE('',*,*,#4623,.F.);
#6157=ORIENTED_EDGE('',*,*,#4648,.F.);
#6158=ORIENTED_EDGE('',*,*,#4640,.T.);
#6159=ORIENTED_EDGE('',*,*,#4666,.T.);
#6160=ORIENTED_EDGE('',*,*,#4646,.T.);
#6161=ORIENTED_EDGE('',*,*,#4618,.F.);
#6162=ORIENTED_EDGE('',*,*,#4679,.F.);
#6163=ORIENTED_EDGE('',*,*,#4676,.T.);
#6164=ORIENTED_EDGE('',*,*,#4677,.T.);
#6165=ORIENTED_EDGE('',*,*,#4679,.T.);
#6166=ORIENTED_EDGE('',*,*,#4617,.F.);
#6167=ORIENTED_EDGE('',*,*,#4660,.F.);
#6168=ORIENTED_EDGE('',*,*,#4639,.T.);
#6169=ORIENTED_EDGE('',*,*,#4652,.T.);
#6170=ORIENTED_EDGE('',*,*,#4658,.T.);
#6171=ORIENTED_EDGE('',*,*,#4630,.F.);
#6172=ORIENTED_EDGE('',*,*,#4680,.F.);
#6173=ORIENTED_EDGE('',*,*,#4671,.T.);
#6174=ORIENTED_EDGE('',*,*,#4672,.T.);
#6175=ORIENTED_EDGE('',*,*,#4680,.T.);
#6176=ORIENTED_EDGE('',*,*,#4629,.F.);
#6177=ORIENTED_EDGE('',*,*,#4681,.F.);
#6178=ORIENTED_EDGE('',*,*,#4651,.T.);
#6179=ORIENTED_EDGE('',*,*,#4661,.T.);
#6180=ORIENTED_EDGE('',*,*,#4670,.T.);
#6181=ORIENTED_EDGE('',*,*,#4673,.T.);
#6182=ORIENTED_EDGE('',*,*,#4681,.T.);
#6183=ORIENTED_EDGE('',*,*,#4628,.F.);
#6184=ORIENTED_EDGE('',*,*,#4682,.T.);
#6185=ORIENTED_EDGE('',*,*,#4683,.T.);
#6186=ORIENTED_EDGE('',*,*,#4684,.T.);
#6187=ORIENTED_EDGE('',*,*,#4685,.T.);
#6188=ORIENTED_EDGE('',*,*,#4686,.T.);
#6189=ORIENTED_EDGE('',*,*,#4682,.F.);
#6190=ORIENTED_EDGE('',*,*,#4687,.F.);
#6191=ORIENTED_EDGE('',*,*,#4688,.F.);
#6192=ORIENTED_EDGE('',*,*,#4689,.F.);
#6193=ORIENTED_EDGE('',*,*,#4690,.F.);
#6194=ORIENTED_EDGE('',*,*,#4691,.T.);
#6195=ORIENTED_EDGE('',*,*,#4692,.F.);
#6196=ORIENTED_EDGE('',*,*,#4693,.F.);
#6197=ORIENTED_EDGE('',*,*,#4694,.T.);
#6198=ORIENTED_EDGE('',*,*,#4686,.F.);
#6199=ORIENTED_EDGE('',*,*,#4695,.F.);
#6200=ORIENTED_EDGE('',*,*,#4696,.F.);
#6201=ORIENTED_EDGE('',*,*,#4687,.T.);
#6202=ORIENTED_EDGE('',*,*,#4684,.F.);
#6203=ORIENTED_EDGE('',*,*,#4697,.T.);
#6204=ORIENTED_EDGE('',*,*,#4698,.T.);
#6205=ORIENTED_EDGE('',*,*,#4699,.F.);
#6206=ORIENTED_EDGE('',*,*,#4700,.T.);
#6207=ORIENTED_EDGE('',*,*,#4685,.F.);
#6208=ORIENTED_EDGE('',*,*,#4700,.F.);
#6209=ORIENTED_EDGE('',*,*,#4701,.F.);
#6210=ORIENTED_EDGE('',*,*,#4702,.F.);
#6211=ORIENTED_EDGE('',*,*,#4703,.F.);
#6212=ORIENTED_EDGE('',*,*,#4704,.F.);
#6213=ORIENTED_EDGE('',*,*,#4705,.F.);
#6214=ORIENTED_EDGE('',*,*,#4695,.T.);
#6215=ORIENTED_EDGE('',*,*,#4706,.T.);
#6216=ORIENTED_EDGE('',*,*,#4705,.T.);
#6217=ORIENTED_EDGE('',*,*,#4707,.T.);
#6218=ORIENTED_EDGE('',*,*,#4708,.T.);
#6219=ORIENTED_EDGE('',*,*,#4688,.T.);
#6220=ORIENTED_EDGE('',*,*,#4696,.T.);
#6221=ORIENTED_EDGE('',*,*,#4708,.F.);
#6222=ORIENTED_EDGE('',*,*,#4709,.T.);
#6223=ORIENTED_EDGE('',*,*,#4710,.F.);
#6224=ORIENTED_EDGE('',*,*,#4689,.T.);
#6225=ORIENTED_EDGE('',*,*,#4701,.T.);
#6226=ORIENTED_EDGE('',*,*,#4699,.T.);
#6227=ORIENTED_EDGE('',*,*,#4711,.T.);
#6228=ORIENTED_EDGE('',*,*,#4692,.T.);
#6229=ORIENTED_EDGE('',*,*,#4712,.T.);
#6230=ORIENTED_EDGE('',*,*,#4712,.F.);
#6231=ORIENTED_EDGE('',*,*,#4691,.F.);
#6232=ORIENTED_EDGE('',*,*,#4713,.F.);
#6233=ORIENTED_EDGE('',*,*,#4702,.T.);
#6234=ORIENTED_EDGE('',*,*,#4690,.T.);
#6235=ORIENTED_EDGE('',*,*,#4710,.T.);
#6236=ORIENTED_EDGE('',*,*,#4714,.T.);
#6237=ORIENTED_EDGE('',*,*,#4703,.T.);
#6238=ORIENTED_EDGE('',*,*,#4713,.T.);
#6239=ORIENTED_EDGE('',*,*,#4715,.F.);
#6240=ORIENTED_EDGE('',*,*,#4698,.F.);
#6241=ORIENTED_EDGE('',*,*,#4716,.T.);
#6242=ORIENTED_EDGE('',*,*,#4717,.F.);
#6243=ORIENTED_EDGE('',*,*,#4718,.F.);
#6244=ORIENTED_EDGE('',*,*,#4719,.T.);
#6245=ORIENTED_EDGE('',*,*,#4720,.F.);
#6246=ORIENTED_EDGE('',*,*,#4709,.F.);
#6247=ORIENTED_EDGE('',*,*,#4721,.F.);
#6248=ORIENTED_EDGE('',*,*,#4719,.F.);
#6249=ORIENTED_EDGE('',*,*,#4722,.F.);
#6250=ORIENTED_EDGE('',*,*,#4723,.F.);
#6251=ORIENTED_EDGE('',*,*,#4716,.F.);
#6252=ORIENTED_EDGE('',*,*,#4697,.F.);
#6253=ORIENTED_EDGE('',*,*,#4724,.F.);
#6254=ORIENTED_EDGE('',*,*,#4725,.F.);
#6255=ORIENTED_EDGE('',*,*,#4706,.F.);
#6256=ORIENTED_EDGE('',*,*,#4726,.T.);
#6257=ORIENTED_EDGE('',*,*,#4717,.T.);
#6258=ORIENTED_EDGE('',*,*,#4723,.T.);
#6259=ORIENTED_EDGE('',*,*,#4722,.T.);
#6260=ORIENTED_EDGE('',*,*,#4718,.T.);
#6261=ORIENTED_EDGE('',*,*,#4726,.F.);
#6262=ORIENTED_EDGE('',*,*,#4724,.T.);
#6263=ORIENTED_EDGE('',*,*,#4727,.T.);
#6264=ORIENTED_EDGE('',*,*,#4694,.F.);
#6265=ORIENTED_EDGE('',*,*,#4727,.F.);
#6266=ORIENTED_EDGE('',*,*,#4725,.T.);
#6267=ORIENTED_EDGE('',*,*,#4683,.F.);
#6268=ORIENTED_EDGE('',*,*,#4693,.T.);
#6269=ORIENTED_EDGE('',*,*,#4711,.F.);
#6270=ORIENTED_EDGE('',*,*,#4715,.T.);
#6271=ORIENTED_EDGE('',*,*,#4707,.F.);
#6272=ORIENTED_EDGE('',*,*,#4704,.T.);
#6273=ORIENTED_EDGE('',*,*,#4714,.F.);
#6274=ORIENTED_EDGE('',*,*,#4720,.T.);
#6275=ORIENTED_EDGE('',*,*,#4721,.T.);
#6276=ORIENTED_EDGE('',*,*,#4728,.F.);
#6277=ORIENTED_EDGE('',*,*,#4729,.T.);
#6278=ORIENTED_EDGE('',*,*,#4730,.F.);
#6279=ORIENTED_EDGE('',*,*,#4729,.F.);
#6280=ORIENTED_EDGE('',*,*,#4731,.T.);
#6281=ORIENTED_EDGE('',*,*,#4732,.T.);
#6282=ORIENTED_EDGE('',*,*,#4733,.T.);
#6283=ORIENTED_EDGE('',*,*,#4734,.T.);
#6284=ORIENTED_EDGE('',*,*,#4734,.F.);
#6285=ORIENTED_EDGE('',*,*,#4735,.F.);
#6286=ORIENTED_EDGE('',*,*,#4736,.T.);
#6287=ORIENTED_EDGE('',*,*,#4737,.F.);
#6288=ORIENTED_EDGE('',*,*,#4733,.F.);
#6289=ORIENTED_EDGE('',*,*,#4738,.T.);
#6290=ORIENTED_EDGE('',*,*,#4739,.F.);
#6291=ORIENTED_EDGE('',*,*,#4740,.T.);
#6292=ORIENTED_EDGE('',*,*,#4741,.F.);
#6293=ORIENTED_EDGE('',*,*,#4735,.T.);
#6294=ORIENTED_EDGE('',*,*,#4728,.T.);
#6295=ORIENTED_EDGE('',*,*,#4742,.F.);
#6296=ORIENTED_EDGE('',*,*,#4743,.T.);
#6297=ORIENTED_EDGE('',*,*,#4744,.T.);
#6298=ORIENTED_EDGE('',*,*,#4739,.T.);
#6299=ORIENTED_EDGE('',*,*,#4745,.T.);
#6300=ORIENTED_EDGE('',*,*,#4744,.F.);
#6301=ORIENTED_EDGE('',*,*,#4746,.F.);
#6302=ORIENTED_EDGE('',*,*,#4747,.F.);
#6303=ORIENTED_EDGE('',*,*,#4740,.F.);
#6304=ORIENTED_EDGE('',*,*,#4748,.F.);
#6305=ORIENTED_EDGE('',*,*,#4749,.T.);
#6306=ORIENTED_EDGE('',*,*,#4742,.T.);
#6307=ORIENTED_EDGE('',*,*,#4749,.F.);
#6308=ORIENTED_EDGE('',*,*,#4732,.F.);
#6309=ORIENTED_EDGE('',*,*,#4750,.F.);
#6310=ORIENTED_EDGE('',*,*,#4745,.F.);
#6311=ORIENTED_EDGE('',*,*,#4738,.F.);
#6312=ORIENTED_EDGE('',*,*,#4741,.T.);
#6313=ORIENTED_EDGE('',*,*,#4747,.T.);
#6314=ORIENTED_EDGE('',*,*,#4751,.F.);
#6315=ORIENTED_EDGE('',*,*,#4736,.F.);
#6316=ORIENTED_EDGE('',*,*,#4731,.F.);
#6317=ORIENTED_EDGE('',*,*,#4737,.T.);
#6318=ORIENTED_EDGE('',*,*,#4751,.T.);
#6319=ORIENTED_EDGE('',*,*,#4746,.T.);
#6320=ORIENTED_EDGE('',*,*,#4743,.F.);
#6321=ORIENTED_EDGE('',*,*,#4750,.T.);
#6322=ORIENTED_EDGE('',*,*,#4730,.T.);
#6323=ORIENTED_EDGE('',*,*,#4748,.T.);
#6324=ORIENTED_EDGE('',*,*,#4752,.F.);
#6325=ORIENTED_EDGE('',*,*,#4753,.F.);
#6326=ORIENTED_EDGE('',*,*,#4754,.F.);
#6327=ORIENTED_EDGE('',*,*,#4755,.F.);
#6328=ORIENTED_EDGE('',*,*,#4756,.F.);
#6329=ORIENTED_EDGE('',*,*,#4757,.F.);
#6330=ORIENTED_EDGE('',*,*,#4758,.F.);
#6331=ORIENTED_EDGE('',*,*,#4759,.F.);
#6332=ORIENTED_EDGE('',*,*,#4760,.F.);
#6333=ORIENTED_EDGE('',*,*,#4755,.T.);
#6334=ORIENTED_EDGE('',*,*,#4761,.T.);
#6335=ORIENTED_EDGE('',*,*,#4762,.T.);
#6336=ORIENTED_EDGE('',*,*,#4763,.T.);
#6337=ORIENTED_EDGE('',*,*,#4764,.T.);
#6338=ORIENTED_EDGE('',*,*,#4765,.T.);
#6339=ORIENTED_EDGE('',*,*,#4766,.T.);
#6340=ORIENTED_EDGE('',*,*,#4754,.T.);
#6341=ORIENTED_EDGE('',*,*,#4767,.F.);
#6342=ORIENTED_EDGE('',*,*,#4768,.T.);
#6343=ORIENTED_EDGE('',*,*,#4761,.F.);
#6344=ORIENTED_EDGE('',*,*,#4753,.T.);
#6345=ORIENTED_EDGE('',*,*,#4769,.T.);
#6346=ORIENTED_EDGE('',*,*,#4770,.T.);
#6347=ORIENTED_EDGE('',*,*,#4771,.T.);
#6348=ORIENTED_EDGE('',*,*,#4772,.T.);
#6349=ORIENTED_EDGE('',*,*,#4773,.T.);
#6350=ORIENTED_EDGE('',*,*,#4767,.T.);
#6351=ORIENTED_EDGE('',*,*,#4756,.T.);
#6352=ORIENTED_EDGE('',*,*,#4766,.F.);
#6353=ORIENTED_EDGE('',*,*,#4774,.F.);
#6354=ORIENTED_EDGE('',*,*,#4769,.F.);
#6355=ORIENTED_EDGE('',*,*,#4752,.T.);
#6356=ORIENTED_EDGE('',*,*,#4775,.F.);
#6357=ORIENTED_EDGE('',*,*,#4776,.T.);
#6358=ORIENTED_EDGE('',*,*,#4777,.F.);
#6359=ORIENTED_EDGE('',*,*,#4778,.T.);
#6360=ORIENTED_EDGE('',*,*,#4779,.T.);
#6361=ORIENTED_EDGE('',*,*,#4757,.T.);
#6362=ORIENTED_EDGE('',*,*,#4777,.T.);
#6363=ORIENTED_EDGE('',*,*,#4780,.T.);
#6364=ORIENTED_EDGE('',*,*,#4781,.T.);
#6365=ORIENTED_EDGE('',*,*,#4782,.T.);
#6366=ORIENTED_EDGE('',*,*,#4783,.T.);
#6367=ORIENTED_EDGE('',*,*,#4784,.T.);
#6368=ORIENTED_EDGE('',*,*,#4758,.T.);
#6369=ORIENTED_EDGE('',*,*,#4784,.F.);
#6370=ORIENTED_EDGE('',*,*,#4785,.T.);
#6371=ORIENTED_EDGE('',*,*,#4786,.F.);
#6372=ORIENTED_EDGE('',*,*,#4783,.F.);
#6373=ORIENTED_EDGE('',*,*,#4787,.T.);
#6374=ORIENTED_EDGE('',*,*,#4762,.F.);
#6375=ORIENTED_EDGE('',*,*,#4768,.F.);
#6376=ORIENTED_EDGE('',*,*,#4773,.F.);
#6377=ORIENTED_EDGE('',*,*,#4788,.F.);
#6378=ORIENTED_EDGE('',*,*,#4789,.F.);
#6379=ORIENTED_EDGE('',*,*,#4785,.F.);
#6380=ORIENTED_EDGE('',*,*,#4790,.T.);
#6381=ORIENTED_EDGE('',*,*,#4765,.F.);
#6382=ORIENTED_EDGE('',*,*,#4791,.T.);
#6383=ORIENTED_EDGE('',*,*,#4770,.F.);
#6384=ORIENTED_EDGE('',*,*,#4774,.T.);
#6385=ORIENTED_EDGE('',*,*,#4781,.F.);
#6386=ORIENTED_EDGE('',*,*,#4792,.F.);
#6387=ORIENTED_EDGE('',*,*,#4793,.F.);
#6388=ORIENTED_EDGE('',*,*,#4794,.T.);
#6389=ORIENTED_EDGE('',*,*,#4771,.F.);
#6390=ORIENTED_EDGE('',*,*,#4791,.F.);
#6391=ORIENTED_EDGE('',*,*,#4764,.F.);
#6392=ORIENTED_EDGE('',*,*,#4795,.F.);
#6393=ORIENTED_EDGE('',*,*,#4796,.T.);
#6394=ORIENTED_EDGE('',*,*,#4772,.F.);
#6395=ORIENTED_EDGE('',*,*,#4794,.F.);
#6396=ORIENTED_EDGE('',*,*,#4797,.F.);
#6397=ORIENTED_EDGE('',*,*,#4788,.T.);
#6398=ORIENTED_EDGE('',*,*,#4759,.T.);
#6399=ORIENTED_EDGE('',*,*,#4786,.T.);
#6400=ORIENTED_EDGE('',*,*,#4789,.T.);
#6401=ORIENTED_EDGE('',*,*,#4797,.T.);
#6402=ORIENTED_EDGE('',*,*,#4793,.T.);
#6403=ORIENTED_EDGE('',*,*,#4798,.T.);
#6404=ORIENTED_EDGE('',*,*,#4775,.T.);
#6405=ORIENTED_EDGE('',*,*,#4790,.F.);
#6406=ORIENTED_EDGE('',*,*,#4799,.T.);
#6407=ORIENTED_EDGE('',*,*,#4760,.T.);
#6408=ORIENTED_EDGE('',*,*,#4799,.F.);
#6409=ORIENTED_EDGE('',*,*,#4778,.F.);
#6410=ORIENTED_EDGE('',*,*,#4779,.F.);
#6411=ORIENTED_EDGE('',*,*,#4800,.T.);
#6412=ORIENTED_EDGE('',*,*,#4796,.F.);
#6413=ORIENTED_EDGE('',*,*,#4800,.F.);
#6414=ORIENTED_EDGE('',*,*,#4782,.F.);
#6415=ORIENTED_EDGE('',*,*,#4795,.T.);
#6416=ORIENTED_EDGE('',*,*,#4763,.F.);
#6417=ORIENTED_EDGE('',*,*,#4787,.F.);
#6418=ORIENTED_EDGE('',*,*,#4780,.F.);
#6419=ORIENTED_EDGE('',*,*,#4776,.F.);
#6420=ORIENTED_EDGE('',*,*,#4798,.F.);
#6421=ORIENTED_EDGE('',*,*,#4792,.T.);
#6422=ORIENTED_EDGE('',*,*,#4801,.F.);
#6423=ORIENTED_EDGE('',*,*,#4802,.T.);
#6424=ORIENTED_EDGE('',*,*,#4803,.F.);
#6425=ORIENTED_EDGE('',*,*,#4802,.F.);
#6426=ORIENTED_EDGE('',*,*,#4804,.T.);
#6427=ORIENTED_EDGE('',*,*,#4805,.T.);
#6428=ORIENTED_EDGE('',*,*,#4806,.T.);
#6429=ORIENTED_EDGE('',*,*,#4807,.T.);
#6430=ORIENTED_EDGE('',*,*,#4807,.F.);
#6431=ORIENTED_EDGE('',*,*,#4808,.F.);
#6432=ORIENTED_EDGE('',*,*,#4809,.T.);
#6433=ORIENTED_EDGE('',*,*,#4810,.F.);
#6434=ORIENTED_EDGE('',*,*,#4806,.F.);
#6435=ORIENTED_EDGE('',*,*,#4811,.T.);
#6436=ORIENTED_EDGE('',*,*,#4812,.F.);
#6437=ORIENTED_EDGE('',*,*,#4813,.T.);
#6438=ORIENTED_EDGE('',*,*,#4814,.F.);
#6439=ORIENTED_EDGE('',*,*,#4808,.T.);
#6440=ORIENTED_EDGE('',*,*,#4801,.T.);
#6441=ORIENTED_EDGE('',*,*,#4815,.F.);
#6442=ORIENTED_EDGE('',*,*,#4816,.T.);
#6443=ORIENTED_EDGE('',*,*,#4817,.T.);
#6444=ORIENTED_EDGE('',*,*,#4812,.T.);
#6445=ORIENTED_EDGE('',*,*,#4818,.T.);
#6446=ORIENTED_EDGE('',*,*,#4817,.F.);
#6447=ORIENTED_EDGE('',*,*,#4819,.F.);
#6448=ORIENTED_EDGE('',*,*,#4820,.F.);
#6449=ORIENTED_EDGE('',*,*,#4813,.F.);
#6450=ORIENTED_EDGE('',*,*,#4821,.F.);
#6451=ORIENTED_EDGE('',*,*,#4822,.T.);
#6452=ORIENTED_EDGE('',*,*,#4815,.T.);
#6453=ORIENTED_EDGE('',*,*,#4822,.F.);
#6454=ORIENTED_EDGE('',*,*,#4805,.F.);
#6455=ORIENTED_EDGE('',*,*,#4823,.F.);
#6456=ORIENTED_EDGE('',*,*,#4818,.F.);
#6457=ORIENTED_EDGE('',*,*,#4811,.F.);
#6458=ORIENTED_EDGE('',*,*,#4814,.T.);
#6459=ORIENTED_EDGE('',*,*,#4820,.T.);
#6460=ORIENTED_EDGE('',*,*,#4824,.F.);
#6461=ORIENTED_EDGE('',*,*,#4809,.F.);
#6462=ORIENTED_EDGE('',*,*,#4804,.F.);
#6463=ORIENTED_EDGE('',*,*,#4810,.T.);
#6464=ORIENTED_EDGE('',*,*,#4824,.T.);
#6465=ORIENTED_EDGE('',*,*,#4819,.T.);
#6466=ORIENTED_EDGE('',*,*,#4816,.F.);
#6467=ORIENTED_EDGE('',*,*,#4823,.T.);
#6468=ORIENTED_EDGE('',*,*,#4803,.T.);
#6469=ORIENTED_EDGE('',*,*,#4821,.T.);
#6470=ORIENTED_EDGE('',*,*,#4825,.T.);
#6471=ORIENTED_EDGE('',*,*,#4826,.F.);
#6472=ORIENTED_EDGE('',*,*,#4827,.F.);
#6473=ORIENTED_EDGE('',*,*,#4828,.T.);
#6474=ORIENTED_EDGE('',*,*,#4829,.T.);
#6475=ORIENTED_EDGE('',*,*,#4830,.T.);
#6476=ORIENTED_EDGE('',*,*,#4831,.T.);
#6477=ORIENTED_EDGE('',*,*,#4827,.T.);
#6478=ORIENTED_EDGE('',*,*,#4832,.T.);
#6479=ORIENTED_EDGE('',*,*,#4833,.T.);
#6480=ORIENTED_EDGE('',*,*,#4834,.T.);
#6481=ORIENTED_EDGE('',*,*,#4835,.T.);
#6482=ORIENTED_EDGE('',*,*,#4836,.T.);
#6483=ORIENTED_EDGE('',*,*,#4837,.F.);
#6484=ORIENTED_EDGE('',*,*,#4838,.F.);
#6485=ORIENTED_EDGE('',*,*,#4839,.T.);
#6486=ORIENTED_EDGE('',*,*,#4840,.T.);
#6487=ORIENTED_EDGE('',*,*,#4841,.T.);
#6488=ORIENTED_EDGE('',*,*,#4842,.F.);
#6489=ORIENTED_EDGE('',*,*,#4843,.T.);
#6490=ORIENTED_EDGE('',*,*,#4826,.T.);
#6491=ORIENTED_EDGE('',*,*,#4844,.T.);
#6492=ORIENTED_EDGE('',*,*,#4845,.T.);
#6493=ORIENTED_EDGE('',*,*,#4832,.F.);
#6494=ORIENTED_EDGE('',*,*,#4846,.T.);
#6495=ORIENTED_EDGE('',*,*,#4847,.T.);
#6496=ORIENTED_EDGE('',*,*,#4848,.F.);
#6497=ORIENTED_EDGE('',*,*,#4849,.F.);
#6498=ORIENTED_EDGE('',*,*,#4850,.T.);
#6499=ORIENTED_EDGE('',*,*,#4851,.T.);
#6500=ORIENTED_EDGE('',*,*,#4849,.T.);
#6501=ORIENTED_EDGE('',*,*,#4852,.F.);
#6502=ORIENTED_EDGE('',*,*,#4853,.F.);
#6503=ORIENTED_EDGE('',*,*,#4854,.T.);
#6504=ORIENTED_EDGE('',*,*,#4855,.T.);
#6505=ORIENTED_EDGE('',*,*,#4856,.F.);
#6506=ORIENTED_EDGE('',*,*,#4857,.F.);
#6507=ORIENTED_EDGE('',*,*,#4858,.T.);
#6508=ORIENTED_EDGE('',*,*,#4859,.T.);
#6509=ORIENTED_EDGE('',*,*,#4860,.T.);
#6510=ORIENTED_EDGE('',*,*,#4861,.T.);
#6511=ORIENTED_EDGE('',*,*,#4857,.T.);
#6512=ORIENTED_EDGE('',*,*,#4862,.T.);
#6513=ORIENTED_EDGE('',*,*,#4863,.T.);
#6514=ORIENTED_EDGE('',*,*,#4864,.T.);
#6515=ORIENTED_EDGE('',*,*,#4865,.T.);
#6516=ORIENTED_EDGE('',*,*,#4866,.T.);
#6517=ORIENTED_EDGE('',*,*,#4867,.T.);
#6518=ORIENTED_EDGE('',*,*,#4868,.T.);
#6519=ORIENTED_EDGE('',*,*,#4869,.F.);
#6520=ORIENTED_EDGE('',*,*,#4870,.T.);
#6521=ORIENTED_EDGE('',*,*,#4871,.T.);
#6522=ORIENTED_EDGE('',*,*,#4872,.T.);
#6523=ORIENTED_EDGE('',*,*,#4873,.F.);
#6524=ORIENTED_EDGE('',*,*,#4874,.T.);
#6525=ORIENTED_EDGE('',*,*,#4856,.T.);
#6526=ORIENTED_EDGE('',*,*,#4875,.T.);
#6527=ORIENTED_EDGE('',*,*,#4876,.T.);
#6528=ORIENTED_EDGE('',*,*,#4862,.F.);
#6529=ORIENTED_EDGE('',*,*,#4877,.F.);
#6530=ORIENTED_EDGE('',*,*,#4878,.T.);
#6531=ORIENTED_EDGE('',*,*,#4879,.T.);
#6532=ORIENTED_EDGE('',*,*,#4880,.F.);
#6533=ORIENTED_EDGE('',*,*,#4881,.F.);
#6534=ORIENTED_EDGE('',*,*,#4882,.T.);
#6535=ORIENTED_EDGE('',*,*,#4883,.T.);
#6536=ORIENTED_EDGE('',*,*,#4884,.F.);
#6537=ORIENTED_EDGE('',*,*,#4885,.F.);
#6538=ORIENTED_EDGE('',*,*,#4886,.T.);
#6539=ORIENTED_EDGE('',*,*,#4887,.T.);
#6540=ORIENTED_EDGE('',*,*,#4888,.F.);
#6541=ORIENTED_EDGE('',*,*,#4889,.F.);
#6542=ORIENTED_EDGE('',*,*,#4890,.T.);
#6543=ORIENTED_EDGE('',*,*,#4891,.T.);
#6544=ORIENTED_EDGE('',*,*,#4892,.F.);
#6545=ORIENTED_EDGE('',*,*,#4893,.F.);
#6546=ORIENTED_EDGE('',*,*,#4894,.T.);
#6547=ORIENTED_EDGE('',*,*,#4895,.T.);
#6548=ORIENTED_EDGE('',*,*,#4896,.F.);
#6549=ORIENTED_EDGE('',*,*,#4897,.F.);
#6550=ORIENTED_EDGE('',*,*,#4898,.T.);
#6551=ORIENTED_EDGE('',*,*,#4899,.T.);
#6552=ORIENTED_EDGE('',*,*,#4900,.F.);
#6553=ORIENTED_EDGE('',*,*,#4901,.T.);
#6554=ORIENTED_EDGE('',*,*,#4902,.T.);
#6555=ORIENTED_EDGE('',*,*,#4903,.F.);
#6556=ORIENTED_EDGE('',*,*,#4904,.F.);
#6557=ORIENTED_EDGE('',*,*,#4905,.T.);
#6558=ORIENTED_EDGE('',*,*,#4906,.T.);
#6559=ORIENTED_EDGE('',*,*,#4907,.F.);
#6560=ORIENTED_EDGE('',*,*,#4908,.F.);
#6561=ORIENTED_EDGE('',*,*,#4909,.T.);
#6562=ORIENTED_EDGE('',*,*,#4910,.T.);
#6563=ORIENTED_EDGE('',*,*,#4911,.F.);
#6564=ORIENTED_EDGE('',*,*,#4912,.F.);
#6565=ORIENTED_EDGE('',*,*,#4913,.F.);
#6566=ORIENTED_EDGE('',*,*,#4914,.T.);
#6567=ORIENTED_EDGE('',*,*,#4904,.T.);
#6568=ORIENTED_EDGE('',*,*,#4915,.T.);
#6569=ORIENTED_EDGE('',*,*,#4916,.F.);
#6570=ORIENTED_EDGE('',*,*,#4917,.T.);
#6571=ORIENTED_EDGE('',*,*,#4912,.T.);
#6572=ORIENTED_EDGE('',*,*,#4918,.T.);
#6573=ORIENTED_EDGE('',*,*,#4919,.F.);
#6574=ORIENTED_EDGE('',*,*,#4920,.T.);
#6575=ORIENTED_EDGE('',*,*,#4908,.T.);
#6576=ORIENTED_EDGE('',*,*,#4921,.T.);
#6577=ORIENTED_EDGE('',*,*,#4922,.F.);
#6578=ORIENTED_EDGE('',*,*,#4923,.T.);
#6579=ORIENTED_EDGE('',*,*,#4837,.T.);
#6580=ORIENTED_EDGE('',*,*,#4924,.T.);
#6581=ORIENTED_EDGE('',*,*,#4916,.T.);
#6582=ORIENTED_EDGE('',*,*,#4925,.T.);
#6583=ORIENTED_EDGE('',*,*,#4926,.T.);
#6584=ORIENTED_EDGE('',*,*,#4927,.T.);
#6585=ORIENTED_EDGE('',*,*,#4919,.T.);
#6586=ORIENTED_EDGE('',*,*,#4928,.T.);
#6587=ORIENTED_EDGE('',*,*,#4869,.T.);
#6588=ORIENTED_EDGE('',*,*,#4929,.T.);
#6589=ORIENTED_EDGE('',*,*,#4913,.T.);
#6590=ORIENTED_EDGE('',*,*,#4930,.T.);
#6591=ORIENTED_EDGE('',*,*,#4838,.T.);
#6592=ORIENTED_EDGE('',*,*,#4923,.F.);
#6593=ORIENTED_EDGE('',*,*,#4922,.T.);
#6594=ORIENTED_EDGE('',*,*,#4931,.T.);
#6595=ORIENTED_EDGE('',*,*,#4932,.T.);
#6596=ORIENTED_EDGE('',*,*,#4933,.T.);
#6597=ORIENTED_EDGE('',*,*,#4934,.T.);
#6598=ORIENTED_EDGE('',*,*,#4935,.T.);
#6599=ORIENTED_EDGE('',*,*,#4936,.T.);
#6600=ORIENTED_EDGE('',*,*,#4937,.T.);
#6601=ORIENTED_EDGE('',*,*,#4938,.F.);
#6602=ORIENTED_EDGE('',*,*,#4939,.T.);
#6603=ORIENTED_EDGE('',*,*,#4940,.F.);
#6604=ORIENTED_EDGE('',*,*,#4941,.F.);
#6605=ORIENTED_EDGE('',*,*,#4942,.T.);
#6606=ORIENTED_EDGE('',*,*,#4943,.T.);
#6607=ORIENTED_EDGE('',*,*,#4944,.F.);
#6608=ORIENTED_EDGE('',*,*,#4945,.F.);
#6609=ORIENTED_EDGE('',*,*,#4940,.T.);
#6610=ORIENTED_EDGE('',*,*,#4946,.T.);
#6611=ORIENTED_EDGE('',*,*,#4947,.F.);
#6612=ORIENTED_EDGE('',*,*,#4946,.F.);
#6613=ORIENTED_EDGE('',*,*,#4939,.F.);
#6614=ORIENTED_EDGE('',*,*,#4948,.F.);
#6615=ORIENTED_EDGE('',*,*,#4943,.F.);
#6616=ORIENTED_EDGE('',*,*,#4949,.F.);
#6617=ORIENTED_EDGE('',*,*,#4950,.F.);
#6618=ORIENTED_EDGE('',*,*,#4951,.T.);
#6619=ORIENTED_EDGE('',*,*,#4952,.F.);
#6620=ORIENTED_EDGE('',*,*,#4953,.F.);
#6621=ORIENTED_EDGE('',*,*,#4842,.T.);
#6622=ORIENTED_EDGE('',*,*,#4954,.T.);
#6623=ORIENTED_EDGE('',*,*,#4955,.F.);
#6624=ORIENTED_EDGE('',*,*,#4956,.T.);
#6625=ORIENTED_EDGE('',*,*,#4952,.T.);
#6626=ORIENTED_EDGE('',*,*,#4957,.T.);
#6627=ORIENTED_EDGE('',*,*,#4840,.F.);
#6628=ORIENTED_EDGE('',*,*,#4957,.F.);
#6629=ORIENTED_EDGE('',*,*,#4951,.F.);
#6630=ORIENTED_EDGE('',*,*,#4958,.F.);
#6631=ORIENTED_EDGE('',*,*,#4954,.F.);
#6632=ORIENTED_EDGE('',*,*,#4841,.F.);
#6633=ORIENTED_EDGE('',*,*,#4948,.T.);
#6634=ORIENTED_EDGE('',*,*,#4959,.F.);
#6635=ORIENTED_EDGE('',*,*,#4960,.F.);
#6636=ORIENTED_EDGE('',*,*,#4961,.F.);
#6637=ORIENTED_EDGE('',*,*,#4962,.F.);
#6638=ORIENTED_EDGE('',*,*,#4963,.F.);
#6639=ORIENTED_EDGE('',*,*,#4964,.F.);
#6640=ORIENTED_EDGE('',*,*,#4844,.F.);
#6641=ORIENTED_EDGE('',*,*,#4825,.F.);
#6642=ORIENTED_EDGE('',*,*,#4965,.F.);
#6643=ORIENTED_EDGE('',*,*,#4955,.T.);
#6644=ORIENTED_EDGE('',*,*,#4958,.T.);
#6645=ORIENTED_EDGE('',*,*,#4966,.F.);
#6646=ORIENTED_EDGE('',*,*,#4967,.F.);
#6647=ORIENTED_EDGE('',*,*,#4968,.T.);
#6648=ORIENTED_EDGE('',*,*,#4969,.F.);
#6649=ORIENTED_EDGE('',*,*,#4970,.F.);
#6650=ORIENTED_EDGE('',*,*,#4971,.F.);
#6651=ORIENTED_EDGE('',*,*,#4875,.F.);
#6652=ORIENTED_EDGE('',*,*,#4855,.F.);
#6653=ORIENTED_EDGE('',*,*,#4972,.F.);
#6654=ORIENTED_EDGE('',*,*,#4973,.T.);
#6655=ORIENTED_EDGE('',*,*,#4974,.T.);
#6656=ORIENTED_EDGE('',*,*,#4975,.F.);
#6657=ORIENTED_EDGE('',*,*,#4976,.F.);
#6658=ORIENTED_EDGE('',*,*,#4977,.T.);
#6659=ORIENTED_EDGE('',*,*,#4978,.F.);
#6660=ORIENTED_EDGE('',*,*,#4979,.F.);
#6661=ORIENTED_EDGE('',*,*,#4846,.F.);
#6662=ORIENTED_EDGE('',*,*,#4854,.F.);
#6663=ORIENTED_EDGE('',*,*,#4980,.F.);
#6664=ORIENTED_EDGE('',*,*,#4981,.F.);
#6665=ORIENTED_EDGE('',*,*,#4944,.T.);
#6666=ORIENTED_EDGE('',*,*,#4982,.T.);
#6667=ORIENTED_EDGE('',*,*,#4983,.T.);
#6668=ORIENTED_EDGE('',*,*,#4984,.T.);
#6669=ORIENTED_EDGE('',*,*,#4985,.T.);
#6670=ORIENTED_EDGE('',*,*,#4986,.F.);
#6671=ORIENTED_EDGE('',*,*,#4987,.T.);
#6672=ORIENTED_EDGE('',*,*,#4988,.F.);
#6673=ORIENTED_EDGE('',*,*,#4989,.F.);
#6674=ORIENTED_EDGE('',*,*,#4873,.T.);
#6675=ORIENTED_EDGE('',*,*,#4990,.T.);
#6676=ORIENTED_EDGE('',*,*,#4973,.F.);
#6677=ORIENTED_EDGE('',*,*,#4991,.F.);
#6678=ORIENTED_EDGE('',*,*,#4988,.T.);
#6679=ORIENTED_EDGE('',*,*,#4992,.T.);
#6680=ORIENTED_EDGE('',*,*,#4871,.F.);
#6681=ORIENTED_EDGE('',*,*,#4992,.F.);
#6682=ORIENTED_EDGE('',*,*,#4987,.F.);
#6683=ORIENTED_EDGE('',*,*,#4974,.F.);
#6684=ORIENTED_EDGE('',*,*,#4990,.F.);
#6685=ORIENTED_EDGE('',*,*,#4872,.F.);
#6686=ORIENTED_EDGE('',*,*,#4993,.T.);
#6687=ORIENTED_EDGE('',*,*,#4866,.F.);
#6688=ORIENTED_EDGE('',*,*,#4994,.F.);
#6689=ORIENTED_EDGE('',*,*,#4995,.F.);
#6690=ORIENTED_EDGE('',*,*,#4996,.T.);
#6691=ORIENTED_EDGE('',*,*,#4997,.T.);
#6692=ORIENTED_EDGE('',*,*,#4998,.T.);
#6693=ORIENTED_EDGE('',*,*,#4999,.T.);
#6694=ORIENTED_EDGE('',*,*,#5000,.T.);
#6695=ORIENTED_EDGE('',*,*,#4926,.F.);
#6696=ORIENTED_EDGE('',*,*,#5001,.T.);
#6697=ORIENTED_EDGE('',*,*,#4947,.T.);
#6698=ORIENTED_EDGE('',*,*,#4949,.T.);
#6699=ORIENTED_EDGE('',*,*,#4942,.F.);
#6700=ORIENTED_EDGE('',*,*,#5002,.T.);
#6701=ORIENTED_EDGE('',*,*,#5003,.T.);
#6702=ORIENTED_EDGE('',*,*,#4852,.T.);
#6703=ORIENTED_EDGE('',*,*,#4848,.T.);
#6704=ORIENTED_EDGE('',*,*,#5004,.T.);
#6705=ORIENTED_EDGE('',*,*,#5005,.F.);
#6706=ORIENTED_EDGE('',*,*,#4998,.F.);
#6707=ORIENTED_EDGE('',*,*,#5006,.F.);
#6708=ORIENTED_EDGE('',*,*,#4977,.F.);
#6709=ORIENTED_EDGE('',*,*,#5007,.T.);
#6710=ORIENTED_EDGE('',*,*,#5008,.F.);
#6711=ORIENTED_EDGE('',*,*,#5009,.T.);
#6712=ORIENTED_EDGE('',*,*,#5010,.F.);
#6713=ORIENTED_EDGE('',*,*,#5011,.F.);
#6714=ORIENTED_EDGE('',*,*,#5009,.F.);
#6715=ORIENTED_EDGE('',*,*,#5012,.F.);
#6716=ORIENTED_EDGE('',*,*,#5013,.F.);
#6717=ORIENTED_EDGE('',*,*,#5010,.T.);
#6718=ORIENTED_EDGE('',*,*,#5011,.T.);
#6719=ORIENTED_EDGE('',*,*,#5014,.F.);
#6720=ORIENTED_EDGE('',*,*,#4966,.T.);
#6721=ORIENTED_EDGE('',*,*,#4950,.T.);
#6722=ORIENTED_EDGE('',*,*,#4956,.F.);
#6723=ORIENTED_EDGE('',*,*,#4839,.F.);
#6724=ORIENTED_EDGE('',*,*,#4930,.F.);
#6725=ORIENTED_EDGE('',*,*,#4915,.F.);
#6726=ORIENTED_EDGE('',*,*,#4903,.T.);
#6727=ORIENTED_EDGE('',*,*,#5015,.F.);
#6728=ORIENTED_EDGE('',*,*,#5016,.F.);
#6729=ORIENTED_EDGE('',*,*,#4885,.T.);
#6730=ORIENTED_EDGE('',*,*,#5017,.F.);
#6731=ORIENTED_EDGE('',*,*,#4893,.T.);
#6732=ORIENTED_EDGE('',*,*,#5018,.T.);
#6733=ORIENTED_EDGE('',*,*,#5019,.F.);
#6734=ORIENTED_EDGE('',*,*,#5020,.T.);
#6735=ORIENTED_EDGE('',*,*,#5021,.F.);
#6736=ORIENTED_EDGE('',*,*,#5022,.F.);
#6737=ORIENTED_EDGE('',*,*,#5020,.F.);
#6738=ORIENTED_EDGE('',*,*,#5023,.F.);
#6739=ORIENTED_EDGE('',*,*,#5024,.F.);
#6740=ORIENTED_EDGE('',*,*,#5021,.T.);
#6741=ORIENTED_EDGE('',*,*,#5022,.T.);
#6742=ORIENTED_EDGE('',*,*,#5025,.F.);
#6743=ORIENTED_EDGE('',*,*,#4975,.T.);
#6744=ORIENTED_EDGE('',*,*,#4986,.T.);
#6745=ORIENTED_EDGE('',*,*,#4991,.T.);
#6746=ORIENTED_EDGE('',*,*,#4870,.F.);
#6747=ORIENTED_EDGE('',*,*,#4928,.F.);
#6748=ORIENTED_EDGE('',*,*,#4921,.F.);
#6749=ORIENTED_EDGE('',*,*,#4907,.T.);
#6750=ORIENTED_EDGE('',*,*,#5026,.F.);
#6751=ORIENTED_EDGE('',*,*,#5027,.F.);
#6752=ORIENTED_EDGE('',*,*,#4877,.T.);
#6753=ORIENTED_EDGE('',*,*,#5028,.F.);
#6754=ORIENTED_EDGE('',*,*,#4881,.T.);
#6755=ORIENTED_EDGE('',*,*,#5024,.T.);
#6756=ORIENTED_EDGE('',*,*,#5029,.T.);
#6757=ORIENTED_EDGE('',*,*,#4999,.F.);
#6758=ORIENTED_EDGE('',*,*,#5005,.T.);
#6759=ORIENTED_EDGE('',*,*,#4976,.T.);
#6760=ORIENTED_EDGE('',*,*,#5025,.T.);
#6761=ORIENTED_EDGE('',*,*,#5030,.F.);
#6762=ORIENTED_EDGE('',*,*,#4968,.F.);
#6763=ORIENTED_EDGE('',*,*,#5031,.F.);
#6764=ORIENTED_EDGE('',*,*,#5032,.T.);
#6765=ORIENTED_EDGE('',*,*,#5033,.F.);
#6766=ORIENTED_EDGE('',*,*,#5032,.F.);
#6767=ORIENTED_EDGE('',*,*,#5034,.F.);
#6768=ORIENTED_EDGE('',*,*,#4995,.T.);
#6769=ORIENTED_EDGE('',*,*,#5035,.F.);
#6770=ORIENTED_EDGE('',*,*,#5036,.T.);
#6771=ORIENTED_EDGE('',*,*,#5037,.T.);
#6772=ORIENTED_EDGE('',*,*,#5038,.T.);
#6773=ORIENTED_EDGE('',*,*,#5039,.T.);
#6774=ORIENTED_EDGE('',*,*,#5036,.F.);
#6775=ORIENTED_EDGE('',*,*,#5040,.F.);
#6776=ORIENTED_EDGE('',*,*,#5041,.T.);
#6777=ORIENTED_EDGE('',*,*,#5042,.T.);
#6778=ORIENTED_EDGE('',*,*,#5043,.T.);
#6779=ORIENTED_EDGE('',*,*,#5044,.T.);
#6780=ORIENTED_EDGE('',*,*,#5041,.F.);
#6781=ORIENTED_EDGE('',*,*,#5040,.T.);
#6782=ORIENTED_EDGE('',*,*,#5035,.T.);
#6783=ORIENTED_EDGE('',*,*,#5028,.T.);
#6784=ORIENTED_EDGE('',*,*,#4880,.T.);
#6785=ORIENTED_EDGE('',*,*,#5045,.F.);
#6786=ORIENTED_EDGE('',*,*,#4882,.F.);
#6787=ORIENTED_EDGE('',*,*,#5027,.T.);
#6788=ORIENTED_EDGE('',*,*,#4884,.T.);
#6789=ORIENTED_EDGE('',*,*,#5046,.F.);
#6790=ORIENTED_EDGE('',*,*,#4878,.F.);
#6791=ORIENTED_EDGE('',*,*,#4906,.F.);
#6792=ORIENTED_EDGE('',*,*,#5047,.F.);
#6793=ORIENTED_EDGE('',*,*,#5018,.F.);
#6794=ORIENTED_EDGE('',*,*,#5026,.T.);
#6795=ORIENTED_EDGE('',*,*,#5019,.T.);
#6796=ORIENTED_EDGE('',*,*,#5047,.T.);
#6797=ORIENTED_EDGE('',*,*,#4905,.F.);
#6798=ORIENTED_EDGE('',*,*,#4920,.F.);
#6799=ORIENTED_EDGE('',*,*,#4927,.F.);
#6800=ORIENTED_EDGE('',*,*,#5000,.F.);
#6801=ORIENTED_EDGE('',*,*,#5029,.F.);
#6802=ORIENTED_EDGE('',*,*,#5023,.T.);
#6803=ORIENTED_EDGE('',*,*,#5046,.T.);
#6804=ORIENTED_EDGE('',*,*,#4883,.F.);
#6805=ORIENTED_EDGE('',*,*,#5045,.T.);
#6806=ORIENTED_EDGE('',*,*,#4879,.F.);
#6807=ORIENTED_EDGE('',*,*,#5048,.F.);
#6808=ORIENTED_EDGE('',*,*,#5049,.T.);
#6809=ORIENTED_EDGE('',*,*,#5050,.F.);
#6810=ORIENTED_EDGE('',*,*,#5051,.F.);
#6811=ORIENTED_EDGE('',*,*,#5052,.F.);
#6812=ORIENTED_EDGE('',*,*,#5049,.F.);
#6813=ORIENTED_EDGE('',*,*,#5053,.F.);
#6814=ORIENTED_EDGE('',*,*,#5054,.T.);
#6815=ORIENTED_EDGE('',*,*,#5055,.F.);
#6816=ORIENTED_EDGE('',*,*,#5056,.F.);
#6817=ORIENTED_EDGE('',*,*,#5057,.F.);
#6818=ORIENTED_EDGE('',*,*,#5054,.F.);
#6819=ORIENTED_EDGE('',*,*,#5013,.T.);
#6820=ORIENTED_EDGE('',*,*,#5058,.T.);
#6821=ORIENTED_EDGE('',*,*,#4867,.F.);
#6822=ORIENTED_EDGE('',*,*,#4993,.F.);
#6823=ORIENTED_EDGE('',*,*,#5034,.T.);
#6824=ORIENTED_EDGE('',*,*,#5031,.T.);
#6825=ORIENTED_EDGE('',*,*,#4967,.T.);
#6826=ORIENTED_EDGE('',*,*,#5014,.T.);
#6827=ORIENTED_EDGE('',*,*,#5053,.T.);
#6828=ORIENTED_EDGE('',*,*,#5017,.T.);
#6829=ORIENTED_EDGE('',*,*,#4888,.T.);
#6830=ORIENTED_EDGE('',*,*,#5059,.F.);
#6831=ORIENTED_EDGE('',*,*,#4894,.F.);
#6832=ORIENTED_EDGE('',*,*,#5016,.T.);
#6833=ORIENTED_EDGE('',*,*,#4896,.T.);
#6834=ORIENTED_EDGE('',*,*,#5060,.F.);
#6835=ORIENTED_EDGE('',*,*,#4886,.F.);
#6836=ORIENTED_EDGE('',*,*,#4902,.F.);
#6837=ORIENTED_EDGE('',*,*,#5061,.F.);
#6838=ORIENTED_EDGE('',*,*,#5007,.F.);
#6839=ORIENTED_EDGE('',*,*,#5015,.T.);
#6840=ORIENTED_EDGE('',*,*,#5008,.T.);
#6841=ORIENTED_EDGE('',*,*,#5061,.T.);
#6842=ORIENTED_EDGE('',*,*,#4901,.F.);
#6843=ORIENTED_EDGE('',*,*,#4914,.F.);
#6844=ORIENTED_EDGE('',*,*,#4929,.F.);
#6845=ORIENTED_EDGE('',*,*,#4868,.F.);
#6846=ORIENTED_EDGE('',*,*,#5058,.F.);
#6847=ORIENTED_EDGE('',*,*,#5012,.T.);
#6848=ORIENTED_EDGE('',*,*,#5060,.T.);
#6849=ORIENTED_EDGE('',*,*,#4895,.F.);
#6850=ORIENTED_EDGE('',*,*,#5059,.T.);
#6851=ORIENTED_EDGE('',*,*,#4887,.F.);
#6852=ORIENTED_EDGE('',*,*,#5048,.T.);
#6853=ORIENTED_EDGE('',*,*,#5062,.F.);
#6854=ORIENTED_EDGE('',*,*,#4835,.F.);
#6855=ORIENTED_EDGE('',*,*,#5063,.T.);
#6856=ORIENTED_EDGE('',*,*,#4962,.T.);
#6857=ORIENTED_EDGE('',*,*,#5064,.T.);
#6858=ORIENTED_EDGE('',*,*,#5065,.T.);
#6859=ORIENTED_EDGE('',*,*,#5066,.T.);
#6860=ORIENTED_EDGE('',*,*,#5067,.T.);
#6861=ORIENTED_EDGE('',*,*,#5068,.T.);
#6862=ORIENTED_EDGE('',*,*,#4909,.F.);
#6863=ORIENTED_EDGE('',*,*,#4917,.F.);
#6864=ORIENTED_EDGE('',*,*,#4924,.F.);
#6865=ORIENTED_EDGE('',*,*,#4836,.F.);
#6866=ORIENTED_EDGE('',*,*,#5062,.T.);
#6867=ORIENTED_EDGE('',*,*,#4961,.T.);
#6868=ORIENTED_EDGE('',*,*,#5069,.T.);
#6869=ORIENTED_EDGE('',*,*,#4899,.F.);
#6870=ORIENTED_EDGE('',*,*,#5070,.T.);
#6871=ORIENTED_EDGE('',*,*,#4891,.F.);
#6872=ORIENTED_EDGE('',*,*,#5071,.T.);
#6873=ORIENTED_EDGE('',*,*,#5067,.F.);
#6874=ORIENTED_EDGE('',*,*,#5072,.T.);
#6875=ORIENTED_EDGE('',*,*,#5073,.F.);
#6876=ORIENTED_EDGE('',*,*,#5074,.F.);
#6877=ORIENTED_EDGE('',*,*,#5072,.F.);
#6878=ORIENTED_EDGE('',*,*,#5066,.F.);
#6879=ORIENTED_EDGE('',*,*,#4960,.T.);
#6880=ORIENTED_EDGE('',*,*,#4959,.T.);
#6881=ORIENTED_EDGE('',*,*,#4938,.T.);
#6882=ORIENTED_EDGE('',*,*,#4945,.T.);
#6883=ORIENTED_EDGE('',*,*,#5001,.F.);
#6884=ORIENTED_EDGE('',*,*,#4925,.F.);
#6885=ORIENTED_EDGE('',*,*,#4918,.F.);
#6886=ORIENTED_EDGE('',*,*,#4911,.T.);
#6887=ORIENTED_EDGE('',*,*,#5075,.F.);
#6888=ORIENTED_EDGE('',*,*,#5073,.T.);
#6889=ORIENTED_EDGE('',*,*,#5074,.T.);
#6890=ORIENTED_EDGE('',*,*,#5076,.F.);
#6891=ORIENTED_EDGE('',*,*,#4889,.T.);
#6892=ORIENTED_EDGE('',*,*,#5077,.F.);
#6893=ORIENTED_EDGE('',*,*,#4897,.T.);
#6894=ORIENTED_EDGE('',*,*,#5078,.F.);
#6895=ORIENTED_EDGE('',*,*,#5079,.T.);
#6896=ORIENTED_EDGE('',*,*,#5080,.T.);
#6897=ORIENTED_EDGE('',*,*,#5081,.T.);
#6898=ORIENTED_EDGE('',*,*,#5082,.T.);
#6899=ORIENTED_EDGE('',*,*,#5079,.F.);
#6900=ORIENTED_EDGE('',*,*,#5083,.F.);
#6901=ORIENTED_EDGE('',*,*,#5084,.T.);
#6902=ORIENTED_EDGE('',*,*,#5085,.T.);
#6903=ORIENTED_EDGE('',*,*,#5086,.T.);
#6904=ORIENTED_EDGE('',*,*,#5087,.T.);
#6905=ORIENTED_EDGE('',*,*,#5084,.F.);
#6906=ORIENTED_EDGE('',*,*,#5083,.T.);
#6907=ORIENTED_EDGE('',*,*,#5078,.T.);
#6908=ORIENTED_EDGE('',*,*,#5077,.T.);
#6909=ORIENTED_EDGE('',*,*,#4892,.T.);
#6910=ORIENTED_EDGE('',*,*,#5070,.F.);
#6911=ORIENTED_EDGE('',*,*,#4898,.F.);
#6912=ORIENTED_EDGE('',*,*,#5076,.T.);
#6913=ORIENTED_EDGE('',*,*,#4900,.T.);
#6914=ORIENTED_EDGE('',*,*,#5069,.F.);
#6915=ORIENTED_EDGE('',*,*,#4890,.F.);
#6916=ORIENTED_EDGE('',*,*,#4910,.F.);
#6917=ORIENTED_EDGE('',*,*,#5068,.F.);
#6918=ORIENTED_EDGE('',*,*,#5071,.F.);
#6919=ORIENTED_EDGE('',*,*,#5075,.T.);
#6920=ORIENTED_EDGE('',*,*,#5088,.F.);
#6921=ORIENTED_EDGE('',*,*,#5089,.T.);
#6922=ORIENTED_EDGE('',*,*,#5090,.F.);
#6923=ORIENTED_EDGE('',*,*,#5089,.F.);
#6924=ORIENTED_EDGE('',*,*,#4859,.F.);
#6925=ORIENTED_EDGE('',*,*,#5091,.T.);
#6926=ORIENTED_EDGE('',*,*,#5044,.F.);
#6927=ORIENTED_EDGE('',*,*,#5043,.F.);
#6928=ORIENTED_EDGE('',*,*,#5042,.F.);
#6929=ORIENTED_EDGE('',*,*,#5091,.F.);
#6930=ORIENTED_EDGE('',*,*,#5092,.F.);
#6931=ORIENTED_EDGE('',*,*,#5093,.T.);
#6932=ORIENTED_EDGE('',*,*,#5094,.F.);
#6933=ORIENTED_EDGE('',*,*,#5093,.F.);
#6934=ORIENTED_EDGE('',*,*,#4860,.F.);
#6935=ORIENTED_EDGE('',*,*,#5095,.T.);
#6936=ORIENTED_EDGE('',*,*,#5039,.F.);
#6937=ORIENTED_EDGE('',*,*,#5038,.F.);
#6938=ORIENTED_EDGE('',*,*,#5037,.F.);
#6939=ORIENTED_EDGE('',*,*,#5095,.F.);
#6940=ORIENTED_EDGE('',*,*,#5096,.F.);
#6941=ORIENTED_EDGE('',*,*,#5097,.T.);
#6942=ORIENTED_EDGE('',*,*,#4850,.F.);
#6943=ORIENTED_EDGE('',*,*,#5097,.F.);
#6944=ORIENTED_EDGE('',*,*,#5098,.F.);
#6945=ORIENTED_EDGE('',*,*,#5099,.T.);
#6946=ORIENTED_EDGE('',*,*,#5087,.F.);
#6947=ORIENTED_EDGE('',*,*,#5086,.F.);
#6948=ORIENTED_EDGE('',*,*,#5085,.F.);
#6949=ORIENTED_EDGE('',*,*,#5099,.F.);
#6950=ORIENTED_EDGE('',*,*,#5100,.F.);
#6951=ORIENTED_EDGE('',*,*,#5101,.T.);
#6952=ORIENTED_EDGE('',*,*,#4851,.F.);
#6953=ORIENTED_EDGE('',*,*,#5101,.F.);
#6954=ORIENTED_EDGE('',*,*,#5102,.F.);
#6955=ORIENTED_EDGE('',*,*,#5103,.T.);
#6956=ORIENTED_EDGE('',*,*,#5082,.F.);
#6957=ORIENTED_EDGE('',*,*,#5081,.F.);
#6958=ORIENTED_EDGE('',*,*,#5080,.F.);
#6959=ORIENTED_EDGE('',*,*,#5103,.F.);
#6960=ORIENTED_EDGE('',*,*,#4964,.T.);
#6961=ORIENTED_EDGE('',*,*,#5104,.F.);
#6962=ORIENTED_EDGE('',*,*,#4833,.F.);
#6963=ORIENTED_EDGE('',*,*,#4845,.F.);
#6964=ORIENTED_EDGE('',*,*,#5105,.T.);
#6965=ORIENTED_EDGE('',*,*,#5106,.T.);
#6966=ORIENTED_EDGE('',*,*,#4963,.T.);
#6967=ORIENTED_EDGE('',*,*,#5063,.F.);
#6968=ORIENTED_EDGE('',*,*,#4834,.F.);
#6969=ORIENTED_EDGE('',*,*,#5104,.T.);
#6970=ORIENTED_EDGE('',*,*,#4981,.T.);
#6971=ORIENTED_EDGE('',*,*,#5107,.T.);
#6972=ORIENTED_EDGE('',*,*,#5002,.F.);
#6973=ORIENTED_EDGE('',*,*,#4941,.T.);
#6974=ORIENTED_EDGE('',*,*,#4980,.T.);
#6975=ORIENTED_EDGE('',*,*,#4853,.T.);
#6976=ORIENTED_EDGE('',*,*,#5003,.F.);
#6977=ORIENTED_EDGE('',*,*,#5107,.F.);
#6978=ORIENTED_EDGE('',*,*,#5098,.T.);
#6979=ORIENTED_EDGE('',*,*,#5102,.T.);
#6980=ORIENTED_EDGE('',*,*,#4979,.T.);
#6981=ORIENTED_EDGE('',*,*,#5108,.F.);
#6982=ORIENTED_EDGE('',*,*,#4996,.F.);
#6983=ORIENTED_EDGE('',*,*,#4847,.F.);
#6984=ORIENTED_EDGE('',*,*,#5006,.T.);
#6985=ORIENTED_EDGE('',*,*,#4997,.F.);
#6986=ORIENTED_EDGE('',*,*,#5108,.T.);
#6987=ORIENTED_EDGE('',*,*,#4978,.T.);
#6988=ORIENTED_EDGE('',*,*,#5096,.T.);
#6989=ORIENTED_EDGE('',*,*,#5100,.T.);
#6990=ORIENTED_EDGE('',*,*,#4994,.T.);
#6991=ORIENTED_EDGE('',*,*,#4865,.F.);
#6992=ORIENTED_EDGE('',*,*,#5109,.T.);
#6993=ORIENTED_EDGE('',*,*,#4969,.T.);
#6994=ORIENTED_EDGE('',*,*,#5030,.T.);
#6995=ORIENTED_EDGE('',*,*,#5033,.T.);
#6996=ORIENTED_EDGE('',*,*,#5088,.T.);
#6997=ORIENTED_EDGE('',*,*,#5092,.T.);
#6998=ORIENTED_EDGE('',*,*,#4971,.T.);
#6999=ORIENTED_EDGE('',*,*,#5110,.F.);
#7000=ORIENTED_EDGE('',*,*,#4863,.F.);
#7001=ORIENTED_EDGE('',*,*,#4876,.F.);
#7002=ORIENTED_EDGE('',*,*,#5090,.T.);
#7003=ORIENTED_EDGE('',*,*,#5094,.T.);
#7004=ORIENTED_EDGE('',*,*,#4972,.T.);
#7005=ORIENTED_EDGE('',*,*,#4858,.F.);
#7006=ORIENTED_EDGE('',*,*,#4861,.F.);
#7007=ORIENTED_EDGE('',*,*,#4989,.T.);
#7008=ORIENTED_EDGE('',*,*,#5065,.F.);
#7009=ORIENTED_EDGE('',*,*,#5111,.T.);
#7010=ORIENTED_EDGE('',*,*,#5106,.F.);
#7011=ORIENTED_EDGE('',*,*,#5111,.F.);
#7012=ORIENTED_EDGE('',*,*,#4829,.F.);
#7013=ORIENTED_EDGE('',*,*,#5112,.T.);
#7014=ORIENTED_EDGE('',*,*,#5052,.T.);
#7015=ORIENTED_EDGE('',*,*,#5051,.T.);
#7016=ORIENTED_EDGE('',*,*,#5050,.T.);
#7017=ORIENTED_EDGE('',*,*,#5112,.F.);
#7018=ORIENTED_EDGE('',*,*,#5064,.F.);
#7019=ORIENTED_EDGE('',*,*,#5113,.T.);
#7020=ORIENTED_EDGE('',*,*,#5105,.F.);
#7021=ORIENTED_EDGE('',*,*,#5113,.F.);
#7022=ORIENTED_EDGE('',*,*,#4830,.F.);
#7023=ORIENTED_EDGE('',*,*,#5114,.T.);
#7024=ORIENTED_EDGE('',*,*,#5057,.T.);
#7025=ORIENTED_EDGE('',*,*,#5056,.T.);
#7026=ORIENTED_EDGE('',*,*,#5055,.T.);
#7027=ORIENTED_EDGE('',*,*,#5114,.F.);
#7028=ORIENTED_EDGE('',*,*,#4965,.T.);
#7029=ORIENTED_EDGE('',*,*,#4828,.F.);
#7030=ORIENTED_EDGE('',*,*,#4831,.F.);
#7031=ORIENTED_EDGE('',*,*,#4953,.T.);
#7032=ORIENTED_EDGE('',*,*,#4970,.T.);
#7033=ORIENTED_EDGE('',*,*,#5109,.F.);
#7034=ORIENTED_EDGE('',*,*,#4864,.F.);
#7035=ORIENTED_EDGE('',*,*,#5110,.T.);
#7036=ORIENTED_EDGE('',*,*,#4985,.F.);
#7037=ORIENTED_EDGE('',*,*,#5115,.T.);
#7038=ORIENTED_EDGE('',*,*,#4931,.F.);
#7039=ORIENTED_EDGE('',*,*,#5115,.F.);
#7040=ORIENTED_EDGE('',*,*,#4984,.F.);
#7041=ORIENTED_EDGE('',*,*,#5116,.T.);
#7042=ORIENTED_EDGE('',*,*,#4932,.F.);
#7043=ORIENTED_EDGE('',*,*,#5116,.F.);
#7044=ORIENTED_EDGE('',*,*,#4983,.F.);
#7045=ORIENTED_EDGE('',*,*,#5117,.T.);
#7046=ORIENTED_EDGE('',*,*,#4933,.F.);
#7047=ORIENTED_EDGE('',*,*,#5117,.F.);
#7048=ORIENTED_EDGE('',*,*,#4982,.F.);
#7049=ORIENTED_EDGE('',*,*,#5118,.T.);
#7050=ORIENTED_EDGE('',*,*,#4934,.F.);
#7051=ORIENTED_EDGE('',*,*,#5118,.F.);
#7052=ORIENTED_EDGE('',*,*,#4935,.F.);
#7053=ORIENTED_EDGE('',*,*,#5119,.T.);
#7054=ORIENTED_EDGE('',*,*,#5004,.F.);
#7055=ORIENTED_EDGE('',*,*,#5119,.F.);
#7056=ORIENTED_EDGE('',*,*,#4936,.F.);
#7057=ORIENTED_EDGE('',*,*,#5120,.T.);
#7058=ORIENTED_EDGE('',*,*,#4874,.F.);
#7059=ORIENTED_EDGE('',*,*,#5120,.F.);
#7060=ORIENTED_EDGE('',*,*,#4937,.F.);
#7061=ORIENTED_EDGE('',*,*,#5121,.T.);
#7062=ORIENTED_EDGE('',*,*,#4843,.F.);
#7063=ORIENTED_EDGE('',*,*,#5121,.F.);
#7064=ORIENTED_EDGE('',*,*,#5122,.F.);
#7065=ORIENTED_EDGE('',*,*,#5123,.T.);
#7066=ORIENTED_EDGE('',*,*,#5124,.F.);
#7067=ORIENTED_EDGE('',*,*,#5123,.F.);
#7068=ORIENTED_EDGE('',*,*,#5125,.F.);
#7069=ORIENTED_EDGE('',*,*,#5126,.T.);
#7070=ORIENTED_EDGE('',*,*,#5127,.F.);
#7071=ORIENTED_EDGE('',*,*,#5126,.F.);
#7072=ORIENTED_EDGE('',*,*,#5128,.F.);
#7073=ORIENTED_EDGE('',*,*,#5129,.T.);
#7074=ORIENTED_EDGE('',*,*,#5130,.F.);
#7075=ORIENTED_EDGE('',*,*,#5129,.F.);
#7076=ORIENTED_EDGE('',*,*,#5131,.F.);
#7077=ORIENTED_EDGE('',*,*,#5132,.T.);
#7078=ORIENTED_EDGE('',*,*,#5133,.F.);
#7079=ORIENTED_EDGE('',*,*,#5132,.F.);
#7080=ORIENTED_EDGE('',*,*,#5134,.F.);
#7081=ORIENTED_EDGE('',*,*,#5135,.F.);
#7082=ORIENTED_EDGE('',*,*,#5136,.T.);
#7083=ORIENTED_EDGE('',*,*,#5137,.F.);
#7084=ORIENTED_EDGE('',*,*,#5136,.F.);
#7085=ORIENTED_EDGE('',*,*,#5138,.F.);
#7086=ORIENTED_EDGE('',*,*,#5134,.T.);
#7087=ORIENTED_EDGE('',*,*,#5139,.T.);
#7088=ORIENTED_EDGE('',*,*,#5140,.T.);
#7089=ORIENTED_EDGE('',*,*,#5141,.T.);
#7090=ORIENTED_EDGE('',*,*,#5142,.T.);
#7091=ORIENTED_EDGE('',*,*,#5143,.T.);
#7092=ORIENTED_EDGE('',*,*,#5144,.T.);
#7093=ORIENTED_EDGE('',*,*,#5122,.T.);
#7094=ORIENTED_EDGE('',*,*,#5125,.T.);
#7095=ORIENTED_EDGE('',*,*,#5128,.T.);
#7096=ORIENTED_EDGE('',*,*,#5131,.T.);
#7097=ORIENTED_EDGE('',*,*,#5145,.T.);
#7098=ORIENTED_EDGE('',*,*,#5146,.T.);
#7099=ORIENTED_EDGE('',*,*,#5147,.T.);
#7100=ORIENTED_EDGE('',*,*,#5142,.F.);
#7101=ORIENTED_EDGE('',*,*,#5148,.F.);
#7102=ORIENTED_EDGE('',*,*,#5149,.T.);
#7103=ORIENTED_EDGE('',*,*,#5150,.F.);
#7104=ORIENTED_EDGE('',*,*,#5149,.F.);
#7105=ORIENTED_EDGE('',*,*,#5151,.F.);
#7106=ORIENTED_EDGE('',*,*,#5140,.F.);
#7107=ORIENTED_EDGE('',*,*,#5152,.F.);
#7108=ORIENTED_EDGE('',*,*,#5153,.T.);
#7109=ORIENTED_EDGE('',*,*,#5154,.F.);
#7110=ORIENTED_EDGE('',*,*,#5153,.F.);
#7111=ORIENTED_EDGE('',*,*,#5155,.F.);
#7112=ORIENTED_EDGE('',*,*,#5156,.F.);
#7113=ORIENTED_EDGE('',*,*,#5157,.T.);
#7114=ORIENTED_EDGE('',*,*,#5147,.F.);
#7115=ORIENTED_EDGE('',*,*,#5157,.F.);
#7116=ORIENTED_EDGE('',*,*,#5158,.F.);
#7117=ORIENTED_EDGE('',*,*,#5159,.T.);
#7118=ORIENTED_EDGE('',*,*,#5146,.F.);
#7119=ORIENTED_EDGE('',*,*,#5159,.F.);
#7120=ORIENTED_EDGE('',*,*,#5160,.F.);
#7121=ORIENTED_EDGE('',*,*,#5161,.T.);
#7122=ORIENTED_EDGE('',*,*,#5145,.F.);
#7123=ORIENTED_EDGE('',*,*,#5161,.F.);
#7124=ORIENTED_EDGE('',*,*,#5135,.T.);
#7125=ORIENTED_EDGE('',*,*,#5144,.F.);
#7126=ORIENTED_EDGE('',*,*,#5162,.T.);
#7127=ORIENTED_EDGE('',*,*,#5163,.T.);
#7128=ORIENTED_EDGE('',*,*,#5162,.F.);
#7129=ORIENTED_EDGE('',*,*,#5143,.F.);
#7130=ORIENTED_EDGE('',*,*,#5150,.T.);
#7131=ORIENTED_EDGE('',*,*,#5151,.T.);
#7132=ORIENTED_EDGE('',*,*,#5148,.T.);
#7133=ORIENTED_EDGE('',*,*,#5141,.F.);
#7134=ORIENTED_EDGE('',*,*,#5154,.T.);
#7135=ORIENTED_EDGE('',*,*,#5155,.T.);
#7136=ORIENTED_EDGE('',*,*,#5152,.T.);
#7137=ORIENTED_EDGE('',*,*,#5139,.F.);
#7138=ORIENTED_EDGE('',*,*,#5137,.T.);
#7139=ORIENTED_EDGE('',*,*,#5138,.T.);
#7140=ORIENTED_EDGE('',*,*,#5163,.F.);
#7141=ORIENTED_EDGE('',*,*,#5124,.T.);
#7142=ORIENTED_EDGE('',*,*,#5127,.T.);
#7143=ORIENTED_EDGE('',*,*,#5130,.T.);
#7144=ORIENTED_EDGE('',*,*,#5133,.T.);
#7145=ORIENTED_EDGE('',*,*,#5156,.T.);
#7146=ORIENTED_EDGE('',*,*,#5158,.T.);
#7147=ORIENTED_EDGE('',*,*,#5160,.T.);
#7148=ORIENTED_EDGE('',*,*,#5164,.F.);
#7149=ORIENTED_EDGE('',*,*,#5165,.F.);
#7150=ORIENTED_EDGE('',*,*,#5165,.T.);
#7151=ORIENTED_EDGE('',*,*,#5166,.T.);
#7152=ORIENTED_EDGE('',*,*,#5167,.F.);
#7153=ORIENTED_EDGE('',*,*,#5166,.F.);
#7154=ORIENTED_EDGE('',*,*,#5168,.T.);
#7155=ORIENTED_EDGE('',*,*,#5167,.T.);
#7156=ORIENTED_EDGE('',*,*,#5164,.T.);
#7157=ORIENTED_EDGE('',*,*,#5169,.T.);
#7158=ORIENTED_EDGE('',*,*,#5168,.F.);
#7159=ORIENTED_EDGE('',*,*,#5169,.F.);
#7160=ORIENTED_EDGE('',*,*,#5170,.F.);
#7161=ORIENTED_EDGE('',*,*,#5171,.F.);
#7162=ORIENTED_EDGE('',*,*,#5171,.T.);
#7163=ORIENTED_EDGE('',*,*,#5172,.T.);
#7164=ORIENTED_EDGE('',*,*,#5173,.F.);
#7165=ORIENTED_EDGE('',*,*,#5172,.F.);
#7166=ORIENTED_EDGE('',*,*,#5174,.T.);
#7167=ORIENTED_EDGE('',*,*,#5173,.T.);
#7168=ORIENTED_EDGE('',*,*,#5170,.T.);
#7169=ORIENTED_EDGE('',*,*,#5175,.T.);
#7170=ORIENTED_EDGE('',*,*,#5174,.F.);
#7171=ORIENTED_EDGE('',*,*,#5175,.F.);
#7172=ORIENTED_EDGE('',*,*,#5176,.T.);
#7173=ORIENTED_EDGE('',*,*,#5177,.T.);
#7174=ORIENTED_EDGE('',*,*,#5178,.T.);
#7175=ORIENTED_EDGE('',*,*,#5179,.F.);
#7176=ORIENTED_EDGE('',*,*,#5180,.T.);
#7177=ORIENTED_EDGE('',*,*,#5181,.T.);
#7178=ORIENTED_EDGE('',*,*,#5182,.F.);
#7179=ORIENTED_EDGE('',*,*,#5178,.F.);
#7180=ORIENTED_EDGE('',*,*,#5183,.T.);
#7181=ORIENTED_EDGE('',*,*,#5184,.T.);
#7182=ORIENTED_EDGE('',*,*,#5185,.T.);
#7183=ORIENTED_EDGE('',*,*,#5186,.T.);
#7184=ORIENTED_EDGE('',*,*,#5187,.T.);
#7185=ORIENTED_EDGE('',*,*,#5188,.T.);
#7186=ORIENTED_EDGE('',*,*,#5189,.T.);
#7187=ORIENTED_EDGE('',*,*,#5190,.T.);
#7188=ORIENTED_EDGE('',*,*,#5191,.T.);
#7189=ORIENTED_EDGE('',*,*,#5192,.F.);
#7190=ORIENTED_EDGE('',*,*,#5193,.T.);
#7191=ORIENTED_EDGE('',*,*,#5194,.T.);
#7192=ORIENTED_EDGE('',*,*,#5195,.T.);
#7193=ORIENTED_EDGE('',*,*,#5196,.T.);
#7194=ORIENTED_EDGE('',*,*,#5197,.T.);
#7195=ORIENTED_EDGE('',*,*,#5198,.T.);
#7196=ORIENTED_EDGE('',*,*,#5199,.T.);
#7197=ORIENTED_EDGE('',*,*,#5200,.T.);
#7198=ORIENTED_EDGE('',*,*,#5201,.T.);
#7199=ORIENTED_EDGE('',*,*,#5202,.T.);
#7200=ORIENTED_EDGE('',*,*,#5203,.T.);
#7201=ORIENTED_EDGE('',*,*,#5204,.T.);
#7202=ORIENTED_EDGE('',*,*,#5205,.T.);
#7203=ORIENTED_EDGE('',*,*,#5206,.T.);
#7204=ORIENTED_EDGE('',*,*,#5207,.T.);
#7205=ORIENTED_EDGE('',*,*,#5208,.T.);
#7206=ORIENTED_EDGE('',*,*,#5209,.T.);
#7207=ORIENTED_EDGE('',*,*,#5210,.T.);
#7208=ORIENTED_EDGE('',*,*,#5177,.F.);
#7209=ORIENTED_EDGE('',*,*,#5211,.F.);
#7210=ORIENTED_EDGE('',*,*,#5212,.F.);
#7211=ORIENTED_EDGE('',*,*,#5183,.F.);
#7212=ORIENTED_EDGE('',*,*,#5176,.F.);
#7213=ORIENTED_EDGE('',*,*,#5213,.T.);
#7214=ORIENTED_EDGE('',*,*,#5214,.T.);
#7215=ORIENTED_EDGE('',*,*,#5215,.T.);
#7216=ORIENTED_EDGE('',*,*,#5211,.T.);
#7217=ORIENTED_EDGE('',*,*,#5216,.F.);
#7218=ORIENTED_EDGE('',*,*,#5217,.F.);
#7219=ORIENTED_EDGE('',*,*,#5188,.F.);
#7220=ORIENTED_EDGE('',*,*,#5218,.F.);
#7221=ORIENTED_EDGE('',*,*,#5219,.F.);
#7222=ORIENTED_EDGE('',*,*,#5220,.F.);
#7223=ORIENTED_EDGE('',*,*,#5189,.F.);
#7224=ORIENTED_EDGE('',*,*,#5217,.T.);
#7225=ORIENTED_EDGE('',*,*,#5218,.T.);
#7226=ORIENTED_EDGE('',*,*,#5187,.F.);
#7227=ORIENTED_EDGE('',*,*,#5221,.T.);
#7228=ORIENTED_EDGE('',*,*,#5222,.T.);
#7229=ORIENTED_EDGE('',*,*,#5223,.T.);
#7230=ORIENTED_EDGE('',*,*,#5224,.F.);
#7231=ORIENTED_EDGE('',*,*,#5182,.T.);
#7232=ORIENTED_EDGE('',*,*,#5225,.F.);
#7233=ORIENTED_EDGE('',*,*,#5226,.F.);
#7234=ORIENTED_EDGE('',*,*,#5179,.T.);
#7235=ORIENTED_EDGE('',*,*,#5197,.F.);
#7236=ORIENTED_EDGE('',*,*,#5227,.T.);
#7237=ORIENTED_EDGE('',*,*,#5228,.F.);
#7238=ORIENTED_EDGE('',*,*,#5227,.F.);
#7239=ORIENTED_EDGE('',*,*,#5229,.F.);
#7240=ORIENTED_EDGE('',*,*,#5230,.T.);
#7241=ORIENTED_EDGE('',*,*,#5198,.F.);
#7242=ORIENTED_EDGE('',*,*,#5230,.F.);
#7243=ORIENTED_EDGE('',*,*,#5231,.F.);
#7244=ORIENTED_EDGE('',*,*,#5232,.T.);
#7245=ORIENTED_EDGE('',*,*,#5233,.F.);
#7246=ORIENTED_EDGE('',*,*,#5232,.F.);
#7247=ORIENTED_EDGE('',*,*,#5234,.F.);
#7248=ORIENTED_EDGE('',*,*,#5235,.T.);
#7249=ORIENTED_EDGE('',*,*,#5236,.F.);
#7250=ORIENTED_EDGE('',*,*,#5237,.F.);
#7251=ORIENTED_EDGE('',*,*,#5238,.T.);
#7252=ORIENTED_EDGE('',*,*,#5239,.T.);
#7253=ORIENTED_EDGE('',*,*,#5240,.F.);
#7254=ORIENTED_EDGE('',*,*,#5241,.F.);
#7255=ORIENTED_EDGE('',*,*,#5242,.F.);
#7256=ORIENTED_EDGE('',*,*,#5241,.T.);
#7257=ORIENTED_EDGE('',*,*,#5243,.F.);
#7258=ORIENTED_EDGE('',*,*,#5244,.F.);
#7259=ORIENTED_EDGE('',*,*,#5245,.T.);
#7260=ORIENTED_EDGE('',*,*,#5246,.T.);
#7261=ORIENTED_EDGE('',*,*,#5244,.T.);
#7262=ORIENTED_EDGE('',*,*,#5247,.F.);
#7263=ORIENTED_EDGE('',*,*,#5248,.F.);
#7264=ORIENTED_EDGE('',*,*,#5249,.F.);
#7265=ORIENTED_EDGE('',*,*,#5250,.T.);
#7266=ORIENTED_EDGE('',*,*,#5251,.F.);
#7267=ORIENTED_EDGE('',*,*,#5252,.F.);
#7268=ORIENTED_EDGE('',*,*,#5253,.T.);
#7269=ORIENTED_EDGE('',*,*,#5251,.T.);
#7270=ORIENTED_EDGE('',*,*,#5254,.T.);
#7271=ORIENTED_EDGE('',*,*,#5247,.T.);
#7272=ORIENTED_EDGE('',*,*,#5243,.T.);
#7273=ORIENTED_EDGE('',*,*,#5240,.T.);
#7274=ORIENTED_EDGE('',*,*,#5255,.T.);
#7275=ORIENTED_EDGE('',*,*,#5236,.T.);
#7276=ORIENTED_EDGE('',*,*,#5256,.F.);
#7277=ORIENTED_EDGE('',*,*,#5257,.F.);
#7278=ORIENTED_EDGE('',*,*,#5258,.F.);
#7279=ORIENTED_EDGE('',*,*,#5252,.T.);
#7280=ORIENTED_EDGE('',*,*,#5253,.F.);
#7281=ORIENTED_EDGE('',*,*,#5235,.F.);
#7282=ORIENTED_EDGE('',*,*,#5231,.T.);
#7283=ORIENTED_EDGE('',*,*,#5259,.F.);
#7284=ORIENTED_EDGE('',*,*,#5260,.T.);
#7285=ORIENTED_EDGE('',*,*,#5261,.T.);
#7286=ORIENTED_EDGE('',*,*,#5262,.F.);
#7287=ORIENTED_EDGE('',*,*,#5257,.T.);
#7288=ORIENTED_EDGE('',*,*,#5263,.F.);
#7289=ORIENTED_EDGE('',*,*,#5264,.F.);
#7290=ORIENTED_EDGE('',*,*,#5265,.T.);
#7291=ORIENTED_EDGE('',*,*,#5256,.T.);
#7292=ORIENTED_EDGE('',*,*,#5234,.T.);
#7293=ORIENTED_EDGE('',*,*,#5266,.F.);
#7294=ORIENTED_EDGE('',*,*,#5263,.T.);
#7295=ORIENTED_EDGE('',*,*,#5267,.T.);
#7296=ORIENTED_EDGE('',*,*,#5264,.T.);
#7297=ORIENTED_EDGE('',*,*,#5266,.T.);
#7298=ORIENTED_EDGE('',*,*,#5237,.T.);
#7299=ORIENTED_EDGE('',*,*,#5255,.F.);
#7300=ORIENTED_EDGE('',*,*,#5239,.F.);
#7301=ORIENTED_EDGE('',*,*,#5268,.F.);
#7302=ORIENTED_EDGE('',*,*,#5269,.F.);
#7303=ORIENTED_EDGE('',*,*,#5261,.F.);
#7304=ORIENTED_EDGE('',*,*,#5270,.F.);
#7305=ORIENTED_EDGE('',*,*,#5271,.F.);
#7306=ORIENTED_EDGE('',*,*,#5248,.T.);
#7307=ORIENTED_EDGE('',*,*,#5254,.F.);
#7308=ORIENTED_EDGE('',*,*,#5250,.F.);
#7309=ORIENTED_EDGE('',*,*,#5233,.T.);
#7310=ORIENTED_EDGE('',*,*,#5272,.F.);
#7311=ORIENTED_EDGE('',*,*,#5271,.T.);
#7312=ORIENTED_EDGE('',*,*,#5273,.T.);
#7313=ORIENTED_EDGE('',*,*,#5274,.F.);
#7314=ORIENTED_EDGE('',*,*,#5275,.T.);
#7315=ORIENTED_EDGE('',*,*,#5276,.F.);
#7316=ORIENTED_EDGE('',*,*,#5245,.F.);
#7317=ORIENTED_EDGE('',*,*,#5246,.F.);
#7318=ORIENTED_EDGE('',*,*,#5260,.F.);
#7319=ORIENTED_EDGE('',*,*,#5277,.F.);
#7320=ORIENTED_EDGE('',*,*,#5273,.F.);
#7321=ORIENTED_EDGE('',*,*,#5270,.T.);
#7322=ORIENTED_EDGE('',*,*,#5249,.T.);
#7323=ORIENTED_EDGE('',*,*,#5258,.T.);
#7324=ORIENTED_EDGE('',*,*,#5265,.F.);
#7325=ORIENTED_EDGE('',*,*,#5267,.F.);
#7326=ORIENTED_EDGE('',*,*,#5216,.T.);
#7327=ORIENTED_EDGE('',*,*,#5224,.T.);
#7328=ORIENTED_EDGE('',*,*,#5278,.T.);
#7329=ORIENTED_EDGE('',*,*,#5279,.T.);
#7330=ORIENTED_EDGE('',*,*,#5280,.T.);
#7331=ORIENTED_EDGE('',*,*,#5281,.T.);
#7332=ORIENTED_EDGE('',*,*,#5282,.T.);
#7333=ORIENTED_EDGE('',*,*,#5283,.T.);
#7334=ORIENTED_EDGE('',*,*,#5284,.T.);
#7335=ORIENTED_EDGE('',*,*,#5285,.T.);
#7336=ORIENTED_EDGE('',*,*,#5286,.T.);
#7337=ORIENTED_EDGE('',*,*,#5287,.T.);
#7338=ORIENTED_EDGE('',*,*,#5288,.T.);
#7339=ORIENTED_EDGE('',*,*,#5289,.T.);
#7340=ORIENTED_EDGE('',*,*,#5290,.T.);
#7341=ORIENTED_EDGE('',*,*,#5291,.T.);
#7342=ORIENTED_EDGE('',*,*,#5274,.T.);
#7343=ORIENTED_EDGE('',*,*,#5277,.T.);
#7344=ORIENTED_EDGE('',*,*,#5259,.T.);
#7345=ORIENTED_EDGE('',*,*,#5292,.T.);
#7346=ORIENTED_EDGE('',*,*,#5293,.T.);
#7347=ORIENTED_EDGE('',*,*,#5294,.F.);
#7348=ORIENTED_EDGE('',*,*,#5295,.T.);
#7349=ORIENTED_EDGE('',*,*,#5296,.T.);
#7350=ORIENTED_EDGE('',*,*,#5219,.T.);
#7351=ORIENTED_EDGE('',*,*,#5229,.T.);
#7352=ORIENTED_EDGE('',*,*,#5297,.T.);
#7353=ORIENTED_EDGE('',*,*,#5298,.T.);
#7354=ORIENTED_EDGE('',*,*,#5299,.F.);
#7355=ORIENTED_EDGE('',*,*,#5275,.F.);
#7356=ORIENTED_EDGE('',*,*,#5269,.T.);
#7357=ORIENTED_EDGE('',*,*,#5300,.F.);
#7358=ORIENTED_EDGE('',*,*,#5298,.F.);
#7359=ORIENTED_EDGE('',*,*,#5292,.F.);
#7360=ORIENTED_EDGE('',*,*,#5262,.T.);
#7361=ORIENTED_EDGE('',*,*,#5268,.T.);
#7362=ORIENTED_EDGE('',*,*,#5238,.F.);
#7363=ORIENTED_EDGE('',*,*,#5242,.T.);
#7364=ORIENTED_EDGE('',*,*,#5276,.T.);
#7365=ORIENTED_EDGE('',*,*,#5299,.T.);
#7366=ORIENTED_EDGE('',*,*,#5300,.T.);
#7367=ORIENTED_EDGE('',*,*,#5192,.T.);
#7368=ORIENTED_EDGE('',*,*,#5301,.T.);
#7369=ORIENTED_EDGE('',*,*,#5294,.T.);
#7370=ORIENTED_EDGE('',*,*,#5302,.T.);
#7371=ORIENTED_EDGE('',*,*,#5301,.F.);
#7372=ORIENTED_EDGE('',*,*,#5191,.F.);
#7373=ORIENTED_EDGE('',*,*,#5303,.F.);
#7374=ORIENTED_EDGE('',*,*,#5295,.F.);
#7375=ORIENTED_EDGE('',*,*,#5304,.F.);
#7376=ORIENTED_EDGE('',*,*,#5210,.F.);
#7377=ORIENTED_EDGE('',*,*,#5305,.F.);
#7378=ORIENTED_EDGE('',*,*,#5306,.F.);
#7379=ORIENTED_EDGE('',*,*,#5307,.T.);
#7380=ORIENTED_EDGE('',*,*,#5308,.F.);
#7381=ORIENTED_EDGE('',*,*,#5221,.F.);
#7382=ORIENTED_EDGE('',*,*,#5186,.F.);
#7383=ORIENTED_EDGE('',*,*,#5309,.F.);
#7384=ORIENTED_EDGE('',*,*,#5204,.F.);
#7385=ORIENTED_EDGE('',*,*,#5310,.F.);
#7386=ORIENTED_EDGE('',*,*,#5311,.F.);
#7387=ORIENTED_EDGE('',*,*,#5312,.F.);
#7388=ORIENTED_EDGE('',*,*,#5311,.T.);
#7389=ORIENTED_EDGE('',*,*,#5313,.F.);
#7390=ORIENTED_EDGE('',*,*,#5314,.F.);
#7391=ORIENTED_EDGE('',*,*,#5306,.T.);
#7392=ORIENTED_EDGE('',*,*,#5315,.F.);
#7393=ORIENTED_EDGE('',*,*,#5222,.F.);
#7394=ORIENTED_EDGE('',*,*,#5308,.T.);
#7395=ORIENTED_EDGE('',*,*,#5316,.F.);
#7396=ORIENTED_EDGE('',*,*,#5317,.F.);
#7397=ORIENTED_EDGE('',*,*,#5180,.F.);
#7398=ORIENTED_EDGE('',*,*,#5226,.T.);
#7399=ORIENTED_EDGE('',*,*,#5318,.F.);
#7400=ORIENTED_EDGE('',*,*,#5228,.T.);
#7401=ORIENTED_EDGE('',*,*,#5316,.T.);
#7402=ORIENTED_EDGE('',*,*,#5307,.F.);
#7403=ORIENTED_EDGE('',*,*,#5185,.F.);
#7404=ORIENTED_EDGE('',*,*,#5319,.F.);
#7405=ORIENTED_EDGE('',*,*,#5214,.F.);
#7406=ORIENTED_EDGE('',*,*,#5320,.F.);
#7407=ORIENTED_EDGE('',*,*,#5181,.F.);
#7408=ORIENTED_EDGE('',*,*,#5317,.T.);
#7409=ORIENTED_EDGE('',*,*,#5320,.T.);
#7410=ORIENTED_EDGE('',*,*,#5213,.F.);
#7411=ORIENTED_EDGE('',*,*,#5212,.T.);
#7412=ORIENTED_EDGE('',*,*,#5215,.F.);
#7413=ORIENTED_EDGE('',*,*,#5319,.T.);
#7414=ORIENTED_EDGE('',*,*,#5184,.F.);
#7415=ORIENTED_EDGE('',*,*,#5318,.T.);
#7416=ORIENTED_EDGE('',*,*,#5225,.T.);
#7417=ORIENTED_EDGE('',*,*,#5196,.F.);
#7418=ORIENTED_EDGE('',*,*,#5321,.T.);
#7419=ORIENTED_EDGE('',*,*,#5288,.F.);
#7420=ORIENTED_EDGE('',*,*,#5322,.F.);
#7421=ORIENTED_EDGE('',*,*,#5313,.T.);
#7422=ORIENTED_EDGE('',*,*,#5310,.T.);
#7423=ORIENTED_EDGE('',*,*,#5203,.F.);
#7424=ORIENTED_EDGE('',*,*,#5323,.T.);
#7425=ORIENTED_EDGE('',*,*,#5283,.F.);
#7426=ORIENTED_EDGE('',*,*,#5324,.F.);
#7427=ORIENTED_EDGE('',*,*,#5315,.T.);
#7428=ORIENTED_EDGE('',*,*,#5305,.T.);
#7429=ORIENTED_EDGE('',*,*,#5209,.F.);
#7430=ORIENTED_EDGE('',*,*,#5325,.T.);
#7431=ORIENTED_EDGE('',*,*,#5278,.F.);
#7432=ORIENTED_EDGE('',*,*,#5223,.F.);
#7433=ORIENTED_EDGE('',*,*,#5220,.T.);
#7434=ORIENTED_EDGE('',*,*,#5296,.F.);
#7435=ORIENTED_EDGE('',*,*,#5303,.T.);
#7436=ORIENTED_EDGE('',*,*,#5190,.F.);
#7437=ORIENTED_EDGE('',*,*,#5326,.F.);
#7438=ORIENTED_EDGE('',*,*,#5290,.F.);
#7439=ORIENTED_EDGE('',*,*,#5327,.F.);
#7440=ORIENTED_EDGE('',*,*,#5194,.F.);
#7441=ORIENTED_EDGE('',*,*,#5328,.T.);
#7442=ORIENTED_EDGE('',*,*,#5279,.F.);
#7443=ORIENTED_EDGE('',*,*,#5325,.F.);
#7444=ORIENTED_EDGE('',*,*,#5208,.F.);
#7445=ORIENTED_EDGE('',*,*,#5329,.T.);
#7446=ORIENTED_EDGE('',*,*,#5280,.F.);
#7447=ORIENTED_EDGE('',*,*,#5328,.F.);
#7448=ORIENTED_EDGE('',*,*,#5207,.F.);
#7449=ORIENTED_EDGE('',*,*,#5330,.T.);
#7450=ORIENTED_EDGE('',*,*,#5281,.F.);
#7451=ORIENTED_EDGE('',*,*,#5329,.F.);
#7452=ORIENTED_EDGE('',*,*,#5206,.F.);
#7453=ORIENTED_EDGE('',*,*,#5302,.F.);
#7454=ORIENTED_EDGE('',*,*,#5293,.F.);
#7455=ORIENTED_EDGE('',*,*,#5297,.F.);
#7456=ORIENTED_EDGE('',*,*,#5291,.F.);
#7457=ORIENTED_EDGE('',*,*,#5326,.T.);
#7458=ORIENTED_EDGE('',*,*,#5193,.F.);
#7459=ORIENTED_EDGE('',*,*,#5327,.T.);
#7460=ORIENTED_EDGE('',*,*,#5289,.F.);
#7461=ORIENTED_EDGE('',*,*,#5321,.F.);
#7462=ORIENTED_EDGE('',*,*,#5195,.F.);
#7463=ORIENTED_EDGE('',*,*,#5331,.T.);
#7464=ORIENTED_EDGE('',*,*,#5285,.F.);
#7465=ORIENTED_EDGE('',*,*,#5332,.F.);
#7466=ORIENTED_EDGE('',*,*,#5201,.F.);
#7467=ORIENTED_EDGE('',*,*,#5314,.T.);
#7468=ORIENTED_EDGE('',*,*,#5324,.T.);
#7469=ORIENTED_EDGE('',*,*,#5282,.F.);
#7470=ORIENTED_EDGE('',*,*,#5330,.F.);
#7471=ORIENTED_EDGE('',*,*,#5205,.F.);
#7472=ORIENTED_EDGE('',*,*,#5304,.T.);
#7473=ORIENTED_EDGE('',*,*,#5332,.T.);
#7474=ORIENTED_EDGE('',*,*,#5284,.F.);
#7475=ORIENTED_EDGE('',*,*,#5323,.F.);
#7476=ORIENTED_EDGE('',*,*,#5202,.F.);
#7477=ORIENTED_EDGE('',*,*,#5312,.T.);
#7478=ORIENTED_EDGE('',*,*,#5322,.T.);
#7479=ORIENTED_EDGE('',*,*,#5287,.F.);
#7480=ORIENTED_EDGE('',*,*,#5333,.F.);
#7481=ORIENTED_EDGE('',*,*,#5199,.F.);
#7482=ORIENTED_EDGE('',*,*,#5309,.T.);
#7483=ORIENTED_EDGE('',*,*,#5333,.T.);
#7484=ORIENTED_EDGE('',*,*,#5286,.F.);
#7485=ORIENTED_EDGE('',*,*,#5331,.F.);
#7486=ORIENTED_EDGE('',*,*,#5200,.F.);
#7487=ORIENTED_EDGE('',*,*,#5334,.F.);
#7488=ORIENTED_EDGE('',*,*,#5335,.T.);
#7489=ORIENTED_EDGE('',*,*,#5272,.T.);
#7490=ORIENTED_EDGE('',*,*,#5335,.F.);
#7491=ORIENTED_EDGE('',*,*,#5334,.T.);
#7492=ORIENTED_EDGE('',*,*,#5336,.F.);
#7493=ORIENTED_EDGE('',*,*,#5337,.F.);
#7494=ORIENTED_EDGE('',*,*,#5337,.T.);
#7495=ORIENTED_EDGE('',*,*,#5338,.T.);
#7496=ORIENTED_EDGE('',*,*,#5339,.F.);
#7497=ORIENTED_EDGE('',*,*,#5338,.F.);
#7498=ORIENTED_EDGE('',*,*,#5340,.T.);
#7499=ORIENTED_EDGE('',*,*,#5339,.T.);
#7500=ORIENTED_EDGE('',*,*,#5336,.T.);
#7501=ORIENTED_EDGE('',*,*,#5341,.T.);
#7502=ORIENTED_EDGE('',*,*,#5340,.F.);
#7503=ORIENTED_EDGE('',*,*,#5341,.F.);
#7504=ORIENTED_EDGE('',*,*,#5342,.F.);
#7505=ORIENTED_EDGE('',*,*,#5343,.F.);
#7506=ORIENTED_EDGE('',*,*,#5343,.T.);
#7507=ORIENTED_EDGE('',*,*,#5344,.T.);
#7508=ORIENTED_EDGE('',*,*,#5345,.F.);
#7509=ORIENTED_EDGE('',*,*,#5344,.F.);
#7510=ORIENTED_EDGE('',*,*,#5346,.T.);
#7511=ORIENTED_EDGE('',*,*,#5345,.T.);
#7512=ORIENTED_EDGE('',*,*,#5342,.T.);
#7513=ORIENTED_EDGE('',*,*,#5347,.T.);
#7514=ORIENTED_EDGE('',*,*,#5346,.F.);
#7515=ORIENTED_EDGE('',*,*,#5347,.F.);
#7516=ORIENTED_EDGE('',*,*,#5348,.F.);
#7517=ORIENTED_EDGE('',*,*,#5349,.F.);
#7518=ORIENTED_EDGE('',*,*,#5350,.F.);
#7519=ORIENTED_EDGE('',*,*,#5351,.F.);
#7520=ORIENTED_EDGE('',*,*,#5352,.F.);
#7521=ORIENTED_EDGE('',*,*,#5353,.F.);
#7522=ORIENTED_EDGE('',*,*,#5354,.F.);
#7523=ORIENTED_EDGE('',*,*,#5349,.T.);
#7524=ORIENTED_EDGE('',*,*,#5351,.T.);
#7525=ORIENTED_EDGE('',*,*,#5355,.F.);
#7526=ORIENTED_EDGE('',*,*,#5356,.T.);
#7527=ORIENTED_EDGE('',*,*,#5357,.T.);
#7528=ORIENTED_EDGE('',*,*,#5358,.T.);
#7529=ORIENTED_EDGE('',*,*,#5359,.F.);
#7530=ORIENTED_EDGE('',*,*,#5350,.T.);
#7531=ORIENTED_EDGE('',*,*,#5354,.T.);
#7532=ORIENTED_EDGE('',*,*,#5360,.T.);
#7533=ORIENTED_EDGE('',*,*,#5361,.T.);
#7534=ORIENTED_EDGE('',*,*,#5362,.F.);
#7535=ORIENTED_EDGE('',*,*,#5363,.T.);
#7536=ORIENTED_EDGE('',*,*,#5364,.T.);
#7537=ORIENTED_EDGE('',*,*,#5365,.T.);
#7538=ORIENTED_EDGE('',*,*,#5366,.T.);
#7539=ORIENTED_EDGE('',*,*,#5367,.T.);
#7540=ORIENTED_EDGE('',*,*,#5368,.T.);
#7541=ORIENTED_EDGE('',*,*,#5369,.T.);
#7542=ORIENTED_EDGE('',*,*,#5370,.T.);
#7543=ORIENTED_EDGE('',*,*,#5371,.T.);
#7544=ORIENTED_EDGE('',*,*,#5372,.T.);
#7545=ORIENTED_EDGE('',*,*,#5373,.T.);
#7546=ORIENTED_EDGE('',*,*,#5355,.T.);
#7547=ORIENTED_EDGE('',*,*,#5374,.T.);
#7548=ORIENTED_EDGE('',*,*,#5375,.T.);
#7549=ORIENTED_EDGE('',*,*,#5376,.T.);
#7550=ORIENTED_EDGE('',*,*,#5377,.T.);
#7551=ORIENTED_EDGE('',*,*,#5378,.T.);
#7552=ORIENTED_EDGE('',*,*,#5379,.T.);
#7553=ORIENTED_EDGE('',*,*,#5380,.T.);
#7554=ORIENTED_EDGE('',*,*,#5381,.T.);
#7555=ORIENTED_EDGE('',*,*,#5382,.T.);
#7556=ORIENTED_EDGE('',*,*,#5383,.T.);
#7557=ORIENTED_EDGE('',*,*,#5384,.T.);
#7558=ORIENTED_EDGE('',*,*,#5385,.T.);
#7559=ORIENTED_EDGE('',*,*,#5386,.T.);
#7560=ORIENTED_EDGE('',*,*,#5387,.T.);
#7561=ORIENTED_EDGE('',*,*,#5388,.T.);
#7562=ORIENTED_EDGE('',*,*,#5389,.T.);
#7563=ORIENTED_EDGE('',*,*,#5390,.T.);
#7564=ORIENTED_EDGE('',*,*,#5391,.T.);
#7565=ORIENTED_EDGE('',*,*,#5392,.T.);
#7566=ORIENTED_EDGE('',*,*,#5393,.F.);
#7567=ORIENTED_EDGE('',*,*,#5367,.F.);
#7568=ORIENTED_EDGE('',*,*,#5394,.F.);
#7569=ORIENTED_EDGE('',*,*,#5395,.F.);
#7570=ORIENTED_EDGE('',*,*,#5387,.F.);
#7571=ORIENTED_EDGE('',*,*,#5396,.T.);
#7572=ORIENTED_EDGE('',*,*,#5397,.F.);
#7573=ORIENTED_EDGE('',*,*,#5396,.F.);
#7574=ORIENTED_EDGE('',*,*,#5398,.F.);
#7575=ORIENTED_EDGE('',*,*,#5399,.T.);
#7576=ORIENTED_EDGE('',*,*,#5386,.F.);
#7577=ORIENTED_EDGE('',*,*,#5399,.F.);
#7578=ORIENTED_EDGE('',*,*,#5400,.F.);
#7579=ORIENTED_EDGE('',*,*,#5401,.T.);
#7580=ORIENTED_EDGE('',*,*,#5402,.F.);
#7581=ORIENTED_EDGE('',*,*,#5401,.F.);
#7582=ORIENTED_EDGE('',*,*,#5403,.F.);
#7583=ORIENTED_EDGE('',*,*,#5404,.T.);
#7584=ORIENTED_EDGE('',*,*,#5405,.F.);
#7585=ORIENTED_EDGE('',*,*,#5406,.F.);
#7586=ORIENTED_EDGE('',*,*,#5407,.T.);
#7587=ORIENTED_EDGE('',*,*,#5408,.T.);
#7588=ORIENTED_EDGE('',*,*,#5409,.F.);
#7589=ORIENTED_EDGE('',*,*,#5410,.F.);
#7590=ORIENTED_EDGE('',*,*,#5411,.F.);
#7591=ORIENTED_EDGE('',*,*,#5410,.T.);
#7592=ORIENTED_EDGE('',*,*,#5412,.F.);
#7593=ORIENTED_EDGE('',*,*,#5413,.F.);
#7594=ORIENTED_EDGE('',*,*,#5414,.T.);
#7595=ORIENTED_EDGE('',*,*,#5415,.T.);
#7596=ORIENTED_EDGE('',*,*,#5413,.T.);
#7597=ORIENTED_EDGE('',*,*,#5416,.F.);
#7598=ORIENTED_EDGE('',*,*,#5417,.F.);
#7599=ORIENTED_EDGE('',*,*,#5418,.F.);
#7600=ORIENTED_EDGE('',*,*,#5419,.T.);
#7601=ORIENTED_EDGE('',*,*,#5420,.F.);
#7602=ORIENTED_EDGE('',*,*,#5421,.F.);
#7603=ORIENTED_EDGE('',*,*,#5422,.T.);
#7604=ORIENTED_EDGE('',*,*,#5420,.T.);
#7605=ORIENTED_EDGE('',*,*,#5423,.T.);
#7606=ORIENTED_EDGE('',*,*,#5416,.T.);
#7607=ORIENTED_EDGE('',*,*,#5412,.T.);
#7608=ORIENTED_EDGE('',*,*,#5409,.T.);
#7609=ORIENTED_EDGE('',*,*,#5424,.T.);
#7610=ORIENTED_EDGE('',*,*,#5405,.T.);
#7611=ORIENTED_EDGE('',*,*,#5425,.F.);
#7612=ORIENTED_EDGE('',*,*,#5426,.F.);
#7613=ORIENTED_EDGE('',*,*,#5427,.F.);
#7614=ORIENTED_EDGE('',*,*,#5421,.T.);
#7615=ORIENTED_EDGE('',*,*,#5422,.F.);
#7616=ORIENTED_EDGE('',*,*,#5404,.F.);
#7617=ORIENTED_EDGE('',*,*,#5400,.T.);
#7618=ORIENTED_EDGE('',*,*,#5428,.F.);
#7619=ORIENTED_EDGE('',*,*,#5429,.T.);
#7620=ORIENTED_EDGE('',*,*,#5430,.T.);
#7621=ORIENTED_EDGE('',*,*,#5431,.F.);
#7622=ORIENTED_EDGE('',*,*,#5426,.T.);
#7623=ORIENTED_EDGE('',*,*,#5432,.F.);
#7624=ORIENTED_EDGE('',*,*,#5433,.F.);
#7625=ORIENTED_EDGE('',*,*,#5434,.T.);
#7626=ORIENTED_EDGE('',*,*,#5425,.T.);
#7627=ORIENTED_EDGE('',*,*,#5403,.T.);
#7628=ORIENTED_EDGE('',*,*,#5435,.F.);
#7629=ORIENTED_EDGE('',*,*,#5432,.T.);
#7630=ORIENTED_EDGE('',*,*,#5436,.T.);
#7631=ORIENTED_EDGE('',*,*,#5433,.T.);
#7632=ORIENTED_EDGE('',*,*,#5435,.T.);
#7633=ORIENTED_EDGE('',*,*,#5406,.T.);
#7634=ORIENTED_EDGE('',*,*,#5424,.F.);
#7635=ORIENTED_EDGE('',*,*,#5408,.F.);
#7636=ORIENTED_EDGE('',*,*,#5437,.F.);
#7637=ORIENTED_EDGE('',*,*,#5438,.F.);
#7638=ORIENTED_EDGE('',*,*,#5430,.F.);
#7639=ORIENTED_EDGE('',*,*,#5439,.F.);
#7640=ORIENTED_EDGE('',*,*,#5440,.F.);
#7641=ORIENTED_EDGE('',*,*,#5417,.T.);
#7642=ORIENTED_EDGE('',*,*,#5423,.F.);
#7643=ORIENTED_EDGE('',*,*,#5419,.F.);
#7644=ORIENTED_EDGE('',*,*,#5402,.T.);
#7645=ORIENTED_EDGE('',*,*,#5441,.F.);
#7646=ORIENTED_EDGE('',*,*,#5440,.T.);
#7647=ORIENTED_EDGE('',*,*,#5442,.T.);
#7648=ORIENTED_EDGE('',*,*,#5443,.F.);
#7649=ORIENTED_EDGE('',*,*,#5444,.T.);
#7650=ORIENTED_EDGE('',*,*,#5445,.F.);
#7651=ORIENTED_EDGE('',*,*,#5414,.F.);
#7652=ORIENTED_EDGE('',*,*,#5415,.F.);
#7653=ORIENTED_EDGE('',*,*,#5429,.F.);
#7654=ORIENTED_EDGE('',*,*,#5446,.F.);
#7655=ORIENTED_EDGE('',*,*,#5442,.F.);
#7656=ORIENTED_EDGE('',*,*,#5439,.T.);
#7657=ORIENTED_EDGE('',*,*,#5418,.T.);
#7658=ORIENTED_EDGE('',*,*,#5427,.T.);
#7659=ORIENTED_EDGE('',*,*,#5434,.F.);
#7660=ORIENTED_EDGE('',*,*,#5436,.F.);
#7661=ORIENTED_EDGE('',*,*,#5348,.T.);
#7662=ORIENTED_EDGE('',*,*,#5359,.T.);
#7663=ORIENTED_EDGE('',*,*,#5447,.T.);
#7664=ORIENTED_EDGE('',*,*,#5448,.T.);
#7665=ORIENTED_EDGE('',*,*,#5449,.T.);
#7666=ORIENTED_EDGE('',*,*,#5450,.T.);
#7667=ORIENTED_EDGE('',*,*,#5451,.T.);
#7668=ORIENTED_EDGE('',*,*,#5452,.T.);
#7669=ORIENTED_EDGE('',*,*,#5453,.T.);
#7670=ORIENTED_EDGE('',*,*,#5454,.T.);
#7671=ORIENTED_EDGE('',*,*,#5455,.T.);
#7672=ORIENTED_EDGE('',*,*,#5456,.T.);
#7673=ORIENTED_EDGE('',*,*,#5457,.T.);
#7674=ORIENTED_EDGE('',*,*,#5458,.T.);
#7675=ORIENTED_EDGE('',*,*,#5459,.T.);
#7676=ORIENTED_EDGE('',*,*,#5460,.T.);
#7677=ORIENTED_EDGE('',*,*,#5443,.T.);
#7678=ORIENTED_EDGE('',*,*,#5446,.T.);
#7679=ORIENTED_EDGE('',*,*,#5428,.T.);
#7680=ORIENTED_EDGE('',*,*,#5461,.T.);
#7681=ORIENTED_EDGE('',*,*,#5462,.T.);
#7682=ORIENTED_EDGE('',*,*,#5463,.F.);
#7683=ORIENTED_EDGE('',*,*,#5464,.T.);
#7684=ORIENTED_EDGE('',*,*,#5465,.T.);
#7685=ORIENTED_EDGE('',*,*,#5352,.T.);
#7686=ORIENTED_EDGE('',*,*,#5398,.T.);
#7687=ORIENTED_EDGE('',*,*,#5466,.T.);
#7688=ORIENTED_EDGE('',*,*,#5467,.T.);
#7689=ORIENTED_EDGE('',*,*,#5468,.F.);
#7690=ORIENTED_EDGE('',*,*,#5444,.F.);
#7691=ORIENTED_EDGE('',*,*,#5438,.T.);
#7692=ORIENTED_EDGE('',*,*,#5469,.F.);
#7693=ORIENTED_EDGE('',*,*,#5467,.F.);
#7694=ORIENTED_EDGE('',*,*,#5461,.F.);
#7695=ORIENTED_EDGE('',*,*,#5431,.T.);
#7696=ORIENTED_EDGE('',*,*,#5437,.T.);
#7697=ORIENTED_EDGE('',*,*,#5407,.F.);
#7698=ORIENTED_EDGE('',*,*,#5411,.T.);
#7699=ORIENTED_EDGE('',*,*,#5445,.T.);
#7700=ORIENTED_EDGE('',*,*,#5468,.T.);
#7701=ORIENTED_EDGE('',*,*,#5469,.T.);
#7702=ORIENTED_EDGE('',*,*,#5362,.T.);
#7703=ORIENTED_EDGE('',*,*,#5470,.T.);
#7704=ORIENTED_EDGE('',*,*,#5463,.T.);
#7705=ORIENTED_EDGE('',*,*,#5471,.T.);
#7706=ORIENTED_EDGE('',*,*,#5470,.F.);
#7707=ORIENTED_EDGE('',*,*,#5361,.F.);
#7708=ORIENTED_EDGE('',*,*,#5472,.F.);
#7709=ORIENTED_EDGE('',*,*,#5464,.F.);
#7710=ORIENTED_EDGE('',*,*,#5473,.F.);
#7711=ORIENTED_EDGE('',*,*,#5379,.F.);
#7712=ORIENTED_EDGE('',*,*,#5474,.F.);
#7713=ORIENTED_EDGE('',*,*,#5475,.F.);
#7714=ORIENTED_EDGE('',*,*,#5476,.T.);
#7715=ORIENTED_EDGE('',*,*,#5477,.F.);
#7716=ORIENTED_EDGE('',*,*,#5356,.F.);
#7717=ORIENTED_EDGE('',*,*,#5373,.F.);
#7718=ORIENTED_EDGE('',*,*,#5478,.F.);
#7719=ORIENTED_EDGE('',*,*,#5385,.F.);
#7720=ORIENTED_EDGE('',*,*,#5479,.F.);
#7721=ORIENTED_EDGE('',*,*,#5480,.F.);
#7722=ORIENTED_EDGE('',*,*,#5481,.F.);
#7723=ORIENTED_EDGE('',*,*,#5480,.T.);
#7724=ORIENTED_EDGE('',*,*,#5482,.F.);
#7725=ORIENTED_EDGE('',*,*,#5483,.F.);
#7726=ORIENTED_EDGE('',*,*,#5475,.T.);
#7727=ORIENTED_EDGE('',*,*,#5484,.F.);
#7728=ORIENTED_EDGE('',*,*,#5357,.F.);
#7729=ORIENTED_EDGE('',*,*,#5477,.T.);
#7730=ORIENTED_EDGE('',*,*,#5485,.F.);
#7731=ORIENTED_EDGE('',*,*,#5486,.F.);
#7732=ORIENTED_EDGE('',*,*,#5395,.T.);
#7733=ORIENTED_EDGE('',*,*,#5487,.F.);
#7734=ORIENTED_EDGE('',*,*,#5397,.T.);
#7735=ORIENTED_EDGE('',*,*,#5485,.T.);
#7736=ORIENTED_EDGE('',*,*,#5476,.F.);
#7737=ORIENTED_EDGE('',*,*,#5372,.F.);
#7738=ORIENTED_EDGE('',*,*,#5488,.F.);
#7739=ORIENTED_EDGE('',*,*,#5388,.F.);
#7740=ORIENTED_EDGE('',*,*,#5489,.F.);
#7741=ORIENTED_EDGE('',*,*,#5486,.T.);
#7742=ORIENTED_EDGE('',*,*,#5489,.T.);
#7743=ORIENTED_EDGE('',*,*,#5392,.F.);
#7744=ORIENTED_EDGE('',*,*,#5490,.F.);
#7745=ORIENTED_EDGE('',*,*,#5368,.F.);
#7746=ORIENTED_EDGE('',*,*,#5393,.T.);
#7747=ORIENTED_EDGE('',*,*,#5491,.T.);
#7748=ORIENTED_EDGE('',*,*,#5389,.F.);
#7749=ORIENTED_EDGE('',*,*,#5488,.T.);
#7750=ORIENTED_EDGE('',*,*,#5371,.F.);
#7751=ORIENTED_EDGE('',*,*,#5492,.T.);
#7752=ORIENTED_EDGE('',*,*,#5390,.F.);
#7753=ORIENTED_EDGE('',*,*,#5491,.F.);
#7754=ORIENTED_EDGE('',*,*,#5370,.F.);
#7755=ORIENTED_EDGE('',*,*,#5490,.T.);
#7756=ORIENTED_EDGE('',*,*,#5391,.F.);
#7757=ORIENTED_EDGE('',*,*,#5492,.F.);
#7758=ORIENTED_EDGE('',*,*,#5369,.F.);
#7759=ORIENTED_EDGE('',*,*,#5487,.T.);
#7760=ORIENTED_EDGE('',*,*,#5394,.T.);
#7761=ORIENTED_EDGE('',*,*,#5366,.F.);
#7762=ORIENTED_EDGE('',*,*,#5493,.T.);
#7763=ORIENTED_EDGE('',*,*,#5457,.F.);
#7764=ORIENTED_EDGE('',*,*,#5494,.F.);
#7765=ORIENTED_EDGE('',*,*,#5482,.T.);
#7766=ORIENTED_EDGE('',*,*,#5479,.T.);
#7767=ORIENTED_EDGE('',*,*,#5384,.F.);
#7768=ORIENTED_EDGE('',*,*,#5495,.T.);
#7769=ORIENTED_EDGE('',*,*,#5452,.F.);
#7770=ORIENTED_EDGE('',*,*,#5496,.F.);
#7771=ORIENTED_EDGE('',*,*,#5484,.T.);
#7772=ORIENTED_EDGE('',*,*,#5474,.T.);
#7773=ORIENTED_EDGE('',*,*,#5378,.F.);
#7774=ORIENTED_EDGE('',*,*,#5497,.T.);
#7775=ORIENTED_EDGE('',*,*,#5447,.F.);
#7776=ORIENTED_EDGE('',*,*,#5358,.F.);
#7777=ORIENTED_EDGE('',*,*,#5353,.T.);
#7778=ORIENTED_EDGE('',*,*,#5465,.F.);
#7779=ORIENTED_EDGE('',*,*,#5472,.T.);
#7780=ORIENTED_EDGE('',*,*,#5360,.F.);
#7781=ORIENTED_EDGE('',*,*,#5498,.F.);
#7782=ORIENTED_EDGE('',*,*,#5459,.F.);
#7783=ORIENTED_EDGE('',*,*,#5499,.F.);
#7784=ORIENTED_EDGE('',*,*,#5364,.F.);
#7785=ORIENTED_EDGE('',*,*,#5500,.T.);
#7786=ORIENTED_EDGE('',*,*,#5448,.F.);
#7787=ORIENTED_EDGE('',*,*,#5497,.F.);
#7788=ORIENTED_EDGE('',*,*,#5377,.F.);
#7789=ORIENTED_EDGE('',*,*,#5501,.T.);
#7790=ORIENTED_EDGE('',*,*,#5449,.F.);
#7791=ORIENTED_EDGE('',*,*,#5500,.F.);
#7792=ORIENTED_EDGE('',*,*,#5376,.F.);
#7793=ORIENTED_EDGE('',*,*,#5502,.T.);
#7794=ORIENTED_EDGE('',*,*,#5450,.F.);
#7795=ORIENTED_EDGE('',*,*,#5501,.F.);
#7796=ORIENTED_EDGE('',*,*,#5375,.F.);
#7797=ORIENTED_EDGE('',*,*,#5471,.F.);
#7798=ORIENTED_EDGE('',*,*,#5462,.F.);
#7799=ORIENTED_EDGE('',*,*,#5466,.F.);
#7800=ORIENTED_EDGE('',*,*,#5460,.F.);
#7801=ORIENTED_EDGE('',*,*,#5498,.T.);
#7802=ORIENTED_EDGE('',*,*,#5363,.F.);
#7803=ORIENTED_EDGE('',*,*,#5499,.T.);
#7804=ORIENTED_EDGE('',*,*,#5458,.F.);
#7805=ORIENTED_EDGE('',*,*,#5493,.F.);
#7806=ORIENTED_EDGE('',*,*,#5365,.F.);
#7807=ORIENTED_EDGE('',*,*,#5503,.T.);
#7808=ORIENTED_EDGE('',*,*,#5454,.F.);
#7809=ORIENTED_EDGE('',*,*,#5504,.F.);
#7810=ORIENTED_EDGE('',*,*,#5382,.F.);
#7811=ORIENTED_EDGE('',*,*,#5483,.T.);
#7812=ORIENTED_EDGE('',*,*,#5496,.T.);
#7813=ORIENTED_EDGE('',*,*,#5451,.F.);
#7814=ORIENTED_EDGE('',*,*,#5502,.F.);
#7815=ORIENTED_EDGE('',*,*,#5374,.F.);
#7816=ORIENTED_EDGE('',*,*,#5473,.T.);
#7817=ORIENTED_EDGE('',*,*,#5504,.T.);
#7818=ORIENTED_EDGE('',*,*,#5453,.F.);
#7819=ORIENTED_EDGE('',*,*,#5495,.F.);
#7820=ORIENTED_EDGE('',*,*,#5383,.F.);
#7821=ORIENTED_EDGE('',*,*,#5481,.T.);
#7822=ORIENTED_EDGE('',*,*,#5494,.T.);
#7823=ORIENTED_EDGE('',*,*,#5456,.F.);
#7824=ORIENTED_EDGE('',*,*,#5505,.F.);
#7825=ORIENTED_EDGE('',*,*,#5380,.F.);
#7826=ORIENTED_EDGE('',*,*,#5478,.T.);
#7827=ORIENTED_EDGE('',*,*,#5505,.T.);
#7828=ORIENTED_EDGE('',*,*,#5455,.F.);
#7829=ORIENTED_EDGE('',*,*,#5503,.F.);
#7830=ORIENTED_EDGE('',*,*,#5381,.F.);
#7831=ORIENTED_EDGE('',*,*,#5506,.F.);
#7832=ORIENTED_EDGE('',*,*,#5507,.T.);
#7833=ORIENTED_EDGE('',*,*,#5441,.T.);
#7834=ORIENTED_EDGE('',*,*,#5507,.F.);
#7835=ORIENTED_EDGE('',*,*,#5506,.T.);
#7836=ORIENTED_EDGE('',*,*,#5508,.F.);
#7837=ORIENTED_EDGE('',*,*,#5509,.F.);
#7838=ORIENTED_EDGE('',*,*,#5510,.F.);
#7839=ORIENTED_EDGE('',*,*,#5511,.F.);
#7840=ORIENTED_EDGE('',*,*,#5512,.F.);
#7841=ORIENTED_EDGE('',*,*,#5513,.F.);
#7842=ORIENTED_EDGE('',*,*,#5514,.F.);
#7843=ORIENTED_EDGE('',*,*,#5509,.T.);
#7844=ORIENTED_EDGE('',*,*,#5511,.T.);
#7845=ORIENTED_EDGE('',*,*,#5515,.F.);
#7846=ORIENTED_EDGE('',*,*,#5516,.T.);
#7847=ORIENTED_EDGE('',*,*,#5517,.T.);
#7848=ORIENTED_EDGE('',*,*,#5518,.T.);
#7849=ORIENTED_EDGE('',*,*,#5519,.F.);
#7850=ORIENTED_EDGE('',*,*,#5510,.T.);
#7851=ORIENTED_EDGE('',*,*,#5514,.T.);
#7852=ORIENTED_EDGE('',*,*,#5520,.T.);
#7853=ORIENTED_EDGE('',*,*,#5521,.T.);
#7854=ORIENTED_EDGE('',*,*,#5522,.F.);
#7855=ORIENTED_EDGE('',*,*,#5523,.T.);
#7856=ORIENTED_EDGE('',*,*,#5524,.T.);
#7857=ORIENTED_EDGE('',*,*,#5525,.T.);
#7858=ORIENTED_EDGE('',*,*,#5526,.T.);
#7859=ORIENTED_EDGE('',*,*,#5527,.T.);
#7860=ORIENTED_EDGE('',*,*,#5528,.T.);
#7861=ORIENTED_EDGE('',*,*,#5529,.T.);
#7862=ORIENTED_EDGE('',*,*,#5530,.T.);
#7863=ORIENTED_EDGE('',*,*,#5531,.T.);
#7864=ORIENTED_EDGE('',*,*,#5532,.T.);
#7865=ORIENTED_EDGE('',*,*,#5533,.T.);
#7866=ORIENTED_EDGE('',*,*,#5515,.T.);
#7867=ORIENTED_EDGE('',*,*,#5534,.T.);
#7868=ORIENTED_EDGE('',*,*,#5535,.T.);
#7869=ORIENTED_EDGE('',*,*,#5536,.T.);
#7870=ORIENTED_EDGE('',*,*,#5537,.T.);
#7871=ORIENTED_EDGE('',*,*,#5538,.T.);
#7872=ORIENTED_EDGE('',*,*,#5539,.T.);
#7873=ORIENTED_EDGE('',*,*,#5540,.T.);
#7874=ORIENTED_EDGE('',*,*,#5541,.T.);
#7875=ORIENTED_EDGE('',*,*,#5542,.T.);
#7876=ORIENTED_EDGE('',*,*,#5543,.T.);
#7877=ORIENTED_EDGE('',*,*,#5544,.T.);
#7878=ORIENTED_EDGE('',*,*,#5545,.T.);
#7879=ORIENTED_EDGE('',*,*,#5546,.T.);
#7880=ORIENTED_EDGE('',*,*,#5547,.T.);
#7881=ORIENTED_EDGE('',*,*,#5548,.T.);
#7882=ORIENTED_EDGE('',*,*,#5549,.T.);
#7883=ORIENTED_EDGE('',*,*,#5550,.T.);
#7884=ORIENTED_EDGE('',*,*,#5551,.T.);
#7885=ORIENTED_EDGE('',*,*,#5552,.T.);
#7886=ORIENTED_EDGE('',*,*,#5553,.F.);
#7887=ORIENTED_EDGE('',*,*,#5527,.F.);
#7888=ORIENTED_EDGE('',*,*,#5554,.F.);
#7889=ORIENTED_EDGE('',*,*,#5555,.F.);
#7890=ORIENTED_EDGE('',*,*,#5547,.F.);
#7891=ORIENTED_EDGE('',*,*,#5556,.T.);
#7892=ORIENTED_EDGE('',*,*,#5557,.F.);
#7893=ORIENTED_EDGE('',*,*,#5556,.F.);
#7894=ORIENTED_EDGE('',*,*,#5558,.F.);
#7895=ORIENTED_EDGE('',*,*,#5559,.T.);
#7896=ORIENTED_EDGE('',*,*,#5546,.F.);
#7897=ORIENTED_EDGE('',*,*,#5559,.F.);
#7898=ORIENTED_EDGE('',*,*,#5560,.F.);
#7899=ORIENTED_EDGE('',*,*,#5561,.T.);
#7900=ORIENTED_EDGE('',*,*,#5562,.F.);
#7901=ORIENTED_EDGE('',*,*,#5561,.F.);
#7902=ORIENTED_EDGE('',*,*,#5563,.F.);
#7903=ORIENTED_EDGE('',*,*,#5564,.T.);
#7904=ORIENTED_EDGE('',*,*,#5565,.F.);
#7905=ORIENTED_EDGE('',*,*,#5566,.F.);
#7906=ORIENTED_EDGE('',*,*,#5567,.T.);
#7907=ORIENTED_EDGE('',*,*,#5568,.T.);
#7908=ORIENTED_EDGE('',*,*,#5569,.F.);
#7909=ORIENTED_EDGE('',*,*,#5570,.F.);
#7910=ORIENTED_EDGE('',*,*,#5571,.F.);
#7911=ORIENTED_EDGE('',*,*,#5570,.T.);
#7912=ORIENTED_EDGE('',*,*,#5572,.F.);
#7913=ORIENTED_EDGE('',*,*,#5573,.F.);
#7914=ORIENTED_EDGE('',*,*,#5574,.T.);
#7915=ORIENTED_EDGE('',*,*,#5575,.T.);
#7916=ORIENTED_EDGE('',*,*,#5573,.T.);
#7917=ORIENTED_EDGE('',*,*,#5576,.F.);
#7918=ORIENTED_EDGE('',*,*,#5577,.F.);
#7919=ORIENTED_EDGE('',*,*,#5578,.F.);
#7920=ORIENTED_EDGE('',*,*,#5579,.T.);
#7921=ORIENTED_EDGE('',*,*,#5580,.F.);
#7922=ORIENTED_EDGE('',*,*,#5581,.F.);
#7923=ORIENTED_EDGE('',*,*,#5582,.T.);
#7924=ORIENTED_EDGE('',*,*,#5580,.T.);
#7925=ORIENTED_EDGE('',*,*,#5583,.T.);
#7926=ORIENTED_EDGE('',*,*,#5576,.T.);
#7927=ORIENTED_EDGE('',*,*,#5572,.T.);
#7928=ORIENTED_EDGE('',*,*,#5569,.T.);
#7929=ORIENTED_EDGE('',*,*,#5584,.T.);
#7930=ORIENTED_EDGE('',*,*,#5565,.T.);
#7931=ORIENTED_EDGE('',*,*,#5585,.F.);
#7932=ORIENTED_EDGE('',*,*,#5586,.F.);
#7933=ORIENTED_EDGE('',*,*,#5587,.F.);
#7934=ORIENTED_EDGE('',*,*,#5581,.T.);
#7935=ORIENTED_EDGE('',*,*,#5582,.F.);
#7936=ORIENTED_EDGE('',*,*,#5564,.F.);
#7937=ORIENTED_EDGE('',*,*,#5560,.T.);
#7938=ORIENTED_EDGE('',*,*,#5588,.F.);
#7939=ORIENTED_EDGE('',*,*,#5589,.T.);
#7940=ORIENTED_EDGE('',*,*,#5590,.T.);
#7941=ORIENTED_EDGE('',*,*,#5591,.F.);
#7942=ORIENTED_EDGE('',*,*,#5586,.T.);
#7943=ORIENTED_EDGE('',*,*,#5592,.F.);
#7944=ORIENTED_EDGE('',*,*,#5593,.F.);
#7945=ORIENTED_EDGE('',*,*,#5594,.T.);
#7946=ORIENTED_EDGE('',*,*,#5585,.T.);
#7947=ORIENTED_EDGE('',*,*,#5563,.T.);
#7948=ORIENTED_EDGE('',*,*,#5595,.F.);
#7949=ORIENTED_EDGE('',*,*,#5592,.T.);
#7950=ORIENTED_EDGE('',*,*,#5596,.T.);
#7951=ORIENTED_EDGE('',*,*,#5593,.T.);
#7952=ORIENTED_EDGE('',*,*,#5595,.T.);
#7953=ORIENTED_EDGE('',*,*,#5566,.T.);
#7954=ORIENTED_EDGE('',*,*,#5584,.F.);
#7955=ORIENTED_EDGE('',*,*,#5568,.F.);
#7956=ORIENTED_EDGE('',*,*,#5597,.F.);
#7957=ORIENTED_EDGE('',*,*,#5598,.F.);
#7958=ORIENTED_EDGE('',*,*,#5590,.F.);
#7959=ORIENTED_EDGE('',*,*,#5599,.F.);
#7960=ORIENTED_EDGE('',*,*,#5600,.F.);
#7961=ORIENTED_EDGE('',*,*,#5577,.T.);
#7962=ORIENTED_EDGE('',*,*,#5583,.F.);
#7963=ORIENTED_EDGE('',*,*,#5579,.F.);
#7964=ORIENTED_EDGE('',*,*,#5562,.T.);
#7965=ORIENTED_EDGE('',*,*,#5601,.F.);
#7966=ORIENTED_EDGE('',*,*,#5600,.T.);
#7967=ORIENTED_EDGE('',*,*,#5602,.T.);
#7968=ORIENTED_EDGE('',*,*,#5603,.F.);
#7969=ORIENTED_EDGE('',*,*,#5604,.T.);
#7970=ORIENTED_EDGE('',*,*,#5605,.F.);
#7971=ORIENTED_EDGE('',*,*,#5574,.F.);
#7972=ORIENTED_EDGE('',*,*,#5575,.F.);
#7973=ORIENTED_EDGE('',*,*,#5589,.F.);
#7974=ORIENTED_EDGE('',*,*,#5606,.F.);
#7975=ORIENTED_EDGE('',*,*,#5602,.F.);
#7976=ORIENTED_EDGE('',*,*,#5599,.T.);
#7977=ORIENTED_EDGE('',*,*,#5578,.T.);
#7978=ORIENTED_EDGE('',*,*,#5587,.T.);
#7979=ORIENTED_EDGE('',*,*,#5594,.F.);
#7980=ORIENTED_EDGE('',*,*,#5596,.F.);
#7981=ORIENTED_EDGE('',*,*,#5508,.T.);
#7982=ORIENTED_EDGE('',*,*,#5519,.T.);
#7983=ORIENTED_EDGE('',*,*,#5607,.T.);
#7984=ORIENTED_EDGE('',*,*,#5608,.T.);
#7985=ORIENTED_EDGE('',*,*,#5609,.T.);
#7986=ORIENTED_EDGE('',*,*,#5610,.T.);
#7987=ORIENTED_EDGE('',*,*,#5611,.T.);
#7988=ORIENTED_EDGE('',*,*,#5612,.T.);
#7989=ORIENTED_EDGE('',*,*,#5613,.T.);
#7990=ORIENTED_EDGE('',*,*,#5614,.T.);
#7991=ORIENTED_EDGE('',*,*,#5615,.T.);
#7992=ORIENTED_EDGE('',*,*,#5616,.T.);
#7993=ORIENTED_EDGE('',*,*,#5617,.T.);
#7994=ORIENTED_EDGE('',*,*,#5618,.T.);
#7995=ORIENTED_EDGE('',*,*,#5619,.T.);
#7996=ORIENTED_EDGE('',*,*,#5620,.T.);
#7997=ORIENTED_EDGE('',*,*,#5603,.T.);
#7998=ORIENTED_EDGE('',*,*,#5606,.T.);
#7999=ORIENTED_EDGE('',*,*,#5588,.T.);
#8000=ORIENTED_EDGE('',*,*,#5621,.T.);
#8001=ORIENTED_EDGE('',*,*,#5622,.T.);
#8002=ORIENTED_EDGE('',*,*,#5623,.F.);
#8003=ORIENTED_EDGE('',*,*,#5624,.T.);
#8004=ORIENTED_EDGE('',*,*,#5625,.T.);
#8005=ORIENTED_EDGE('',*,*,#5512,.T.);
#8006=ORIENTED_EDGE('',*,*,#5558,.T.);
#8007=ORIENTED_EDGE('',*,*,#5626,.T.);
#8008=ORIENTED_EDGE('',*,*,#5627,.T.);
#8009=ORIENTED_EDGE('',*,*,#5628,.F.);
#8010=ORIENTED_EDGE('',*,*,#5604,.F.);
#8011=ORIENTED_EDGE('',*,*,#5598,.T.);
#8012=ORIENTED_EDGE('',*,*,#5629,.F.);
#8013=ORIENTED_EDGE('',*,*,#5627,.F.);
#8014=ORIENTED_EDGE('',*,*,#5621,.F.);
#8015=ORIENTED_EDGE('',*,*,#5591,.T.);
#8016=ORIENTED_EDGE('',*,*,#5597,.T.);
#8017=ORIENTED_EDGE('',*,*,#5567,.F.);
#8018=ORIENTED_EDGE('',*,*,#5571,.T.);
#8019=ORIENTED_EDGE('',*,*,#5605,.T.);
#8020=ORIENTED_EDGE('',*,*,#5628,.T.);
#8021=ORIENTED_EDGE('',*,*,#5629,.T.);
#8022=ORIENTED_EDGE('',*,*,#5522,.T.);
#8023=ORIENTED_EDGE('',*,*,#5630,.T.);
#8024=ORIENTED_EDGE('',*,*,#5623,.T.);
#8025=ORIENTED_EDGE('',*,*,#5631,.T.);
#8026=ORIENTED_EDGE('',*,*,#5630,.F.);
#8027=ORIENTED_EDGE('',*,*,#5521,.F.);
#8028=ORIENTED_EDGE('',*,*,#5632,.F.);
#8029=ORIENTED_EDGE('',*,*,#5624,.F.);
#8030=ORIENTED_EDGE('',*,*,#5633,.F.);
#8031=ORIENTED_EDGE('',*,*,#5539,.F.);
#8032=ORIENTED_EDGE('',*,*,#5634,.F.);
#8033=ORIENTED_EDGE('',*,*,#5635,.F.);
#8034=ORIENTED_EDGE('',*,*,#5636,.T.);
#8035=ORIENTED_EDGE('',*,*,#5637,.F.);
#8036=ORIENTED_EDGE('',*,*,#5516,.F.);
#8037=ORIENTED_EDGE('',*,*,#5533,.F.);
#8038=ORIENTED_EDGE('',*,*,#5638,.F.);
#8039=ORIENTED_EDGE('',*,*,#5545,.F.);
#8040=ORIENTED_EDGE('',*,*,#5639,.F.);
#8041=ORIENTED_EDGE('',*,*,#5640,.F.);
#8042=ORIENTED_EDGE('',*,*,#5641,.F.);
#8043=ORIENTED_EDGE('',*,*,#5640,.T.);
#8044=ORIENTED_EDGE('',*,*,#5642,.F.);
#8045=ORIENTED_EDGE('',*,*,#5643,.F.);
#8046=ORIENTED_EDGE('',*,*,#5635,.T.);
#8047=ORIENTED_EDGE('',*,*,#5644,.F.);
#8048=ORIENTED_EDGE('',*,*,#5517,.F.);
#8049=ORIENTED_EDGE('',*,*,#5637,.T.);
#8050=ORIENTED_EDGE('',*,*,#5645,.F.);
#8051=ORIENTED_EDGE('',*,*,#5646,.F.);
#8052=ORIENTED_EDGE('',*,*,#5555,.T.);
#8053=ORIENTED_EDGE('',*,*,#5647,.F.);
#8054=ORIENTED_EDGE('',*,*,#5557,.T.);
#8055=ORIENTED_EDGE('',*,*,#5645,.T.);
#8056=ORIENTED_EDGE('',*,*,#5636,.F.);
#8057=ORIENTED_EDGE('',*,*,#5532,.F.);
#8058=ORIENTED_EDGE('',*,*,#5648,.F.);
#8059=ORIENTED_EDGE('',*,*,#5548,.F.);
#8060=ORIENTED_EDGE('',*,*,#5649,.F.);
#8061=ORIENTED_EDGE('',*,*,#5646,.T.);
#8062=ORIENTED_EDGE('',*,*,#5649,.T.);
#8063=ORIENTED_EDGE('',*,*,#5552,.F.);
#8064=ORIENTED_EDGE('',*,*,#5650,.F.);
#8065=ORIENTED_EDGE('',*,*,#5528,.F.);
#8066=ORIENTED_EDGE('',*,*,#5553,.T.);
#8067=ORIENTED_EDGE('',*,*,#5651,.T.);
#8068=ORIENTED_EDGE('',*,*,#5549,.F.);
#8069=ORIENTED_EDGE('',*,*,#5648,.T.);
#8070=ORIENTED_EDGE('',*,*,#5531,.F.);
#8071=ORIENTED_EDGE('',*,*,#5652,.T.);
#8072=ORIENTED_EDGE('',*,*,#5550,.F.);
#8073=ORIENTED_EDGE('',*,*,#5651,.F.);
#8074=ORIENTED_EDGE('',*,*,#5530,.F.);
#8075=ORIENTED_EDGE('',*,*,#5650,.T.);
#8076=ORIENTED_EDGE('',*,*,#5551,.F.);
#8077=ORIENTED_EDGE('',*,*,#5652,.F.);
#8078=ORIENTED_EDGE('',*,*,#5529,.F.);
#8079=ORIENTED_EDGE('',*,*,#5647,.T.);
#8080=ORIENTED_EDGE('',*,*,#5554,.T.);
#8081=ORIENTED_EDGE('',*,*,#5526,.F.);
#8082=ORIENTED_EDGE('',*,*,#5653,.T.);
#8083=ORIENTED_EDGE('',*,*,#5617,.F.);
#8084=ORIENTED_EDGE('',*,*,#5654,.F.);
#8085=ORIENTED_EDGE('',*,*,#5642,.T.);
#8086=ORIENTED_EDGE('',*,*,#5639,.T.);
#8087=ORIENTED_EDGE('',*,*,#5544,.F.);
#8088=ORIENTED_EDGE('',*,*,#5655,.T.);
#8089=ORIENTED_EDGE('',*,*,#5612,.F.);
#8090=ORIENTED_EDGE('',*,*,#5656,.F.);
#8091=ORIENTED_EDGE('',*,*,#5644,.T.);
#8092=ORIENTED_EDGE('',*,*,#5634,.T.);
#8093=ORIENTED_EDGE('',*,*,#5538,.F.);
#8094=ORIENTED_EDGE('',*,*,#5657,.T.);
#8095=ORIENTED_EDGE('',*,*,#5607,.F.);
#8096=ORIENTED_EDGE('',*,*,#5518,.F.);
#8097=ORIENTED_EDGE('',*,*,#5513,.T.);
#8098=ORIENTED_EDGE('',*,*,#5625,.F.);
#8099=ORIENTED_EDGE('',*,*,#5632,.T.);
#8100=ORIENTED_EDGE('',*,*,#5520,.F.);
#8101=ORIENTED_EDGE('',*,*,#5658,.F.);
#8102=ORIENTED_EDGE('',*,*,#5619,.F.);
#8103=ORIENTED_EDGE('',*,*,#5659,.F.);
#8104=ORIENTED_EDGE('',*,*,#5524,.F.);
#8105=ORIENTED_EDGE('',*,*,#5660,.T.);
#8106=ORIENTED_EDGE('',*,*,#5608,.F.);
#8107=ORIENTED_EDGE('',*,*,#5657,.F.);
#8108=ORIENTED_EDGE('',*,*,#5537,.F.);
#8109=ORIENTED_EDGE('',*,*,#5661,.T.);
#8110=ORIENTED_EDGE('',*,*,#5609,.F.);
#8111=ORIENTED_EDGE('',*,*,#5660,.F.);
#8112=ORIENTED_EDGE('',*,*,#5536,.F.);
#8113=ORIENTED_EDGE('',*,*,#5662,.T.);
#8114=ORIENTED_EDGE('',*,*,#5610,.F.);
#8115=ORIENTED_EDGE('',*,*,#5661,.F.);
#8116=ORIENTED_EDGE('',*,*,#5535,.F.);
#8117=ORIENTED_EDGE('',*,*,#5631,.F.);
#8118=ORIENTED_EDGE('',*,*,#5622,.F.);
#8119=ORIENTED_EDGE('',*,*,#5626,.F.);
#8120=ORIENTED_EDGE('',*,*,#5620,.F.);
#8121=ORIENTED_EDGE('',*,*,#5658,.T.);
#8122=ORIENTED_EDGE('',*,*,#5523,.F.);
#8123=ORIENTED_EDGE('',*,*,#5659,.T.);
#8124=ORIENTED_EDGE('',*,*,#5618,.F.);
#8125=ORIENTED_EDGE('',*,*,#5653,.F.);
#8126=ORIENTED_EDGE('',*,*,#5525,.F.);
#8127=ORIENTED_EDGE('',*,*,#5663,.T.);
#8128=ORIENTED_EDGE('',*,*,#5614,.F.);
#8129=ORIENTED_EDGE('',*,*,#5664,.F.);
#8130=ORIENTED_EDGE('',*,*,#5542,.F.);
#8131=ORIENTED_EDGE('',*,*,#5643,.T.);
#8132=ORIENTED_EDGE('',*,*,#5656,.T.);
#8133=ORIENTED_EDGE('',*,*,#5611,.F.);
#8134=ORIENTED_EDGE('',*,*,#5662,.F.);
#8135=ORIENTED_EDGE('',*,*,#5534,.F.);
#8136=ORIENTED_EDGE('',*,*,#5633,.T.);
#8137=ORIENTED_EDGE('',*,*,#5664,.T.);
#8138=ORIENTED_EDGE('',*,*,#5613,.F.);
#8139=ORIENTED_EDGE('',*,*,#5655,.F.);
#8140=ORIENTED_EDGE('',*,*,#5543,.F.);
#8141=ORIENTED_EDGE('',*,*,#5641,.T.);
#8142=ORIENTED_EDGE('',*,*,#5654,.T.);
#8143=ORIENTED_EDGE('',*,*,#5616,.F.);
#8144=ORIENTED_EDGE('',*,*,#5665,.F.);
#8145=ORIENTED_EDGE('',*,*,#5540,.F.);
#8146=ORIENTED_EDGE('',*,*,#5638,.T.);
#8147=ORIENTED_EDGE('',*,*,#5665,.T.);
#8148=ORIENTED_EDGE('',*,*,#5615,.F.);
#8149=ORIENTED_EDGE('',*,*,#5663,.F.);
#8150=ORIENTED_EDGE('',*,*,#5541,.F.);
#8151=ORIENTED_EDGE('',*,*,#5666,.F.);
#8152=ORIENTED_EDGE('',*,*,#5667,.T.);
#8153=ORIENTED_EDGE('',*,*,#5601,.T.);
#8154=ORIENTED_EDGE('',*,*,#5667,.F.);
#8155=ORIENTED_EDGE('',*,*,#5666,.T.);
#8156=CYLINDRICAL_SURFACE('',#8893,4.35);
#8157=CYLINDRICAL_SURFACE('',#8898,3.);
#8158=CYLINDRICAL_SURFACE('',#8907,1.625);
#8159=CYLINDRICAL_SURFACE('',#8922,2.9);
#8160=CYLINDRICAL_SURFACE('',#8924,0.5);
#8161=CYLINDRICAL_SURFACE('',#8927,0.5);
#8162=CYLINDRICAL_SURFACE('',#8930,0.5);
#8163=CYLINDRICAL_SURFACE('',#8932,0.5);
#8164=CYLINDRICAL_SURFACE('',#8934,0.5);
#8165=CYLINDRICAL_SURFACE('',#8937,0.5);
#8166=CYLINDRICAL_SURFACE('',#8940,0.5);
#8167=CYLINDRICAL_SURFACE('',#8942,0.5);
#8168=CYLINDRICAL_SURFACE('',#8943,0.5);
#8169=CYLINDRICAL_SURFACE('',#8945,0.5);
#8170=CYLINDRICAL_SURFACE('',#8946,0.5);
#8171=CYLINDRICAL_SURFACE('',#8947,0.5);
#8172=CYLINDRICAL_SURFACE('',#8955,0.5);
#8173=CYLINDRICAL_SURFACE('',#8958,0.5);
#8174=CYLINDRICAL_SURFACE('',#8961,0.5);
#8175=CYLINDRICAL_SURFACE('',#8963,0.5);
#8176=CYLINDRICAL_SURFACE('',#8965,0.5);
#8177=CYLINDRICAL_SURFACE('',#8968,0.5);
#8178=CYLINDRICAL_SURFACE('',#8970,0.5);
#8179=CYLINDRICAL_SURFACE('',#8972,0.5);
#8180=CYLINDRICAL_SURFACE('',#8974,0.5);
#8181=CYLINDRICAL_SURFACE('',#8976,0.5);
#8182=CYLINDRICAL_SURFACE('',#8977,0.5);
#8183=CYLINDRICAL_SURFACE('',#8978,0.5);
#8184=CYLINDRICAL_SURFACE('',#8989,6.5);
#8185=CYLINDRICAL_SURFACE('',#8992,2.9);
#8186=CYLINDRICAL_SURFACE('',#8994,2.3712736061);
#8187=CYLINDRICAL_SURFACE('',#8999,2.37127360614289);
#8188=CYLINDRICAL_SURFACE('',#9004,2.3712736061);
#8189=CYLINDRICAL_SURFACE('',#9009,2.37127360614289);
#8190=CYLINDRICAL_SURFACE('',#9019,1.625);
#8191=CYLINDRICAL_SURFACE('',#9021,3.);
#8192=CYLINDRICAL_SURFACE('',#9027,1.625);
#8193=CYLINDRICAL_SURFACE('',#9029,3.);
#8194=CYLINDRICAL_SURFACE('',#9035,1.625);
#8195=CYLINDRICAL_SURFACE('',#9037,3.);
#8196=CYLINDRICAL_SURFACE('',#9054,1.74186149250536);
#8197=CYLINDRICAL_SURFACE('',#9057,1.74186149250536);
#8198=CYLINDRICAL_SURFACE('',#9063,1.74186149250536);
#8199=CYLINDRICAL_SURFACE('',#9066,1.74186149250536);
#8200=CYLINDRICAL_SURFACE('',#9072,1.74186149250536);
#8201=CYLINDRICAL_SURFACE('',#9075,1.74186149250536);
#8202=CYLINDRICAL_SURFACE('',#9089,3.);
#8203=CYLINDRICAL_SURFACE('',#9106,3.);
#8204=CYLINDRICAL_SURFACE('',#9109,3.);
#8205=CYLINDRICAL_SURFACE('',#9111,3.);
#8206=CYLINDRICAL_SURFACE('',#9112,2.);
#8207=CYLINDRICAL_SURFACE('',#9116,1.75);
#8208=CYLINDRICAL_SURFACE('',#9117,1.75);
#8209=CYLINDRICAL_SURFACE('',#9120,2.);
#8210=CYLINDRICAL_SURFACE('',#9123,4.9);
#8211=CYLINDRICAL_SURFACE('',#9131,4.9);
#8212=CYLINDRICAL_SURFACE('',#9134,2.);
#8213=CYLINDRICAL_SURFACE('',#9137,5.);
#8214=CYLINDRICAL_SURFACE('',#9140,2.);
#8215=CYLINDRICAL_SURFACE('',#9143,3.);
#8216=CYLINDRICAL_SURFACE('',#9147,3.);
#8217=CYLINDRICAL_SURFACE('',#9150,2.00000000000002);
#8218=CYLINDRICAL_SURFACE('',#9153,3.);
#8219=CYLINDRICAL_SURFACE('',#9165,3.);
#8220=CYLINDRICAL_SURFACE('',#9166,1.75000000000001);
#8221=CYLINDRICAL_SURFACE('',#9167,1.75000000000001);
#8222=CYLINDRICAL_SURFACE('',#9170,2.);
#8223=CYLINDRICAL_SURFACE('',#9173,4.9);
#8224=CYLINDRICAL_SURFACE('',#9181,4.9);
#8225=CYLINDRICAL_SURFACE('',#9184,2.);
#8226=CYLINDRICAL_SURFACE('',#9187,5.);
#8227=CYLINDRICAL_SURFACE('',#9209,5.5);
#8228=CYLINDRICAL_SURFACE('',#9212,5.5);
#8229=CYLINDRICAL_SURFACE('',#9215,5.5);
#8230=CYLINDRICAL_SURFACE('',#9218,5.5);
#8231=CYLINDRICAL_SURFACE('',#9221,5.5);
#8232=CYLINDRICAL_SURFACE('',#9224,5.322);
#8233=CYLINDRICAL_SURFACE('',#9227,130.);
#8234=CYLINDRICAL_SURFACE('',#9230,130.);
#8235=CYLINDRICAL_SURFACE('',#9233,130.);
#8236=CYLINDRICAL_SURFACE('',#9242,45.);
#8237=CYLINDRICAL_SURFACE('',#9299,11.25);
#8238=CYLINDRICAL_SURFACE('',#9301,11.25);
#8239=CYLINDRICAL_SURFACE('',#9303,15.);
#8240=CYLINDRICAL_SURFACE('',#9316,11.25);
#8241=CYLINDRICAL_SURFACE('',#9318,11.25);
#8242=CYLINDRICAL_SURFACE('',#9320,15.);
#8243=CYLINDRICAL_SURFACE('',#9347,11.25);
#8244=CYLINDRICAL_SURFACE('',#9348,11.25);
#8245=CYLINDRICAL_SURFACE('',#9349,15.);
#8246=CYLINDRICAL_SURFACE('',#9350,1.8);
#8247=CYLINDRICAL_SURFACE('',#9353,1.8);
#8248=CYLINDRICAL_SURFACE('',#9354,1.8);
#8249=CYLINDRICAL_SURFACE('',#9357,1.8);
#8250=CYLINDRICAL_SURFACE('',#9358,1.8);
#8251=CYLINDRICAL_SURFACE('',#9360,1.8);
#8252=CYLINDRICAL_SURFACE('',#9362,1.8);
#8253=CYLINDRICAL_SURFACE('',#9364,1.8);
#8254=CYLINDRICAL_SURFACE('',#9377,1.8);
#8255=CYLINDRICAL_SURFACE('',#9378,1.8);
#8256=CYLINDRICAL_SURFACE('',#9379,1.8);
#8257=CYLINDRICAL_SURFACE('',#9380,1.8);
#8258=CYLINDRICAL_SURFACE('',#9383,2.);
#8259=CYLINDRICAL_SURFACE('',#9384,2.);
#8260=CYLINDRICAL_SURFACE('',#9385,2.);
#8261=CYLINDRICAL_SURFACE('',#9386,2.);
#8262=CYLINDRICAL_SURFACE('',#9387,1.8);
#8263=CYLINDRICAL_SURFACE('',#9388,1.8);
#8264=CYLINDRICAL_SURFACE('',#9389,1.8);
#8265=CYLINDRICAL_SURFACE('',#9390,2.);
#8266=CYLINDRICAL_SURFACE('',#9393,2.);
#8267=CYLINDRICAL_SURFACE('',#9396,2.);
#8268=CYLINDRICAL_SURFACE('',#9399,2.);
#8269=CYLINDRICAL_SURFACE('',#9402,25.359924588478);
#8270=CYLINDRICAL_SURFACE('',#9417,25.359924588478);
#8271=CYLINDRICAL_SURFACE('',#9421,25.359924588478);
#8272=CYLINDRICAL_SURFACE('',#9425,1.8);
#8273=CYLINDRICAL_SURFACE('',#9427,1.8);
#8274=CYLINDRICAL_SURFACE('',#9429,1.8);
#8275=CYLINDRICAL_SURFACE('',#9431,45.);
#8276=CYLINDRICAL_SURFACE('',#9437,4.);
#8277=CYLINDRICAL_SURFACE('',#9441,11.);
#8278=CYLINDRICAL_SURFACE('',#9445,4.);
#8279=CYLINDRICAL_SURFACE('',#9449,11.);
#8280=CYLINDRICAL_SURFACE('',#9450,4.25);
#8281=CYLINDRICAL_SURFACE('',#9473,19.285961324651);
#8282=CYLINDRICAL_SURFACE('',#9480,15.);
#8283=CYLINDRICAL_SURFACE('',#9482,1.97736932777628);
#8284=CYLINDRICAL_SURFACE('',#9484,1.64999999999999);
#8285=CYLINDRICAL_SURFACE('',#9486,1.64999999999999);
#8286=CYLINDRICAL_SURFACE('',#9498,40.);
#8287=CYLINDRICAL_SURFACE('',#9502,9.00000000000001);
#8288=CYLINDRICAL_SURFACE('',#9509,19.0262979636856);
#8289=CYLINDRICAL_SURFACE('',#9524,9.);
#8290=CYLINDRICAL_SURFACE('',#9526,15.);
#8291=CYLINDRICAL_SURFACE('',#9528,15.);
#8292=CYLINDRICAL_SURFACE('',#9530,15.);
#8293=CYLINDRICAL_SURFACE('',#9535,3.57127360610001);
#8294=CYLINDRICAL_SURFACE('',#9539,19.285961324651);
#8295=CYLINDRICAL_SURFACE('',#9540,19.285961324651);
#8296=CYLINDRICAL_SURFACE('',#9541,3.57127360614288);
#8297=CYLINDRICAL_SURFACE('',#9542,19.285961324651);
#8298=CYLINDRICAL_SURFACE('',#9543,3.57127360614288);
#8299=CYLINDRICAL_SURFACE('',#9545,3.57127360614289);
#8300=CYLINDRICAL_SURFACE('',#9546,19.285961324651);
#8301=CYLINDRICAL_SURFACE('',#9548,3.57127360610001);
#8302=CYLINDRICAL_SURFACE('',#9550,3.57127360610001);
#8303=CYLINDRICAL_SURFACE('',#9551,3.25);
#8304=CYLINDRICAL_SURFACE('',#9557,4.);
#8305=CYLINDRICAL_SURFACE('',#9561,11.);
#8306=CYLINDRICAL_SURFACE('',#9565,4.);
#8307=CYLINDRICAL_SURFACE('',#9569,11.);
#8308=CYLINDRICAL_SURFACE('',#9597,15.);
#8309=CYLINDRICAL_SURFACE('',#9599,1.97736932777628);
#8310=CYLINDRICAL_SURFACE('',#9601,1.64999999999999);
#8311=CYLINDRICAL_SURFACE('',#9603,1.64999999999999);
#8312=CYLINDRICAL_SURFACE('',#9615,40.);
#8313=CYLINDRICAL_SURFACE('',#9619,9.00000000000001);
#8314=CYLINDRICAL_SURFACE('',#9626,19.0262979636856);
#8315=CYLINDRICAL_SURFACE('',#9641,9.);
#8316=CYLINDRICAL_SURFACE('',#9643,15.);
#8317=CYLINDRICAL_SURFACE('',#9645,15.);
#8318=CYLINDRICAL_SURFACE('',#9647,15.);
#8319=CYLINDRICAL_SURFACE('',#9652,3.57127360610001);
#8320=CYLINDRICAL_SURFACE('',#9653,19.285961324651);
#8321=CYLINDRICAL_SURFACE('',#9654,3.57127360614289);
#8322=CYLINDRICAL_SURFACE('',#9658,19.285961324651);
#8323=CYLINDRICAL_SURFACE('',#9659,19.285961324651);
#8324=CYLINDRICAL_SURFACE('',#9660,3.57127360614289);
#8325=CYLINDRICAL_SURFACE('',#9661,19.285961324651);
#8326=CYLINDRICAL_SURFACE('',#9662,3.57127360614289);
#8327=CYLINDRICAL_SURFACE('',#9664,3.57127360614289);
#8328=CYLINDRICAL_SURFACE('',#9665,19.285961324651);
#8329=CYLINDRICAL_SURFACE('',#9667,3.57127360610001);
#8330=CYLINDRICAL_SURFACE('',#9669,3.57127360610001);
#8331=CYLINDRICAL_SURFACE('',#9670,3.25);
#8332=CYLINDRICAL_SURFACE('',#9700,15.);
#8333=CYLINDRICAL_SURFACE('',#9702,1.97736932777628);
#8334=CYLINDRICAL_SURFACE('',#9704,1.64999999999999);
#8335=CYLINDRICAL_SURFACE('',#9706,1.64999999999999);
#8336=CYLINDRICAL_SURFACE('',#9718,40.);
#8337=CYLINDRICAL_SURFACE('',#9722,9.00000000000001);
#8338=CYLINDRICAL_SURFACE('',#9729,19.0262979636856);
#8339=CYLINDRICAL_SURFACE('',#9744,9.);
#8340=CYLINDRICAL_SURFACE('',#9746,15.);
#8341=CYLINDRICAL_SURFACE('',#9748,15.);
#8342=CYLINDRICAL_SURFACE('',#9750,15.);
#8343=CYLINDRICAL_SURFACE('',#9755,3.57127360610001);
#8344=CYLINDRICAL_SURFACE('',#9756,19.285961324651);
#8345=CYLINDRICAL_SURFACE('',#9757,3.57127360614289);
#8346=CYLINDRICAL_SURFACE('',#9761,19.285961324651);
#8347=CYLINDRICAL_SURFACE('',#9762,19.285961324651);
#8348=CYLINDRICAL_SURFACE('',#9763,3.57127360614288);
#8349=CYLINDRICAL_SURFACE('',#9764,19.285961324651);
#8350=CYLINDRICAL_SURFACE('',#9765,3.57127360614288);
#8351=CYLINDRICAL_SURFACE('',#9767,3.57127360614289);
#8352=CYLINDRICAL_SURFACE('',#9768,19.285961324651);
#8353=CYLINDRICAL_SURFACE('',#9770,3.57127360610001);
#8354=CYLINDRICAL_SURFACE('',#9772,3.57127360610001);
#8355=CYLINDRICAL_SURFACE('',#9773,3.25);
#8356=ADVANCED_FACE('',(#588),#8156,.T.);
#8357=ADVANCED_FACE('',(#589,#206),#335,.F.);
#8358=ADVANCED_FACE('',(#590),#8157,.T.);
#8359=ADVANCED_FACE('',(#591,#207),#336,.F.);
#8360=ADVANCED_FACE('',(#592),#8158,.F.);
#8361=ADVANCED_FACE('',(#593,#208),#337,.T.);
#8362=ADVANCED_FACE('',(#594),#338,.T.);
#8363=ADVANCED_FACE('',(#595),#339,.T.);
#8364=ADVANCED_FACE('',(#596),#340,.T.);
#8365=ADVANCED_FACE('',(#597),#341,.T.);
#8366=ADVANCED_FACE('',(#598),#342,.T.);
#8367=ADVANCED_FACE('',(#599),#343,.T.);
#8368=ADVANCED_FACE('',(#600),#344,.T.);
#8369=ADVANCED_FACE('',(#601),#345,.T.);
#8370=ADVANCED_FACE('',(#602),#8159,.T.);
#8371=ADVANCED_FACE('',(#603),#8160,.T.);
#8372=ADVANCED_FACE('',(#604),#8161,.T.);
#8373=ADVANCED_FACE('',(#605),#8162,.T.);
#8374=ADVANCED_FACE('',(#606),#8163,.T.);
#8375=ADVANCED_FACE('',(#607),#8164,.T.);
#8376=ADVANCED_FACE('',(#608),#8165,.T.);
#8377=ADVANCED_FACE('',(#609),#8166,.T.);
#8378=ADVANCED_FACE('',(#610),#8167,.T.);
#8379=ADVANCED_FACE('',(#611),#8168,.T.);
#8380=ADVANCED_FACE('',(#612),#8169,.T.);
#8381=ADVANCED_FACE('',(#613),#8170,.T.);
#8382=ADVANCED_FACE('',(#614),#8171,.T.);
#8383=ADVANCED_FACE('',(#615),#346,.T.);
#8384=ADVANCED_FACE('',(#616),#347,.T.);
#8385=ADVANCED_FACE('',(#617),#348,.T.);
#8386=ADVANCED_FACE('',(#618),#349,.F.);
#8387=ADVANCED_FACE('',(#619),#350,.T.);
#8388=ADVANCED_FACE('',(#620),#8172,.T.);
#8389=ADVANCED_FACE('',(#621),#8173,.T.);
#8390=ADVANCED_FACE('',(#622),#8174,.T.);
#8391=ADVANCED_FACE('',(#623),#8175,.T.);
#8392=ADVANCED_FACE('',(#624),#8176,.T.);
#8393=ADVANCED_FACE('',(#625),#8177,.T.);
#8394=ADVANCED_FACE('',(#626),#8178,.T.);
#8395=ADVANCED_FACE('',(#627),#8179,.T.);
#8396=ADVANCED_FACE('',(#628),#8180,.T.);
#8397=ADVANCED_FACE('',(#629),#8181,.T.);
#8398=ADVANCED_FACE('',(#630),#8182,.T.);
#8399=ADVANCED_FACE('',(#631),#8183,.T.);
#8400=ADVANCED_FACE('',(#632,#209),#351,.T.);
#8401=ADVANCED_FACE('',(#633),#352,.T.);
#8402=ADVANCED_FACE('',(#634),#353,.T.);
#8403=ADVANCED_FACE('',(#635),#354,.T.);
#8404=ADVANCED_FACE('',(#636),#355,.T.);
#8405=ADVANCED_FACE('',(#637),#356,.T.);
#8406=ADVANCED_FACE('',(#638),#8184,.T.);
#8407=ADVANCED_FACE('',(#639,#210),#357,.T.);
#8408=ADVANCED_FACE('',(#640),#8185,.F.);
#8409=ADVANCED_FACE('',(#641),#8186,.T.);
#8410=ADVANCED_FACE('',(#642),#358,.T.);
#8411=ADVANCED_FACE('',(#643),#359,.T.);
#8412=ADVANCED_FACE('',(#644),#8187,.T.);
#8413=ADVANCED_FACE('',(#645),#360,.T.);
#8414=ADVANCED_FACE('',(#646),#361,.T.);
#8415=ADVANCED_FACE('',(#647),#8188,.T.);
#8416=ADVANCED_FACE('',(#648),#362,.T.);
#8417=ADVANCED_FACE('',(#649),#363,.T.);
#8418=ADVANCED_FACE('',(#650),#8189,.T.);
#8419=ADVANCED_FACE('',(#651),#364,.T.);
#8420=ADVANCED_FACE('',(#652),#365,.T.);
#8421=ADVANCED_FACE('',(#653,#211),#366,.T.);
#8422=ADVANCED_FACE('',(#654,#212),#367,.F.);
#8423=ADVANCED_FACE('',(#655,#213),#368,.F.);
#8424=ADVANCED_FACE('',(#656),#8190,.F.);
#8425=ADVANCED_FACE('',(#657,#214),#8191,.T.);
#8426=ADVANCED_FACE('',(#658,#215),#369,.T.);
#8427=ADVANCED_FACE('',(#659,#216),#370,.F.);
#8428=ADVANCED_FACE('',(#660),#8192,.F.);
#8429=ADVANCED_FACE('',(#661,#217),#8193,.T.);
#8430=ADVANCED_FACE('',(#662,#218),#371,.T.);
#8431=ADVANCED_FACE('',(#663,#219),#372,.F.);
#8432=ADVANCED_FACE('',(#664),#8194,.F.);
#8433=ADVANCED_FACE('',(#665),#8195,.T.);
#8434=ADVANCED_FACE('',(#666,#220),#373,.T.);
#8435=ADVANCED_FACE('',(#667),#374,.F.);
#8436=ADVANCED_FACE('',(#668),#375,.T.);
#8437=ADVANCED_FACE('',(#669),#376,.F.);
#8438=ADVANCED_FACE('',(#670),#377,.F.);
#8439=ADVANCED_FACE('',(#671),#8196,.F.);
#8440=ADVANCED_FACE('',(#672),#8197,.F.);
#8441=ADVANCED_FACE('',(#673,#221),#378,.F.);
#8442=ADVANCED_FACE('',(#674,#222),#379,.F.);
#8443=ADVANCED_FACE('',(#675),#380,.T.);
#8444=ADVANCED_FACE('',(#676),#8198,.F.);
#8445=ADVANCED_FACE('',(#677),#8199,.F.);
#8446=ADVANCED_FACE('',(#678,#223),#381,.F.);
#8447=ADVANCED_FACE('',(#679,#224),#382,.F.);
#8448=ADVANCED_FACE('',(#680),#383,.T.);
#8449=ADVANCED_FACE('',(#681),#8200,.F.);
#8450=ADVANCED_FACE('',(#682),#8201,.F.);
#8451=ADVANCED_FACE('',(#683,#225),#384,.F.);
#8452=ADVANCED_FACE('',(#684,#226),#385,.F.);
#8453=ADVANCED_FACE('',(#685),#386,.F.);
#8454=ADVANCED_FACE('',(#686),#387,.T.);
#8455=ADVANCED_FACE('',(#687,#227,#228),#388,.T.);
#8456=ADVANCED_FACE('',(#688),#389,.T.);
#8457=ADVANCED_FACE('',(#689,#229,#230),#390,.T.);
#8458=ADVANCED_FACE('',(#690),#391,.T.);
#8459=ADVANCED_FACE('',(#691,#231,#232),#392,.T.);
#8460=ADVANCED_FACE('',(#692),#393,.T.);
#8461=ADVANCED_FACE('',(#693),#8202,.T.);
#8462=ADVANCED_FACE('',(#694,#233),#394,.T.);
#8463=ADVANCED_FACE('',(#695),#395,.T.);
#8464=ADVANCED_FACE('',(#696),#396,.T.);
#8465=ADVANCED_FACE('',(#697,#234),#397,.T.);
#8466=ADVANCED_FACE('',(#698),#8203,.T.);
#8467=ADVANCED_FACE('',(#699),#398,.F.);
#8468=ADVANCED_FACE('',(#700),#8204,.T.);
#8469=ADVANCED_FACE('',(#701),#399,.T.);
#8470=ADVANCED_FACE('',(#702),#8205,.T.);
#8471=ADVANCED_FACE('',(#703,#235),#8206,.F.);
#8472=ADVANCED_FACE('',(#704),#8207,.F.);
#8473=ADVANCED_FACE('',(#705),#8208,.F.);
#8474=ADVANCED_FACE('',(#706),#400,.T.);
#8475=ADVANCED_FACE('',(#707),#401,.F.);
#8476=ADVANCED_FACE('',(#708),#8209,.F.);
#8477=ADVANCED_FACE('',(#709),#8210,.T.);
#8478=ADVANCED_FACE('',(#710),#402,.T.);
#8479=ADVANCED_FACE('',(#711,#236,#237),#403,.F.);
#8480=ADVANCED_FACE('',(#712),#8211,.T.);
#8481=ADVANCED_FACE('',(#713),#404,.T.);
#8482=ADVANCED_FACE('',(#714),#8212,.F.);
#8483=ADVANCED_FACE('',(#715),#405,.T.);
#8484=ADVANCED_FACE('',(#716),#8213,.T.);
#8485=ADVANCED_FACE('',(#717,#238,#239),#406,.T.);
#8486=ADVANCED_FACE('',(#718,#240),#8214,.F.);
#8487=ADVANCED_FACE('',(#719),#8215,.T.);
#8488=ADVANCED_FACE('',(#720),#407,.T.);
#8489=ADVANCED_FACE('',(#721),#8216,.T.);
#8490=ADVANCED_FACE('',(#722,#241),#8217,.F.);
#8491=ADVANCED_FACE('',(#723),#8218,.T.);
#8492=ADVANCED_FACE('',(#724),#408,.F.);
#8493=ADVANCED_FACE('',(#725,#242),#409,.T.);
#8494=ADVANCED_FACE('',(#726),#410,.T.);
#8495=ADVANCED_FACE('',(#727,#243),#411,.T.);
#8496=ADVANCED_FACE('',(#728),#412,.T.);
#8497=ADVANCED_FACE('',(#729),#8219,.T.);
#8498=ADVANCED_FACE('',(#730),#8220,.F.);
#8499=ADVANCED_FACE('',(#731),#8221,.F.);
#8500=ADVANCED_FACE('',(#732),#413,.T.);
#8501=ADVANCED_FACE('',(#733),#414,.F.);
#8502=ADVANCED_FACE('',(#734),#8222,.F.);
#8503=ADVANCED_FACE('',(#735),#8223,.T.);
#8504=ADVANCED_FACE('',(#736),#415,.T.);
#8505=ADVANCED_FACE('',(#737,#244,#245),#416,.F.);
#8506=ADVANCED_FACE('',(#738),#8224,.T.);
#8507=ADVANCED_FACE('',(#739),#417,.T.);
#8508=ADVANCED_FACE('',(#740),#8225,.F.);
#8509=ADVANCED_FACE('',(#741),#418,.T.);
#8510=ADVANCED_FACE('',(#742),#8226,.T.);
#8511=ADVANCED_FACE('',(#743,#246,#247),#419,.T.);
#8512=ADVANCED_FACE('',(#744,#248,#249),#420,.F.);
#8513=ADVANCED_FACE('',(#745,#250),#421,.F.);
#8514=ADVANCED_FACE('',(#746),#422,.F.);
#8515=ADVANCED_FACE('',(#747,#251,#252),#423,.F.);
#8516=ADVANCED_FACE('',(#748),#424,.F.);
#8517=ADVANCED_FACE('',(#749,#253,#254),#425,.F.);
#8518=ADVANCED_FACE('',(#750,#255),#426,.F.);
#8519=ADVANCED_FACE('',(#751),#427,.F.);
#8520=ADVANCED_FACE('',(#752),#8227,.F.);
#8521=ADVANCED_FACE('',(#753),#8228,.F.);
#8522=ADVANCED_FACE('',(#754),#8229,.F.);
#8523=ADVANCED_FACE('',(#755),#8230,.F.);
#8524=ADVANCED_FACE('',(#756),#8231,.F.);
#8525=ADVANCED_FACE('',(#757),#8232,.F.);
#8526=ADVANCED_FACE('',(#758),#8233,.F.);
#8527=ADVANCED_FACE('',(#759),#8234,.F.);
#8528=ADVANCED_FACE('',(#760),#8235,.F.);
#8529=ADVANCED_FACE('',(#761),#428,.T.);
#8530=ADVANCED_FACE('',(#762),#429,.T.);
#8531=ADVANCED_FACE('',(#763),#430,.T.);
#8532=ADVANCED_FACE('',(#764),#8236,.T.);
#8533=ADVANCED_FACE('',(#765,#256,#257,#258,#259,#260,#261,#262),#431,.T.);
#8534=ADVANCED_FACE('',(#766),#432,.F.);
#8535=ADVANCED_FACE('',(#767),#433,.F.);
#8536=ADVANCED_FACE('',(#768),#434,.F.);
#8537=ADVANCED_FACE('',(#769),#435,.F.);
#8538=ADVANCED_FACE('',(#770),#436,.F.);
#8539=ADVANCED_FACE('',(#771),#437,.F.);
#8540=ADVANCED_FACE('',(#772),#438,.F.);
#8541=ADVANCED_FACE('',(#773),#439,.F.);
#8542=ADVANCED_FACE('',(#774,#263,#264,#265,#266),#440,.F.);
#8543=ADVANCED_FACE('',(#775),#441,.F.);
#8544=ADVANCED_FACE('',(#776),#442,.F.);
#8545=ADVANCED_FACE('',(#777),#443,.F.);
#8546=ADVANCED_FACE('',(#778),#444,.F.);
#8547=ADVANCED_FACE('',(#779),#445,.F.);
#8548=ADVANCED_FACE('',(#780,#267),#446,.F.);
#8549=ADVANCED_FACE('',(#781),#447,.F.);
#8550=ADVANCED_FACE('',(#782),#448,.F.);
#8551=ADVANCED_FACE('',(#783),#449,.F.);
#8552=ADVANCED_FACE('',(#784,#268),#450,.F.);
#8553=ADVANCED_FACE('',(#785),#451,.F.);
#8554=ADVANCED_FACE('',(#786),#452,.F.);
#8555=ADVANCED_FACE('',(#787,#269),#453,.F.);
#8556=ADVANCED_FACE('',(#788),#454,.T.);
#8557=ADVANCED_FACE('',(#789),#455,.T.);
#8558=ADVANCED_FACE('',(#790),#456,.T.);
#8559=ADVANCED_FACE('',(#791),#20,.T.);
#8560=ADVANCED_FACE('',(#792),#21,.T.);
#8561=ADVANCED_FACE('',(#793),#457,.F.);
#8562=ADVANCED_FACE('',(#794),#458,.F.);
#8563=ADVANCED_FACE('',(#795),#8237,.F.);
#8564=ADVANCED_FACE('',(#796),#8238,.F.);
#8565=ADVANCED_FACE('',(#797),#8239,.T.);
#8566=ADVANCED_FACE('',(#798,#270),#459,.T.);
#8567=ADVANCED_FACE('',(#799),#22,.T.);
#8568=ADVANCED_FACE('',(#800),#23,.T.);
#8569=ADVANCED_FACE('',(#801),#460,.T.);
#8570=ADVANCED_FACE('',(#802),#461,.F.);
#8571=ADVANCED_FACE('',(#803),#8240,.F.);
#8572=ADVANCED_FACE('',(#804),#8241,.F.);
#8573=ADVANCED_FACE('',(#805),#8242,.T.);
#8574=ADVANCED_FACE('',(#806,#271),#462,.T.);
#8575=ADVANCED_FACE('',(#807),#463,.F.);
#8576=ADVANCED_FACE('',(#808,#272,#273),#464,.F.);
#8577=ADVANCED_FACE('',(#809,#274),#465,.T.);
#8578=ADVANCED_FACE('',(#810),#466,.F.);
#8579=ADVANCED_FACE('',(#811),#467,.F.);
#8580=ADVANCED_FACE('',(#812,#275),#468,.F.);
#8581=ADVANCED_FACE('',(#813),#24,.T.);
#8582=ADVANCED_FACE('',(#814),#25,.T.);
#8583=ADVANCED_FACE('',(#815),#469,.F.);
#8584=ADVANCED_FACE('',(#816),#470,.F.);
#8585=ADVANCED_FACE('',(#817),#8243,.F.);
#8586=ADVANCED_FACE('',(#818),#8244,.F.);
#8587=ADVANCED_FACE('',(#819),#8245,.T.);
#8588=ADVANCED_FACE('',(#820),#8246,.F.);
#8589=ADVANCED_FACE('',(#821),#8247,.F.);
#8590=ADVANCED_FACE('',(#822),#8248,.F.);
#8591=ADVANCED_FACE('',(#823),#8249,.F.);
#8592=ADVANCED_FACE('',(#824),#8250,.F.);
#8593=ADVANCED_FACE('',(#825),#8251,.F.);
#8594=ADVANCED_FACE('',(#826),#8252,.F.);
#8595=ADVANCED_FACE('',(#827),#8253,.F.);
#8596=ADVANCED_FACE('',(#828,#276,#277),#471,.F.);
#8597=ADVANCED_FACE('',(#829),#472,.T.);
#8598=ADVANCED_FACE('',(#830),#473,.T.);
#8599=ADVANCED_FACE('',(#831,#278,#279),#474,.F.);
#8600=ADVANCED_FACE('',(#832),#475,.T.);
#8601=ADVANCED_FACE('',(#833,#280,#281),#476,.F.);
#8602=ADVANCED_FACE('',(#834,#282,#283),#477,.F.);
#8603=ADVANCED_FACE('',(#835,#284,#285),#478,.F.);
#8604=ADVANCED_FACE('',(#836),#479,.T.);
#8605=ADVANCED_FACE('',(#837),#8254,.F.);
#8606=ADVANCED_FACE('',(#838),#8255,.F.);
#8607=ADVANCED_FACE('',(#839),#8256,.F.);
#8608=ADVANCED_FACE('',(#840),#8257,.F.);
#8609=ADVANCED_FACE('',(#841),#480,.T.);
#8610=ADVANCED_FACE('',(#842),#481,.T.);
#8611=ADVANCED_FACE('',(#843),#8258,.F.);
#8612=ADVANCED_FACE('',(#844),#8259,.F.);
#8613=ADVANCED_FACE('',(#845),#8260,.F.);
#8614=ADVANCED_FACE('',(#846),#8261,.F.);
#8615=ADVANCED_FACE('',(#847),#8262,.F.);
#8616=ADVANCED_FACE('',(#848),#8263,.F.);
#8617=ADVANCED_FACE('',(#849),#8264,.F.);
#8618=ADVANCED_FACE('',(#850),#8265,.F.);
#8619=ADVANCED_FACE('',(#851),#8266,.F.);
#8620=ADVANCED_FACE('',(#852),#8267,.F.);
#8621=ADVANCED_FACE('',(#853),#8268,.F.);
#8622=ADVANCED_FACE('',(#854),#8269,.F.);
#8623=ADVANCED_FACE('',(#855),#482,.T.);
#8624=ADVANCED_FACE('',(#856,#286,#287,#288,#289,#290,#291,#292),#483,.T.);
#8625=ADVANCED_FACE('',(#857),#8270,.F.);
#8626=ADVANCED_FACE('',(#858),#484,.T.);
#8627=ADVANCED_FACE('',(#859),#8271,.F.);
#8628=ADVANCED_FACE('',(#860),#485,.T.);
#8629=ADVANCED_FACE('',(#861),#8272,.F.);
#8630=ADVANCED_FACE('',(#862),#8273,.F.);
#8631=ADVANCED_FACE('',(#863),#8274,.F.);
#8632=ADVANCED_FACE('',(#864),#8275,.T.);
#8633=ADVANCED_FACE('',(#865,#293,#294,#295,#296,#297,#298,#299),#486,.F.);
#8634=ADVANCED_FACE('',(#866,#300),#487,.T.);
#8635=ADVANCED_FACE('',(#867),#8276,.F.);
#8636=ADVANCED_FACE('',(#868,#301),#488,.F.);
#8637=ADVANCED_FACE('',(#869),#8277,.T.);
#8638=ADVANCED_FACE('',(#870,#302),#489,.T.);
#8639=ADVANCED_FACE('',(#871),#8278,.F.);
#8640=ADVANCED_FACE('',(#872,#303),#490,.F.);
#8641=ADVANCED_FACE('',(#873),#8279,.T.);
#8642=ADVANCED_FACE('',(#874),#8280,.T.);
#8643=ADVANCED_FACE('',(#875,#304,#305,#306,#307),#491,.T.);
#8644=ADVANCED_FACE('',(#876),#8281,.T.);
#8645=ADVANCED_FACE('',(#877),#492,.T.);
#8646=ADVANCED_FACE('',(#878),#493,.F.);
#8647=ADVANCED_FACE('',(#879),#494,.F.);
#8648=ADVANCED_FACE('',(#880),#495,.T.);
#8649=ADVANCED_FACE('',(#881),#8282,.T.);
#8650=ADVANCED_FACE('',(#882),#8283,.F.);
#8651=ADVANCED_FACE('',(#883),#8284,.F.);
#8652=ADVANCED_FACE('',(#884),#8285,.F.);
#8653=ADVANCED_FACE('',(#885),#496,.T.);
#8654=ADVANCED_FACE('',(#886),#497,.T.);
#8655=ADVANCED_FACE('',(#887),#498,.T.);
#8656=ADVANCED_FACE('',(#888),#499,.T.);
#8657=ADVANCED_FACE('',(#889),#500,.T.);
#8658=ADVANCED_FACE('',(#890),#501,.T.);
#8659=ADVANCED_FACE('',(#891,#308),#502,.T.);
#8660=ADVANCED_FACE('',(#892),#8286,.T.);
#8661=ADVANCED_FACE('',(#893),#503,.T.);
#8662=ADVANCED_FACE('',(#894),#8287,.T.);
#8663=ADVANCED_FACE('',(#895,#309,#310),#504,.F.);
#8664=ADVANCED_FACE('',(#896),#505,.T.);
#8665=ADVANCED_FACE('',(#897),#506,.F.);
#8666=ADVANCED_FACE('',(#898),#8288,.T.);
#8667=ADVANCED_FACE('',(#899,#311),#507,.T.);
#8668=ADVANCED_FACE('',(#900),#508,.T.);
#8669=ADVANCED_FACE('',(#901),#509,.T.);
#8670=ADVANCED_FACE('',(#902),#510,.T.);
#8671=ADVANCED_FACE('',(#903),#8289,.T.);
#8672=ADVANCED_FACE('',(#904),#511,.T.);
#8673=ADVANCED_FACE('',(#905),#8290,.T.);
#8674=ADVANCED_FACE('',(#906),#8291,.T.);
#8675=ADVANCED_FACE('',(#907),#8292,.T.);
#8676=ADVANCED_FACE('',(#908,#312),#512,.F.);
#8677=ADVANCED_FACE('',(#909),#513,.T.);
#8678=ADVANCED_FACE('',(#910),#514,.T.);
#8679=ADVANCED_FACE('',(#911),#8293,.F.);
#8680=ADVANCED_FACE('',(#912),#515,.T.);
#8681=ADVANCED_FACE('',(#913),#516,.T.);
#8682=ADVANCED_FACE('',(#914),#517,.T.);
#8683=ADVANCED_FACE('',(#915),#8294,.T.);
#8684=ADVANCED_FACE('',(#916),#8295,.T.);
#8685=ADVANCED_FACE('',(#917),#8296,.F.);
#8686=ADVANCED_FACE('',(#918),#8297,.F.);
#8687=ADVANCED_FACE('',(#919),#8298,.F.);
#8688=ADVANCED_FACE('',(#920),#518,.T.);
#8689=ADVANCED_FACE('',(#921),#8299,.F.);
#8690=ADVANCED_FACE('',(#922),#8300,.F.);
#8691=ADVANCED_FACE('',(#923),#519,.T.);
#8692=ADVANCED_FACE('',(#924),#8301,.F.);
#8693=ADVANCED_FACE('',(#925),#520,.T.);
#8694=ADVANCED_FACE('',(#926),#8302,.F.);
#8695=ADVANCED_FACE('',(#927),#8303,.T.);
#8696=ADVANCED_FACE('',(#928),#521,.F.);
#8697=ADVANCED_FACE('',(#929,#313),#522,.T.);
#8698=ADVANCED_FACE('',(#930),#8304,.F.);
#8699=ADVANCED_FACE('',(#931,#314),#523,.F.);
#8700=ADVANCED_FACE('',(#932),#8305,.T.);
#8701=ADVANCED_FACE('',(#933,#315),#524,.T.);
#8702=ADVANCED_FACE('',(#934),#8306,.F.);
#8703=ADVANCED_FACE('',(#935,#316),#525,.F.);
#8704=ADVANCED_FACE('',(#936),#8307,.T.);
#8705=ADVANCED_FACE('',(#937),#526,.F.);
#8706=ADVANCED_FACE('',(#938),#527,.F.);
#8707=ADVANCED_FACE('',(#939),#528,.T.);
#8708=ADVANCED_FACE('',(#940,#317,#318,#319,#320),#529,.T.);
#8709=ADVANCED_FACE('',(#941),#530,.T.);
#8710=ADVANCED_FACE('',(#942),#8308,.T.);
#8711=ADVANCED_FACE('',(#943),#8309,.F.);
#8712=ADVANCED_FACE('',(#944),#8310,.F.);
#8713=ADVANCED_FACE('',(#945),#8311,.F.);
#8714=ADVANCED_FACE('',(#946),#531,.T.);
#8715=ADVANCED_FACE('',(#947),#532,.T.);
#8716=ADVANCED_FACE('',(#948),#533,.T.);
#8717=ADVANCED_FACE('',(#949),#534,.T.);
#8718=ADVANCED_FACE('',(#950),#535,.T.);
#8719=ADVANCED_FACE('',(#951),#536,.T.);
#8720=ADVANCED_FACE('',(#952,#321),#537,.T.);
#8721=ADVANCED_FACE('',(#953),#8312,.T.);
#8722=ADVANCED_FACE('',(#954),#538,.T.);
#8723=ADVANCED_FACE('',(#955),#8313,.T.);
#8724=ADVANCED_FACE('',(#956,#322,#323),#539,.F.);
#8725=ADVANCED_FACE('',(#957),#540,.T.);
#8726=ADVANCED_FACE('',(#958),#541,.F.);
#8727=ADVANCED_FACE('',(#959),#8314,.T.);
#8728=ADVANCED_FACE('',(#960,#324),#542,.T.);
#8729=ADVANCED_FACE('',(#961),#543,.T.);
#8730=ADVANCED_FACE('',(#962),#544,.T.);
#8731=ADVANCED_FACE('',(#963),#545,.T.);
#8732=ADVANCED_FACE('',(#964),#8315,.T.);
#8733=ADVANCED_FACE('',(#965),#546,.T.);
#8734=ADVANCED_FACE('',(#966),#8316,.T.);
#8735=ADVANCED_FACE('',(#967),#8317,.T.);
#8736=ADVANCED_FACE('',(#968),#8318,.T.);
#8737=ADVANCED_FACE('',(#969,#325),#547,.F.);
#8738=ADVANCED_FACE('',(#970),#548,.T.);
#8739=ADVANCED_FACE('',(#971),#549,.T.);
#8740=ADVANCED_FACE('',(#972),#8319,.F.);
#8741=ADVANCED_FACE('',(#973),#8320,.T.);
#8742=ADVANCED_FACE('',(#974),#8321,.F.);
#8743=ADVANCED_FACE('',(#975),#550,.T.);
#8744=ADVANCED_FACE('',(#976),#551,.T.);
#8745=ADVANCED_FACE('',(#977),#552,.T.);
#8746=ADVANCED_FACE('',(#978),#8322,.T.);
#8747=ADVANCED_FACE('',(#979),#8323,.T.);
#8748=ADVANCED_FACE('',(#980),#8324,.F.);
#8749=ADVANCED_FACE('',(#981),#8325,.F.);
#8750=ADVANCED_FACE('',(#982),#8326,.F.);
#8751=ADVANCED_FACE('',(#983),#553,.T.);
#8752=ADVANCED_FACE('',(#984),#8327,.F.);
#8753=ADVANCED_FACE('',(#985),#8328,.F.);
#8754=ADVANCED_FACE('',(#986),#554,.T.);
#8755=ADVANCED_FACE('',(#987),#8329,.F.);
#8756=ADVANCED_FACE('',(#988),#555,.T.);
#8757=ADVANCED_FACE('',(#989),#8330,.F.);
#8758=ADVANCED_FACE('',(#990),#8331,.T.);
#8759=ADVANCED_FACE('',(#991),#556,.F.);
#8760=ADVANCED_FACE('',(#992),#557,.F.);
#8761=ADVANCED_FACE('',(#993),#558,.F.);
#8762=ADVANCED_FACE('',(#994),#559,.T.);
#8763=ADVANCED_FACE('',(#995,#326,#327,#328,#329),#560,.T.);
#8764=ADVANCED_FACE('',(#996),#561,.T.);
#8765=ADVANCED_FACE('',(#997),#8332,.T.);
#8766=ADVANCED_FACE('',(#998),#8333,.F.);
#8767=ADVANCED_FACE('',(#999),#8334,.F.);
#8768=ADVANCED_FACE('',(#1000),#8335,.F.);
#8769=ADVANCED_FACE('',(#1001),#562,.T.);
#8770=ADVANCED_FACE('',(#1002),#563,.T.);
#8771=ADVANCED_FACE('',(#1003),#564,.T.);
#8772=ADVANCED_FACE('',(#1004),#565,.T.);
#8773=ADVANCED_FACE('',(#1005),#566,.T.);
#8774=ADVANCED_FACE('',(#1006),#567,.T.);
#8775=ADVANCED_FACE('',(#1007,#330),#568,.T.);
#8776=ADVANCED_FACE('',(#1008),#8336,.T.);
#8777=ADVANCED_FACE('',(#1009),#569,.T.);
#8778=ADVANCED_FACE('',(#1010),#8337,.T.);
#8779=ADVANCED_FACE('',(#1011,#331,#332),#570,.F.);
#8780=ADVANCED_FACE('',(#1012),#571,.T.);
#8781=ADVANCED_FACE('',(#1013),#572,.F.);
#8782=ADVANCED_FACE('',(#1014),#8338,.T.);
#8783=ADVANCED_FACE('',(#1015,#333),#573,.T.);
#8784=ADVANCED_FACE('',(#1016),#574,.T.);
#8785=ADVANCED_FACE('',(#1017),#575,.T.);
#8786=ADVANCED_FACE('',(#1018),#576,.T.);
#8787=ADVANCED_FACE('',(#1019),#8339,.T.);
#8788=ADVANCED_FACE('',(#1020),#577,.T.);
#8789=ADVANCED_FACE('',(#1021),#8340,.T.);
#8790=ADVANCED_FACE('',(#1022),#8341,.T.);
#8791=ADVANCED_FACE('',(#1023),#8342,.T.);
#8792=ADVANCED_FACE('',(#1024,#334),#578,.F.);
#8793=ADVANCED_FACE('',(#1025),#579,.T.);
#8794=ADVANCED_FACE('',(#1026),#580,.T.);
#8795=ADVANCED_FACE('',(#1027),#8343,.F.);
#8796=ADVANCED_FACE('',(#1028),#8344,.T.);
#8797=ADVANCED_FACE('',(#1029),#8345,.F.);
#8798=ADVANCED_FACE('',(#1030),#581,.T.);
#8799=ADVANCED_FACE('',(#1031),#582,.T.);
#8800=ADVANCED_FACE('',(#1032),#583,.T.);
#8801=ADVANCED_FACE('',(#1033),#8346,.T.);
#8802=ADVANCED_FACE('',(#1034),#8347,.T.);
#8803=ADVANCED_FACE('',(#1035),#8348,.F.);
#8804=ADVANCED_FACE('',(#1036),#8349,.F.);
#8805=ADVANCED_FACE('',(#1037),#8350,.F.);
#8806=ADVANCED_FACE('',(#1038),#584,.T.);
#8807=ADVANCED_FACE('',(#1039),#8351,.F.);
#8808=ADVANCED_FACE('',(#1040),#8352,.F.);
#8809=ADVANCED_FACE('',(#1041),#585,.T.);
#8810=ADVANCED_FACE('',(#1042),#8353,.F.);
#8811=ADVANCED_FACE('',(#1043),#586,.T.);
#8812=ADVANCED_FACE('',(#1044),#8354,.F.);
#8813=ADVANCED_FACE('',(#1045),#8355,.T.);
#8814=ADVANCED_FACE('',(#1046),#587,.F.);
#8815=CLOSED_SHELL('',(#8356,#8357,#8358,#8359,#8360,#8361,#8362,#8363,
#8364,#8365,#8366,#8367,#8368,#8369,#8370,#8371,#8372,#8373,#8374,#8375,
#8376,#8377,#8378,#8379,#8380,#8381,#8382,#8383,#8384,#8385,#8386,#8387,
#8388,#8389,#8390,#8391,#8392,#8393,#8394,#8395,#8396,#8397,#8398,#8399,
#8400,#8401,#8402,#8403,#8404,#8405,#8406,#8407,#8408,#8409,#8410,#8411,
#8412,#8413,#8414,#8415,#8416,#8417,#8418,#8419,#8420,#8421,#8422,#8423,
#8424,#8425,#8426,#8427,#8428,#8429,#8430,#8431,#8432,#8433,#8434));
#8816=CLOSED_SHELL('',(#8435,#8436,#8437,#8438,#8439,#8440,#8441,#8442,
#8443,#8444,#8445,#8446,#8447,#8448,#8449,#8450,#8451,#8452,#8453,#8454,
#8455,#8456,#8457,#8458,#8459,#8460));
#8817=CLOSED_SHELL('',(#8461,#8462,#8463,#8464,#8465,#8466,#8467,#8468,
#8469,#8470,#8471,#8472,#8473,#8474,#8475));
#8818=CLOSED_SHELL('',(#8476,#8477,#8478,#8479,#8480,#8481,#8482,#8483,
#8484,#8485));
#8819=CLOSED_SHELL('',(#8486,#8487,#8488,#8489,#8490,#8491,#8492,#8493,
#8494,#8495,#8496,#8497,#8498,#8499,#8500,#8501));
#8820=CLOSED_SHELL('',(#8502,#8503,#8504,#8505,#8506,#8507,#8508,#8509,
#8510,#8511));
#8821=CLOSED_SHELL('',(#8512,#8513,#8514,#8515,#8516,#8517,#8518,#8519,
#8520,#8521,#8522,#8523,#8524,#8525,#8526,#8527,#8528,#8529,#8530,#8531,
#8532,#8533,#8534,#8535,#8536,#8537,#8538,#8539,#8540,#8541,#8542,#8543,
#8544,#8545,#8546,#8547,#8548,#8549,#8550,#8551,#8552,#8553,#8554,#8555,
#8556,#8557,#8558,#8559,#8560,#8561,#8562,#8563,#8564,#8565,#8566,#8567,
#8568,#8569,#8570,#8571,#8572,#8573,#8574,#8575,#8576,#8577,#8578,#8579,
#8580,#8581,#8582,#8583,#8584,#8585,#8586,#8587,#8588,#8589,#8590,#8591,
#8592,#8593,#8594,#8595,#8596,#8597,#8598,#8599,#8600,#8601,#8602,#8603,
#8604,#8605,#8606,#8607,#8608,#8609,#8610,#8611,#8612,#8613,#8614,#8615,
#8616,#8617));
#8822=CLOSED_SHELL('',(#8618,#8619,#8620,#8621,#8622,#8623,#8624,#8625,
#8626,#8627,#8628,#8629,#8630,#8631,#8632,#8633));
#8823=CLOSED_SHELL('',(#8634,#8635,#8636,#8637));
#8824=CLOSED_SHELL('',(#8638,#8639,#8640,#8641));
#8825=CLOSED_SHELL('',(#8642,#8643,#8644,#8645,#8646,#8647,#8648,#8649,
#8650,#8651,#8652,#8653,#8654,#8655,#8656,#8657,#8658,#8659,#8660,#8661,
#8662,#8663,#8664,#8665,#8666,#8667,#8668,#8669,#8670,#8671,#8672,#8673,
#8674,#8675,#8676,#8677,#8678,#8679,#8680,#8681,#8682,#8683,#8684,#8685,
#8686,#8687,#8688,#8689,#8690,#8691,#8692,#8693,#8694,#8695,#8696));
#8826=CLOSED_SHELL('',(#8697,#8698,#8699,#8700));
#8827=CLOSED_SHELL('',(#8701,#8702,#8703,#8704));
#8828=CLOSED_SHELL('',(#8705,#8706,#8707,#8708,#8709,#8710,#8711,#8712,
#8713,#8714,#8715,#8716,#8717,#8718,#8719,#8720,#8721,#8722,#8723,#8724,
#8725,#8726,#8727,#8728,#8729,#8730,#8731,#8732,#8733,#8734,#8735,#8736,
#8737,#8738,#8739,#8740,#8741,#8742,#8743,#8744,#8745,#8746,#8747,#8748,
#8749,#8750,#8751,#8752,#8753,#8754,#8755,#8756,#8757,#8758,#8759));
#8829=CLOSED_SHELL('',(#8760,#8761,#8762,#8763,#8764,#8765,#8766,#8767,
#8768,#8769,#8770,#8771,#8772,#8773,#8774,#8775,#8776,#8777,#8778,#8779,
#8780,#8781,#8782,#8783,#8784,#8785,#8786,#8787,#8788,#8789,#8790,#8791,
#8792,#8793,#8794,#8795,#8796,#8797,#8798,#8799,#8800,#8801,#8802,#8803,
#8804,#8805,#8806,#8807,#8808,#8809,#8810,#8811,#8812,#8813,#8814));
#8830=DERIVED_UNIT_ELEMENT(#8840,1.);
#8831=DERIVED_UNIT_ELEMENT(#15301,-3.);
#8832=DERIVED_UNIT_ELEMENT(#8840,1.);
#8833=DERIVED_UNIT_ELEMENT(#15301,-3.);
#8834=DERIVED_UNIT_ELEMENT(#8840,1.);
#8835=DERIVED_UNIT_ELEMENT(#15301,-3.);
#8836=DERIVED_UNIT_ELEMENT(#8840,1.);
#8837=DERIVED_UNIT_ELEMENT(#15301,-3.);
#8838=DERIVED_UNIT_ELEMENT(#8840,1.);
#8839=DERIVED_UNIT_ELEMENT(#15301,-3.);
#8840=(
MASS_UNIT()
NAMED_UNIT(*)
SI_UNIT(.KILO.,.GRAM.)
);
#8841=DERIVED_UNIT((#8830,#8831));
#8842=DERIVED_UNIT((#8832,#8833));
#8843=DERIVED_UNIT((#8834,#8835));
#8844=DERIVED_UNIT((#8836,#8837));
#8845=DERIVED_UNIT((#8838,#8839));
#8846=MEASURE_REPRESENTATION_ITEM('density measure',
POSITIVE_RATIO_MEASURE(7850.),#8841);
#8847=MEASURE_REPRESENTATION_ITEM('density measure',
POSITIVE_RATIO_MEASURE(7850.),#8842);
#8848=MEASURE_REPRESENTATION_ITEM('density measure',
POSITIVE_RATIO_MEASURE(7850.),#8843);
#8849=MEASURE_REPRESENTATION_ITEM('density measure',
POSITIVE_RATIO_MEASURE(7850.),#8844);
#8850=MEASURE_REPRESENTATION_ITEM('density measure',
POSITIVE_RATIO_MEASURE(7850.),#8845);
#8851=PROPERTY_DEFINITION_REPRESENTATION(#8876,#8861);
#8852=PROPERTY_DEFINITION_REPRESENTATION(#8877,#8862);
#8853=PROPERTY_DEFINITION_REPRESENTATION(#8878,#8863);
#8854=PROPERTY_DEFINITION_REPRESENTATION(#8879,#8864);
#8855=PROPERTY_DEFINITION_REPRESENTATION(#8880,#8865);
#8856=PROPERTY_DEFINITION_REPRESENTATION(#8881,#8866);
#8857=PROPERTY_DEFINITION_REPRESENTATION(#8882,#8867);
#8858=PROPERTY_DEFINITION_REPRESENTATION(#8883,#8868);
#8859=PROPERTY_DEFINITION_REPRESENTATION(#8884,#8869);
#8860=PROPERTY_DEFINITION_REPRESENTATION(#8885,#8870);
#8861=REPRESENTATION('material name',(#8871),#15294);
#8862=REPRESENTATION('density',(#8846),#15294);
#8863=REPRESENTATION('material name',(#8872),#15295);
#8864=REPRESENTATION('density',(#8847),#15295);
#8865=REPRESENTATION('material name',(#8873),#15296);
#8866=REPRESENTATION('density',(#8848),#15296);
#8867=REPRESENTATION('material name',(#8874),#15297);
#8868=REPRESENTATION('density',(#8849),#15297);
#8869=REPRESENTATION('material name',(#8875),#15298);
#8870=REPRESENTATION('density',(#8850),#15298);
#8871=DESCRIPTIVE_REPRESENTATION_ITEM('Steel','Steel');
#8872=DESCRIPTIVE_REPRESENTATION_ITEM('Steel','Steel');
#8873=DESCRIPTIVE_REPRESENTATION_ITEM('Steel','Steel');
#8874=DESCRIPTIVE_REPRESENTATION_ITEM('Steel','Steel');
#8875=DESCRIPTIVE_REPRESENTATION_ITEM('Steel','Steel');
#8876=PROPERTY_DEFINITION('material property','material name',#15352);
#8877=PROPERTY_DEFINITION('material property','density of part',#15352);
#8878=PROPERTY_DEFINITION('material property','material name',#15353);
#8879=PROPERTY_DEFINITION('material property','density of part',#15353);
#8880=PROPERTY_DEFINITION('material property','material name',#15354);
#8881=PROPERTY_DEFINITION('material property','density of part',#15354);
#8882=PROPERTY_DEFINITION('material property','material name',#15355);
#8883=PROPERTY_DEFINITION('material property','density of part',#15355);
#8884=PROPERTY_DEFINITION('material property','material name',#15356);
#8885=PROPERTY_DEFINITION('material property','density of part',#15356);
#8886=AXIS2_PLACEMENT_3D('',#12382,#9784,#9785);
#8887=AXIS2_PLACEMENT_3D('',#12383,#9786,#9787);
#8888=AXIS2_PLACEMENT_3D('',#12384,#9788,#9789);
#8889=AXIS2_PLACEMENT_3D('',#12385,#9790,#9791);
#8890=AXIS2_PLACEMENT_3D('',#12386,#9792,#9793);
#8891=AXIS2_PLACEMENT_3D('',#12387,#9794,#9795);
#8892=AXIS2_PLACEMENT_3D('',#12388,#9796,#9797);
#8893=AXIS2_PLACEMENT_3D('',#12389,#9798,#9799);
#8894=AXIS2_PLACEMENT_3D('',#12391,#9800,#9801);
#8895=AXIS2_PLACEMENT_3D('',#12394,#9803,#9804);
#8896=AXIS2_PLACEMENT_3D('',#12395,#9805,#9806);
#8897=AXIS2_PLACEMENT_3D('',#12397,#9807,#9808);
#8898=AXIS2_PLACEMENT_3D('',#12398,#9809,#9810);
#8899=AXIS2_PLACEMENT_3D('',#12400,#9811,#9812);
#8900=AXIS2_PLACEMENT_3D('',#12404,#9814,#9815);
#8901=AXIS2_PLACEMENT_3D('',#12408,#9817,#9818);
#8902=AXIS2_PLACEMENT_3D('',#12411,#9820,#9821);
#8903=AXIS2_PLACEMENT_3D('',#12413,#9822,#9823);
#8904=AXIS2_PLACEMENT_3D('',#12416,#9825,#9826);
#8905=AXIS2_PLACEMENT_3D('',#12417,#9827,#9828);
#8906=AXIS2_PLACEMENT_3D('',#12419,#9829,#9830);
#8907=AXIS2_PLACEMENT_3D('',#12420,#9831,#9832);
#8908=AXIS2_PLACEMENT_3D('',#12422,#9833,#9834);
#8909=AXIS2_PLACEMENT_3D('',#12424,#9836,#9837);
#8910=AXIS2_PLACEMENT_3D('',#12425,#9838,#9839);
#8911=AXIS2_PLACEMENT_3D('',#12437,#9845,#9846);
#8912=AXIS2_PLACEMENT_3D('',#12439,#9847,#9848);
#8913=AXIS2_PLACEMENT_3D('',#12441,#9850,#9851);
#8914=AXIS2_PLACEMENT_3D('',#12445,#9854,#9855);
#8915=AXIS2_PLACEMENT_3D('',#12449,#9858,#9859);
#8916=AXIS2_PLACEMENT_3D('',#12455,#9863,#9864);
#8917=AXIS2_PLACEMENT_3D('',#12464,#9869,#9870);
#8918=AXIS2_PLACEMENT_3D('',#12473,#9875,#9876);
#8919=AXIS2_PLACEMENT_3D('',#12482,#9881,#9882);
#8920=AXIS2_PLACEMENT_3D('',#12483,#9883,#9884);
#8921=AXIS2_PLACEMENT_3D('',#12484,#9885,#9886);
#8922=AXIS2_PLACEMENT_3D('',#12490,#9890,#9891);
#8923=AXIS2_PLACEMENT_3D('',#12493,#9893,#9894);
#8924=AXIS2_PLACEMENT_3D('',#12494,#9895,#9896);
#8925=AXIS2_PLACEMENT_3D('',#12498,#9898,#9899);
#8926=AXIS2_PLACEMENT_3D('',#12501,#9901,#9902);
#8927=AXIS2_PLACEMENT_3D('',#12502,#9903,#9904);
#8928=AXIS2_PLACEMENT_3D('',#12506,#9906,#9907);
#8929=AXIS2_PLACEMENT_3D('',#12509,#9909,#9910);
#8930=AXIS2_PLACEMENT_3D('',#12510,#9911,#9912);
#8931=AXIS2_PLACEMENT_3D('',#12513,#9914,#9915);
#8932=AXIS2_PLACEMENT_3D('',#12514,#9916,#9917);
#8933=AXIS2_PLACEMENT_3D('',#12516,#9918,#9919);
#8934=AXIS2_PLACEMENT_3D('',#12518,#9921,#9922);
#8935=AXIS2_PLACEMENT_3D('',#12523,#9924,#9925);
#8936=AXIS2_PLACEMENT_3D('',#12525,#9927,#9928);
#8937=AXIS2_PLACEMENT_3D('',#12526,#9929,#9930);
#8938=AXIS2_PLACEMENT_3D('',#12531,#9932,#9933);
#8939=AXIS2_PLACEMENT_3D('',#12534,#9935,#9936);
#8940=AXIS2_PLACEMENT_3D('',#12535,#9937,#9938);
#8941=AXIS2_PLACEMENT_3D('',#12540,#9941,#9942);
#8942=AXIS2_PLACEMENT_3D('',#12541,#9943,#9944);
#8943=AXIS2_PLACEMENT_3D('',#12544,#9947,#9948);
#8944=AXIS2_PLACEMENT_3D('',#12548,#9951,#9952);
#8945=AXIS2_PLACEMENT_3D('',#12549,#9953,#9954);
#8946=AXIS2_PLACEMENT_3D('',#12551,#9956,#9957);
#8947=AXIS2_PLACEMENT_3D('',#12553,#9959,#9960);
#8948=AXIS2_PLACEMENT_3D('',#12556,#9963,#9964);
#8949=AXIS2_PLACEMENT_3D('',#12560,#9967,#9968);
#8950=AXIS2_PLACEMENT_3D('',#12562,#9969,#9970);
#8951=AXIS2_PLACEMENT_3D('',#12563,#9971,#9972);
#8952=AXIS2_PLACEMENT_3D('',#12567,#9975,#9976);
#8953=AXIS2_PLACEMENT_3D('',#12571,#9979,#9980);
#8954=AXIS2_PLACEMENT_3D('',#12575,#9983,#9984);
#8955=AXIS2_PLACEMENT_3D('',#12576,#9985,#9986);
#8956=AXIS2_PLACEMENT_3D('',#12580,#9988,#9989);
#8957=AXIS2_PLACEMENT_3D('',#12583,#9991,#9992);
#8958=AXIS2_PLACEMENT_3D('',#12584,#9993,#9994);
#8959=AXIS2_PLACEMENT_3D('',#12586,#9995,#9996);
#8960=AXIS2_PLACEMENT_3D('',#12589,#9998,#9999);
#8961=AXIS2_PLACEMENT_3D('',#12590,#10000,#10001);
#8962=AXIS2_PLACEMENT_3D('',#12593,#10003,#10004);
#8963=AXIS2_PLACEMENT_3D('',#12594,#10005,#10006);
#8964=AXIS2_PLACEMENT_3D('',#12596,#10007,#10008);
#8965=AXIS2_PLACEMENT_3D('',#12598,#10010,#10011);
#8966=AXIS2_PLACEMENT_3D('',#12603,#10013,#10014);
#8967=AXIS2_PLACEMENT_3D('',#12605,#10016,#10017);
#8968=AXIS2_PLACEMENT_3D('',#12606,#10018,#10019);
#8969=AXIS2_PLACEMENT_3D('',#12609,#10021,#10022);
#8970=AXIS2_PLACEMENT_3D('',#12611,#10024,#10025);
#8971=AXIS2_PLACEMENT_3D('',#12614,#10027,#10028);
#8972=AXIS2_PLACEMENT_3D('',#12615,#10029,#10030);
#8973=AXIS2_PLACEMENT_3D('',#12618,#10032,#10033);
#8974=AXIS2_PLACEMENT_3D('',#12619,#10034,#10035);
#8975=AXIS2_PLACEMENT_3D('',#12622,#10037,#10038);
#8976=AXIS2_PLACEMENT_3D('',#12623,#10039,#10040);
#8977=AXIS2_PLACEMENT_3D('',#12625,#10042,#10043);
#8978=AXIS2_PLACEMENT_3D('',#12627,#10045,#10046);
#8979=AXIS2_PLACEMENT_3D('',#12630,#10049,#10050);
#8980=AXIS2_PLACEMENT_3D('',#12633,#10052,#10053);
#8981=AXIS2_PLACEMENT_3D('',#12634,#10054,#10055);
#8982=AXIS2_PLACEMENT_3D('',#12635,#10056,#10057);
#8983=AXIS2_PLACEMENT_3D('',#12636,#10058,#10059);
#8984=AXIS2_PLACEMENT_3D('',#12638,#10061,#10062);
#8985=AXIS2_PLACEMENT_3D('',#12639,#10063,#10064);
#8986=AXIS2_PLACEMENT_3D('',#12640,#10065,#10066);
#8987=AXIS2_PLACEMENT_3D('',#12641,#10067,#10068);
#8988=AXIS2_PLACEMENT_3D('',#12643,#10069,#10070);
#8989=AXIS2_PLACEMENT_3D('',#12644,#10071,#10072);
#8990=AXIS2_PLACEMENT_3D('',#12646,#10073,#10074);
#8991=AXIS2_PLACEMENT_3D('',#12648,#10076,#10077);
#8992=AXIS2_PLACEMENT_3D('',#12649,#10078,#10079);
#8993=AXIS2_PLACEMENT_3D('',#12651,#10080,#10081);
#8994=AXIS2_PLACEMENT_3D('',#12653,#10083,#10084);
#8995=AXIS2_PLACEMENT_3D('',#12656,#10085,#10086);
#8996=AXIS2_PLACEMENT_3D('',#12660,#10088,#10089);
#8997=AXIS2_PLACEMENT_3D('',#12662,#10091,#10092);
#8998=AXIS2_PLACEMENT_3D('',#12668,#10096,#10097);
#8999=AXIS2_PLACEMENT_3D('',#12674,#10101,#10102);
#9000=AXIS2_PLACEMENT_3D('',#12676,#10103,#10104);
#9001=AXIS2_PLACEMENT_3D('',#12678,#10105,#10106);
#9002=AXIS2_PLACEMENT_3D('',#12680,#10108,#10109);
#9003=AXIS2_PLACEMENT_3D('',#12686,#10113,#10114);
#9004=AXIS2_PLACEMENT_3D('',#12692,#10118,#10119);
#9005=AXIS2_PLACEMENT_3D('',#12694,#10120,#10121);
#9006=AXIS2_PLACEMENT_3D('',#12696,#10122,#10123);
#9007=AXIS2_PLACEMENT_3D('',#12698,#10125,#10126);
#9008=AXIS2_PLACEMENT_3D('',#12704,#10130,#10131);
#9009=AXIS2_PLACEMENT_3D('',#12710,#10135,#10136);
#9010=AXIS2_PLACEMENT_3D('',#12712,#10137,#10138);
#9011=AXIS2_PLACEMENT_3D('',#12714,#10139,#10140);
#9012=AXIS2_PLACEMENT_3D('',#12716,#10142,#10143);
#9013=AXIS2_PLACEMENT_3D('',#12722,#10147,#10148);
#9014=AXIS2_PLACEMENT_3D('',#12725,#10151,#10152);
#9015=AXIS2_PLACEMENT_3D('',#12726,#10153,#10154);
#9016=AXIS2_PLACEMENT_3D('',#12727,#10155,#10156);
#9017=AXIS2_PLACEMENT_3D('',#12729,#10157,#10158);
#9018=AXIS2_PLACEMENT_3D('',#12731,#10159,#10160);
#9019=AXIS2_PLACEMENT_3D('',#12732,#10161,#10162);
#9020=AXIS2_PLACEMENT_3D('',#12734,#10163,#10164);
#9021=AXIS2_PLACEMENT_3D('',#12736,#10166,#10167);
#9022=AXIS2_PLACEMENT_3D('',#12738,#10168,#10169);
#9023=AXIS2_PLACEMENT_3D('',#12740,#10171,#10172);
#9024=AXIS2_PLACEMENT_3D('',#12741,#10173,#10174);
#9025=AXIS2_PLACEMENT_3D('',#12743,#10175,#10176);
#9026=AXIS2_PLACEMENT_3D('',#12745,#10177,#10178);
#9027=AXIS2_PLACEMENT_3D('',#12746,#10179,#10180);
#9028=AXIS2_PLACEMENT_3D('',#12748,#10181,#10182);
#9029=AXIS2_PLACEMENT_3D('',#12750,#10184,#10185);
#9030=AXIS2_PLACEMENT_3D('',#12752,#10186,#10187);
#9031=AXIS2_PLACEMENT_3D('',#12754,#10189,#10190);
#9032=AXIS2_PLACEMENT_3D('',#12755,#10191,#10192);
#9033=AXIS2_PLACEMENT_3D('',#12757,#10193,#10194);
#9034=AXIS2_PLACEMENT_3D('',#12759,#10195,#10196);
#9035=AXIS2_PLACEMENT_3D('',#12760,#10197,#10198);
#9036=AXIS2_PLACEMENT_3D('',#12762,#10199,#10200);
#9037=AXIS2_PLACEMENT_3D('',#12764,#10202,#10203);
#9038=AXIS2_PLACEMENT_3D('',#12766,#10204,#10205);
#9039=AXIS2_PLACEMENT_3D('',#12769,#10208,#10209);
#9040=AXIS2_PLACEMENT_3D('',#12770,#10210,#10211);
#9041=AXIS2_PLACEMENT_3D('',#12771,#10212,#10213);
#9042=AXIS2_PLACEMENT_3D('',#12772,#10214,#10215);
#9043=AXIS2_PLACEMENT_3D('',#12773,#10216,#10217);
#9044=AXIS2_PLACEMENT_3D('',#12774,#10218,#10219);
#9045=AXIS2_PLACEMENT_3D('',#12775,#10220,#10221);
#9046=AXIS2_PLACEMENT_3D('',#12776,#10222,#10223);
#9047=AXIS2_PLACEMENT_3D('',#12777,#10224,#10225);
#9048=AXIS2_PLACEMENT_3D('',#12778,#10226,#10227);
#9049=AXIS2_PLACEMENT_3D('',#12779,#10228,#10229);
#9050=AXIS2_PLACEMENT_3D('',#12780,#10230,#10231);
#9051=AXIS2_PLACEMENT_3D('',#12789,#10236,#10237);
#9052=AXIS2_PLACEMENT_3D('',#12823,#10255,#10256);
#9053=AXIS2_PLACEMENT_3D('',#12829,#10260,#10261);
#9054=AXIS2_PLACEMENT_3D('',#12835,#10265,#10266);
#9055=AXIS2_PLACEMENT_3D('',#12837,#10267,#10268);
#9056=AXIS2_PLACEMENT_3D('',#12840,#10270,#10271);
#9057=AXIS2_PLACEMENT_3D('',#12841,#10272,#10273);
#9058=AXIS2_PLACEMENT_3D('',#12843,#10274,#10275);
#9059=AXIS2_PLACEMENT_3D('',#12846,#10277,#10278);
#9060=AXIS2_PLACEMENT_3D('',#12847,#10279,#10280);
#9061=AXIS2_PLACEMENT_3D('',#12851,#10283,#10284);
#9062=AXIS2_PLACEMENT_3D('',#12855,#10287,#10288);
#9063=AXIS2_PLACEMENT_3D('',#12859,#10291,#10292);
#9064=AXIS2_PLACEMENT_3D('',#12861,#10293,#10294);
#9065=AXIS2_PLACEMENT_3D('',#12864,#10296,#10297);
#9066=AXIS2_PLACEMENT_3D('',#12865,#10298,#10299);
#9067=AXIS2_PLACEMENT_3D('',#12867,#10300,#10301);
#9068=AXIS2_PLACEMENT_3D('',#12870,#10303,#10304);
#9069=AXIS2_PLACEMENT_3D('',#12871,#10305,#10306);
#9070=AXIS2_PLACEMENT_3D('',#12875,#10309,#10310);
#9071=AXIS2_PLACEMENT_3D('',#12879,#10313,#10314);
#9072=AXIS2_PLACEMENT_3D('',#12883,#10317,#10318);
#9073=AXIS2_PLACEMENT_3D('',#12885,#10319,#10320);
#9074=AXIS2_PLACEMENT_3D('',#12888,#10322,#10323);
#9075=AXIS2_PLACEMENT_3D('',#12889,#10324,#10325);
#9076=AXIS2_PLACEMENT_3D('',#12891,#10326,#10327);
#9077=AXIS2_PLACEMENT_3D('',#12894,#10329,#10330);
#9078=AXIS2_PLACEMENT_3D('',#12895,#10331,#10332);
#9079=AXIS2_PLACEMENT_3D('',#12899,#10335,#10336);
#9080=AXIS2_PLACEMENT_3D('',#12903,#10339,#10340);
#9081=AXIS2_PLACEMENT_3D('',#12915,#10348,#10349);
#9082=AXIS2_PLACEMENT_3D('',#12917,#10351,#10352);
#9083=AXIS2_PLACEMENT_3D('',#12918,#10353,#10354);
#9084=AXIS2_PLACEMENT_3D('',#12920,#10356,#10357);
#9085=AXIS2_PLACEMENT_3D('',#12921,#10358,#10359);
#9086=AXIS2_PLACEMENT_3D('',#12923,#10361,#10362);
#9087=AXIS2_PLACEMENT_3D('',#12925,#10364,#10365);
#9088=AXIS2_PLACEMENT_3D('',#12926,#10366,#10367);
#9089=AXIS2_PLACEMENT_3D('',#12927,#10368,#10369);
#9090=AXIS2_PLACEMENT_3D('',#12930,#10370,#10371);
#9091=AXIS2_PLACEMENT_3D('',#12936,#10374,#10375);
#9092=AXIS2_PLACEMENT_3D('',#12938,#10377,#10378);
#9093=AXIS2_PLACEMENT_3D('',#12942,#10380,#10381);
#9094=AXIS2_PLACEMENT_3D('',#12946,#10383,#10384);
#9095=AXIS2_PLACEMENT_3D('',#12950,#10386,#10387);
#9096=AXIS2_PLACEMENT_3D('',#12953,#10389,#10390);
#9097=AXIS2_PLACEMENT_3D('',#12954,#10391,#10392);
#9098=AXIS2_PLACEMENT_3D('',#12958,#10395,#10396);
#9099=AXIS2_PLACEMENT_3D('',#12960,#10397,#10398);
#9100=AXIS2_PLACEMENT_3D('',#12962,#10399,#10400);
#9101=AXIS2_PLACEMENT_3D('',#12966,#10403,#10404);
#9102=AXIS2_PLACEMENT_3D('',#12968,#10405,#10406);
#9103=AXIS2_PLACEMENT_3D('',#12972,#10408,#10409);
#9104=AXIS2_PLACEMENT_3D('',#12975,#10411,#10412);
#9105=AXIS2_PLACEMENT_3D('',#12977,#10413,#10414);
#9106=AXIS2_PLACEMENT_3D('',#12978,#10415,#10416);
#9107=AXIS2_PLACEMENT_3D('',#12982,#10419,#10420);
#9108=AXIS2_PLACEMENT_3D('',#12984,#10421,#10422);
#9109=AXIS2_PLACEMENT_3D('',#12986,#10424,#10425);
#9110=AXIS2_PLACEMENT_3D('',#12989,#10428,#10429);
#9111=AXIS2_PLACEMENT_3D('',#12991,#10431,#10432);
#9112=AXIS2_PLACEMENT_3D('',#12993,#10434,#10435);
#9113=AXIS2_PLACEMENT_3D('',#12994,#10436,#10437);
#9114=AXIS2_PLACEMENT_3D('',#13025,#10440,#10441);
#9115=AXIS2_PLACEMENT_3D('',#13026,#10442,#10443);
#9116=AXIS2_PLACEMENT_3D('',#13098,#10444,#10445);
#9117=AXIS2_PLACEMENT_3D('',#13100,#10447,#10448);
#9118=AXIS2_PLACEMENT_3D('',#13102,#10450,#10451);
#9119=AXIS2_PLACEMENT_3D('',#13103,#10452,#10453);
#9120=AXIS2_PLACEMENT_3D('',#13104,#10454,#10455);
#9121=AXIS2_PLACEMENT_3D('',#13106,#10456,#10457);
#9122=AXIS2_PLACEMENT_3D('',#13109,#10459,#10460);
#9123=AXIS2_PLACEMENT_3D('',#13110,#10461,#10462);
#9124=AXIS2_PLACEMENT_3D('',#13113,#10463,#10464);
#9125=AXIS2_PLACEMENT_3D('',#13117,#10466,#10467);
#9126=AXIS2_PLACEMENT_3D('',#13119,#10469,#10470);
#9127=AXIS2_PLACEMENT_3D('',#13125,#10474,#10475);
#9128=AXIS2_PLACEMENT_3D('',#13129,#10477,#10478);
#9129=AXIS2_PLACEMENT_3D('',#13132,#10480,#10481);
#9130=AXIS2_PLACEMENT_3D('',#13134,#10482,#10483);
#9131=AXIS2_PLACEMENT_3D('',#13135,#10484,#10485);
#9132=AXIS2_PLACEMENT_3D('',#13138,#10486,#10487);
#9133=AXIS2_PLACEMENT_3D('',#13141,#10490,#10491);
#9134=AXIS2_PLACEMENT_3D('',#13145,#10494,#10495);
#9135=AXIS2_PLACEMENT_3D('',#13147,#10496,#10497);
#9136=AXIS2_PLACEMENT_3D('',#13149,#10499,#10500);
#9137=AXIS2_PLACEMENT_3D('',#13151,#10502,#10503);
#9138=AXIS2_PLACEMENT_3D('',#13152,#10504,#10505);
#9139=AXIS2_PLACEMENT_3D('',#13153,#10506,#10507);
#9140=AXIS2_PLACEMENT_3D('',#13154,#10508,#10509);
#9141=AXIS2_PLACEMENT_3D('',#13170,#10511,#10512);
#9142=AXIS2_PLACEMENT_3D('',#13196,#10514,#10515);
#9143=AXIS2_PLACEMENT_3D('',#13250,#10516,#10517);
#9144=AXIS2_PLACEMENT_3D('',#13254,#10519,#10520);
#9145=AXIS2_PLACEMENT_3D('',#13258,#10522,#10523);
#9146=AXIS2_PLACEMENT_3D('',#13271,#10525,#10526);
#9147=AXIS2_PLACEMENT_3D('',#13275,#10529,#10530);
#9148=AXIS2_PLACEMENT_3D('',#13290,#10532,#10533);
#9149=AXIS2_PLACEMENT_3D('',#13293,#10535,#10536);
#9150=AXIS2_PLACEMENT_3D('',#13294,#10537,#10538);
#9151=AXIS2_PLACEMENT_3D('',#13295,#10539,#10540);
#9152=AXIS2_PLACEMENT_3D('',#13308,#10541,#10542);
#9153=AXIS2_PLACEMENT_3D('',#13365,#10543,#10544);
#9154=AXIS2_PLACEMENT_3D('',#13369,#10546,#10547);
#9155=AXIS2_PLACEMENT_3D('',#13373,#10549,#10550);
#9156=AXIS2_PLACEMENT_3D('',#13375,#10552,#10553);
#9157=AXIS2_PLACEMENT_3D('',#13379,#10556,#10557);
#9158=AXIS2_PLACEMENT_3D('',#13383,#10560,#10561);
#9159=AXIS2_PLACEMENT_3D('',#13385,#10562,#10563);
#9160=AXIS2_PLACEMENT_3D('',#13386,#10564,#10565);
#9161=AXIS2_PLACEMENT_3D('',#13388,#10567,#10568);
#9162=AXIS2_PLACEMENT_3D('',#13392,#10570,#10571);
#9163=AXIS2_PLACEMENT_3D('',#13396,#10574,#10575);
#9164=AXIS2_PLACEMENT_3D('',#13397,#10576,#10577);
#9165=AXIS2_PLACEMENT_3D('',#13399,#10579,#10580);
#9166=AXIS2_PLACEMENT_3D('',#13401,#10582,#10583);
#9167=AXIS2_PLACEMENT_3D('',#13403,#10585,#10586);
#9168=AXIS2_PLACEMENT_3D('',#13405,#10588,#10589);
#9169=AXIS2_PLACEMENT_3D('',#13406,#10590,#10591);
#9170=AXIS2_PLACEMENT_3D('',#13407,#10592,#10593);
#9171=AXIS2_PLACEMENT_3D('',#13409,#10594,#10595);
#9172=AXIS2_PLACEMENT_3D('',#13412,#10597,#10598);
#9173=AXIS2_PLACEMENT_3D('',#13413,#10599,#10600);
#9174=AXIS2_PLACEMENT_3D('',#13416,#10601,#10602);
#9175=AXIS2_PLACEMENT_3D('',#13420,#10604,#10605);
#9176=AXIS2_PLACEMENT_3D('',#13422,#10607,#10608);
#9177=AXIS2_PLACEMENT_3D('',#13428,#10612,#10613);
#9178=AXIS2_PLACEMENT_3D('',#13432,#10615,#10616);
#9179=AXIS2_PLACEMENT_3D('',#13435,#10618,#10619);
#9180=AXIS2_PLACEMENT_3D('',#13437,#10620,#10621);
#9181=AXIS2_PLACEMENT_3D('',#13438,#10622,#10623);
#9182=AXIS2_PLACEMENT_3D('',#13441,#10624,#10625);
#9183=AXIS2_PLACEMENT_3D('',#13444,#10628,#10629);
#9184=AXIS2_PLACEMENT_3D('',#13448,#10632,#10633);
#9185=AXIS2_PLACEMENT_3D('',#13450,#10634,#10635);
#9186=AXIS2_PLACEMENT_3D('',#13452,#10637,#10638);
#9187=AXIS2_PLACEMENT_3D('',#13454,#10640,#10641);
#9188=AXIS2_PLACEMENT_3D('',#13455,#10642,#10643);
#9189=AXIS2_PLACEMENT_3D('',#13456,#10644,#10645);
#9190=AXIS2_PLACEMENT_3D('',#13457,#10646,#10647);
#9191=AXIS2_PLACEMENT_3D('',#13467,#10652,#10653);
#9192=AXIS2_PLACEMENT_3D('',#13469,#10654,#10655);
#9193=AXIS2_PLACEMENT_3D('',#13470,#10656,#10657);
#9194=AXIS2_PLACEMENT_3D('',#13484,#10664,#10665);
#9195=AXIS2_PLACEMENT_3D('',#13486,#10666,#10667);
#9196=AXIS2_PLACEMENT_3D('',#13495,#10672,#10673);
#9197=AXIS2_PLACEMENT_3D('',#13496,#10674,#10675);
#9198=AXIS2_PLACEMENT_3D('',#13500,#10678,#10679);
#9199=AXIS2_PLACEMENT_3D('',#13510,#10684,#10685);
#9200=AXIS2_PLACEMENT_3D('',#13512,#10686,#10687);
#9201=AXIS2_PLACEMENT_3D('',#13513,#10688,#10689);
#9202=AXIS2_PLACEMENT_3D('',#13519,#10693,#10694);
#9203=AXIS2_PLACEMENT_3D('',#13529,#10699,#10700);
#9204=AXIS2_PLACEMENT_3D('',#13531,#10701,#10702);
#9205=AXIS2_PLACEMENT_3D('',#13532,#10703,#10704);
#9206=AXIS2_PLACEMENT_3D('',#13550,#10713,#10714);
#9207=AXIS2_PLACEMENT_3D('',#13559,#10719,#10720);
#9208=AXIS2_PLACEMENT_3D('',#13560,#10721,#10722);
#9209=AXIS2_PLACEMENT_3D('',#13564,#10725,#10726);
#9210=AXIS2_PLACEMENT_3D('',#13567,#10727,#10728);
#9211=AXIS2_PLACEMENT_3D('',#13571,#10730,#10731);
#9212=AXIS2_PLACEMENT_3D('',#13573,#10733,#10734);
#9213=AXIS2_PLACEMENT_3D('',#13576,#10735,#10736);
#9214=AXIS2_PLACEMENT_3D('',#13580,#10738,#10739);
#9215=AXIS2_PLACEMENT_3D('',#13582,#10741,#10742);
#9216=AXIS2_PLACEMENT_3D('',#13585,#10743,#10744);
#9217=AXIS2_PLACEMENT_3D('',#13589,#10746,#10747);
#9218=AXIS2_PLACEMENT_3D('',#13591,#10749,#10750);
#9219=AXIS2_PLACEMENT_3D('',#13594,#10751,#10752);
#9220=AXIS2_PLACEMENT_3D('',#13598,#10754,#10755);
#9221=AXIS2_PLACEMENT_3D('',#13600,#10757,#10758);
#9222=AXIS2_PLACEMENT_3D('',#13603,#10759,#10760);
#9223=AXIS2_PLACEMENT_3D('',#13607,#10762,#10763);
#9224=AXIS2_PLACEMENT_3D('',#13609,#10765,#10766);
#9225=AXIS2_PLACEMENT_3D('',#13612,#10767,#10768);
#9226=AXIS2_PLACEMENT_3D('',#13616,#10770,#10771);
#9227=AXIS2_PLACEMENT_3D('',#13618,#10773,#10774);
#9228=AXIS2_PLACEMENT_3D('',#13621,#10775,#10776);
#9229=AXIS2_PLACEMENT_3D('',#13625,#10778,#10779);
#9230=AXIS2_PLACEMENT_3D('',#13627,#10781,#10782);
#9231=AXIS2_PLACEMENT_3D('',#13630,#10783,#10784);
#9232=AXIS2_PLACEMENT_3D('',#13634,#10786,#10787);
#9233=AXIS2_PLACEMENT_3D('',#13636,#10789,#10790);
#9234=AXIS2_PLACEMENT_3D('',#13639,#10791,#10792);
#9235=AXIS2_PLACEMENT_3D('',#13643,#10794,#10795);
#9236=AXIS2_PLACEMENT_3D('',#13645,#10797,#10798);
#9237=AXIS2_PLACEMENT_3D('',#13648,#10799,#10800);
#9238=AXIS2_PLACEMENT_3D('',#13651,#10803,#10804);
#9239=AXIS2_PLACEMENT_3D('',#13654,#10805,#10806);
#9240=AXIS2_PLACEMENT_3D('',#13657,#10809,#10810);
#9241=AXIS2_PLACEMENT_3D('',#13660,#10811,#10812);
#9242=AXIS2_PLACEMENT_3D('',#13663,#10815,#10816);
#9243=AXIS2_PLACEMENT_3D('',#13665,#10817,#10818);
#9244=AXIS2_PLACEMENT_3D('',#13671,#10822,#10823);
#9245=AXIS2_PLACEMENT_3D('',#13676,#10828,#10829);
#9246=AXIS2_PLACEMENT_3D('',#13678,#10830,#10831);
#9247=AXIS2_PLACEMENT_3D('',#13680,#10832,#10833);
#9248=AXIS2_PLACEMENT_3D('',#13682,#10834,#10835);
#9249=AXIS2_PLACEMENT_3D('',#13684,#10836,#10837);
#9250=AXIS2_PLACEMENT_3D('',#13686,#10838,#10839);
#9251=AXIS2_PLACEMENT_3D('',#13688,#10840,#10841);
#9252=AXIS2_PLACEMENT_3D('',#13690,#10842,#10843);
#9253=AXIS2_PLACEMENT_3D('',#13691,#10844,#10845);
#9254=AXIS2_PLACEMENT_3D('',#13698,#10849,#10850);
#9255=AXIS2_PLACEMENT_3D('',#13707,#10855,#10856);
#9256=AXIS2_PLACEMENT_3D('',#13713,#10860,#10861);
#9257=AXIS2_PLACEMENT_3D('',#13716,#10864,#10865);
#9258=AXIS2_PLACEMENT_3D('',#13723,#10869,#10870);
#9259=AXIS2_PLACEMENT_3D('',#13729,#10874,#10875);
#9260=AXIS2_PLACEMENT_3D('',#13732,#10878,#10879);
#9261=AXIS2_PLACEMENT_3D('',#13734,#10881,#10882);
#9262=AXIS2_PLACEMENT_3D('',#13777,#10906,#10907);
#9263=AXIS2_PLACEMENT_3D('',#13779,#10908,#10909);
#9264=AXIS2_PLACEMENT_3D('',#13781,#10910,#10911);
#9265=AXIS2_PLACEMENT_3D('',#13783,#10912,#10913);
#9266=AXIS2_PLACEMENT_3D('',#13784,#10914,#10915);
#9267=AXIS2_PLACEMENT_3D('',#13790,#10919,#10920);
#9268=AXIS2_PLACEMENT_3D('',#13793,#10923,#10924);
#9269=AXIS2_PLACEMENT_3D('',#13796,#10927,#10928);
#9270=AXIS2_PLACEMENT_3D('',#13797,#10929,#10930);
#9271=AXIS2_PLACEMENT_3D('',#13803,#10934,#10935);
#9272=AXIS2_PLACEMENT_3D('',#13818,#10944,#10945);
#9273=AXIS2_PLACEMENT_3D('',#13819,#10946,#10947);
#9274=AXIS2_PLACEMENT_3D('',#13822,#10950,#10951);
#9275=AXIS2_PLACEMENT_3D('',#13831,#10956,#10957);
#9276=AXIS2_PLACEMENT_3D('',#13837,#10961,#10962);
#9277=AXIS2_PLACEMENT_3D('',#13839,#10964,#10965);
#9278=AXIS2_PLACEMENT_3D('',#13840,#10966,#10967);
#9279=AXIS2_PLACEMENT_3D('',#13841,#10968,#10969);
#9280=AXIS2_PLACEMENT_3D('',#13842,#10970,#10971);
#9281=AXIS2_PLACEMENT_3D('',#13851,#10976,#10977);
#9282=AXIS2_PLACEMENT_3D('',#13857,#10981,#10982);
#9283=AXIS2_PLACEMENT_3D('',#13859,#10984,#10985);
#9284=AXIS2_PLACEMENT_3D('',#13860,#10986,#10987);
#9285=AXIS2_PLACEMENT_3D('',#13861,#10988,#10989);
#9286=AXIS2_PLACEMENT_3D('',#13862,#10990,#10991);
#9287=AXIS2_PLACEMENT_3D('',#13864,#10993,#10994);
#9288=AXIS2_PLACEMENT_3D('',#13870,#10998,#10999);
#9289=AXIS2_PLACEMENT_3D('',#13892,#11002,#11003);
#9290=AXIS2_PLACEMENT_3D('',#13897,#11004,#11005);
#9291=AXIS2_PLACEMENT_3D('',#13899,#11006,#11007);
#9292=AXIS2_PLACEMENT_3D('',#13900,#11008,#11009);
#9293=AXIS2_PLACEMENT_3D('',#13920,#11010,#11011);
#9294=AXIS2_PLACEMENT_3D('',#13925,#11012,#11013);
#9295=AXIS2_PLACEMENT_3D('',#13927,#11014,#11015);
#9296=AXIS2_PLACEMENT_3D('',#13928,#11016,#11017);
#9297=AXIS2_PLACEMENT_3D('',#13929,#11018,#11019);
#9298=AXIS2_PLACEMENT_3D('',#13930,#11020,#11021);
#9299=AXIS2_PLACEMENT_3D('',#13931,#11022,#11023);
#9300=AXIS2_PLACEMENT_3D('',#13932,#11024,#11025);
#9301=AXIS2_PLACEMENT_3D('',#13933,#11026,#11027);
#9302=AXIS2_PLACEMENT_3D('',#13934,#11028,#11029);
#9303=AXIS2_PLACEMENT_3D('',#13935,#11030,#11031);
#9304=AXIS2_PLACEMENT_3D('',#13936,#11032,#11033);
#9305=AXIS2_PLACEMENT_3D('',#13937,#11034,#11035);
#9306=AXIS2_PLACEMENT_3D('',#13957,#11036,#11037);
#9307=AXIS2_PLACEMENT_3D('',#13962,#11038,#11039);
#9308=AXIS2_PLACEMENT_3D('',#13964,#11040,#11041);
#9309=AXIS2_PLACEMENT_3D('',#13965,#11042,#11043);
#9310=AXIS2_PLACEMENT_3D('',#13985,#11044,#11045);
#9311=AXIS2_PLACEMENT_3D('',#13990,#11046,#11047);
#9312=AXIS2_PLACEMENT_3D('',#13992,#11048,#11049);
#9313=AXIS2_PLACEMENT_3D('',#13993,#11050,#11051);
#9314=AXIS2_PLACEMENT_3D('',#13994,#11052,#11053);
#9315=AXIS2_PLACEMENT_3D('',#13996,#11055,#11056);
#9316=AXIS2_PLACEMENT_3D('',#13997,#11057,#11058);
#9317=AXIS2_PLACEMENT_3D('',#13998,#11059,#11060);
#9318=AXIS2_PLACEMENT_3D('',#13999,#11061,#11062);
#9319=AXIS2_PLACEMENT_3D('',#14000,#11063,#11064);
#9320=AXIS2_PLACEMENT_3D('',#14001,#11065,#11066);
#9321=AXIS2_PLACEMENT_3D('',#14002,#11067,#11068);
#9322=AXIS2_PLACEMENT_3D('',#14003,#11069,#11070);
#9323=AXIS2_PLACEMENT_3D('',#14004,#11071,#11072);
#9324=AXIS2_PLACEMENT_3D('',#14005,#11073,#11074);
#9325=AXIS2_PLACEMENT_3D('',#14009,#11077,#11078);
#9326=AXIS2_PLACEMENT_3D('',#14011,#11079,#11080);
#9327=AXIS2_PLACEMENT_3D('',#14012,#11081,#11082);
#9328=AXIS2_PLACEMENT_3D('',#14017,#11085,#11086);
#9329=AXIS2_PLACEMENT_3D('',#14018,#11087,#11088);
#9330=AXIS2_PLACEMENT_3D('',#14019,#11089,#11090);
#9331=AXIS2_PLACEMENT_3D('',#14020,#11091,#11092);
#9332=AXIS2_PLACEMENT_3D('',#14026,#11096,#11097);
#9333=AXIS2_PLACEMENT_3D('',#14028,#11099,#11100);
#9334=AXIS2_PLACEMENT_3D('',#14029,#11101,#11102);
#9335=AXIS2_PLACEMENT_3D('',#14030,#11103,#11104);
#9336=AXIS2_PLACEMENT_3D('',#14031,#11105,#11106);
#9337=AXIS2_PLACEMENT_3D('',#14051,#11107,#11108);
#9338=AXIS2_PLACEMENT_3D('',#14056,#11109,#11110);
#9339=AXIS2_PLACEMENT_3D('',#14058,#11111,#11112);
#9340=AXIS2_PLACEMENT_3D('',#14059,#11113,#11114);
#9341=AXIS2_PLACEMENT_3D('',#14079,#11115,#11116);
#9342=AXIS2_PLACEMENT_3D('',#14084,#11117,#11118);
#9343=AXIS2_PLACEMENT_3D('',#14086,#11119,#11120);
#9344=AXIS2_PLACEMENT_3D('',#14087,#11121,#11122);
#9345=AXIS2_PLACEMENT_3D('',#14088,#11123,#11124);
#9346=AXIS2_PLACEMENT_3D('',#14089,#11125,#11126);
#9347=AXIS2_PLACEMENT_3D('',#14090,#11127,#11128);
#9348=AXIS2_PLACEMENT_3D('',#14091,#11129,#11130);
#9349=AXIS2_PLACEMENT_3D('',#14092,#11131,#11132);
#9350=AXIS2_PLACEMENT_3D('',#14093,#11133,#11134);
#9351=AXIS2_PLACEMENT_3D('',#14095,#11135,#11136);
#9352=AXIS2_PLACEMENT_3D('',#14098,#11138,#11139);
#9353=AXIS2_PLACEMENT_3D('',#14099,#11140,#11141);
#9354=AXIS2_PLACEMENT_3D('',#14101,#11143,#11144);
#9355=AXIS2_PLACEMENT_3D('',#14103,#11145,#11146);
#9356=AXIS2_PLACEMENT_3D('',#14106,#11148,#11149);
#9357=AXIS2_PLACEMENT_3D('',#14107,#11150,#11151);
#9358=AXIS2_PLACEMENT_3D('',#14109,#11153,#11154);
#9359=AXIS2_PLACEMENT_3D('',#14111,#11155,#11156);
#9360=AXIS2_PLACEMENT_3D('',#14113,#11158,#11159);
#9361=AXIS2_PLACEMENT_3D('',#14115,#11160,#11161);
#9362=AXIS2_PLACEMENT_3D('',#14117,#11163,#11164);
#9363=AXIS2_PLACEMENT_3D('',#14119,#11165,#11166);
#9364=AXIS2_PLACEMENT_3D('',#14121,#11168,#11169);
#9365=AXIS2_PLACEMENT_3D('',#14123,#11170,#11171);
#9366=AXIS2_PLACEMENT_3D('',#14125,#11173,#11174);
#9367=AXIS2_PLACEMENT_3D('',#14128,#11176,#11177);
#9368=AXIS2_PLACEMENT_3D('',#14130,#11178,#11179);
#9369=AXIS2_PLACEMENT_3D('',#14131,#11180,#11181);
#9370=AXIS2_PLACEMENT_3D('',#14132,#11182,#11183);
#9371=AXIS2_PLACEMENT_3D('',#14134,#11185,#11186);
#9372=AXIS2_PLACEMENT_3D('',#14135,#11187,#11188);
#9373=AXIS2_PLACEMENT_3D('',#14137,#11190,#11191);
#9374=AXIS2_PLACEMENT_3D('',#14138,#11192,#11193);
#9375=AXIS2_PLACEMENT_3D('',#14140,#11195,#11196);
#9376=AXIS2_PLACEMENT_3D('',#14142,#11198,#11199);
#9377=AXIS2_PLACEMENT_3D('',#14143,#11200,#11201);
#9378=AXIS2_PLACEMENT_3D('',#14145,#11203,#11204);
#9379=AXIS2_PLACEMENT_3D('',#14147,#11206,#11207);
#9380=AXIS2_PLACEMENT_3D('',#14149,#11209,#11210);
#9381=AXIS2_PLACEMENT_3D('',#14151,#11212,#11213);
#9382=AXIS2_PLACEMENT_3D('',#14152,#11214,#11215);
#9383=AXIS2_PLACEMENT_3D('',#14153,#11216,#11217);
#9384=AXIS2_PLACEMENT_3D('',#14155,#11219,#11220);
#9385=AXIS2_PLACEMENT_3D('',#14157,#11222,#11223);
#9386=AXIS2_PLACEMENT_3D('',#14159,#11225,#11226);
#9387=AXIS2_PLACEMENT_3D('',#14161,#11228,#11229);
#9388=AXIS2_PLACEMENT_3D('',#14163,#11231,#11232);
#9389=AXIS2_PLACEMENT_3D('',#14165,#11234,#11235);
#9390=AXIS2_PLACEMENT_3D('',#14167,#11237,#11238);
#9391=AXIS2_PLACEMENT_3D('',#14169,#11239,#11240);
#9392=AXIS2_PLACEMENT_3D('',#14172,#11242,#11243);
#9393=AXIS2_PLACEMENT_3D('',#14173,#11244,#11245);
#9394=AXIS2_PLACEMENT_3D('',#14175,#11246,#11247);
#9395=AXIS2_PLACEMENT_3D('',#14178,#11249,#11250);
#9396=AXIS2_PLACEMENT_3D('',#14179,#11251,#11252);
#9397=AXIS2_PLACEMENT_3D('',#14181,#11253,#11254);
#9398=AXIS2_PLACEMENT_3D('',#14184,#11256,#11257);
#9399=AXIS2_PLACEMENT_3D('',#14185,#11258,#11259);
#9400=AXIS2_PLACEMENT_3D('',#14187,#11260,#11261);
#9401=AXIS2_PLACEMENT_3D('',#14190,#11263,#11264);
#9402=AXIS2_PLACEMENT_3D('',#14191,#11265,#11266);
#9403=AXIS2_PLACEMENT_3D('',#14194,#11267,#11268);
#9404=AXIS2_PLACEMENT_3D('',#14198,#11270,#11271);
#9405=AXIS2_PLACEMENT_3D('',#14200,#11273,#11274);
#9406=AXIS2_PLACEMENT_3D('',#14201,#11275,#11276);
#9407=AXIS2_PLACEMENT_3D('',#14202,#11277,#11278);
#9408=AXIS2_PLACEMENT_3D('',#14204,#11279,#11280);
#9409=AXIS2_PLACEMENT_3D('',#14206,#11281,#11282);
#9410=AXIS2_PLACEMENT_3D('',#14208,#11283,#11284);
#9411=AXIS2_PLACEMENT_3D('',#14210,#11285,#11286);
#9412=AXIS2_PLACEMENT_3D('',#14212,#11287,#11288);
#9413=AXIS2_PLACEMENT_3D('',#14213,#11289,#11290);
#9414=AXIS2_PLACEMENT_3D('',#14215,#11291,#11292);
#9415=AXIS2_PLACEMENT_3D('',#14217,#11293,#11294);
#9416=AXIS2_PLACEMENT_3D('',#14219,#11295,#11296);
#9417=AXIS2_PLACEMENT_3D('',#14220,#11297,#11298);
#9418=AXIS2_PLACEMENT_3D('',#14224,#11300,#11301);
#9419=AXIS2_PLACEMENT_3D('',#14226,#11303,#11304);
#9420=AXIS2_PLACEMENT_3D('',#14227,#11305,#11306);
#9421=AXIS2_PLACEMENT_3D('',#14228,#11307,#11308);
#9422=AXIS2_PLACEMENT_3D('',#14232,#11310,#11311);
#9423=AXIS2_PLACEMENT_3D('',#14234,#11313,#11314);
#9424=AXIS2_PLACEMENT_3D('',#14235,#11315,#11316);
#9425=AXIS2_PLACEMENT_3D('',#14236,#11317,#11318);
#9426=AXIS2_PLACEMENT_3D('',#14238,#11319,#11320);
#9427=AXIS2_PLACEMENT_3D('',#14240,#11322,#11323);
#9428=AXIS2_PLACEMENT_3D('',#14242,#11324,#11325);
#9429=AXIS2_PLACEMENT_3D('',#14244,#11327,#11328);
#9430=AXIS2_PLACEMENT_3D('',#14246,#11329,#11330);
#9431=AXIS2_PLACEMENT_3D('',#14248,#11332,#11333);
#9432=AXIS2_PLACEMENT_3D('',#14251,#11335,#11336);
#9433=AXIS2_PLACEMENT_3D('',#14252,#11337,#11338);
#9434=AXIS2_PLACEMENT_3D('',#14253,#11339,#11340);
#9435=AXIS2_PLACEMENT_3D('',#14255,#11341,#11342);
#9436=AXIS2_PLACEMENT_3D('',#14257,#11343,#11344);
#9437=AXIS2_PLACEMENT_3D('',#14258,#11345,#11346);
#9438=AXIS2_PLACEMENT_3D('',#14261,#11348,#11349);
#9439=AXIS2_PLACEMENT_3D('',#14262,#11350,#11351);
#9440=AXIS2_PLACEMENT_3D('',#14264,#11352,#11353);
#9441=AXIS2_PLACEMENT_3D('',#14265,#11354,#11355);
#9442=AXIS2_PLACEMENT_3D('',#14267,#11357,#11358);
#9443=AXIS2_PLACEMENT_3D('',#14269,#11359,#11360);
#9444=AXIS2_PLACEMENT_3D('',#14271,#11361,#11362);
#9445=AXIS2_PLACEMENT_3D('',#14272,#11363,#11364);
#9446=AXIS2_PLACEMENT_3D('',#14275,#11366,#11367);
#9447=AXIS2_PLACEMENT_3D('',#14276,#11368,#11369);
#9448=AXIS2_PLACEMENT_3D('',#14278,#11370,#11371);
#9449=AXIS2_PLACEMENT_3D('',#14279,#11372,#11373);
#9450=AXIS2_PLACEMENT_3D('',#14281,#11375,#11376);
#9451=AXIS2_PLACEMENT_3D('',#14284,#11377,#11378);
#9452=AXIS2_PLACEMENT_3D('',#14288,#11380,#11381);
#9453=AXIS2_PLACEMENT_3D('',#14292,#11383,#11384);
#9454=AXIS2_PLACEMENT_3D('',#14294,#11386,#11387);
#9455=AXIS2_PLACEMENT_3D('',#14296,#11388,#11389);
#9456=AXIS2_PLACEMENT_3D('',#14298,#11390,#11391);
#9457=AXIS2_PLACEMENT_3D('',#14300,#11392,#11393);
#9458=AXIS2_PLACEMENT_3D('',#14304,#11395,#11396);
#9459=AXIS2_PLACEMENT_3D('',#14312,#11400,#11401);
#9460=AXIS2_PLACEMENT_3D('',#14316,#11403,#11404);
#9461=AXIS2_PLACEMENT_3D('',#14320,#11406,#11407);
#9462=AXIS2_PLACEMENT_3D('',#14322,#11408,#11409);
#9463=AXIS2_PLACEMENT_3D('',#14325,#11411,#11412);
#9464=AXIS2_PLACEMENT_3D('',#14327,#11413,#11414);
#9465=AXIS2_PLACEMENT_3D('',#14332,#11416,#11417);
#9466=AXIS2_PLACEMENT_3D('',#14334,#11418,#11419);
#9467=AXIS2_PLACEMENT_3D('',#14336,#11420,#11421);
#9468=AXIS2_PLACEMENT_3D('',#14339,#11423,#11424);
#9469=AXIS2_PLACEMENT_3D('',#14344,#11426,#11427);
#9470=AXIS2_PLACEMENT_3D('',#14346,#11428,#11429);
#9471=AXIS2_PLACEMENT_3D('',#14348,#11430,#11431);
#9472=AXIS2_PLACEMENT_3D('',#14351,#11433,#11434);
#9473=AXIS2_PLACEMENT_3D('',#14352,#11435,#11436);
#9474=AXIS2_PLACEMENT_3D('',#14354,#11437,#11438);
#9475=AXIS2_PLACEMENT_3D('',#14356,#11440,#11441);
#9476=AXIS2_PLACEMENT_3D('',#14361,#11444,#11445);
#9477=AXIS2_PLACEMENT_3D('',#14362,#11446,#11447);
#9478=AXIS2_PLACEMENT_3D('',#14368,#11451,#11452);
#9479=AXIS2_PLACEMENT_3D('',#14372,#11455,#11456);
#9480=AXIS2_PLACEMENT_3D('',#14380,#11461,#11462);
#9481=AXIS2_PLACEMENT_3D('',#14383,#11464,#11465);
#9482=AXIS2_PLACEMENT_3D('',#14384,#11466,#11467);
#9483=AXIS2_PLACEMENT_3D('',#14387,#11469,#11470);
#9484=AXIS2_PLACEMENT_3D('',#14388,#11471,#11472);
#9485=AXIS2_PLACEMENT_3D('',#14390,#11473,#11474);
#9486=AXIS2_PLACEMENT_3D('',#14392,#11476,#11477);
#9487=AXIS2_PLACEMENT_3D('',#14394,#11478,#11479);
#9488=AXIS2_PLACEMENT_3D('',#14397,#11481,#11482);
#9489=AXIS2_PLACEMENT_3D('',#14398,#11483,#11484);
#9490=AXIS2_PLACEMENT_3D('',#14407,#11489,#11490);
#9491=AXIS2_PLACEMENT_3D('',#14416,#11495,#11496);
#9492=AXIS2_PLACEMENT_3D('',#14424,#11501,#11502);
#9493=AXIS2_PLACEMENT_3D('',#14430,#11506,#11507);
#9494=AXIS2_PLACEMENT_3D('',#14439,#11512,#11513);
#9495=AXIS2_PLACEMENT_3D('',#14443,#11517,#11518);
#9496=AXIS2_PLACEMENT_3D('',#14445,#11519,#11520);
#9497=AXIS2_PLACEMENT_3D('',#14448,#11522,#11523);
#9498=AXIS2_PLACEMENT_3D('',#14449,#11524,#11525);
#9499=AXIS2_PLACEMENT_3D('',#14452,#11526,#11527);
#9500=AXIS2_PLACEMENT_3D('',#14456,#11529,#11530);
#9501=AXIS2_PLACEMENT_3D('',#14458,#11532,#11533);
#9502=AXIS2_PLACEMENT_3D('',#14464,#11537,#11538);
#9503=AXIS2_PLACEMENT_3D('',#14465,#11539,#11540);
#9504=AXIS2_PLACEMENT_3D('',#14466,#11541,#11542);
#9505=AXIS2_PLACEMENT_3D('',#14467,#11543,#11544);
#9506=AXIS2_PLACEMENT_3D('',#14475,#11549,#11550);
#9507=AXIS2_PLACEMENT_3D('',#14476,#11551,#11552);
#9508=AXIS2_PLACEMENT_3D('',#14484,#11557,#11558);
#9509=AXIS2_PLACEMENT_3D('',#14486,#11560,#11561);
#9510=AXIS2_PLACEMENT_3D('',#14487,#11562,#11563);
#9511=AXIS2_PLACEMENT_3D('',#14491,#11565,#11566);
#9512=AXIS2_PLACEMENT_3D('',#14493,#11567,#11568);
#9513=AXIS2_PLACEMENT_3D('',#14495,#11569,#11570);
#9514=AXIS2_PLACEMENT_3D('',#14501,#11573,#11574);
#9515=AXIS2_PLACEMENT_3D('',#14503,#11575,#11576);
#9516=AXIS2_PLACEMENT_3D('',#14505,#11577,#11578);
#9517=AXIS2_PLACEMENT_3D('',#14511,#11581,#11582);
#9518=AXIS2_PLACEMENT_3D('',#14513,#11583,#11584);
#9519=AXIS2_PLACEMENT_3D('',#14520,#11588,#11589);
#9520=AXIS2_PLACEMENT_3D('',#14523,#11591,#11592);
#9521=AXIS2_PLACEMENT_3D('',#14524,#11593,#11594);
#9522=AXIS2_PLACEMENT_3D('',#14529,#11598,#11599);
#9523=AXIS2_PLACEMENT_3D('',#14531,#11601,#11602);
#9524=AXIS2_PLACEMENT_3D('',#14532,#11603,#11604);
#9525=AXIS2_PLACEMENT_3D('',#14535,#11607,#11608);
#9526=AXIS2_PLACEMENT_3D('',#14537,#11610,#11611);
#9527=AXIS2_PLACEMENT_3D('',#14542,#11614,#11615);
#9528=AXIS2_PLACEMENT_3D('',#14543,#11616,#11617);
#9529=AXIS2_PLACEMENT_3D('',#14546,#11619,#11620);
#9530=AXIS2_PLACEMENT_3D('',#14547,#11621,#11622);
#9531=AXIS2_PLACEMENT_3D('',#14552,#11625,#11626);
#9532=AXIS2_PLACEMENT_3D('',#14553,#11627,#11628);
#9533=AXIS2_PLACEMENT_3D('',#14564,#11636,#11637);
#9534=AXIS2_PLACEMENT_3D('',#14567,#11640,#11641);
#9535=AXIS2_PLACEMENT_3D('',#14568,#11642,#11643);
#9536=AXIS2_PLACEMENT_3D('',#14569,#11644,#11645);
#9537=AXIS2_PLACEMENT_3D('',#14572,#11648,#11649);
#9538=AXIS2_PLACEMENT_3D('',#14575,#11652,#11653);
#9539=AXIS2_PLACEMENT_3D('',#14577,#11655,#11656);
#9540=AXIS2_PLACEMENT_3D('',#14578,#11657,#11658);
#9541=AXIS2_PLACEMENT_3D('',#14581,#11661,#11662);
#9542=AXIS2_PLACEMENT_3D('',#14583,#11664,#11665);
#9543=AXIS2_PLACEMENT_3D('',#14585,#11667,#11668);
#9544=AXIS2_PLACEMENT_3D('',#14587,#11670,#11671);
#9545=AXIS2_PLACEMENT_3D('',#14588,#11672,#11673);
#9546=AXIS2_PLACEMENT_3D('',#14589,#11674,#11675);
#9547=AXIS2_PLACEMENT_3D('',#14592,#11678,#11679);
#9548=AXIS2_PLACEMENT_3D('',#14593,#11680,#11681);
#9549=AXIS2_PLACEMENT_3D('',#14594,#11682,#11683);
#9550=AXIS2_PLACEMENT_3D('',#14596,#11685,#11686);
#9551=AXIS2_PLACEMENT_3D('',#14597,#11687,#11688);
#9552=AXIS2_PLACEMENT_3D('',#14599,#11689,#11690);
#9553=AXIS2_PLACEMENT_3D('',#14601,#11692,#11693);
#9554=AXIS2_PLACEMENT_3D('',#14602,#11694,#11695);
#9555=AXIS2_PLACEMENT_3D('',#14604,#11696,#11697);
#9556=AXIS2_PLACEMENT_3D('',#14606,#11698,#11699);
#9557=AXIS2_PLACEMENT_3D('',#14607,#11700,#11701);
#9558=AXIS2_PLACEMENT_3D('',#14610,#11703,#11704);
#9559=AXIS2_PLACEMENT_3D('',#14611,#11705,#11706);
#9560=AXIS2_PLACEMENT_3D('',#14613,#11707,#11708);
#9561=AXIS2_PLACEMENT_3D('',#14614,#11709,#11710);
#9562=AXIS2_PLACEMENT_3D('',#14616,#11712,#11713);
#9563=AXIS2_PLACEMENT_3D('',#14618,#11714,#11715);
#9564=AXIS2_PLACEMENT_3D('',#14620,#11716,#11717);
#9565=AXIS2_PLACEMENT_3D('',#14621,#11718,#11719);
#9566=AXIS2_PLACEMENT_3D('',#14624,#11721,#11722);
#9567=AXIS2_PLACEMENT_3D('',#14625,#11723,#11724);
#9568=AXIS2_PLACEMENT_3D('',#14627,#11725,#11726);
#9569=AXIS2_PLACEMENT_3D('',#14628,#11727,#11728);
#9570=AXIS2_PLACEMENT_3D('',#14630,#11730,#11731);
#9571=AXIS2_PLACEMENT_3D('',#14639,#11736,#11737);
#9572=AXIS2_PLACEMENT_3D('',#14645,#11741,#11742);
#9573=AXIS2_PLACEMENT_3D('',#14655,#11748,#11749);
#9574=AXIS2_PLACEMENT_3D('',#14657,#11750,#11751);
#9575=AXIS2_PLACEMENT_3D('',#14661,#11753,#11754);
#9576=AXIS2_PLACEMENT_3D('',#14665,#11756,#11757);
#9577=AXIS2_PLACEMENT_3D('',#14667,#11758,#11759);
#9578=AXIS2_PLACEMENT_3D('',#14671,#11761,#11762);
#9579=AXIS2_PLACEMENT_3D('',#14675,#11764,#11765);
#9580=AXIS2_PLACEMENT_3D('',#14677,#11766,#11767);
#9581=AXIS2_PLACEMENT_3D('',#14679,#11768,#11769);
#9582=AXIS2_PLACEMENT_3D('',#14682,#11771,#11772);
#9583=AXIS2_PLACEMENT_3D('',#14687,#11774,#11775);
#9584=AXIS2_PLACEMENT_3D('',#14689,#11776,#11777);
#9585=AXIS2_PLACEMENT_3D('',#14691,#11778,#11779);
#9586=AXIS2_PLACEMENT_3D('',#14694,#11781,#11782);
#9587=AXIS2_PLACEMENT_3D('',#14699,#11784,#11785);
#9588=AXIS2_PLACEMENT_3D('',#14701,#11786,#11787);
#9589=AXIS2_PLACEMENT_3D('',#14703,#11788,#11789);
#9590=AXIS2_PLACEMENT_3D('',#14706,#11791,#11792);
#9591=AXIS2_PLACEMENT_3D('',#14708,#11793,#11794);
#9592=AXIS2_PLACEMENT_3D('',#14710,#11795,#11796);
#9593=AXIS2_PLACEMENT_3D('',#14711,#11797,#11798);
#9594=AXIS2_PLACEMENT_3D('',#14716,#11800,#11801);
#9595=AXIS2_PLACEMENT_3D('',#14718,#11802,#11803);
#9596=AXIS2_PLACEMENT_3D('',#14720,#11804,#11805);
#9597=AXIS2_PLACEMENT_3D('',#14722,#11807,#11808);
#9598=AXIS2_PLACEMENT_3D('',#14727,#11811,#11812);
#9599=AXIS2_PLACEMENT_3D('',#14728,#11813,#11814);
#9600=AXIS2_PLACEMENT_3D('',#14731,#11816,#11817);
#9601=AXIS2_PLACEMENT_3D('',#14732,#11818,#11819);
#9602=AXIS2_PLACEMENT_3D('',#14734,#11820,#11821);
#9603=AXIS2_PLACEMENT_3D('',#14736,#11823,#11824);
#9604=AXIS2_PLACEMENT_3D('',#14738,#11825,#11826);
#9605=AXIS2_PLACEMENT_3D('',#14741,#11828,#11829);
#9606=AXIS2_PLACEMENT_3D('',#14742,#11830,#11831);
#9607=AXIS2_PLACEMENT_3D('',#14751,#11836,#11837);
#9608=AXIS2_PLACEMENT_3D('',#14760,#11842,#11843);
#9609=AXIS2_PLACEMENT_3D('',#14768,#11848,#11849);
#9610=AXIS2_PLACEMENT_3D('',#14774,#11853,#11854);
#9611=AXIS2_PLACEMENT_3D('',#14783,#11859,#11860);
#9612=AXIS2_PLACEMENT_3D('',#14787,#11864,#11865);
#9613=AXIS2_PLACEMENT_3D('',#14789,#11866,#11867);
#9614=AXIS2_PLACEMENT_3D('',#14792,#11869,#11870);
#9615=AXIS2_PLACEMENT_3D('',#14793,#11871,#11872);
#9616=AXIS2_PLACEMENT_3D('',#14796,#11873,#11874);
#9617=AXIS2_PLACEMENT_3D('',#14800,#11876,#11877);
#9618=AXIS2_PLACEMENT_3D('',#14802,#11879,#11880);
#9619=AXIS2_PLACEMENT_3D('',#14808,#11884,#11885);
#9620=AXIS2_PLACEMENT_3D('',#14809,#11886,#11887);
#9621=AXIS2_PLACEMENT_3D('',#14810,#11888,#11889);
#9622=AXIS2_PLACEMENT_3D('',#14811,#11890,#11891);
#9623=AXIS2_PLACEMENT_3D('',#14819,#11896,#11897);
#9624=AXIS2_PLACEMENT_3D('',#14820,#11898,#11899);
#9625=AXIS2_PLACEMENT_3D('',#14828,#11904,#11905);
#9626=AXIS2_PLACEMENT_3D('',#14830,#11907,#11908);
#9627=AXIS2_PLACEMENT_3D('',#14831,#11909,#11910);
#9628=AXIS2_PLACEMENT_3D('',#14835,#11912,#11913);
#9629=AXIS2_PLACEMENT_3D('',#14837,#11914,#11915);
#9630=AXIS2_PLACEMENT_3D('',#14839,#11916,#11917);
#9631=AXIS2_PLACEMENT_3D('',#14845,#11920,#11921);
#9632=AXIS2_PLACEMENT_3D('',#14847,#11922,#11923);
#9633=AXIS2_PLACEMENT_3D('',#14849,#11924,#11925);
#9634=AXIS2_PLACEMENT_3D('',#14855,#11928,#11929);
#9635=AXIS2_PLACEMENT_3D('',#14857,#11930,#11931);
#9636=AXIS2_PLACEMENT_3D('',#14864,#11935,#11936);
#9637=AXIS2_PLACEMENT_3D('',#14867,#11938,#11939);
#9638=AXIS2_PLACEMENT_3D('',#14868,#11940,#11941);
#9639=AXIS2_PLACEMENT_3D('',#14873,#11945,#11946);
#9640=AXIS2_PLACEMENT_3D('',#14875,#11948,#11949);
#9641=AXIS2_PLACEMENT_3D('',#14876,#11950,#11951);
#9642=AXIS2_PLACEMENT_3D('',#14879,#11954,#11955);
#9643=AXIS2_PLACEMENT_3D('',#14881,#11957,#11958);
#9644=AXIS2_PLACEMENT_3D('',#14886,#11961,#11962);
#9645=AXIS2_PLACEMENT_3D('',#14887,#11963,#11964);
#9646=AXIS2_PLACEMENT_3D('',#14890,#11966,#11967);
#9647=AXIS2_PLACEMENT_3D('',#14891,#11968,#11969);
#9648=AXIS2_PLACEMENT_3D('',#14896,#11972,#11973);
#9649=AXIS2_PLACEMENT_3D('',#14897,#11974,#11975);
#9650=AXIS2_PLACEMENT_3D('',#14908,#11983,#11984);
#9651=AXIS2_PLACEMENT_3D('',#14911,#11987,#11988);
#9652=AXIS2_PLACEMENT_3D('',#14913,#11990,#11991);
#9653=AXIS2_PLACEMENT_3D('',#14915,#11993,#11994);
#9654=AXIS2_PLACEMENT_3D('',#14917,#11996,#11997);
#9655=AXIS2_PLACEMENT_3D('',#14918,#11998,#11999);
#9656=AXIS2_PLACEMENT_3D('',#14921,#12002,#12003);
#9657=AXIS2_PLACEMENT_3D('',#14924,#12006,#12007);
#9658=AXIS2_PLACEMENT_3D('',#14926,#12009,#12010);
#9659=AXIS2_PLACEMENT_3D('',#14927,#12011,#12012);
#9660=AXIS2_PLACEMENT_3D('',#14930,#12015,#12016);
#9661=AXIS2_PLACEMENT_3D('',#14932,#12018,#12019);
#9662=AXIS2_PLACEMENT_3D('',#14934,#12021,#12022);
#9663=AXIS2_PLACEMENT_3D('',#14936,#12024,#12025);
#9664=AXIS2_PLACEMENT_3D('',#14937,#12026,#12027);
#9665=AXIS2_PLACEMENT_3D('',#14938,#12028,#12029);
#9666=AXIS2_PLACEMENT_3D('',#14941,#12032,#12033);
#9667=AXIS2_PLACEMENT_3D('',#14942,#12034,#12035);
#9668=AXIS2_PLACEMENT_3D('',#14943,#12036,#12037);
#9669=AXIS2_PLACEMENT_3D('',#14945,#12039,#12040);
#9670=AXIS2_PLACEMENT_3D('',#14946,#12041,#12042);
#9671=AXIS2_PLACEMENT_3D('',#14948,#12043,#12044);
#9672=AXIS2_PLACEMENT_3D('',#14950,#12046,#12047);
#9673=AXIS2_PLACEMENT_3D('',#14951,#12048,#12049);
#9674=AXIS2_PLACEMENT_3D('',#14960,#12054,#12055);
#9675=AXIS2_PLACEMENT_3D('',#14966,#12059,#12060);
#9676=AXIS2_PLACEMENT_3D('',#14976,#12066,#12067);
#9677=AXIS2_PLACEMENT_3D('',#14978,#12068,#12069);
#9678=AXIS2_PLACEMENT_3D('',#14982,#12071,#12072);
#9679=AXIS2_PLACEMENT_3D('',#14986,#12074,#12075);
#9680=AXIS2_PLACEMENT_3D('',#14988,#12076,#12077);
#9681=AXIS2_PLACEMENT_3D('',#14992,#12079,#12080);
#9682=AXIS2_PLACEMENT_3D('',#14996,#12082,#12083);
#9683=AXIS2_PLACEMENT_3D('',#14998,#12084,#12085);
#9684=AXIS2_PLACEMENT_3D('',#15000,#12086,#12087);
#9685=AXIS2_PLACEMENT_3D('',#15003,#12089,#12090);
#9686=AXIS2_PLACEMENT_3D('',#15008,#12092,#12093);
#9687=AXIS2_PLACEMENT_3D('',#15010,#12094,#12095);
#9688=AXIS2_PLACEMENT_3D('',#15012,#12096,#12097);
#9689=AXIS2_PLACEMENT_3D('',#15015,#12099,#12100);
#9690=AXIS2_PLACEMENT_3D('',#15020,#12102,#12103);
#9691=AXIS2_PLACEMENT_3D('',#15022,#12104,#12105);
#9692=AXIS2_PLACEMENT_3D('',#15024,#12106,#12107);
#9693=AXIS2_PLACEMENT_3D('',#15027,#12109,#12110);
#9694=AXIS2_PLACEMENT_3D('',#15029,#12111,#12112);
#9695=AXIS2_PLACEMENT_3D('',#15031,#12113,#12114);
#9696=AXIS2_PLACEMENT_3D('',#15032,#12115,#12116);
#9697=AXIS2_PLACEMENT_3D('',#15037,#12118,#12119);
#9698=AXIS2_PLACEMENT_3D('',#15039,#12120,#12121);
#9699=AXIS2_PLACEMENT_3D('',#15041,#12122,#12123);
#9700=AXIS2_PLACEMENT_3D('',#15043,#12125,#12126);
#9701=AXIS2_PLACEMENT_3D('',#15048,#12129,#12130);
#9702=AXIS2_PLACEMENT_3D('',#15049,#12131,#12132);
#9703=AXIS2_PLACEMENT_3D('',#15052,#12134,#12135);
#9704=AXIS2_PLACEMENT_3D('',#15053,#12136,#12137);
#9705=AXIS2_PLACEMENT_3D('',#15055,#12138,#12139);
#9706=AXIS2_PLACEMENT_3D('',#15057,#12141,#12142);
#9707=AXIS2_PLACEMENT_3D('',#15059,#12143,#12144);
#9708=AXIS2_PLACEMENT_3D('',#15062,#12146,#12147);
#9709=AXIS2_PLACEMENT_3D('',#15063,#12148,#12149);
#9710=AXIS2_PLACEMENT_3D('',#15072,#12154,#12155);
#9711=AXIS2_PLACEMENT_3D('',#15081,#12160,#12161);
#9712=AXIS2_PLACEMENT_3D('',#15089,#12166,#12167);
#9713=AXIS2_PLACEMENT_3D('',#15095,#12171,#12172);
#9714=AXIS2_PLACEMENT_3D('',#15104,#12177,#12178);
#9715=AXIS2_PLACEMENT_3D('',#15108,#12182,#12183);
#9716=AXIS2_PLACEMENT_3D('',#15110,#12184,#12185);
#9717=AXIS2_PLACEMENT_3D('',#15113,#12187,#12188);
#9718=AXIS2_PLACEMENT_3D('',#15114,#12189,#12190);
#9719=AXIS2_PLACEMENT_3D('',#15117,#12191,#12192);
#9720=AXIS2_PLACEMENT_3D('',#15121,#12194,#12195);
#9721=AXIS2_PLACEMENT_3D('',#15123,#12197,#12198);
#9722=AXIS2_PLACEMENT_3D('',#15129,#12202,#12203);
#9723=AXIS2_PLACEMENT_3D('',#15130,#12204,#12205);
#9724=AXIS2_PLACEMENT_3D('',#15131,#12206,#12207);
#9725=AXIS2_PLACEMENT_3D('',#15132,#12208,#12209);
#9726=AXIS2_PLACEMENT_3D('',#15140,#12214,#12215);
#9727=AXIS2_PLACEMENT_3D('',#15141,#12216,#12217);
#9728=AXIS2_PLACEMENT_3D('',#15149,#12222,#12223);
#9729=AXIS2_PLACEMENT_3D('',#15151,#12225,#12226);
#9730=AXIS2_PLACEMENT_3D('',#15152,#12227,#12228);
#9731=AXIS2_PLACEMENT_3D('',#15156,#12230,#12231);
#9732=AXIS2_PLACEMENT_3D('',#15158,#12232,#12233);
#9733=AXIS2_PLACEMENT_3D('',#15160,#12234,#12235);
#9734=AXIS2_PLACEMENT_3D('',#15166,#12238,#12239);
#9735=AXIS2_PLACEMENT_3D('',#15168,#12240,#12241);
#9736=AXIS2_PLACEMENT_3D('',#15170,#12242,#12243);
#9737=AXIS2_PLACEMENT_3D('',#15176,#12246,#12247);
#9738=AXIS2_PLACEMENT_3D('',#15178,#12248,#12249);
#9739=AXIS2_PLACEMENT_3D('',#15185,#12253,#12254);
#9740=AXIS2_PLACEMENT_3D('',#15188,#12256,#12257);
#9741=AXIS2_PLACEMENT_3D('',#15189,#12258,#12259);
#9742=AXIS2_PLACEMENT_3D('',#15194,#12263,#12264);
#9743=AXIS2_PLACEMENT_3D('',#15196,#12266,#12267);
#9744=AXIS2_PLACEMENT_3D('',#15197,#12268,#12269);
#9745=AXIS2_PLACEMENT_3D('',#15200,#12272,#12273);
#9746=AXIS2_PLACEMENT_3D('',#15202,#12275,#12276);
#9747=AXIS2_PLACEMENT_3D('',#15207,#12279,#12280);
#9748=AXIS2_PLACEMENT_3D('',#15208,#12281,#12282);
#9749=AXIS2_PLACEMENT_3D('',#15211,#12284,#12285);
#9750=AXIS2_PLACEMENT_3D('',#15212,#12286,#12287);
#9751=AXIS2_PLACEMENT_3D('',#15217,#12290,#12291);
#9752=AXIS2_PLACEMENT_3D('',#15218,#12292,#12293);
#9753=AXIS2_PLACEMENT_3D('',#15229,#12301,#12302);
#9754=AXIS2_PLACEMENT_3D('',#15232,#12305,#12306);
#9755=AXIS2_PLACEMENT_3D('',#15234,#12308,#12309);
#9756=AXIS2_PLACEMENT_3D('',#15236,#12311,#12312);
#9757=AXIS2_PLACEMENT_3D('',#15238,#12314,#12315);
#9758=AXIS2_PLACEMENT_3D('',#15239,#12316,#12317);
#9759=AXIS2_PLACEMENT_3D('',#15242,#12320,#12321);
#9760=AXIS2_PLACEMENT_3D('',#15245,#12324,#12325);
#9761=AXIS2_PLACEMENT_3D('',#15247,#12327,#12328);
#9762=AXIS2_PLACEMENT_3D('',#15248,#12329,#12330);
#9763=AXIS2_PLACEMENT_3D('',#15251,#12333,#12334);
#9764=AXIS2_PLACEMENT_3D('',#15253,#12336,#12337);
#9765=AXIS2_PLACEMENT_3D('',#15255,#12339,#12340);
#9766=AXIS2_PLACEMENT_3D('',#15257,#12342,#12343);
#9767=AXIS2_PLACEMENT_3D('',#15258,#12344,#12345);
#9768=AXIS2_PLACEMENT_3D('',#15259,#12346,#12347);
#9769=AXIS2_PLACEMENT_3D('',#15262,#12350,#12351);
#9770=AXIS2_PLACEMENT_3D('',#15263,#12352,#12353);
#9771=AXIS2_PLACEMENT_3D('',#15264,#12354,#12355);
#9772=AXIS2_PLACEMENT_3D('',#15266,#12357,#12358);
#9773=AXIS2_PLACEMENT_3D('',#15267,#12359,#12360);
#9774=AXIS2_PLACEMENT_3D('',#15269,#12361,#12362);
#9775=AXIS2_PLACEMENT_3D('',#15271,#12364,#12365);
#9776=AXIS2_PLACEMENT_3D('',#15272,#12366,#12367);
#9777=AXIS2_PLACEMENT_3D('',#15273,#12368,#12369);
#9778=AXIS2_PLACEMENT_3D('',#15274,#12370,#12371);
#9779=AXIS2_PLACEMENT_3D('',#15275,#12372,#12373);
#9780=AXIS2_PLACEMENT_3D('',#15276,#12374,#12375);
#9781=AXIS2_PLACEMENT_3D('',#15277,#12376,#12377);
#9782=AXIS2_PLACEMENT_3D('',#15278,#12378,#12379);
#9783=AXIS2_PLACEMENT_3D('',#15279,#12380,#12381);
#9784=DIRECTION('axis',(0.,0.,1.));
#9785=DIRECTION('refdir',(1.,0.,0.));
#9786=DIRECTION('axis',(0.,0.,1.));
#9787=DIRECTION('refdir',(1.,0.,0.));
#9788=DIRECTION('axis',(0.,0.,1.));
#9789=DIRECTION('refdir',(1.,0.,0.));
#9790=DIRECTION('axis',(0.,0.,1.));
#9791=DIRECTION('refdir',(1.,0.,0.));
#9792=DIRECTION('axis',(0.,0.,1.));
#9793=DIRECTION('refdir',(1.,0.,0.));
#9794=DIRECTION('axis',(0.,0.,1.));
#9795=DIRECTION('refdir',(1.,0.,0.));
#9796=DIRECTION('axis',(0.,0.,1.));
#9797=DIRECTION('refdir',(1.,0.,0.));
#9798=DIRECTION('center_axis',(0.,1.,0.));
#9799=DIRECTION('ref_axis',(1.,0.,0.));
#9800=DIRECTION('center_axis',(0.,1.,0.));
#9801=DIRECTION('ref_axis',(1.,0.,0.));
#9802=DIRECTION('',(0.,-1.,0.));
#9803=DIRECTION('center_axis',(0.,1.,0.));
#9804=DIRECTION('ref_axis',(1.,0.,0.));
#9805=DIRECTION('center_axis',(0.,1.,0.));
#9806=DIRECTION('ref_axis',(1.,0.,0.));
#9807=DIRECTION('center_axis',(0.,-1.,0.));
#9808=DIRECTION('ref_axis',(-1.,0.,0.));
#9809=DIRECTION('center_axis',(0.,-1.,0.));
#9810=DIRECTION('ref_axis',(-1.,0.,0.));
#9811=DIRECTION('center_axis',(0.,-1.,0.));
#9812=DIRECTION('ref_axis',(-1.,0.,0.));
#9813=DIRECTION('',(0.,1.,0.));
#9814=DIRECTION('center_axis',(0.,1.,0.));
#9815=DIRECTION('ref_axis',(-1.,0.,0.));
#9816=DIRECTION('',(0.,-1.,0.));
#9817=DIRECTION('center_axis',(0.,-1.,0.));
#9818=DIRECTION('ref_axis',(-1.,0.,0.));
#9819=DIRECTION('',(0.,1.,0.));
#9820=DIRECTION('center_axis',(0.,1.,0.));
#9821=DIRECTION('ref_axis',(-1.,0.,0.));
#9822=DIRECTION('center_axis',(0.,-1.,0.));
#9823=DIRECTION('ref_axis',(-1.,0.,0.));
#9824=DIRECTION('',(0.,1.,0.));
#9825=DIRECTION('center_axis',(0.,1.,0.));
#9826=DIRECTION('ref_axis',(-1.,0.,0.));
#9827=DIRECTION('center_axis',(0.,-1.,0.));
#9828=DIRECTION('ref_axis',(-1.,0.,0.));
#9829=DIRECTION('center_axis',(0.,-1.,0.));
#9830=DIRECTION('ref_axis',(-1.,0.,0.));
#9831=DIRECTION('center_axis',(0.,-1.,0.));
#9832=DIRECTION('ref_axis',(-1.,0.,0.));
#9833=DIRECTION('center_axis',(0.,1.,0.));
#9834=DIRECTION('ref_axis',(-1.,0.,0.));
#9835=DIRECTION('',(0.,1.,0.));
#9836=DIRECTION('center_axis',(0.,-1.,0.));
#9837=DIRECTION('ref_axis',(-1.,0.,0.));
#9838=DIRECTION('center_axis',(0.,1.,0.));
#9839=DIRECTION('ref_axis',(0.,0.,-1.));
#9840=DIRECTION('',(0.,0.,-1.));
#9841=DIRECTION('',(-1.,0.,0.));
#9842=DIRECTION('',(0.,0.,1.));
#9843=DIRECTION('',(1.,0.,0.));
#9844=DIRECTION('',(0.,0.,-1.));
#9845=DIRECTION('center_axis',(0.,1.,0.));
#9846=DIRECTION('ref_axis',(-1.,0.,0.));
#9847=DIRECTION('center_axis',(0.,1.,0.));
#9848=DIRECTION('ref_axis',(-1.,0.,0.));
#9849=DIRECTION('',(0.,0.,-1.));
#9850=DIRECTION('center_axis',(-1.,0.,0.));
#9851=DIRECTION('ref_axis',(0.,0.,1.));
#9852=DIRECTION('',(0.,0.,1.));
#9853=DIRECTION('',(0.,-1.,0.));
#9854=DIRECTION('center_axis',(-1.,0.,0.));
#9855=DIRECTION('ref_axis',(0.,0.,1.));
#9856=DIRECTION('',(0.,1.,0.));
#9857=DIRECTION('',(0.,0.,1.));
#9858=DIRECTION('center_axis',(-1.,0.,0.));
#9859=DIRECTION('ref_axis',(0.,0.,1.));
#9860=DIRECTION('',(0.,-1.,0.));
#9861=DIRECTION('',(0.,1.,0.));
#9862=DIRECTION('',(0.,0.,1.));
#9863=DIRECTION('center_axis',(1.,0.,0.));
#9864=DIRECTION('ref_axis',(0.,0.,-1.));
#9865=DIRECTION('',(0.,1.,0.));
#9866=DIRECTION('',(0.,0.,-1.));
#9867=DIRECTION('',(0.,-1.,0.));
#9868=DIRECTION('',(0.,0.,1.));
#9869=DIRECTION('center_axis',(1.,0.,0.));
#9870=DIRECTION('ref_axis',(0.,0.,-1.));
#9871=DIRECTION('',(0.,1.,0.));
#9872=DIRECTION('',(0.,0.,-1.));
#9873=DIRECTION('',(0.,-1.,0.));
#9874=DIRECTION('',(0.,0.,1.));
#9875=DIRECTION('center_axis',(1.,0.,0.));
#9876=DIRECTION('ref_axis',(0.,0.,-1.));
#9877=DIRECTION('',(0.,-1.,0.));
#9878=DIRECTION('',(0.,0.,1.));
#9879=DIRECTION('',(0.,1.,0.));
#9880=DIRECTION('',(0.,0.,-1.));
#9881=DIRECTION('center_axis',(0.,1.,0.));
#9882=DIRECTION('ref_axis',(0.,0.,1.));
#9883=DIRECTION('center_axis',(0.,1.,0.));
#9884=DIRECTION('ref_axis',(-1.,0.,0.));
#9885=DIRECTION('center_axis',(0.,1.,0.));
#9886=DIRECTION('ref_axis',(-1.,0.,0.));
#9887=DIRECTION('',(1.,0.,0.));
#9888=DIRECTION('',(0.,0.,-1.));
#9889=DIRECTION('',(-1.,0.,0.));
#9890=DIRECTION('center_axis',(0.,1.,0.));
#9891=DIRECTION('ref_axis',(-1.,0.,0.));
#9892=DIRECTION('',(0.,-1.,0.));
#9893=DIRECTION('center_axis',(0.,-1.,0.));
#9894=DIRECTION('ref_axis',(-1.,0.,0.));
#9895=DIRECTION('center_axis',(0.,1.,0.));
#9896=DIRECTION('ref_axis',(-0.707106781186546,0.,-0.707106781186549));
#9897=DIRECTION('',(0.,-1.,0.));
#9898=DIRECTION('center_axis',(0.707106781186546,0.707106781186549,0.));
#9899=DIRECTION('ref_axis',(0.707106781186549,-0.707106781186546,0.));
#9900=DIRECTION('',(0.,1.,0.));
#9901=DIRECTION('center_axis',(-0.707106781186546,-0.707106781186549,0.));
#9902=DIRECTION('ref_axis',(0.707106781186549,-0.707106781186546,0.));
#9903=DIRECTION('center_axis',(0.,1.,0.));
#9904=DIRECTION('ref_axis',(0.707106781186546,0.,-0.707106781186549));
#9905=DIRECTION('',(0.,-1.,0.));
#9906=DIRECTION('center_axis',(-0.707106781186546,0.707106781186549,0.));
#9907=DIRECTION('ref_axis',(-0.707106781186549,-0.707106781186546,0.));
#9908=DIRECTION('',(0.,1.,0.));
#9909=DIRECTION('center_axis',(0.707106781186546,-0.707106781186549,0.));
#9910=DIRECTION('ref_axis',(-0.707106781186549,-0.707106781186546,0.));
#9911=DIRECTION('center_axis',(-1.,0.,0.));
#9912=DIRECTION('ref_axis',(0.,0.707106781186546,-0.707106781186549));
#9913=DIRECTION('',(-1.,0.,0.));
#9914=DIRECTION('center_axis',(0.707106781186548,0.707106781186548,0.));
#9915=DIRECTION('ref_axis',(0.707106781186548,-0.707106781186548,0.));
#9916=DIRECTION('center_axis',(1.,0.,0.));
#9917=DIRECTION('ref_axis',(0.,0.707106781186546,-0.707106781186549));
#9918=DIRECTION('center_axis',(-0.707106781186548,0.707106781186548,0.));
#9919=DIRECTION('ref_axis',(-0.707106781186548,-0.707106781186548,0.));
#9920=DIRECTION('',(-1.,0.,0.));
#9921=DIRECTION('center_axis',(-1.,0.,0.));
#9922=DIRECTION('ref_axis',(0.,-0.707106781186546,-0.707106781186549));
#9923=DIRECTION('',(1.,0.,0.));
#9924=DIRECTION('center_axis',(-0.707106781186546,0.707106781186549,0.));
#9925=DIRECTION('ref_axis',(0.707106781186549,0.707106781186546,0.));
#9926=DIRECTION('',(-1.,0.,0.));
#9927=DIRECTION('center_axis',(0.707106781186548,-0.707106781186548,0.));
#9928=DIRECTION('ref_axis',(0.707106781186548,0.707106781186548,0.));
#9929=DIRECTION('center_axis',(-1.,0.,0.));
#9930=DIRECTION('ref_axis',(0.,-0.707106781186547,-0.707106781186548));
#9931=DIRECTION('',(1.,0.,0.));
#9932=DIRECTION('center_axis',(-0.707106781186547,-0.707106781186548,0.));
#9933=DIRECTION('ref_axis',(0.707106781186548,-0.707106781186547,0.));
#9934=DIRECTION('',(-1.,0.,0.));
#9935=DIRECTION('center_axis',(0.707106781186547,-0.707106781186548,0.));
#9936=DIRECTION('ref_axis',(0.707106781186548,0.707106781186547,0.));
#9937=DIRECTION('center_axis',(0.,1.,0.));
#9938=DIRECTION('ref_axis',(0.707106781186546,0.,-0.707106781186549));
#9939=DIRECTION('',(0.,-1.,0.));
#9940=DIRECTION('',(0.,1.,0.));
#9941=DIRECTION('center_axis',(-0.707106781186546,-0.707106781186549,0.));
#9942=DIRECTION('ref_axis',(0.707106781186549,-0.707106781186546,0.));
#9943=DIRECTION('center_axis',(0.,1.,0.));
#9944=DIRECTION('ref_axis',(-0.707106781186546,0.,-0.707106781186549));
#9945=DIRECTION('',(0.,-1.,0.));
#9946=DIRECTION('',(0.,1.,0.));
#9947=DIRECTION('center_axis',(1.,0.,0.));
#9948=DIRECTION('ref_axis',(0.,-0.707106781186546,-0.707106781186549));
#9949=DIRECTION('',(-1.,0.,0.));
#9950=DIRECTION('',(1.,0.,0.));
#9951=DIRECTION('center_axis',(-0.707106781186548,-0.707106781186548,0.));
#9952=DIRECTION('ref_axis',(-0.707106781186548,0.707106781186548,0.));
#9953=DIRECTION('center_axis',(0.,1.,0.));
#9954=DIRECTION('ref_axis',(0.707106781186546,0.,-0.707106781186549));
#9955=DIRECTION('',(0.,1.,0.));
#9956=DIRECTION('center_axis',(0.,-1.,0.));
#9957=DIRECTION('ref_axis',(-0.707106781186546,0.,-0.707106781186549));
#9958=DIRECTION('',(0.,-1.,0.));
#9959=DIRECTION('center_axis',(-1.,0.,0.));
#9960=DIRECTION('ref_axis',(0.,0.707106781186546,-0.707106781186549));
#9961=DIRECTION('',(1.,0.,0.));
#9962=DIRECTION('',(-1.,0.,0.));
#9963=DIRECTION('center_axis',(-1.,0.,0.));
#9964=DIRECTION('ref_axis',(0.,0.,1.));
#9965=DIRECTION('',(0.,-1.,0.));
#9966=DIRECTION('',(0.,0.,1.));
#9967=DIRECTION('center_axis',(0.,-1.,0.));
#9968=DIRECTION('ref_axis',(0.,0.,1.));
#9969=DIRECTION('center_axis',(0.,-1.,0.));
#9970=DIRECTION('ref_axis',(-1.,0.,0.));
#9971=DIRECTION('center_axis',(0.,-1.,0.));
#9972=DIRECTION('ref_axis',(-1.,0.,0.));
#9973=DIRECTION('',(0.,0.,-1.));
#9974=DIRECTION('',(1.,0.,0.));
#9975=DIRECTION('center_axis',(-1.,0.,0.));
#9976=DIRECTION('ref_axis',(0.,0.,1.));
#9977=DIRECTION('',(0.,0.,1.));
#9978=DIRECTION('',(0.,-1.,0.));
#9979=DIRECTION('center_axis',(0.,1.,0.));
#9980=DIRECTION('ref_axis',(1.,0.,0.));
#9981=DIRECTION('',(0.,0.,-1.));
#9982=DIRECTION('',(1.,0.,0.));
#9983=DIRECTION('center_axis',(0.,0.,-1.));
#9984=DIRECTION('ref_axis',(-1.,0.,0.));
#9985=DIRECTION('center_axis',(0.,1.,0.));
#9986=DIRECTION('ref_axis',(0.707106781186546,0.,0.707106781186549));
#9987=DIRECTION('',(0.,-1.,0.));
#9988=DIRECTION('center_axis',(-0.707106781186546,0.707106781186549,0.));
#9989=DIRECTION('ref_axis',(-0.707106781186549,-0.707106781186546,0.));
#9990=DIRECTION('',(0.,1.,0.));
#9991=DIRECTION('center_axis',(0.707106781186546,-0.707106781186549,0.));
#9992=DIRECTION('ref_axis',(-0.707106781186549,-0.707106781186546,0.));
#9993=DIRECTION('center_axis',(0.,1.,0.));
#9994=DIRECTION('ref_axis',(-0.707106781186546,0.,0.707106781186549));
#9995=DIRECTION('center_axis',(0.707106781186546,0.707106781186549,0.));
#9996=DIRECTION('ref_axis',(0.707106781186549,-0.707106781186546,0.));
#9997=DIRECTION('',(0.,1.,0.));
#9998=DIRECTION('center_axis',(-0.707106781186546,-0.707106781186549,0.));
#9999=DIRECTION('ref_axis',(0.707106781186549,-0.707106781186546,0.));
#10000=DIRECTION('center_axis',(1.,0.,0.));
#10001=DIRECTION('ref_axis',(0.,0.707106781186546,0.707106781186549));
#10002=DIRECTION('',(1.,0.,0.));
#10003=DIRECTION('center_axis',(-0.707106781186548,0.707106781186548,0.));
#10004=DIRECTION('ref_axis',(-0.707106781186548,-0.707106781186548,0.));
#10005=DIRECTION('center_axis',(-1.,0.,0.));
#10006=DIRECTION('ref_axis',(0.,0.707106781186546,0.707106781186549));
#10007=DIRECTION('center_axis',(0.707106781186548,0.707106781186548,0.));
#10008=DIRECTION('ref_axis',(0.707106781186548,-0.707106781186548,0.));
#10009=DIRECTION('',(1.,0.,0.));
#10010=DIRECTION('center_axis',(1.,0.,0.));
#10011=DIRECTION('ref_axis',(0.,-0.707106781186546,0.707106781186549));
#10012=DIRECTION('',(-1.,0.,0.));
#10013=DIRECTION('center_axis',(0.707106781186546,0.707106781186549,0.));
#10014=DIRECTION('ref_axis',(-0.707106781186549,0.707106781186546,0.));
#10015=DIRECTION('',(1.,0.,0.));
#10016=DIRECTION('center_axis',(-0.707106781186548,-0.707106781186548,0.));
#10017=DIRECTION('ref_axis',(-0.707106781186548,0.707106781186548,0.));
#10018=DIRECTION('center_axis',(0.,1.,0.));
#10019=DIRECTION('ref_axis',(0.707106781186546,0.,0.707106781186549));
#10020=DIRECTION('',(0.,-1.,0.));
#10021=DIRECTION('center_axis',(0.707106781186547,0.707106781186548,0.));
#10022=DIRECTION('ref_axis',(0.707106781186548,-0.707106781186547,0.));
#10023=DIRECTION('',(0.,1.,0.));
#10024=DIRECTION('center_axis',(1.,0.,0.));
#10025=DIRECTION('ref_axis',(0.,-0.707106781186547,0.707106781186548));
#10026=DIRECTION('',(-1.,0.,0.));
#10027=DIRECTION('center_axis',(0.707106781186547,-0.707106781186548,0.));
#10028=DIRECTION('ref_axis',(-0.707106781186548,-0.707106781186547,0.));
#10029=DIRECTION('center_axis',(0.,1.,0.));
#10030=DIRECTION('ref_axis',(-0.707106781186546,0.,0.707106781186549));
#10031=DIRECTION('',(0.,1.,0.));
#10032=DIRECTION('center_axis',(0.707106781186546,-0.707106781186549,0.));
#10033=DIRECTION('ref_axis',(-0.707106781186549,-0.707106781186546,0.));
#10034=DIRECTION('center_axis',(-1.,0.,0.));
#10035=DIRECTION('ref_axis',(0.,-0.707106781186546,0.707106781186549));
#10036=DIRECTION('',(-1.,0.,0.));
#10037=DIRECTION('center_axis',(0.707106781186548,-0.707106781186548,0.));
#10038=DIRECTION('ref_axis',(0.707106781186548,0.707106781186548,0.));
#10039=DIRECTION('center_axis',(0.,1.,0.));
#10040=DIRECTION('ref_axis',(-0.707106781186546,0.,0.707106781186549));
#10041=DIRECTION('',(0.,1.,0.));
#10042=DIRECTION('center_axis',(0.,-1.,0.));
#10043=DIRECTION('ref_axis',(0.707106781186546,0.,0.707106781186549));
#10044=DIRECTION('',(0.,-1.,0.));
#10045=DIRECTION('center_axis',(1.,0.,0.));
#10046=DIRECTION('ref_axis',(0.,0.707106781186546,0.707106781186549));
#10047=DIRECTION('',(-1.,0.,0.));
#10048=DIRECTION('',(1.,0.,0.));
#10049=DIRECTION('center_axis',(0.,1.,0.));
#10050=DIRECTION('ref_axis',(0.,0.,1.));
#10051=DIRECTION('',(0.,0.,-1.));
#10052=DIRECTION('center_axis',(0.,-1.,0.));
#10053=DIRECTION('ref_axis',(-1.,0.,0.));
#10054=DIRECTION('center_axis',(1.,0.,0.));
#10055=DIRECTION('ref_axis',(0.,0.,-1.));
#10056=DIRECTION('center_axis',(0.,-1.,0.));
#10057=DIRECTION('ref_axis',(0.,0.,-1.));
#10058=DIRECTION('center_axis',(0.,-1.,0.));
#10059=DIRECTION('ref_axis',(-1.,0.,0.));
#10060=DIRECTION('',(0.,0.,1.));
#10061=DIRECTION('center_axis',(0.,-1.,0.));
#10062=DIRECTION('ref_axis',(-1.,0.,0.));
#10063=DIRECTION('center_axis',(0.,0.,1.));
#10064=DIRECTION('ref_axis',(1.,0.,0.));
#10065=DIRECTION('center_axis',(1.,0.,0.));
#10066=DIRECTION('ref_axis',(0.,0.,-1.));
#10067=DIRECTION('center_axis',(0.,1.,0.));
#10068=DIRECTION('ref_axis',(-1.,0.,0.));
#10069=DIRECTION('center_axis',(0.,-1.,0.));
#10070=DIRECTION('ref_axis',(1.,0.,0.));
#10071=DIRECTION('center_axis',(0.,1.,0.));
#10072=DIRECTION('ref_axis',(-1.,0.,0.));
#10073=DIRECTION('center_axis',(0.,1.,0.));
#10074=DIRECTION('ref_axis',(-1.,0.,0.));
#10075=DIRECTION('',(0.,-1.,0.));
#10076=DIRECTION('center_axis',(0.,1.,0.));
#10077=DIRECTION('ref_axis',(-1.,0.,0.));
#10078=DIRECTION('center_axis',(0.,1.,0.));
#10079=DIRECTION('ref_axis',(1.,0.,0.));
#10080=DIRECTION('center_axis',(0.,-1.,0.));
#10081=DIRECTION('ref_axis',(1.,0.,0.));
#10082=DIRECTION('',(0.,-1.,0.));
#10083=DIRECTION('center_axis',(0.,1.,0.));
#10084=DIRECTION('ref_axis',(0.979248452895212,0.,-0.202663434053442));
#10085=DIRECTION('center_axis',(0.,-1.,0.));
#10086=DIRECTION('ref_axis',(0.979248452895212,0.,-0.202663434053442));
#10087=DIRECTION('',(0.,1.,0.));
#10088=DIRECTION('center_axis',(0.,1.,0.));
#10089=DIRECTION('ref_axis',(0.979248452895212,0.,-0.202663434053442));
#10090=DIRECTION('',(0.,1.,0.));
#10091=DIRECTION('center_axis',(0.979248452895212,0.,-0.20266343405344));
#10092=DIRECTION('ref_axis',(-0.20266343405344,0.,-0.979248452895212));
#10093=DIRECTION('',(0.20266343405344,0.,0.979248452895212));
#10094=DIRECTION('',(-0.20266343405344,0.,-0.979248452895212));
#10095=DIRECTION('',(0.,1.,0.));
#10096=DIRECTION('center_axis',(0.202663434049916,0.,-0.979248452895942));
#10097=DIRECTION('ref_axis',(-0.979248452895942,0.,-0.202663434049916));
#10098=DIRECTION('',(0.979248452895942,0.,0.202663434049916));
#10099=DIRECTION('',(-0.979248452895942,0.,-0.202663434049916));
#10100=DIRECTION('',(0.,1.,0.));
#10101=DIRECTION('center_axis',(0.,1.,0.));
#10102=DIRECTION('ref_axis',(0.202663434049917,0.,0.979248452895941));
#10103=DIRECTION('center_axis',(0.,-1.,0.));
#10104=DIRECTION('ref_axis',(0.202663434049917,0.,0.979248452895941));
#10105=DIRECTION('center_axis',(0.,1.,0.));
#10106=DIRECTION('ref_axis',(0.202663434049917,0.,0.979248452895941));
#10107=DIRECTION('',(0.,1.,0.));
#10108=DIRECTION('center_axis',(0.202663434049917,0.,0.979248452895942));
#10109=DIRECTION('ref_axis',(0.979248452895942,0.,-0.202663434049917));
#10110=DIRECTION('',(-0.979248452895942,0.,0.202663434049917));
#10111=DIRECTION('',(0.979248452895942,0.,-0.202663434049917));
#10112=DIRECTION('',(0.,1.,0.));
#10113=DIRECTION('center_axis',(0.979248452895213,0.,0.202663434053439));
#10114=DIRECTION('ref_axis',(0.202663434053439,0.,-0.979248452895212));
#10115=DIRECTION('',(-0.202663434053439,0.,0.979248452895212));
#10116=DIRECTION('',(0.202663434053439,0.,-0.979248452895212));
#10117=DIRECTION('',(0.,1.,0.));
#10118=DIRECTION('center_axis',(0.,1.,0.));
#10119=DIRECTION('ref_axis',(-0.979248452895212,0.,0.202663434053442));
#10120=DIRECTION('center_axis',(0.,-1.,0.));
#10121=DIRECTION('ref_axis',(-0.979248452895212,0.,0.202663434053442));
#10122=DIRECTION('center_axis',(0.,1.,0.));
#10123=DIRECTION('ref_axis',(-0.979248452895212,0.,0.202663434053442));
#10124=DIRECTION('',(0.,1.,0.));
#10125=DIRECTION('center_axis',(-0.979248452895213,0.,0.202663434053439));
#10126=DIRECTION('ref_axis',(0.202663434053439,0.,0.979248452895212));
#10127=DIRECTION('',(-0.202663434053439,0.,-0.979248452895212));
#10128=DIRECTION('',(0.202663434053439,0.,0.979248452895212));
#10129=DIRECTION('',(0.,1.,0.));
#10130=DIRECTION('center_axis',(-0.202663434049917,0.,0.979248452895942));
#10131=DIRECTION('ref_axis',(0.979248452895942,0.,0.202663434049917));
#10132=DIRECTION('',(-0.979248452895942,0.,-0.202663434049917));
#10133=DIRECTION('',(0.979248452895942,0.,0.202663434049917));
#10134=DIRECTION('',(0.,1.,0.));
#10135=DIRECTION('center_axis',(0.,1.,0.));
#10136=DIRECTION('ref_axis',(-0.202663434049915,0.,-0.979248452895942));
#10137=DIRECTION('center_axis',(0.,-1.,0.));
#10138=DIRECTION('ref_axis',(-0.202663434049915,0.,-0.979248452895942));
#10139=DIRECTION('center_axis',(0.,1.,0.));
#10140=DIRECTION('ref_axis',(-0.202663434049915,0.,-0.979248452895942));
#10141=DIRECTION('',(0.,1.,0.));
#10142=DIRECTION('center_axis',(-0.202663434049918,0.,-0.979248452895941));
#10143=DIRECTION('ref_axis',(-0.979248452895942,0.,0.202663434049918));
#10144=DIRECTION('',(0.979248452895942,0.,-0.202663434049918));
#10145=DIRECTION('',(-0.979248452895942,0.,0.202663434049918));
#10146=DIRECTION('',(0.,1.,0.));
#10147=DIRECTION('center_axis',(-0.979248452895213,0.,-0.202663434053439));
#10148=DIRECTION('ref_axis',(-0.202663434053439,0.,0.979248452895213));
#10149=DIRECTION('',(0.202663434053439,0.,-0.979248452895213));
#10150=DIRECTION('',(-0.202663434053439,0.,0.979248452895213));
#10151=DIRECTION('center_axis',(0.,1.,0.));
#10152=DIRECTION('ref_axis',(0.,0.,1.));
#10153=DIRECTION('center_axis',(0.,1.,0.));
#10154=DIRECTION('ref_axis',(0.,0.,1.));
#10155=DIRECTION('center_axis',(0.,-1.,0.));
#10156=DIRECTION('ref_axis',(-1.,0.,0.));
#10157=DIRECTION('center_axis',(0.,1.,0.));
#10158=DIRECTION('ref_axis',(-1.,0.,0.));
#10159=DIRECTION('center_axis',(0.,-1.,0.));
#10160=DIRECTION('ref_axis',(-1.,0.,0.));
#10161=DIRECTION('center_axis',(0.,-1.,0.));
#10162=DIRECTION('ref_axis',(-1.,0.,0.));
#10163=DIRECTION('center_axis',(0.,1.,0.));
#10164=DIRECTION('ref_axis',(-1.,0.,0.));
#10165=DIRECTION('',(0.,1.,0.));
#10166=DIRECTION('center_axis',(0.,-1.,0.));
#10167=DIRECTION('ref_axis',(-1.,0.,0.));
#10168=DIRECTION('center_axis',(0.,-1.,0.));
#10169=DIRECTION('ref_axis',(-1.,0.,0.));
#10170=DIRECTION('',(0.,1.,0.));
#10171=DIRECTION('center_axis',(0.,-1.,0.));
#10172=DIRECTION('ref_axis',(-1.,0.,0.));
#10173=DIRECTION('center_axis',(0.,-1.,0.));
#10174=DIRECTION('ref_axis',(-1.,0.,0.));
#10175=DIRECTION('center_axis',(0.,1.,0.));
#10176=DIRECTION('ref_axis',(-1.,0.,0.));
#10177=DIRECTION('center_axis',(0.,-1.,0.));
#10178=DIRECTION('ref_axis',(-1.,0.,0.));
#10179=DIRECTION('center_axis',(0.,-1.,0.));
#10180=DIRECTION('ref_axis',(-1.,0.,0.));
#10181=DIRECTION('center_axis',(0.,1.,0.));
#10182=DIRECTION('ref_axis',(-1.,0.,0.));
#10183=DIRECTION('',(0.,1.,0.));
#10184=DIRECTION('center_axis',(0.,-1.,0.));
#10185=DIRECTION('ref_axis',(-1.,0.,0.));
#10186=DIRECTION('center_axis',(0.,-1.,0.));
#10187=DIRECTION('ref_axis',(-1.,0.,0.));
#10188=DIRECTION('',(0.,1.,0.));
#10189=DIRECTION('center_axis',(0.,-1.,0.));
#10190=DIRECTION('ref_axis',(-1.,0.,0.));
#10191=DIRECTION('center_axis',(0.,-1.,0.));
#10192=DIRECTION('ref_axis',(-1.,0.,0.));
#10193=DIRECTION('center_axis',(0.,1.,0.));
#10194=DIRECTION('ref_axis',(-1.,0.,0.));
#10195=DIRECTION('center_axis',(0.,-1.,0.));
#10196=DIRECTION('ref_axis',(-1.,0.,0.));
#10197=DIRECTION('center_axis',(0.,-1.,0.));
#10198=DIRECTION('ref_axis',(-1.,0.,0.));
#10199=DIRECTION('center_axis',(0.,1.,0.));
#10200=DIRECTION('ref_axis',(-1.,0.,0.));
#10201=DIRECTION('',(0.,1.,0.));
#10202=DIRECTION('center_axis',(0.,-1.,0.));
#10203=DIRECTION('ref_axis',(-1.,0.,0.));
#10204=DIRECTION('center_axis',(0.,-1.,0.));
#10205=DIRECTION('ref_axis',(-1.,0.,0.));
#10206=DIRECTION('',(0.,1.,0.));
#10207=DIRECTION('',(0.,1.,0.));
#10208=DIRECTION('center_axis',(0.,-1.,0.));
#10209=DIRECTION('ref_axis',(-1.,0.,0.));
#10210=DIRECTION('',(0.,0.,1.));
#10211=DIRECTION('',(1.,0.,0.));
#10212=DIRECTION('',(0.,0.,1.));
#10213=DIRECTION('',(1.,0.,0.));
#10214=DIRECTION('',(5.32856991585218E-15,1.66537959118107E-16,1.));
#10215=DIRECTION('',(1.,1.07552855510562E-16,-5.32871142008904E-15));
#10216=DIRECTION('',(0.,0.,1.));
#10217=DIRECTION('',(1.,0.,0.));
#10218=DIRECTION('',(0.,0.,1.));
#10219=DIRECTION('',(1.,0.,0.));
#10220=DIRECTION('',(5.32856991585218E-15,1.66537959118108E-16,1.));
#10221=DIRECTION('',(1.,1.11022302462516E-16,-5.32871142008904E-15));
#10222=DIRECTION('',(0.,0.,1.));
#10223=DIRECTION('',(1.,0.,0.));
#10224=DIRECTION('',(0.,0.,1.));
#10225=DIRECTION('',(1.,0.,0.));
#10226=DIRECTION('',(5.32856991585218E-15,1.66537959118108E-16,1.));
#10227=DIRECTION('',(1.,1.66533453693773E-16,-5.32871142008904E-15));
#10228=DIRECTION('axis',(0.,0.,1.));
#10229=DIRECTION('refdir',(1.,0.,0.));
#10230=DIRECTION('center_axis',(0.5,-0.866025403784439,0.));
#10231=DIRECTION('ref_axis',(0.,0.,-1.));
#10232=DIRECTION('',(0.866025403784439,0.5,0.));
#10233=DIRECTION('',(0.,0.,-1.));
#10234=DIRECTION('',(-0.866025403784439,-0.5,0.));
#10235=DIRECTION('',(0.,0.,1.));
#10236=DIRECTION('center_axis',(0.,0.,1.));
#10237=DIRECTION('ref_axis',(1.,0.,0.));
#10238=DIRECTION('',(0.5,-0.866025403784439,0.));
#10239=DIRECTION('',(-0.5,0.866025403784439,0.));
#10240=DIRECTION('',(-0.866025403784439,-0.5,0.));
#10241=DIRECTION('',(-7.69185074553426E-16,-1.,0.));
#10242=DIRECTION('',(0.866025403784438,-0.500000000000001,0.));
#10243=DIRECTION('',(0.5,0.866025403784438,0.));
#10244=DIRECTION('',(0.866025403784438,-0.5,0.));
#10245=DIRECTION('',(-0.5,-0.866025403784438,0.));
#10246=DIRECTION('',(0.866025403784438,-0.500000000000001,0.));
#10247=DIRECTION('',(0.866025403784439,0.499999999999999,0.));
#10248=DIRECTION('',(1.28197512425571E-16,1.,0.));
#10249=DIRECTION('',(-1.,0.,0.));
#10250=DIRECTION('',(0.,1.,0.));
#10251=DIRECTION('',(1.,0.,0.));
#10252=DIRECTION('',(1.28197512425571E-16,1.,0.));
#10253=DIRECTION('',(-0.866025403784439,0.5,0.));
#10254=DIRECTION('',(-0.866025403784439,-0.5,0.));
#10255=DIRECTION('center_axis',(-1.,0.,0.));
#10256=DIRECTION('ref_axis',(0.,0.,1.));
#10257=DIRECTION('',(0.,-1.,0.));
#10258=DIRECTION('',(0.,0.,-1.));
#10259=DIRECTION('',(0.,0.,1.));
#10260=DIRECTION('center_axis',(0.5,0.866025403784438,0.));
#10261=DIRECTION('ref_axis',(0.,0.,-1.));
#10262=DIRECTION('',(-0.866025403784438,0.5,0.));
#10263=DIRECTION('',(0.,0.,-1.));
#10264=DIRECTION('',(0.,0.,1.));
#10265=DIRECTION('center_axis',(-0.866025403784438,0.5,0.));
#10266=DIRECTION('ref_axis',(0.5,0.866025403784438,0.));
#10267=DIRECTION('center_axis',(-0.866025403784438,0.5,0.));
#10268=DIRECTION('ref_axis',(0.5,0.866025403784438,0.));
#10269=DIRECTION('',(-0.866025403784438,0.5,0.));
#10270=DIRECTION('center_axis',(1.,-7.69185074553425E-16,0.));
#10271=DIRECTION('ref_axis',(7.13820048177565E-16,1.,0.));
#10272=DIRECTION('center_axis',(-0.866025403784438,0.5,0.));
#10273=DIRECTION('ref_axis',(0.5,0.866025403784438,0.));
#10274=DIRECTION('center_axis',(-0.5,0.866025403784439,0.));
#10275=DIRECTION('ref_axis',(0.866025403784439,0.499999999999999,0.));
#10276=DIRECTION('',(-0.866025403784438,0.5,0.));
#10277=DIRECTION('center_axis',(0.866025403784438,-0.5,0.));
#10278=DIRECTION('ref_axis',(0.5,0.866025403784438,0.));
#10279=DIRECTION('center_axis',(0.866025403784438,-0.5,0.));
#10280=DIRECTION('ref_axis',(-0.5,-0.866025403784438,0.));
#10281=DIRECTION('',(0.5,0.866025403784438,0.));
#10282=DIRECTION('',(0.,0.,-1.));
#10283=DIRECTION('center_axis',(-0.866025403784438,0.5,0.));
#10284=DIRECTION('ref_axis',(0.5,0.866025403784438,0.));
#10285=DIRECTION('',(-0.5,-0.866025403784438,0.));
#10286=DIRECTION('',(0.,0.,1.));
#10287=DIRECTION('center_axis',(-0.500000000000001,-0.866025403784438,0.));
#10288=DIRECTION('ref_axis',(0.866025403784438,-0.500000000000001,0.));
#10289=DIRECTION('',(0.866025403784438,-0.500000000000001,0.));
#10290=DIRECTION('',(0.,0.,1.));
#10291=DIRECTION('center_axis',(0.866025403784439,0.5,0.));
#10292=DIRECTION('ref_axis',(0.5,-0.866025403784439,0.));
#10293=DIRECTION('center_axis',(0.866025403784439,0.5,0.));
#10294=DIRECTION('ref_axis',(0.5,-0.866025403784439,0.));
#10295=DIRECTION('',(0.866025403784439,0.5,0.));
#10296=DIRECTION('center_axis',(-0.5,-0.866025403784439,0.));
#10297=DIRECTION('ref_axis',(0.866025403784438,-0.5,0.));
#10298=DIRECTION('center_axis',(0.866025403784439,0.5,0.));
#10299=DIRECTION('ref_axis',(0.5,-0.866025403784439,0.));
#10300=DIRECTION('center_axis',(1.,-7.69185074553425E-16,0.));
#10301=DIRECTION('ref_axis',(-7.13820048177565E-16,-1.,0.));
#10302=DIRECTION('',(0.866025403784439,0.5,0.));
#10303=DIRECTION('center_axis',(-0.866025403784439,-0.5,0.));
#10304=DIRECTION('ref_axis',(0.5,-0.866025403784439,0.));
#10305=DIRECTION('center_axis',(-0.866025403784439,-0.5,0.));
#10306=DIRECTION('ref_axis',(-0.5,0.866025403784439,0.));
#10307=DIRECTION('',(0.5,-0.866025403784439,0.));
#10308=DIRECTION('',(0.,0.,-1.));
#10309=DIRECTION('center_axis',(0.866025403784439,0.5,0.));
#10310=DIRECTION('ref_axis',(0.5,-0.866025403784439,0.));
#10311=DIRECTION('',(-0.5,0.866025403784439,0.));
#10312=DIRECTION('',(0.,0.,1.));
#10313=DIRECTION('center_axis',(-0.5,0.866025403784439,0.));
#10314=DIRECTION('ref_axis',(-0.866025403784439,-0.5,0.));
#10315=DIRECTION('',(-0.866025403784439,-0.5,0.));
#10316=DIRECTION('',(0.,0.,1.));
#10317=DIRECTION('center_axis',(0.,-1.,0.));
#10318=DIRECTION('ref_axis',(-1.,0.,0.));
#10319=DIRECTION('center_axis',(-0.5,-0.866025403784439,0.));
#10320=DIRECTION('ref_axis',(-0.866025403784438,0.5,0.));
#10321=DIRECTION('',(0.,-1.,0.));
#10322=DIRECTION('center_axis',(0.,1.,0.));
#10323=DIRECTION('ref_axis',(-1.,0.,0.));
#10324=DIRECTION('center_axis',(0.,-1.,0.));
#10325=DIRECTION('ref_axis',(-1.,0.,0.));
#10326=DIRECTION('center_axis',(0.,-1.,0.));
#10327=DIRECTION('ref_axis',(-1.,0.,0.));
#10328=DIRECTION('',(0.,-1.,0.));
#10329=DIRECTION('center_axis',(-0.5,0.866025403784439,0.));
#10330=DIRECTION('ref_axis',(-0.866025403784439,-0.5,0.));
#10331=DIRECTION('center_axis',(0.,-1.,0.));
#10332=DIRECTION('ref_axis',(-1.,0.,0.));
#10333=DIRECTION('',(1.,0.,0.));
#10334=DIRECTION('',(0.,0.,1.));
#10335=DIRECTION('center_axis',(0.,1.,0.));
#10336=DIRECTION('ref_axis',(1.,0.,0.));
#10337=DIRECTION('',(-1.,0.,0.));
#10338=DIRECTION('',(0.,0.,-1.));
#10339=DIRECTION('center_axis',(0.,0.,1.));
#10340=DIRECTION('ref_axis',(1.,0.,0.));
#10341=DIRECTION('',(-0.866025403784439,-0.5,0.));
#10342=DIRECTION('',(-0.866025403784439,0.5,0.));
#10343=DIRECTION('',(1.28197512425571E-16,1.,0.));
#10344=DIRECTION('',(1.28197512425571E-16,1.,0.));
#10345=DIRECTION('',(0.866025403784439,0.499999999999999,0.));
#10346=DIRECTION('',(0.866025403784438,-0.500000000000001,0.));
#10347=DIRECTION('',(-7.69185074553426E-16,-1.,0.));
#10348=DIRECTION('center_axis',(1.,-1.28197512425571E-16,0.));
#10349=DIRECTION('ref_axis',(1.28197512425571E-16,1.,0.));
#10350=DIRECTION('',(0.,0.,1.));
#10351=DIRECTION('center_axis',(0.5,-0.866025403784439,0.));
#10352=DIRECTION('ref_axis',(0.866025403784439,0.499999999999999,0.));
#10353=DIRECTION('center_axis',(-0.500000000000001,-0.866025403784438,0.));
#10354=DIRECTION('ref_axis',(0.866025403784438,-0.500000000000001,0.));
#10355=DIRECTION('',(0.,0.,1.));
#10356=DIRECTION('center_axis',(-1.,7.69185074553425E-16,0.));
#10357=DIRECTION('ref_axis',(-7.69185074553426E-16,-1.,0.));
#10358=DIRECTION('center_axis',(-0.5,0.866025403784439,0.));
#10359=DIRECTION('ref_axis',(-0.866025403784439,-0.5,0.));
#10360=DIRECTION('',(0.,0.,1.));
#10361=DIRECTION('center_axis',(0.5,0.866025403784439,0.));
#10362=DIRECTION('ref_axis',(-0.866025403784439,0.5,0.));
#10363=DIRECTION('',(0.,0.,1.));
#10364=DIRECTION('center_axis',(1.,-1.28197512425571E-16,0.));
#10365=DIRECTION('ref_axis',(1.28197512425571E-16,1.,0.));
#10366=DIRECTION('axis',(0.,0.,1.));
#10367=DIRECTION('refdir',(1.,0.,0.));
#10368=DIRECTION('center_axis',(-1.,0.,0.));
#10369=DIRECTION('ref_axis',(0.,0.707106781186548,0.707106781186548));
#10370=DIRECTION('center_axis',(1.,0.,0.));
#10371=DIRECTION('ref_axis',(0.,0.707106781186548,0.707106781186548));
#10372=DIRECTION('',(1.,0.,0.));
#10373=DIRECTION('',(1.,0.,0.));
#10374=DIRECTION('center_axis',(-1.,0.,0.));
#10375=DIRECTION('ref_axis',(0.,0.707106781186548,0.707106781186548));
#10376=DIRECTION('',(-1.,0.,0.));
#10377=DIRECTION('center_axis',(-1.,0.,0.));
#10378=DIRECTION('ref_axis',(0.,-1.,0.));
#10379=DIRECTION('',(0.,0.,1.));
#10380=DIRECTION('center_axis',(1.,0.,0.));
#10381=DIRECTION('ref_axis',(0.,0.707106781186548,-0.707106781186548));
#10382=DIRECTION('',(0.,1.,0.));
#10383=DIRECTION('center_axis',(1.,0.,0.));
#10384=DIRECTION('ref_axis',(0.,-0.707106781186548,-0.707106781186548));
#10385=DIRECTION('',(0.,0.,1.));
#10386=DIRECTION('center_axis',(1.,0.,0.));
#10387=DIRECTION('ref_axis',(0.,-0.707106781186548,0.707106781186548));
#10388=DIRECTION('',(0.,-1.,0.));
#10389=DIRECTION('center_axis',(1.,0.,0.));
#10390=DIRECTION('ref_axis',(0.,1.,0.));
#10391=DIRECTION('center_axis',(0.,1.,0.));
#10392=DIRECTION('ref_axis',(-1.,0.,0.));
#10393=DIRECTION('',(0.,0.,1.));
#10394=DIRECTION('',(1.,0.,0.));
#10395=DIRECTION('center_axis',(0.,0.,1.));
#10396=DIRECTION('ref_axis',(1.,0.,0.));
#10397=DIRECTION('center_axis',(0.,0.,-1.));
#10398=DIRECTION('ref_axis',(-1.,0.,0.));
#10399=DIRECTION('center_axis',(0.,0.,-1.));
#10400=DIRECTION('ref_axis',(-1.,0.,0.));
#10401=DIRECTION('',(-1.,0.,0.));
#10402=DIRECTION('',(0.,1.,0.));
#10403=DIRECTION('center_axis',(1.,0.,0.));
#10404=DIRECTION('ref_axis',(0.,1.,0.));
#10405=DIRECTION('center_axis',(-1.,0.,0.));
#10406=DIRECTION('ref_axis',(0.,-0.707106781186548,0.707106781186548));
#10407=DIRECTION('',(0.,0.,1.));
#10408=DIRECTION('center_axis',(-1.,0.,0.));
#10409=DIRECTION('ref_axis',(0.,-0.707106781186548,-0.707106781186548));
#10410=DIRECTION('',(0.,-1.,0.));
#10411=DIRECTION('center_axis',(-1.,0.,0.));
#10412=DIRECTION('ref_axis',(0.,0.707106781186548,-0.707106781186548));
#10413=DIRECTION('center_axis',(-1.,0.,0.));
#10414=DIRECTION('ref_axis',(0.,1.,0.));
#10415=DIRECTION('center_axis',(1.,0.,0.));
#10416=DIRECTION('ref_axis',(0.,0.707106781186548,-0.707106781186548));
#10417=DIRECTION('',(-1.,0.,0.));
#10418=DIRECTION('',(-1.,0.,0.));
#10419=DIRECTION('center_axis',(0.,0.,1.));
#10420=DIRECTION('ref_axis',(1.,0.,0.));
#10421=DIRECTION('center_axis',(0.,0.,1.));
#10422=DIRECTION('ref_axis',(-1.,0.,0.));
#10423=DIRECTION('',(1.,0.,0.));
#10424=DIRECTION('center_axis',(1.,0.,0.));
#10425=DIRECTION('ref_axis',(0.,-0.707106781186548,0.707106781186548));
#10426=DIRECTION('',(-1.,0.,0.));
#10427=DIRECTION('',(1.,0.,0.));
#10428=DIRECTION('center_axis',(0.,-1.,0.));
#10429=DIRECTION('ref_axis',(1.,0.,0.));
#10430=DIRECTION('',(-1.,0.,0.));
#10431=DIRECTION('center_axis',(-1.,0.,0.));
#10432=DIRECTION('ref_axis',(0.,-0.707106781186548,-0.707106781186548));
#10433=DIRECTION('',(1.,0.,0.));
#10434=DIRECTION('center_axis',(0.,0.,-1.));
#10435=DIRECTION('ref_axis',(-1.,0.,0.));
#10436=DIRECTION('center_axis',(0.,0.,-1.));
#10437=DIRECTION('ref_axis',(-1.,0.,0.));
#10438=DIRECTION('',(0.,0.,-1.));
#10439=DIRECTION('',(0.,0.,-1.));
#10440=DIRECTION('center_axis',(0.,0.,1.));
#10441=DIRECTION('ref_axis',(-1.,0.,0.));
#10442=DIRECTION('center_axis',(0.,0.,1.));
#10443=DIRECTION('ref_axis',(-1.,0.,0.));
#10444=DIRECTION('center_axis',(-1.,0.,0.));
#10445=DIRECTION('ref_axis',(0.,1.,0.));
#10446=DIRECTION('',(-1.,0.,0.));
#10447=DIRECTION('center_axis',(-1.,0.,0.));
#10448=DIRECTION('ref_axis',(0.,1.,0.));
#10449=DIRECTION('',(-1.,0.,0.));
#10450=DIRECTION('center_axis',(0.,0.,1.));
#10451=DIRECTION('ref_axis',(1.,0.,0.));
#10452=DIRECTION('center_axis',(0.,0.,1.));
#10453=DIRECTION('ref_axis',(1.,0.,0.));
#10454=DIRECTION('center_axis',(0.,0.,1.));
#10455=DIRECTION('ref_axis',(1.,0.,0.));
#10456=DIRECTION('center_axis',(0.,0.,1.));
#10457=DIRECTION('ref_axis',(1.,0.,0.));
#10458=DIRECTION('',(0.,0.,1.));
#10459=DIRECTION('center_axis',(0.,0.,-1.));
#10460=DIRECTION('ref_axis',(1.,0.,0.));
#10461=DIRECTION('center_axis',(0.,0.,1.));
#10462=DIRECTION('ref_axis',(-0.707106781186551,0.707106781186544,0.));
#10463=DIRECTION('center_axis',(0.,0.,-1.));
#10464=DIRECTION('ref_axis',(-0.707106781186551,0.707106781186544,0.));
#10465=DIRECTION('',(0.,0.,-1.));
#10466=DIRECTION('center_axis',(0.,0.,1.));
#10467=DIRECTION('ref_axis',(-0.707106781186551,0.707106781186544,0.));
#10468=DIRECTION('',(0.,0.,1.));
#10469=DIRECTION('center_axis',(-1.,0.,0.));
#10470=DIRECTION('ref_axis',(0.,-1.,0.));
#10471=DIRECTION('',(0.,1.,0.));
#10472=DIRECTION('',(0.,0.,1.));
#10473=DIRECTION('',(0.,-1.,0.));
#10474=DIRECTION('center_axis',(0.,0.,1.));
#10475=DIRECTION('ref_axis',(-1.,0.,0.));
#10476=DIRECTION('',(1.,0.,0.));
#10477=DIRECTION('center_axis',(0.,0.,1.));
#10478=DIRECTION('ref_axis',(0.707106781186551,0.707106781186544,0.));
#10479=DIRECTION('',(0.,-1.,0.));
#10480=DIRECTION('center_axis',(0.,0.,1.));
#10481=DIRECTION('ref_axis',(-1.,0.,0.));
#10482=DIRECTION('center_axis',(0.,0.,-1.));
#10483=DIRECTION('ref_axis',(-1.,0.,0.));
#10484=DIRECTION('center_axis',(0.,0.,1.));
#10485=DIRECTION('ref_axis',(0.707106781186551,0.707106781186544,0.));
#10486=DIRECTION('center_axis',(0.,0.,-1.));
#10487=DIRECTION('ref_axis',(0.707106781186551,0.707106781186544,0.));
#10488=DIRECTION('',(0.,0.,-1.));
#10489=DIRECTION('',(0.,0.,1.));
#10490=DIRECTION('center_axis',(1.,0.,0.));
#10491=DIRECTION('ref_axis',(0.,1.,0.));
#10492=DIRECTION('',(0.,1.,0.));
#10493=DIRECTION('',(0.,0.,1.));
#10494=DIRECTION('center_axis',(0.,0.,1.));
#10495=DIRECTION('ref_axis',(-1.,0.,0.));
#10496=DIRECTION('center_axis',(0.,0.,-1.));
#10497=DIRECTION('ref_axis',(-1.,0.,0.));
#10498=DIRECTION('',(0.,0.,-1.));
#10499=DIRECTION('center_axis',(0.,1.,0.));
#10500=DIRECTION('ref_axis',(-1.,0.,0.));
#10501=DIRECTION('',(-1.,0.,0.));
#10502=DIRECTION('center_axis',(0.,0.,1.));
#10503=DIRECTION('ref_axis',(-1.,0.,0.));
#10504=DIRECTION('center_axis',(0.,0.,1.));
#10505=DIRECTION('ref_axis',(-1.,0.,0.));
#10506=DIRECTION('center_axis',(0.,0.,1.));
#10507=DIRECTION('ref_axis',(-1.,0.,0.));
#10508=DIRECTION('center_axis',(0.,0.,1.));
#10509=DIRECTION('ref_axis',(1.,0.,0.));
#10510=DIRECTION('',(0.,0.,1.));
#10511=DIRECTION('center_axis',(0.,0.,1.));
#10512=DIRECTION('ref_axis',(1.,0.,0.));
#10513=DIRECTION('',(0.,0.,-1.));
#10514=DIRECTION('center_axis',(0.,0.,-1.));
#10515=DIRECTION('ref_axis',(1.,0.,0.));
#10516=DIRECTION('center_axis',(-1.,0.,0.));
#10517=DIRECTION('ref_axis',(0.,-0.707106781186553,-0.707106781186542));
#10518=DIRECTION('',(1.,0.,0.));
#10519=DIRECTION('center_axis',(-1.,0.,0.));
#10520=DIRECTION('ref_axis',(0.,-0.707106781186553,-0.707106781186542));
#10521=DIRECTION('',(-1.,0.,0.));
#10522=DIRECTION('center_axis',(1.,0.,0.));
#10523=DIRECTION('ref_axis',(0.,-0.707106781186553,-0.707106781186542));
#10524=DIRECTION('',(1.,0.,0.));
#10525=DIRECTION('center_axis',(0.,0.,-1.));
#10526=DIRECTION('ref_axis',(1.,0.,0.));
#10527=DIRECTION('',(-1.,0.,0.));
#10528=DIRECTION('',(0.,-1.,0.));
#10529=DIRECTION('center_axis',(1.,0.,0.));
#10530=DIRECTION('ref_axis',(0.,0.707106781186553,-0.707106781186542));
#10531=DIRECTION('',(-1.,0.,0.));
#10532=DIRECTION('center_axis',(1.,0.,0.));
#10533=DIRECTION('ref_axis',(0.,0.707106781186553,-0.707106781186542));
#10534=DIRECTION('',(1.,0.,0.));
#10535=DIRECTION('center_axis',(-1.,0.,0.));
#10536=DIRECTION('ref_axis',(0.,0.707106781186553,-0.707106781186542));
#10537=DIRECTION('center_axis',(0.,0.,-1.));
#10538=DIRECTION('ref_axis',(-1.,-9.60457340075283E-14,0.));
#10539=DIRECTION('center_axis',(0.,0.,1.));
#10540=DIRECTION('ref_axis',(1.,0.,0.));
#10541=DIRECTION('center_axis',(0.,0.,1.));
#10542=DIRECTION('ref_axis',(1.,0.,0.));
#10543=DIRECTION('center_axis',(1.,0.,0.));
#10544=DIRECTION('ref_axis',(0.,-0.707106781186553,0.707106781186543));
#10545=DIRECTION('',(-1.,0.,0.));
#10546=DIRECTION('center_axis',(1.,0.,0.));
#10547=DIRECTION('ref_axis',(0.,-0.707106781186553,0.707106781186543));
#10548=DIRECTION('',(1.,0.,0.));
#10549=DIRECTION('center_axis',(-1.,0.,0.));
#10550=DIRECTION('ref_axis',(0.,-0.707106781186553,0.707106781186543));
#10551=DIRECTION('',(-1.,0.,0.));
#10552=DIRECTION('center_axis',(0.,0.,-1.));
#10553=DIRECTION('ref_axis',(1.,0.,0.));
#10554=DIRECTION('',(0.,1.,0.));
#10555=DIRECTION('',(1.,0.,0.));
#10556=DIRECTION('center_axis',(1.,0.,0.));
#10557=DIRECTION('ref_axis',(0.,-1.,0.));
#10558=DIRECTION('',(0.,0.,-1.));
#10559=DIRECTION('',(0.,0.,-1.));
#10560=DIRECTION('center_axis',(-1.,0.,0.));
#10561=DIRECTION('ref_axis',(0.,0.707106781186553,0.707106781186543));
#10562=DIRECTION('center_axis',(-1.,0.,0.));
#10563=DIRECTION('ref_axis',(0.,1.,0.));
#10564=DIRECTION('center_axis',(0.,0.,-1.));
#10565=DIRECTION('ref_axis',(1.,0.,0.));
#10566=DIRECTION('',(0.,1.,0.));
#10567=DIRECTION('center_axis',(-1.,0.,0.));
#10568=DIRECTION('ref_axis',(0.,1.,0.));
#10569=DIRECTION('',(0.,-1.,0.));
#10570=DIRECTION('center_axis',(1.,0.,0.));
#10571=DIRECTION('ref_axis',(0.,0.707106781186553,0.707106781186543));
#10572=DIRECTION('',(0.,0.,-1.));
#10573=DIRECTION('',(0.,0.,-1.));
#10574=DIRECTION('center_axis',(1.,0.,0.));
#10575=DIRECTION('ref_axis',(0.,1.,0.));
#10576=DIRECTION('center_axis',(0.,1.,0.));
#10577=DIRECTION('ref_axis',(1.,0.,0.));
#10578=DIRECTION('',(-1.,0.,0.));
#10579=DIRECTION('center_axis',(-1.,0.,0.));
#10580=DIRECTION('ref_axis',(0.,0.707106781186553,0.707106781186543));
#10581=DIRECTION('',(1.,0.,0.));
#10582=DIRECTION('center_axis',(-1.,0.,0.));
#10583=DIRECTION('ref_axis',(0.,1.,0.));
#10584=DIRECTION('',(-1.,0.,0.));
#10585=DIRECTION('center_axis',(-1.,0.,0.));
#10586=DIRECTION('ref_axis',(0.,1.,0.));
#10587=DIRECTION('',(-1.,0.,0.));
#10588=DIRECTION('center_axis',(0.,-1.,0.));
#10589=DIRECTION('ref_axis',(-1.,0.,0.));
#10590=DIRECTION('center_axis',(0.,0.,-1.));
#10591=DIRECTION('ref_axis',(1.,0.,0.));
#10592=DIRECTION('center_axis',(0.,0.,1.));
#10593=DIRECTION('ref_axis',(1.,0.,0.));
#10594=DIRECTION('center_axis',(0.,0.,1.));
#10595=DIRECTION('ref_axis',(1.,0.,0.));
#10596=DIRECTION('',(0.,0.,1.));
#10597=DIRECTION('center_axis',(0.,0.,-1.));
#10598=DIRECTION('ref_axis',(1.,0.,0.));
#10599=DIRECTION('center_axis',(0.,0.,1.));
#10600=DIRECTION('ref_axis',(-0.707106781186551,0.707106781186544,0.));
#10601=DIRECTION('center_axis',(0.,0.,-1.));
#10602=DIRECTION('ref_axis',(-0.707106781186551,0.707106781186544,0.));
#10603=DIRECTION('',(0.,0.,-1.));
#10604=DIRECTION('center_axis',(0.,0.,1.));
#10605=DIRECTION('ref_axis',(-0.707106781186551,0.707106781186544,0.));
#10606=DIRECTION('',(0.,0.,1.));
#10607=DIRECTION('center_axis',(-1.,0.,0.));
#10608=DIRECTION('ref_axis',(0.,-1.,0.));
#10609=DIRECTION('',(0.,1.,0.));
#10610=DIRECTION('',(0.,0.,1.));
#10611=DIRECTION('',(0.,-1.,0.));
#10612=DIRECTION('center_axis',(0.,0.,1.));
#10613=DIRECTION('ref_axis',(-1.,0.,0.));
#10614=DIRECTION('',(1.,0.,0.));
#10615=DIRECTION('center_axis',(0.,0.,1.));
#10616=DIRECTION('ref_axis',(0.707106781186551,0.707106781186544,0.));
#10617=DIRECTION('',(0.,-1.,0.));
#10618=DIRECTION('center_axis',(0.,0.,1.));
#10619=DIRECTION('ref_axis',(-1.,0.,0.));
#10620=DIRECTION('center_axis',(0.,0.,-1.));
#10621=DIRECTION('ref_axis',(-1.,0.,0.));
#10622=DIRECTION('center_axis',(0.,0.,1.));
#10623=DIRECTION('ref_axis',(0.707106781186551,0.707106781186544,0.));
#10624=DIRECTION('center_axis',(0.,0.,-1.));
#10625=DIRECTION('ref_axis',(0.707106781186551,0.707106781186544,0.));
#10626=DIRECTION('',(0.,0.,-1.));
#10627=DIRECTION('',(0.,0.,1.));
#10628=DIRECTION('center_axis',(1.,0.,0.));
#10629=DIRECTION('ref_axis',(0.,1.,0.));
#10630=DIRECTION('',(0.,1.,0.));
#10631=DIRECTION('',(0.,0.,1.));
#10632=DIRECTION('center_axis',(0.,0.,1.));
#10633=DIRECTION('ref_axis',(-1.,0.,0.));
#10634=DIRECTION('center_axis',(0.,0.,-1.));
#10635=DIRECTION('ref_axis',(-1.,0.,0.));
#10636=DIRECTION('',(0.,0.,-1.));
#10637=DIRECTION('center_axis',(0.,1.,0.));
#10638=DIRECTION('ref_axis',(-1.,0.,0.));
#10639=DIRECTION('',(-1.,0.,0.));
#10640=DIRECTION('center_axis',(0.,0.,1.));
#10641=DIRECTION('ref_axis',(-1.,0.,0.));
#10642=DIRECTION('center_axis',(0.,0.,1.));
#10643=DIRECTION('ref_axis',(-1.,0.,0.));
#10644=DIRECTION('center_axis',(0.,0.,1.));
#10645=DIRECTION('ref_axis',(-1.,0.,0.));
#10646=DIRECTION('center_axis',(0.,1.,0.));
#10647=DIRECTION('ref_axis',(1.,0.,0.));
#10648=DIRECTION('',(-1.,0.,0.));
#10649=DIRECTION('',(0.,0.,1.));
#10650=DIRECTION('',(-1.,0.,0.));
#10651=DIRECTION('',(0.,0.,1.));
#10652=DIRECTION('center_axis',(0.,1.,0.));
#10653=DIRECTION('ref_axis',(1.,0.,0.));
#10654=DIRECTION('center_axis',(0.,1.,0.));
#10655=DIRECTION('ref_axis',(1.,0.,0.));
#10656=DIRECTION('center_axis',(0.,0.,-1.));
#10657=DIRECTION('ref_axis',(-1.,0.,0.));
#10658=DIRECTION('',(0.,-1.,0.));
#10659=DIRECTION('',(0.,-1.,0.));
#10660=DIRECTION('',(1.,0.,0.));
#10661=DIRECTION('',(-7.69185074553426E-16,-1.,0.));
#10662=DIRECTION('',(-1.,2.69775012886003E-15,0.));
#10663=DIRECTION('',(-0.504479864329054,-0.863423457225097,0.));
#10664=DIRECTION('center_axis',(0.,0.,-1.));
#10665=DIRECTION('ref_axis',(-1.,0.,0.));
#10666=DIRECTION('center_axis',(0.,0.,-1.));
#10667=DIRECTION('ref_axis',(-1.,0.,0.));
#10668=DIRECTION('',(-0.999986580344848,0.00518064959413857,0.));
#10669=DIRECTION('',(-0.996953136986842,0.0780028374618235,0.));
#10670=DIRECTION('',(-0.0780028374618161,-0.996953136986842,0.));
#10671=DIRECTION('',(-0.996953136986842,0.0780028374618235,0.));
#10672=DIRECTION('center_axis',(0.,0.,-1.));
#10673=DIRECTION('ref_axis',(1.,0.,0.));
#10674=DIRECTION('center_axis',(-1.,0.,0.));
#10675=DIRECTION('ref_axis',(0.,1.,0.));
#10676=DIRECTION('',(0.,-1.,0.));
#10677=DIRECTION('',(0.,0.,-1.));
#10678=DIRECTION('center_axis',(-0.866025403784438,0.5,0.));
#10679=DIRECTION('ref_axis',(0.5,0.866025403784438,0.));
#10680=DIRECTION('',(-0.5,-0.866025403784438,0.));
#10681=DIRECTION('',(0.,0.,-1.));
#10682=DIRECTION('',(-0.5,-0.866025403784438,0.));
#10683=DIRECTION('',(0.,0.,-1.));
#10684=DIRECTION('center_axis',(-0.866025403784438,0.5,0.));
#10685=DIRECTION('ref_axis',(-0.5,-0.866025403784439,0.));
#10686=DIRECTION('center_axis',(-0.866025403784438,0.5,0.));
#10687=DIRECTION('ref_axis',(-0.5,-0.866025403784439,0.));
#10688=DIRECTION('center_axis',(0.5,0.866025403784438,0.));
#10689=DIRECTION('ref_axis',(0.866025403784438,-0.5,0.));
#10690=DIRECTION('',(-0.866025403784438,0.5,0.));
#10691=DIRECTION('',(0.,0.,-1.));
#10692=DIRECTION('',(-0.866025403784438,0.5,0.));
#10693=DIRECTION('center_axis',(-0.866025403784439,-0.5,0.));
#10694=DIRECTION('ref_axis',(-0.5,0.866025403784439,0.));
#10695=DIRECTION('',(0.5,-0.866025403784439,0.));
#10696=DIRECTION('',(0.,0.,1.));
#10697=DIRECTION('',(0.5,-0.866025403784439,0.));
#10698=DIRECTION('',(0.,0.,1.));
#10699=DIRECTION('center_axis',(-0.866025403784439,-0.5,0.));
#10700=DIRECTION('ref_axis',(-0.5,0.866025403784438,0.));
#10701=DIRECTION('center_axis',(-0.866025403784439,-0.5,0.));
#10702=DIRECTION('ref_axis',(-0.5,0.866025403784438,0.));
#10703=DIRECTION('center_axis',(0.,0.,-1.));
#10704=DIRECTION('ref_axis',(-1.,0.,0.));
#10705=DIRECTION('',(0.866025403784439,0.5,0.));
#10706=DIRECTION('',(0.866025403784439,0.5,0.));
#10707=DIRECTION('',(-0.5,0.866025403784439,0.));
#10708=DIRECTION('',(0.866025403784439,0.5,0.));
#10709=DIRECTION('',(0.499999999999998,-0.86602540378444,0.));
#10710=DIRECTION('',(0.996953136986842,-0.0780028374618164,0.));
#10711=DIRECTION('',(0.00518064959413778,0.999986580344848,0.));
#10712=DIRECTION('',(0.999986580344848,-0.00518064959413857,0.));
#10713=DIRECTION('center_axis',(0.,0.,-1.));
#10714=DIRECTION('ref_axis',(-1.,0.,0.));
#10715=DIRECTION('',(0.495506716015794,-0.868604106819236,0.));
#10716=DIRECTION('',(0.430924129684222,-0.9023881617441,0.));
#10717=DIRECTION('',(0.902388161744101,0.43092412968422,0.));
#10718=DIRECTION('',(0.430924129684222,-0.9023881617441,0.));
#10719=DIRECTION('center_axis',(0.,0.,-1.));
#10720=DIRECTION('ref_axis',(-0.5,0.866025403784439,0.));
#10721=DIRECTION('center_axis',(0.5,-0.866025403784439,0.));
#10722=DIRECTION('ref_axis',(-0.866025403784439,-0.5,0.));
#10723=DIRECTION('',(0.866025403784439,0.5,0.));
#10724=DIRECTION('',(0.,0.,-1.));
#10725=DIRECTION('center_axis',(0.868604106819236,0.495506716015794,7.99596578298482E-16));
#10726=DIRECTION('ref_axis',(-0.468113431867273,0.820584739287767,0.327887939018));
#10727=DIRECTION('center_axis',(0.868604106819236,0.495506716015794,1.78220756788231E-16));
#10728=DIRECTION('ref_axis',(-0.468113431867273,0.820584739287767,0.327887939018));
#10729=DIRECTION('',(-0.868604106819236,-0.495506716015795,0.));
#10730=DIRECTION('center_axis',(-0.868604106819236,-0.495506716015794,-1.78220756788231E-16));
#10731=DIRECTION('ref_axis',(-0.468113431867273,0.820584739287767,0.327887939018));
#10732=DIRECTION('',(-0.868604106819236,-0.495506716015795,0.));
#10733=DIRECTION('center_axis',(0.868604106819236,0.495506716015795,4.74126763403267E-17));
#10734=DIRECTION('ref_axis',(-0.0385647851748481,0.0676025767134224,-0.996966724101724));
#10735=DIRECTION('center_axis',(0.868604106819236,0.495506716015794,1.78220756788231E-16));
#10736=DIRECTION('ref_axis',(-0.0385647851748481,0.0676025767134224,-0.996966724101724));
#10737=DIRECTION('',(-0.868604106819236,-0.495506716015795,0.));
#10738=DIRECTION('center_axis',(-0.868604106819236,-0.495506716015794,-1.78220756788231E-16));
#10739=DIRECTION('ref_axis',(-0.0385647851748481,0.0676025767134224,-0.996966724101724));
#10740=DIRECTION('',(-0.868604106819236,-0.495506716015795,0.));
#10741=DIRECTION('center_axis',(-0.005180649594138,-0.999986580344848,2.6236762725419E-16));
#10742=DIRECTION('ref_axis',(0.944703946114674,-0.00489424579411025,0.327887939017998));
#10743=DIRECTION('center_axis',(-0.00518064959413857,-0.999986580344848,
1.78220756788231E-16));
#10744=DIRECTION('ref_axis',(0.944703946114674,-0.00489424579411025,0.327887939017998));
#10745=DIRECTION('',(0.00518064959413778,0.999986580344848,0.));
#10746=DIRECTION('center_axis',(0.00518064959413857,0.999986580344848,-1.78220756788231E-16));
#10747=DIRECTION('ref_axis',(0.944703946114674,-0.00489424579411025,0.327887939017998));
#10748=DIRECTION('',(0.00518064959413778,0.999986580344848,0.));
#10749=DIRECTION('center_axis',(-0.863423457225098,0.504479864329053,-9.99495722873104E-17));
#10750=DIRECTION('ref_axis',(-0.476590514247401,-0.815690493493658,0.327887939017998));
#10751=DIRECTION('center_axis',(-0.863423457225097,0.504479864329054,1.78220756788231E-16));
#10752=DIRECTION('ref_axis',(-0.476590514247401,-0.815690493493658,0.327887939017998));
#10753=DIRECTION('',(0.863423457225098,-0.504479864329053,0.));
#10754=DIRECTION('center_axis',(0.863423457225097,-0.504479864329054,-1.78220756788231E-16));
#10755=DIRECTION('ref_axis',(-0.476590514247401,-0.815690493493658,0.327887939017998));
#10756=DIRECTION('',(0.863423457225098,-0.504479864329053,0.));
#10757=DIRECTION('center_axis',(-0.00518064959413774,-0.999986580344848,
3.11145688483394E-17));
#10758=DIRECTION('ref_axis',(0.0778279413825331,-0.000403204703803536,-0.996966724101724));
#10759=DIRECTION('center_axis',(-0.00518064959413857,-0.999986580344848,
1.78220756788231E-16));
#10760=DIRECTION('ref_axis',(0.0778279413825331,-0.000403204703803536,-0.996966724101724));
#10761=DIRECTION('',(0.00518064959413778,0.999986580344848,0.));
#10762=DIRECTION('center_axis',(0.00518064959413857,0.999986580344848,-1.78220756788231E-16));
#10763=DIRECTION('ref_axis',(0.0778279413825331,-0.000403204703803536,-0.996966724101724));
#10764=DIRECTION('',(0.00518064959413778,0.999986580344848,0.));
#10765=DIRECTION('center_axis',(-0.863423457225098,0.504479864329053,0.));
#10766=DIRECTION('ref_axis',(-0.0261213751062573,-0.0447070529399907,-0.998658576881999));
#10767=DIRECTION('center_axis',(-0.863423457225097,0.504479864329054,1.78220756788231E-16));
#10768=DIRECTION('ref_axis',(-0.0261213751062573,-0.0447070529399907,-0.998658576881999));
#10769=DIRECTION('',(0.863423457225098,-0.504479864329053,0.));
#10770=DIRECTION('center_axis',(0.863423457225097,-0.504479864329054,-1.78220756788231E-16));
#10771=DIRECTION('ref_axis',(-0.0261213751062573,-0.0447070529399907,-0.998658576881999));
#10772=DIRECTION('',(0.863423457225098,-0.504479864329053,0.));
#10773=DIRECTION('center_axis',(0.00518064959413778,0.999986580344848,0.));
#10774=DIRECTION('ref_axis',(-0.206597421515905,0.00107032321129466,0.978425449296574));
#10775=DIRECTION('center_axis',(0.00518064959413857,0.999986580344848,-1.78220756788231E-16));
#10776=DIRECTION('ref_axis',(-0.206597421515905,0.00107032321129466,0.978425449296574));
#10777=DIRECTION('',(-0.00518064959413778,-0.999986580344848,0.));
#10778=DIRECTION('center_axis',(-0.00518064959413857,-0.999986580344848,
1.78220756788231E-16));
#10779=DIRECTION('ref_axis',(-0.206597421515905,0.00107032321129466,0.978425449296574));
#10780=DIRECTION('',(-0.00518064959413778,-0.999986580344848,0.));
#10781=DIRECTION('center_axis',(-0.868604106819236,-0.495506716015795,0.));
#10782=DIRECTION('ref_axis',(0.10237178366671,-0.179453776994781,0.978425449296574));
#10783=DIRECTION('center_axis',(-0.868604106819236,-0.495506716015794,-1.78220756788231E-16));
#10784=DIRECTION('ref_axis',(0.10237178366671,-0.179453776994781,0.978425449296574));
#10785=DIRECTION('',(0.868604106819236,0.495506716015795,0.));
#10786=DIRECTION('center_axis',(0.868604106819236,0.495506716015794,1.78220756788231E-16));
#10787=DIRECTION('ref_axis',(0.10237178366671,-0.179453776994781,0.978425449296574));
#10788=DIRECTION('',(0.868604106819236,0.495506716015795,0.));
#10789=DIRECTION('center_axis',(0.863423457225098,-0.504479864329053,0.));
#10790=DIRECTION('ref_axis',(0.104225637849193,0.178383453783487,0.978425449296574));
#10791=DIRECTION('center_axis',(0.863423457225097,-0.504479864329054,-1.78220756788231E-16));
#10792=DIRECTION('ref_axis',(0.104225637849193,0.178383453783487,0.978425449296574));
#10793=DIRECTION('',(-0.863423457225098,0.504479864329053,0.));
#10794=DIRECTION('center_axis',(-0.863423457225097,0.504479864329054,1.78220756788231E-16));
#10795=DIRECTION('ref_axis',(0.104225637849193,0.178383453783487,0.978425449296574));
#10796=DIRECTION('',(-0.863423457225098,0.504479864329053,0.));
#10797=DIRECTION('center_axis',(5.19889030496444E-15,0.,-1.));
#10798=DIRECTION('ref_axis',(-1.,0.,-5.19889030496444E-15));
#10799=DIRECTION('center_axis',(5.19889030496444E-15,0.,-1.));
#10800=DIRECTION('ref_axis',(-1.,0.,0.));
#10801=DIRECTION('',(0.999986580344848,-0.00518064959413857,5.32907051820074E-15));
#10802=DIRECTION('',(-0.999986580344848,0.00518064959413857,-5.32907051820074E-15));
#10803=DIRECTION('center_axis',(-2.59944515248222E-15,-4.15911224397155E-15,
-1.));
#10804=DIRECTION('ref_axis',(-1.,0.,2.59944515248222E-15));
#10805=DIRECTION('center_axis',(-2.59944515248222E-15,-4.15911224397155E-15,
-1.));
#10806=DIRECTION('ref_axis',(-1.,0.,0.));
#10807=DIRECTION('',(-0.504479864329054,-0.863423457225097,5.32907051820074E-15));
#10808=DIRECTION('',(0.504479864329054,0.863423457225097,-5.32907051820074E-15));
#10809=DIRECTION('center_axis',(-3.11933418297866E-15,4.679001274468E-15,
-1.));
#10810=DIRECTION('ref_axis',(-1.,0.,3.11933418297866E-15));
#10811=DIRECTION('center_axis',(-3.11933418297866E-15,4.679001274468E-15,
-1.));
#10812=DIRECTION('ref_axis',(-1.,0.,0.));
#10813=DIRECTION('',(-0.495506716015794,0.868604106819236,5.32907051820075E-15));
#10814=DIRECTION('',(0.495506716015794,-0.868604106819236,-5.32907051820075E-15));
#10815=DIRECTION('center_axis',(0.,0.,-1.));
#10816=DIRECTION('ref_axis',(-1.,0.,0.));
#10817=DIRECTION('center_axis',(0.,0.,-1.));
#10818=DIRECTION('ref_axis',(-1.,0.,0.));
#10819=DIRECTION('',(0.,0.,1.));
#10820=DIRECTION('',(0.,0.,-1.));
#10821=DIRECTION('',(0.,0.,1.));
#10822=DIRECTION('center_axis',(0.,0.,-1.));
#10823=DIRECTION('ref_axis',(-1.,0.,0.));
#10824=DIRECTION('',(0.,0.,-1.));
#10825=DIRECTION('',(0.,0.,1.));
#10826=DIRECTION('',(0.,0.,-1.));
#10827=DIRECTION('',(0.,0.,1.));
#10828=DIRECTION('center_axis',(0.,0.,-1.));
#10829=DIRECTION('ref_axis',(-1.,0.,0.));
#10830=DIRECTION('center_axis',(0.,0.,1.));
#10831=DIRECTION('ref_axis',(0.5,-0.866025403784438,0.));
#10832=DIRECTION('center_axis',(0.,0.,1.));
#10833=DIRECTION('ref_axis',(0.5,0.866025403784439,0.));
#10834=DIRECTION('center_axis',(0.,0.,1.));
#10835=DIRECTION('ref_axis',(-1.,0.,0.));
#10836=DIRECTION('center_axis',(0.,0.,1.));
#10837=DIRECTION('ref_axis',(-1.,0.,0.));
#10838=DIRECTION('center_axis',(0.,0.,1.));
#10839=DIRECTION('ref_axis',(-0.5,-0.866025403784438,0.));
#10840=DIRECTION('center_axis',(0.,0.,1.));
#10841=DIRECTION('ref_axis',(-0.5,0.866025403784439,0.));
#10842=DIRECTION('center_axis',(0.,0.,1.));
#10843=DIRECTION('ref_axis',(1.,0.,0.));
#10844=DIRECTION('center_axis',(0.,0.,1.));
#10845=DIRECTION('ref_axis',(0.824385324282285,-0.566029007302622,0.));
#10846=DIRECTION('',(-0.504479864329054,-0.863423457225097,0.));
#10847=DIRECTION('',(0.824385324282285,-0.566029007302622,0.));
#10848=DIRECTION('',(0.566029007302634,0.824385324282277,0.));
#10849=DIRECTION('center_axis',(-0.824385324282277,0.566029007302634,0.));
#10850=DIRECTION('ref_axis',(0.,0.,1.));
#10851=DIRECTION('',(0.,0.,1.));
#10852=DIRECTION('',(0.566029007302634,0.824385324282277,0.));
#10853=DIRECTION('',(0.,0.,1.));
#10854=DIRECTION('',(0.566029007302634,0.824385324282277,0.));
#10855=DIRECTION('center_axis',(0.824385324282277,-0.566029007302634,-1.78695396136605E-16));
#10856=DIRECTION('ref_axis',(-1.47313862091827E-16,1.01146777684752E-16,
-1.));
#10857=DIRECTION('',(-1.47313862091827E-16,1.01146777684752E-16,-1.));
#10858=DIRECTION('',(-1.47313862091827E-16,1.01146777684752E-16,-1.));
#10859=DIRECTION('',(0.566029007302634,0.824385324282277,0.));
#10860=DIRECTION('center_axis',(0.566029007302634,0.824385324282277,0.));
#10861=DIRECTION('ref_axis',(0.,0.,-1.));
#10862=DIRECTION('',(0.824385324282277,-0.566029007302634,0.));
#10863=DIRECTION('',(-0.824385324282285,0.566029007302622,0.));
#10864=DIRECTION('center_axis',(0.,0.,1.));
#10865=DIRECTION('ref_axis',(0.078002837461816,0.996953136986842,0.));
#10866=DIRECTION('',(0.999986580344848,-0.00518064959413857,0.));
#10867=DIRECTION('',(0.078002837461816,0.996953136986842,0.));
#10868=DIRECTION('',(-0.996953136986842,0.0780028374618235,0.));
#10869=DIRECTION('center_axis',(-0.0780028374618235,-0.996953136986842,
0.));
#10870=DIRECTION('ref_axis',(0.,0.,1.));
#10871=DIRECTION('',(0.,0.,1.));
#10872=DIRECTION('',(0.,0.,1.));
#10873=DIRECTION('',(-0.996953136986842,0.0780028374618235,0.));
#10874=DIRECTION('center_axis',(0.0780028374618235,0.996953136986842,2.70053588653924E-17));
#10875=DIRECTION('ref_axis',(2.10649461817522E-18,2.69230772363084E-17,
-1.));
#10876=DIRECTION('',(-2.10649461817522E-18,-2.69230772363084E-17,1.));
#10877=DIRECTION('',(2.10649461817522E-18,2.69230772363084E-17,-1.));
#10878=DIRECTION('center_axis',(-0.996953136986842,0.0780028374618235,0.));
#10879=DIRECTION('ref_axis',(0.,0.,1.));
#10880=DIRECTION('',(0.0780028374618235,0.996953136986842,0.));
#10881=DIRECTION('center_axis',(0.,0.,-1.));
#10882=DIRECTION('ref_axis',(-1.,0.,0.));
#10883=DIRECTION('',(-0.504479864329054,-0.863423457225097,0.));
#10884=DIRECTION('',(-0.863423457225098,0.504479864329053,0.));
#10885=DIRECTION('',(0.504479864329054,0.863423457225097,0.));
#10886=DIRECTION('',(-1.,2.69775012886003E-15,0.));
#10887=DIRECTION('',(-7.69185074553426E-16,-1.,0.));
#10888=DIRECTION('',(1.,0.,0.));
#10889=DIRECTION('',(0.,-1.,0.));
#10890=DIRECTION('',(0.999986580344848,-0.00518064959413857,0.));
#10891=DIRECTION('',(-0.00518064959413769,-0.999986580344848,0.));
#10892=DIRECTION('',(-0.996953136986842,0.0780028374618164,0.));
#10893=DIRECTION('',(0.499999999999998,-0.86602540378444,0.));
#10894=DIRECTION('',(0.866025403784439,0.5,0.));
#10895=DIRECTION('',(-0.5,0.866025403784439,0.));
#10896=DIRECTION('',(0.866025403784439,0.5,0.));
#10897=DIRECTION('',(0.430924129684222,-0.9023881617441,0.));
#10898=DIRECTION('',(-0.9023881617441,-0.430924129684222,0.));
#10899=DIRECTION('',(-0.495506716015794,0.868604106819236,0.));
#10900=DIRECTION('',(0.868604106819236,0.495506716015795,0.));
#10901=DIRECTION('',(0.43092412968422,-0.902388161744101,0.));
#10902=DIRECTION('',(0.500000000000003,0.866025403784437,0.));
#10903=DIRECTION('',(-0.866025403784439,0.5,0.));
#10904=DIRECTION('',(0.5,0.866025403784438,0.));
#10905=DIRECTION('',(-0.866025403784439,0.5,0.));
#10906=DIRECTION('center_axis',(0.,0.,-1.));
#10907=DIRECTION('ref_axis',(-1.,0.,0.));
#10908=DIRECTION('center_axis',(0.,0.,-1.));
#10909=DIRECTION('ref_axis',(-1.,0.,0.));
#10910=DIRECTION('center_axis',(0.,0.,-1.));
#10911=DIRECTION('ref_axis',(0.5,0.866025403784439,0.));
#10912=DIRECTION('center_axis',(0.,0.,-1.));
#10913=DIRECTION('ref_axis',(0.5,-0.866025403784438,0.));
#10914=DIRECTION('center_axis',(0.,0.,1.));
#10915=DIRECTION('ref_axis',(-0.902388161744101,-0.43092412968422,0.));
#10916=DIRECTION('',(-0.495506716015794,0.868604106819236,0.));
#10917=DIRECTION('',(-0.902388161744101,-0.43092412968422,0.));
#10918=DIRECTION('',(0.430924129684222,-0.9023881617441,0.));
#10919=DIRECTION('center_axis',(0.9023881617441,0.430924129684222,0.));
#10920=DIRECTION('ref_axis',(0.,0.,1.));
#10921=DIRECTION('',(0.,0.,1.));
#10922=DIRECTION('',(0.,0.,1.));
#10923=DIRECTION('center_axis',(-0.9023881617441,-0.430924129684222,-1.78695396136605E-16));
#10924=DIRECTION('ref_axis',(1.61252610031845E-16,7.70041580587436E-17,
-1.));
#10925=DIRECTION('',(1.61252610031845E-16,7.70041580587436E-17,-1.));
#10926=DIRECTION('',(1.61252610031845E-16,7.70041580587436E-17,-1.));
#10927=DIRECTION('center_axis',(0.430924129684222,-0.9023881617441,0.));
#10928=DIRECTION('ref_axis',(0.,0.,-1.));
#10929=DIRECTION('center_axis',(-0.0780028374618161,-0.996953136986842,
0.));
#10930=DIRECTION('ref_axis',(-0.996953136986842,0.0780028374618161,0.));
#10931=DIRECTION('',(5.19678381034627E-15,-4.0660274574971E-16,-1.));
#10932=DIRECTION('',(0.,0.,-1.));
#10933=DIRECTION('',(-0.996953136986842,0.0780028374618164,0.));
#10934=DIRECTION('center_axis',(0.,0.,-1.));
#10935=DIRECTION('ref_axis',(-1.,0.,0.));
#10936=DIRECTION('',(-0.866025403784438,0.5,0.));
#10937=DIRECTION('',(0.500000000000003,0.866025403784437,0.));
#10938=DIRECTION('',(-0.43092412968422,0.902388161744101,0.));
#10939=DIRECTION('',(-0.868604106819236,-0.495506716015795,0.));
#10940=DIRECTION('',(-0.495506716015794,0.868604106819236,0.));
#10941=DIRECTION('',(0.504479864329054,0.863423457225097,0.));
#10942=DIRECTION('',(-0.866025403784439,0.5,0.));
#10943=DIRECTION('',(0.5,0.866025403784438,0.));
#10944=DIRECTION('center_axis',(0.,0.,-1.));
#10945=DIRECTION('ref_axis',(-0.5,-0.866025403784438,0.));
#10946=DIRECTION('center_axis',(0.902388161744101,0.43092412968422,0.));
#10947=DIRECTION('ref_axis',(0.43092412968422,-0.902388161744101,0.));
#10948=DIRECTION('',(2.42480492571792E-15,-5.07772739741932E-15,1.));
#10949=DIRECTION('',(0.,0.,-1.));
#10950=DIRECTION('center_axis',(0.999986580344848,-0.00518064959413778,
5.24095102666416E-15));
#10951=DIRECTION('ref_axis',(-0.00518064959413778,-0.999986580344848,0.));
#10952=DIRECTION('',(0.00518064959413778,0.999986580344848,0.));
#10953=DIRECTION('',(-5.23995739561739E-15,2.05369895936321E-16,1.));
#10954=DIRECTION('',(-0.00518064959413778,-0.999986580344848,0.));
#10955=DIRECTION('',(5.23995739561739E-15,-2.05369895936321E-16,-1.));
#10956=DIRECTION('center_axis',(5.24102135936345E-15,0.,-1.));
#10957=DIRECTION('ref_axis',(-1.,0.,-5.24102135936345E-15));
#10958=DIRECTION('',(-0.999986580344848,0.00518064959413857,-5.24095102666416E-15));
#10959=DIRECTION('',(0.999986580344848,-0.00518064959413857,5.24095102666416E-15));
#10960=DIRECTION('',(0.00518064959413769,0.999986580344848,2.71518951782532E-17));
#10961=DIRECTION('center_axis',(0.00518064959413857,0.999986580344848,-1.78220756788231E-16));
#10962=DIRECTION('ref_axis',(-0.999986580344848,0.00518064959413857,-7.88860905221012E-31));
#10963=DIRECTION('',(-5.60854933640564E-15,2.07279467250557E-16,1.));
#10964=DIRECTION('center_axis',(0.00518064959413857,0.999986580344848,5.55104062907503E-17));
#10965=DIRECTION('ref_axis',(-0.999986580344848,0.00518064959413857,-7.88860905221012E-31));
#10966=DIRECTION('center_axis',(-0.00518064959413857,-0.999986580344848,
-5.55104062907503E-17));
#10967=DIRECTION('ref_axis',(-0.999986580344848,0.00518064959413857,-7.88860905221012E-31));
#10968=DIRECTION('center_axis',(-0.00518064959413857,-0.999986580344848,
-5.55104062907503E-17));
#10969=DIRECTION('ref_axis',(-0.999986580344848,0.00518064959413857,-7.88860905221012E-31));
#10970=DIRECTION('center_axis',(-0.495506716015795,0.868604106819236,5.5249514187899E-15));
#10971=DIRECTION('ref_axis',(0.868604106819236,0.495506716015795,0.));
#10972=DIRECTION('',(-0.868604106819236,-0.495506716015795,0.));
#10973=DIRECTION('',(2.5828472524047E-15,-4.88730507425966E-15,1.));
#10974=DIRECTION('',(0.868604106819236,0.495506716015795,0.));
#10975=DIRECTION('',(-2.5828472524047E-15,4.88730507425966E-15,-1.));
#10976=DIRECTION('center_axis',(-3.49401423957563E-15,4.36751779946954E-15,
-1.));
#10977=DIRECTION('ref_axis',(-1.,0.,3.49401423957563E-15));
#10978=DIRECTION('',(0.495506716015794,-0.868604106819236,-5.5249514187899E-15));
#10979=DIRECTION('',(-0.495506716015794,0.868604106819236,5.5249514187899E-15));
#10980=DIRECTION('',(-0.868604106819236,-0.495506716015795,8.707807158246E-16));
#10981=DIRECTION('center_axis',(-0.868604106819236,-0.495506716015794,-1.78220756788231E-16));
#10982=DIRECTION('ref_axis',(0.495506716015794,-0.868604106819236,-7.88860905221012E-31));
#10983=DIRECTION('',(2.62476538388093E-15,-4.96078593733092E-15,1.));
#10984=DIRECTION('center_axis',(-0.868604106819236,-0.495506716015794,5.55104062907503E-17));
#10985=DIRECTION('ref_axis',(0.495506716015794,-0.868604106819236,-7.88860905221012E-31));
#10986=DIRECTION('center_axis',(0.868604106819236,0.495506716015794,-5.55104062907503E-17));
#10987=DIRECTION('ref_axis',(0.495506716015794,-0.868604106819236,-7.88860905221012E-31));
#10988=DIRECTION('center_axis',(0.868604106819236,0.495506716015794,-5.55104062907503E-17));
#10989=DIRECTION('ref_axis',(0.495506716015794,-0.868604106819236,-7.88860905221012E-31));
#10990=DIRECTION('center_axis',(0.495506716015795,-0.868604106819236,-5.61204199642838E-15));
#10991=DIRECTION('ref_axis',(0.,6.46098947998216E-15,-1.));
#10992=DIRECTION('',(-2.62476538388093E-15,4.96078593733092E-15,-1.));
#10993=DIRECTION('center_axis',(0.0780028374618165,0.996953136986842,7.70494077389382E-14));
#10994=DIRECTION('ref_axis',(6.01007242838959E-15,7.68146487483127E-14,
-1.));
#10995=DIRECTION('',(-4.67314285379943E-14,8.09412085380808E-14,-1.));
#10996=DIRECTION('',(-6.01007242838959E-15,-7.68146487483127E-14,1.));
#10997=DIRECTION('',(-0.996953136986842,0.0780028374618164,0.));
#10998=DIRECTION('center_axis',(-3.02770442660401E-17,-3.8697046468975E-16,
1.));
#10999=DIRECTION('ref_axis',(0.0780028374618161,0.996953136986842,3.8815311405641E-16));
#11000=DIRECTION('',(-0.499999999999998,0.86602540378444,3.19987730802573E-16));
#11001=DIRECTION('',(-0.00518064959413778,-0.999986580344848,2.07608118856452E-33));
#11002=DIRECTION('center_axis',(0.868604106819236,0.495506716015794,1.78220756788231E-16));
#11003=DIRECTION('ref_axis',(-0.495506716015794,0.868604106819236,0.));
#11004=DIRECTION('center_axis',(0.902388161744101,0.43092412968422,0.));
#11005=DIRECTION('ref_axis',(-0.43092412968422,0.902388161744101,0.));
#11006=DIRECTION('center_axis',(0.902388161744101,0.43092412968422,0.));
#11007=DIRECTION('ref_axis',(-0.43092412968422,0.902388161744101,0.));
#11008=DIRECTION('center_axis',(0.902388161744101,0.43092412968422,0.));
#11009=DIRECTION('ref_axis',(-0.43092412968422,0.902388161744101,0.));
#11010=DIRECTION('center_axis',(0.868604106819236,0.495506716015794,1.78220756788231E-16));
#11011=DIRECTION('ref_axis',(-0.495506716015794,0.868604106819236,0.));
#11012=DIRECTION('center_axis',(0.902388161744101,0.43092412968422,0.));
#11013=DIRECTION('ref_axis',(-0.43092412968422,0.902388161744101,0.));
#11014=DIRECTION('center_axis',(0.902388161744101,0.43092412968422,0.));
#11015=DIRECTION('ref_axis',(-0.43092412968422,0.902388161744101,0.));
#11016=DIRECTION('center_axis',(0.902388161744101,0.43092412968422,0.));
#11017=DIRECTION('ref_axis',(-0.43092412968422,0.902388161744101,0.));
#11018=DIRECTION('center_axis',(-0.868604106819236,-0.495506716015794,-1.78220756788231E-16));
#11019=DIRECTION('ref_axis',(0.495506716015794,-0.868604106819236,-7.88860905221012E-31));
#11020=DIRECTION('center_axis',(-0.868604106819236,-0.495506716015794,-1.78220756788231E-16));
#11021=DIRECTION('ref_axis',(0.495506716015794,-0.868604106819236,-7.88860905221012E-31));
#11022=DIRECTION('center_axis',(-0.868604106819236,-0.495506716015795,0.));
#11023=DIRECTION('ref_axis',(-0.495506716015795,0.868604106819236,5.45153519811549E-15));
#11024=DIRECTION('center_axis',(0.868604106819236,0.495506716015794,-5.55104062907503E-17));
#11025=DIRECTION('ref_axis',(0.495506716015794,-0.868604106819236,-7.88860905221012E-31));
#11026=DIRECTION('center_axis',(-0.868604106819236,-0.495506716015795,0.));
#11027=DIRECTION('ref_axis',(0.495506716015795,-0.868604106819236,-7.88860905221012E-31));
#11028=DIRECTION('center_axis',(0.868604106819236,0.495506716015794,-5.55104062907503E-17));
#11029=DIRECTION('ref_axis',(0.495506716015794,-0.868604106819236,-7.88860905221012E-31));
#11030=DIRECTION('center_axis',(-0.868604106819236,-0.495506716015795,0.));
#11031=DIRECTION('ref_axis',(-0.415387224494971,0.728157737230497,0.545196995074006));
#11032=DIRECTION('center_axis',(-0.868604106819236,-0.495506716015794,5.55104062907503E-17));
#11033=DIRECTION('ref_axis',(0.495506716015794,-0.868604106819236,-7.88860905221012E-31));
#11034=DIRECTION('center_axis',(-0.868604106819236,-0.495506716015794,-1.78220756788231E-16));
#11035=DIRECTION('ref_axis',(0.495506716015794,-0.868604106819236,-7.88860905221012E-31));
#11036=DIRECTION('center_axis',(-0.00518064959413857,-0.999986580344848,
1.78220756788231E-16));
#11037=DIRECTION('ref_axis',(0.999986580344848,-0.00518064959413857,0.));
#11038=DIRECTION('center_axis',(0.0780028374618161,0.996953136986842,0.));
#11039=DIRECTION('ref_axis',(0.996953136986842,-0.0780028374618161,0.));
#11040=DIRECTION('center_axis',(0.0780028374618161,0.996953136986842,0.));
#11041=DIRECTION('ref_axis',(0.996953136986842,-0.0780028374618161,0.));
#11042=DIRECTION('center_axis',(0.0780028374618161,0.996953136986842,0.));
#11043=DIRECTION('ref_axis',(0.996953136986842,-0.0780028374618161,0.));
#11044=DIRECTION('center_axis',(-0.00518064959413857,-0.999986580344848,
1.78220756788231E-16));
#11045=DIRECTION('ref_axis',(0.999986580344848,-0.00518064959413857,0.));
#11046=DIRECTION('center_axis',(0.0780028374618161,0.996953136986842,0.));
#11047=DIRECTION('ref_axis',(0.996953136986842,-0.0780028374618161,0.));
#11048=DIRECTION('center_axis',(0.0780028374618161,0.996953136986842,0.));
#11049=DIRECTION('ref_axis',(0.996953136986842,-0.0780028374618161,0.));
#11050=DIRECTION('center_axis',(0.0780028374618161,0.996953136986842,0.));
#11051=DIRECTION('ref_axis',(0.996953136986842,-0.0780028374618161,0.));
#11052=DIRECTION('center_axis',(-0.999986580344848,0.00518064959413769,
-5.61204199642838E-15));
#11053=DIRECTION('ref_axis',(-5.61211730910734E-15,0.,1.));
#11054=DIRECTION('',(5.60854933640564E-15,-2.07279467250557E-16,-1.));
#11055=DIRECTION('center_axis',(0.00518064959413857,0.999986580344848,-1.78220756788231E-16));
#11056=DIRECTION('ref_axis',(-0.999986580344848,0.00518064959413857,-7.88860905221012E-31));
#11057=DIRECTION('center_axis',(0.00518064959413778,0.999986580344848,0.));
#11058=DIRECTION('ref_axis',(0.999986580344848,-0.00518064959413778,5.45153519811549E-15));
#11059=DIRECTION('center_axis',(-0.00518064959413857,-0.999986580344848,
-5.55104062907503E-17));
#11060=DIRECTION('ref_axis',(-0.999986580344848,0.00518064959413857,-7.88860905221012E-31));
#11061=DIRECTION('center_axis',(0.00518064959413778,0.999986580344848,0.));
#11062=DIRECTION('ref_axis',(-0.999986580344848,0.00518064959413778,-7.88860905221012E-31));
#11063=DIRECTION('center_axis',(-0.00518064959413857,-0.999986580344848,
-5.55104062907503E-17));
#11064=DIRECTION('ref_axis',(-0.999986580344848,0.00518064959413857,-7.88860905221012E-31));
#11065=DIRECTION('center_axis',(0.00518064959413778,0.999986580344848,0.));
#11066=DIRECTION('ref_axis',(0.83829671065129,-0.00434297979509382,0.545196995074008));
#11067=DIRECTION('center_axis',(0.00518064959413857,0.999986580344848,5.55104062907503E-17));
#11068=DIRECTION('ref_axis',(-0.999986580344848,0.00518064959413857,-7.88860905221012E-31));
#11069=DIRECTION('center_axis',(0.00518064959413857,0.999986580344848,-1.78220756788231E-16));
#11070=DIRECTION('ref_axis',(-0.999986580344848,0.00518064959413857,-7.88860905221012E-31));
#11071=DIRECTION('center_axis',(0.00518064959413857,0.999986580344848,-1.78220756788231E-16));
#11072=DIRECTION('ref_axis',(-0.999986580344848,0.00518064959413857,-7.88860905221012E-31));
#11073=DIRECTION('center_axis',(2.69775012886003E-15,1.,0.));
#11074=DIRECTION('ref_axis',(1.,-2.69775012886003E-15,0.));
#11075=DIRECTION('',(2.06411761571782E-16,-5.56847356378501E-31,1.));
#11076=DIRECTION('',(0.,0.,1.));
#11077=DIRECTION('center_axis',(2.69775012886003E-15,1.,0.));
#11078=DIRECTION('ref_axis',(1.,0.,0.));
#11079=DIRECTION('center_axis',(2.69775012886003E-15,1.,0.));
#11080=DIRECTION('ref_axis',(1.,0.,0.));
#11081=DIRECTION('center_axis',(0.863423457225097,-0.504479864329054,-1.78220756788231E-16));
#11082=DIRECTION('ref_axis',(0.504479864329054,0.863423457225097,-7.88860905221012E-31));
#11083=DIRECTION('',(-0.504479864329054,-0.863423457225097,6.28788061103706E-15));
#11084=DIRECTION('',(3.32598913954863E-15,5.33919483259513E-15,1.));
#11085=DIRECTION('center_axis',(0.863423457225097,-0.504479864329054,5.55104062907503E-17));
#11086=DIRECTION('ref_axis',(0.504479864329054,0.863423457225097,-7.88860905221012E-31));
#11087=DIRECTION('center_axis',(-0.863423457225097,0.504479864329054,-5.55104062907503E-17));
#11088=DIRECTION('ref_axis',(0.504479864329054,0.863423457225097,-7.88860905221012E-31));
#11089=DIRECTION('center_axis',(-0.863423457225097,0.504479864329054,-5.55104062907503E-17));
#11090=DIRECTION('ref_axis',(0.504479864329054,0.863423457225097,-7.88860905221012E-31));
#11091=DIRECTION('center_axis',(-0.504479864329053,-0.863423457225098,6.28788061103706E-15));
#11092=DIRECTION('ref_axis',(-0.863423457225098,0.504479864329053,0.));
#11093=DIRECTION('',(0.863423457225098,-0.504479864329053,0.));
#11094=DIRECTION('',(-0.863423457225098,0.504479864329053,0.));
#11095=DIRECTION('',(-3.32598913954863E-15,-5.33919483259513E-15,-1.));
#11096=DIRECTION('center_axis',(-3.49401423957563E-15,-5.24102135936345E-15,
-1.));
#11097=DIRECTION('ref_axis',(-1.,0.,3.49401423957563E-15));
#11098=DIRECTION('',(0.504479864329054,0.863423457225097,-6.28788061103706E-15));
#11099=DIRECTION('center_axis',(0.863423457225097,-0.504479864329054,-1.78220756788231E-16));
#11100=DIRECTION('ref_axis',(0.504479864329054,0.863423457225097,-7.88860905221012E-31));
#11101=DIRECTION('center_axis',(0.863423457225097,-0.504479864329054,5.55104062907503E-17));
#11102=DIRECTION('ref_axis',(0.504479864329054,0.863423457225097,-7.88860905221012E-31));
#11103=DIRECTION('center_axis',(-0.863423457225097,0.504479864329054,-5.55104062907503E-17));
#11104=DIRECTION('ref_axis',(0.504479864329054,0.863423457225097,-7.88860905221012E-31));
#11105=DIRECTION('center_axis',(-0.863423457225097,0.504479864329054,-5.55104062907503E-17));
#11106=DIRECTION('ref_axis',(0.504479864329054,0.863423457225097,-7.88860905221012E-31));
#11107=DIRECTION('center_axis',(-0.863423457225097,0.504479864329054,1.78220756788231E-16));
#11108=DIRECTION('ref_axis',(-0.504479864329054,-0.863423457225097,0.));
#11109=DIRECTION('center_axis',(-0.824385324282285,0.566029007302622,0.));
#11110=DIRECTION('ref_axis',(-0.566029007302622,-0.824385324282285,0.));
#11111=DIRECTION('center_axis',(-0.824385324282285,0.566029007302622,0.));
#11112=DIRECTION('ref_axis',(-0.566029007302622,-0.824385324282285,0.));
#11113=DIRECTION('center_axis',(-0.824385324282285,0.566029007302622,0.));
#11114=DIRECTION('ref_axis',(-0.566029007302622,-0.824385324282285,0.));
#11115=DIRECTION('center_axis',(-0.863423457225097,0.504479864329054,1.78220756788231E-16));
#11116=DIRECTION('ref_axis',(-0.504479864329054,-0.863423457225097,0.));
#11117=DIRECTION('center_axis',(-0.824385324282285,0.566029007302622,0.));
#11118=DIRECTION('ref_axis',(-0.566029007302622,-0.824385324282285,0.));
#11119=DIRECTION('center_axis',(-0.824385324282285,0.566029007302622,0.));
#11120=DIRECTION('ref_axis',(-0.566029007302622,-0.824385324282285,0.));
#11121=DIRECTION('center_axis',(-0.824385324282285,0.566029007302622,0.));
#11122=DIRECTION('ref_axis',(-0.566029007302622,-0.824385324282285,0.));
#11123=DIRECTION('center_axis',(0.863423457225097,-0.504479864329054,-1.78220756788231E-16));
#11124=DIRECTION('ref_axis',(0.504479864329054,0.863423457225097,-7.88860905221012E-31));
#11125=DIRECTION('center_axis',(0.863423457225097,-0.504479864329054,-1.78220756788231E-16));
#11126=DIRECTION('ref_axis',(0.504479864329054,0.863423457225097,-7.88860905221012E-31));
#11127=DIRECTION('center_axis',(0.863423457225098,-0.504479864329053,0.));
#11128=DIRECTION('ref_axis',(-0.504479864329053,-0.863423457225098,5.45153519811549E-15));
#11129=DIRECTION('center_axis',(0.863423457225098,-0.504479864329053,0.));
#11130=DIRECTION('ref_axis',(0.504479864329053,0.863423457225098,-7.88860905221012E-31));
#11131=DIRECTION('center_axis',(0.863423457225098,-0.504479864329053,0.));
#11132=DIRECTION('ref_axis',(-0.422909486156319,-0.723814757435403,0.545196995074007));
#11133=DIRECTION('center_axis',(-0.866025403784438,-0.5,0.));
#11134=DIRECTION('ref_axis',(-0.5,0.866025403784438,0.));
#11135=DIRECTION('center_axis',(-0.86602540378444,-0.499999999999998,0.));
#11136=DIRECTION('ref_axis',(-0.5,0.866025403784438,0.));
#11137=DIRECTION('',(-0.866025403784438,-0.5,0.));
#11138=DIRECTION('center_axis',(0.866025403784439,0.5,0.));
#11139=DIRECTION('ref_axis',(-0.5,0.866025403784438,0.));
#11140=DIRECTION('center_axis',(-0.866025403784438,-0.5,0.));
#11141=DIRECTION('ref_axis',(-0.5,0.866025403784438,0.));
#11142=DIRECTION('',(-0.866025403784438,-0.5,0.));
#11143=DIRECTION('center_axis',(-0.866025403784438,-0.5,0.));
#11144=DIRECTION('ref_axis',(-0.5,0.866025403784438,0.));
#11145=DIRECTION('center_axis',(-0.86602540378444,-0.499999999999998,0.));
#11146=DIRECTION('ref_axis',(-0.5,0.866025403784438,0.));
#11147=DIRECTION('',(-0.866025403784438,-0.5,0.));
#11148=DIRECTION('center_axis',(0.866025403784439,0.5,0.));
#11149=DIRECTION('ref_axis',(-0.5,0.866025403784438,0.));
#11150=DIRECTION('center_axis',(-0.866025403784438,-0.5,0.));
#11151=DIRECTION('ref_axis',(-0.5,0.866025403784438,0.));
#11152=DIRECTION('',(-0.866025403784438,-0.5,0.));
#11153=DIRECTION('center_axis',(0.866025403784439,-0.5,0.));
#11154=DIRECTION('ref_axis',(-0.5,-0.866025403784439,0.));
#11155=DIRECTION('center_axis',(0.866025403784437,-0.500000000000003,0.));
#11156=DIRECTION('ref_axis',(-0.5,-0.866025403784439,0.));
#11157=DIRECTION('',(0.866025403784439,-0.5,0.));
#11158=DIRECTION('center_axis',(0.866025403784439,-0.5,0.));
#11159=DIRECTION('ref_axis',(-0.5,-0.866025403784439,0.));
#11160=DIRECTION('center_axis',(0.866025403784438,-0.5,0.));
#11161=DIRECTION('ref_axis',(-0.5,-0.866025403784439,0.));
#11162=DIRECTION('',(0.866025403784439,-0.5,0.));
#11163=DIRECTION('center_axis',(0.866025403784439,-0.5,0.));
#11164=DIRECTION('ref_axis',(-0.5,-0.866025403784439,0.));
#11165=DIRECTION('center_axis',(0.866025403784437,-0.500000000000003,0.));
#11166=DIRECTION('ref_axis',(-0.5,-0.866025403784439,0.));
#11167=DIRECTION('',(0.866025403784439,-0.5,0.));
#11168=DIRECTION('center_axis',(0.866025403784439,-0.5,0.));
#11169=DIRECTION('ref_axis',(-0.5,-0.866025403784439,0.));
#11170=DIRECTION('center_axis',(0.866025403784438,-0.5,0.));
#11171=DIRECTION('ref_axis',(-0.5,-0.866025403784439,0.));
#11172=DIRECTION('',(0.866025403784439,-0.5,0.));
#11173=DIRECTION('center_axis',(0.,-1.,0.));
#11174=DIRECTION('ref_axis',(-1.,0.,0.));
#11175=DIRECTION('',(0.,0.,1.));
#11176=DIRECTION('center_axis',(0.,-1.,0.));
#11177=DIRECTION('ref_axis',(1.,0.,0.));
#11178=DIRECTION('center_axis',(0.,-1.,0.));
#11179=DIRECTION('ref_axis',(1.,0.,0.));
#11180=DIRECTION('center_axis',(1.,-7.69185074553426E-16,0.));
#11181=DIRECTION('ref_axis',(7.69185074553426E-16,1.,0.));
#11182=DIRECTION('center_axis',(-0.5,-0.866025403784439,0.));
#11183=DIRECTION('ref_axis',(0.866025403784439,-0.5,0.));
#11184=DIRECTION('',(0.,0.,-1.));
#11185=DIRECTION('center_axis',(0.866025403784438,-0.5,0.));
#11186=DIRECTION('ref_axis',(-0.5,-0.866025403784438,0.));
#11187=DIRECTION('center_axis',(-0.5,-0.866025403784439,0.));
#11188=DIRECTION('ref_axis',(0.866025403784439,-0.5,0.));
#11189=DIRECTION('',(0.,0.,1.));
#11190=DIRECTION('center_axis',(0.866025403784437,-0.500000000000003,0.));
#11191=DIRECTION('ref_axis',(-0.500000000000003,-0.866025403784437,0.));
#11192=DIRECTION('center_axis',(-0.86602540378444,-0.499999999999998,0.));
#11193=DIRECTION('ref_axis',(-0.499999999999998,0.86602540378444,0.));
#11194=DIRECTION('',(0.,0.,1.));
#11195=DIRECTION('center_axis',(0.866025403784439,0.5,0.));
#11196=DIRECTION('ref_axis',(0.5,-0.866025403784439,0.));
#11197=DIRECTION('',(0.,0.,1.));
#11198=DIRECTION('center_axis',(-0.5,0.866025403784439,0.));
#11199=DIRECTION('ref_axis',(-0.866025403784439,-0.5,0.));
#11200=DIRECTION('center_axis',(0.,1.,0.));
#11201=DIRECTION('ref_axis',(1.,0.,0.));
#11202=DIRECTION('',(0.,1.,0.));
#11203=DIRECTION('center_axis',(0.,1.,0.));
#11204=DIRECTION('ref_axis',(1.,0.,0.));
#11205=DIRECTION('',(0.,1.,0.));
#11206=DIRECTION('center_axis',(0.,1.,0.));
#11207=DIRECTION('ref_axis',(1.,0.,0.));
#11208=DIRECTION('',(0.,1.,0.));
#11209=DIRECTION('center_axis',(0.,1.,0.));
#11210=DIRECTION('ref_axis',(1.,0.,0.));
#11211=DIRECTION('',(0.,1.,0.));
#11212=DIRECTION('center_axis',(1.,-7.69185074553426E-16,0.));
#11213=DIRECTION('ref_axis',(7.69185074553426E-16,1.,0.));
#11214=DIRECTION('center_axis',(-0.5,0.866025403784439,0.));
#11215=DIRECTION('ref_axis',(-0.866025403784439,-0.5,0.));
#11216=DIRECTION('center_axis',(0.,0.,-1.));
#11217=DIRECTION('ref_axis',(0.5,-0.866025403784438,0.));
#11218=DIRECTION('',(0.,0.,-1.));
#11219=DIRECTION('center_axis',(0.,0.,-1.));
#11220=DIRECTION('ref_axis',(0.5,0.866025403784439,0.));
#11221=DIRECTION('',(0.,0.,-1.));
#11222=DIRECTION('center_axis',(0.,0.,-1.));
#11223=DIRECTION('ref_axis',(-1.,0.,0.));
#11224=DIRECTION('',(0.,0.,-1.));
#11225=DIRECTION('center_axis',(0.,0.,-1.));
#11226=DIRECTION('ref_axis',(-1.,0.,0.));
#11227=DIRECTION('',(0.,0.,-1.));
#11228=DIRECTION('center_axis',(0.,0.,1.));
#11229=DIRECTION('ref_axis',(-0.5,-0.866025403784438,0.));
#11230=DIRECTION('',(0.,0.,1.));
#11231=DIRECTION('center_axis',(0.,0.,1.));
#11232=DIRECTION('ref_axis',(-0.5,0.866025403784439,0.));
#11233=DIRECTION('',(0.,0.,1.));
#11234=DIRECTION('center_axis',(0.,0.,1.));
#11235=DIRECTION('ref_axis',(1.,0.,0.));
#11236=DIRECTION('',(0.,0.,1.));
#11237=DIRECTION('center_axis',(0.,0.,-1.));
#11238=DIRECTION('ref_axis',(0.5,-0.866025403784438,0.));
#11239=DIRECTION('center_axis',(0.,0.,-1.));
#11240=DIRECTION('ref_axis',(0.5,-0.866025403784438,0.));
#11241=DIRECTION('',(0.,0.,-1.));
#11242=DIRECTION('center_axis',(0.,0.,1.));
#11243=DIRECTION('ref_axis',(0.5,-0.866025403784438,0.));
#11244=DIRECTION('center_axis',(0.,0.,-1.));
#11245=DIRECTION('ref_axis',(0.5,0.866025403784439,0.));
#11246=DIRECTION('center_axis',(0.,0.,-1.));
#11247=DIRECTION('ref_axis',(0.5,0.866025403784439,0.));
#11248=DIRECTION('',(0.,0.,-1.));
#11249=DIRECTION('center_axis',(0.,0.,1.));
#11250=DIRECTION('ref_axis',(0.5,0.866025403784439,0.));
#11251=DIRECTION('center_axis',(0.,0.,-1.));
#11252=DIRECTION('ref_axis',(-1.,0.,0.));
#11253=DIRECTION('center_axis',(0.,0.,-1.));
#11254=DIRECTION('ref_axis',(-1.,0.,0.));
#11255=DIRECTION('',(0.,0.,-1.));
#11256=DIRECTION('center_axis',(0.,0.,1.));
#11257=DIRECTION('ref_axis',(-1.,0.,0.));
#11258=DIRECTION('center_axis',(0.,0.,-1.));
#11259=DIRECTION('ref_axis',(-1.,0.,0.));
#11260=DIRECTION('center_axis',(0.,0.,-1.));
#11261=DIRECTION('ref_axis',(-1.,0.,0.));
#11262=DIRECTION('',(0.,0.,-1.));
#11263=DIRECTION('center_axis',(0.,0.,1.));
#11264=DIRECTION('ref_axis',(-1.,0.,0.));
#11265=DIRECTION('center_axis',(0.,0.,-1.));
#11266=DIRECTION('ref_axis',(0.5,0.866025403784438,0.));
#11267=DIRECTION('center_axis',(0.,0.,-1.));
#11268=DIRECTION('ref_axis',(0.5,0.866025403784438,0.));
#11269=DIRECTION('',(0.,0.,1.));
#11270=DIRECTION('center_axis',(0.,0.,-1.));
#11271=DIRECTION('ref_axis',(0.5,0.866025403784438,0.));
#11272=DIRECTION('',(0.,0.,-1.));
#11273=DIRECTION('center_axis',(0.,0.,1.));
#11274=DIRECTION('ref_axis',(0.5,0.866025403784438,0.));
#11275=DIRECTION('center_axis',(0.,0.,-1.));
#11276=DIRECTION('ref_axis',(1.,0.,0.));
#11277=DIRECTION('center_axis',(0.,0.,1.));
#11278=DIRECTION('ref_axis',(1.,0.,0.));
#11279=DIRECTION('center_axis',(0.,0.,1.));
#11280=DIRECTION('ref_axis',(1.,0.,0.));
#11281=DIRECTION('center_axis',(0.,0.,-1.));
#11282=DIRECTION('ref_axis',(-1.,0.,0.));
#11283=DIRECTION('center_axis',(0.,0.,1.));
#11284=DIRECTION('ref_axis',(1.,0.,0.));
#11285=DIRECTION('center_axis',(0.,0.,-1.));
#11286=DIRECTION('ref_axis',(0.5,-0.866025403784439,0.));
#11287=DIRECTION('center_axis',(0.,0.,1.));
#11288=DIRECTION('ref_axis',(1.,0.,0.));
#11289=DIRECTION('center_axis',(0.,0.,1.));
#11290=DIRECTION('ref_axis',(1.,0.,0.));
#11291=DIRECTION('center_axis',(0.,0.,-1.));
#11292=DIRECTION('ref_axis',(1.,0.,0.));
#11293=DIRECTION('center_axis',(0.,0.,-1.));
#11294=DIRECTION('ref_axis',(-0.5,0.866025403784439,0.));
#11295=DIRECTION('center_axis',(0.,0.,-1.));
#11296=DIRECTION('ref_axis',(-0.5,-0.866025403784438,0.));
#11297=DIRECTION('center_axis',(0.,0.,-1.));
#11298=DIRECTION('ref_axis',(0.5,-0.866025403784439,0.));
#11299=DIRECTION('',(0.,0.,1.));
#11300=DIRECTION('center_axis',(0.,0.,-1.));
#11301=DIRECTION('ref_axis',(0.5,-0.866025403784439,0.));
#11302=DIRECTION('',(0.,0.,-1.));
#11303=DIRECTION('center_axis',(0.,0.,1.));
#11304=DIRECTION('ref_axis',(0.5,-0.866025403784439,0.));
#11305=DIRECTION('center_axis',(0.,0.,-1.));
#11306=DIRECTION('ref_axis',(1.,0.,0.));
#11307=DIRECTION('center_axis',(0.,0.,-1.));
#11308=DIRECTION('ref_axis',(-1.,0.,0.));
#11309=DIRECTION('',(0.,0.,1.));
#11310=DIRECTION('center_axis',(0.,0.,-1.));
#11311=DIRECTION('ref_axis',(-1.,0.,0.));
#11312=DIRECTION('',(0.,0.,-1.));
#11313=DIRECTION('center_axis',(0.,0.,1.));
#11314=DIRECTION('ref_axis',(-1.,0.,0.));
#11315=DIRECTION('center_axis',(0.,0.,-1.));
#11316=DIRECTION('ref_axis',(1.,0.,0.));
#11317=DIRECTION('center_axis',(0.,0.,1.));
#11318=DIRECTION('ref_axis',(-0.5,-0.866025403784438,0.));
#11319=DIRECTION('center_axis',(0.,0.,1.));
#11320=DIRECTION('ref_axis',(-0.5,-0.866025403784438,0.));
#11321=DIRECTION('',(0.,0.,1.));
#11322=DIRECTION('center_axis',(0.,0.,1.));
#11323=DIRECTION('ref_axis',(-0.5,0.866025403784439,0.));
#11324=DIRECTION('center_axis',(0.,0.,1.));
#11325=DIRECTION('ref_axis',(-0.5,0.866025403784439,0.));
#11326=DIRECTION('',(0.,0.,1.));
#11327=DIRECTION('center_axis',(0.,0.,1.));
#11328=DIRECTION('ref_axis',(1.,0.,0.));
#11329=DIRECTION('center_axis',(0.,0.,1.));
#11330=DIRECTION('ref_axis',(1.,0.,0.));
#11331=DIRECTION('',(0.,0.,1.));
#11332=DIRECTION('center_axis',(0.,0.,1.));
#11333=DIRECTION('ref_axis',(1.,0.,0.));
#11334=DIRECTION('',(0.,0.,-1.));
#11335=DIRECTION('center_axis',(0.,0.,1.));
#11336=DIRECTION('ref_axis',(1.,0.,0.));
#11337=DIRECTION('center_axis',(0.,0.,1.));
#11338=DIRECTION('ref_axis',(1.,0.,0.));
#11339=DIRECTION('center_axis',(-0.868604106819236,-0.495506716015794,0.));
#11340=DIRECTION('ref_axis',(0.495506716015794,-0.868604106819236,0.));
#11341=DIRECTION('center_axis',(0.868604106819236,0.495506716015794,0.));
#11342=DIRECTION('ref_axis',(0.495506716015794,-0.868604106819236,0.));
#11343=DIRECTION('center_axis',(-0.868604106819236,-0.495506716015794,0.));
#11344=DIRECTION('ref_axis',(0.495506716015794,-0.868604106819236,0.));
#11345=DIRECTION('center_axis',(0.868604106819236,0.495506716015794,0.));
#11346=DIRECTION('ref_axis',(0.495506716015794,-0.868604106819236,0.));
#11347=DIRECTION('',(0.868604106819236,0.495506716015794,0.));
#11348=DIRECTION('center_axis',(-0.868604106819236,-0.495506716015794,0.));
#11349=DIRECTION('ref_axis',(0.495506716015794,-0.868604106819236,0.));
#11350=DIRECTION('center_axis',(-0.868604106819236,-0.495506716015794,0.));
#11351=DIRECTION('ref_axis',(0.495506716015794,-0.868604106819236,0.));
#11352=DIRECTION('center_axis',(0.868604106819236,0.495506716015794,0.));
#11353=DIRECTION('ref_axis',(0.495506716015794,-0.868604106819236,0.));
#11354=DIRECTION('center_axis',(-0.868604106819236,-0.495506716015794,0.));
#11355=DIRECTION('ref_axis',(0.495506716015794,-0.868604106819236,0.));
#11356=DIRECTION('',(0.868604106819236,0.495506716015794,0.));
#11357=DIRECTION('center_axis',(0.863423457225097,-0.504479864329054,0.));
#11358=DIRECTION('ref_axis',(0.504479864329054,0.863423457225097,0.));
#11359=DIRECTION('center_axis',(-0.863423457225097,0.504479864329054,0.));
#11360=DIRECTION('ref_axis',(0.504479864329054,0.863423457225097,0.));
#11361=DIRECTION('center_axis',(0.863423457225097,-0.504479864329054,0.));
#11362=DIRECTION('ref_axis',(0.504479864329054,0.863423457225097,0.));
#11363=DIRECTION('center_axis',(-0.863423457225097,0.504479864329054,0.));
#11364=DIRECTION('ref_axis',(0.504479864329054,0.863423457225097,0.));
#11365=DIRECTION('',(-0.863423457225097,0.504479864329054,0.));
#11366=DIRECTION('center_axis',(0.863423457225097,-0.504479864329054,0.));
#11367=DIRECTION('ref_axis',(0.504479864329054,0.863423457225097,0.));
#11368=DIRECTION('center_axis',(0.863423457225097,-0.504479864329054,0.));
#11369=DIRECTION('ref_axis',(0.504479864329054,0.863423457225097,0.));
#11370=DIRECTION('center_axis',(-0.863423457225097,0.504479864329054,0.));
#11371=DIRECTION('ref_axis',(0.504479864329054,0.863423457225097,0.));
#11372=DIRECTION('center_axis',(0.863423457225097,-0.504479864329054,0.));
#11373=DIRECTION('ref_axis',(0.504479864329054,0.863423457225097,0.));
#11374=DIRECTION('',(-0.863423457225097,0.504479864329054,0.));
#11375=DIRECTION('center_axis',(-0.863423457225097,0.504479864329054,3.68180955912861E-16));
#11376=DIRECTION('ref_axis',(0.102239621713959,0.174984362880485,-0.979248452895943));
#11377=DIRECTION('center_axis',(-0.863423457225097,0.504479864329054,0.));
#11378=DIRECTION('ref_axis',(0.102239621713959,0.174984362880485,-0.979248452895943));
#11379=DIRECTION('',(-0.863423457225097,0.504479864329054,3.68180955912861E-16));
#11380=DIRECTION('center_axis',(0.863423457225097,-0.504479864329054,0.));
#11381=DIRECTION('ref_axis',(0.102239621713959,0.174984362880485,-0.979248452895943));
#11382=DIRECTION('',(-0.863423457225097,0.504479864329054,3.6818095591286E-16));
#11383=DIRECTION('center_axis',(-0.863423457225097,0.504479864329054,0.));
#11384=DIRECTION('ref_axis',(0.102239621713959,0.174984362880485,-0.979248452895943));
#11385=DIRECTION('',(0.863423457225097,-0.504479864329054,-3.68180955912861E-16));
#11386=DIRECTION('center_axis',(-0.863423457225097,0.504479864329054,0.));
#11387=DIRECTION('ref_axis',(-0.504479864329054,-0.863423457225097,0.));
#11388=DIRECTION('center_axis',(0.863423457225097,-0.504479864329054,0.));
#11389=DIRECTION('ref_axis',(-0.504479864329054,-0.863423457225097,0.));
#11390=DIRECTION('center_axis',(-0.863423457225097,0.504479864329054,0.));
#11391=DIRECTION('ref_axis',(-0.504479864329054,-0.863423457225097,0.));
#11392=DIRECTION('center_axis',(0.863423457225097,-0.504479864329054,0.));
#11393=DIRECTION('ref_axis',(-0.494011126661013,-0.845506084681113,-0.202663434053436));
#11394=DIRECTION('',(0.102239621715742,0.174984362883537,0.979248452895211));
#11395=DIRECTION('center_axis',(-0.863423457225097,0.504479864329054,0.));
#11396=DIRECTION('ref_axis',(-0.504479864329054,-0.863423457225097,0.));
#11397=DIRECTION('',(0.102239621715736,0.174984362883526,-0.979248452895214));
#11398=DIRECTION('',(-0.474426616927814,-0.811986956768274,-0.339994951710501));
#11399=DIRECTION('',(0.171520607111477,0.293559616644961,-0.940427260776384));
#11400=DIRECTION('center_axis',(-0.863423457225097,0.504479864329054,0.));
#11401=DIRECTION('ref_axis',(-0.504479864329054,-0.863423457225097,0.));
#11402=DIRECTION('',(-0.354566812265199,-0.606845435288999,0.711351525835856));
#11403=DIRECTION('center_axis',(0.863423457225097,-0.504479864329054,0.));
#11404=DIRECTION('ref_axis',(0.274324786245282,0.469510226453644,0.839229443541472));
#11405=DIRECTION('',(0.423374355818749,0.724610387547672,-0.54377747387426));
#11406=DIRECTION('center_axis',(-0.863423457225097,0.504479864329054,0.));
#11407=DIRECTION('ref_axis',(-0.504479864329054,-0.863423457225097,0.));
#11408=DIRECTION('center_axis',(0.863423457225097,-0.504479864329054,0.));
#11409=DIRECTION('ref_axis',(0.102239621713958,0.174984362880482,-0.979248452895943));
#11410=DIRECTION('',(-0.49401112666138,-0.845506084681741,0.202663434049923));
#11411=DIRECTION('center_axis',(0.863423457225097,-0.504479864329054,0.));
#11412=DIRECTION('ref_axis',(-0.504479864329055,-0.863423457225097,0.));
#11413=DIRECTION('center_axis',(0.863423457225097,-0.504479864329054,0.));
#11414=DIRECTION('ref_axis',(0.504479864329054,0.863423457225097,0.));
#11415=DIRECTION('',(-0.102239621715737,-0.174984362883528,0.979248452895213));
#11416=DIRECTION('center_axis',(0.863423457225097,-0.504479864329054,0.));
#11417=DIRECTION('ref_axis',(0.494011126661013,0.845506084681113,0.202663434053437));
#11418=DIRECTION('center_axis',(0.863423457225097,-0.504479864329054,0.));
#11419=DIRECTION('ref_axis',(-0.504479864329053,-0.863423457225098,0.));
#11420=DIRECTION('center_axis',(0.863423457225097,-0.504479864329054,0.));
#11421=DIRECTION('ref_axis',(0.494011126661013,0.845506084681113,0.202663434053437));
#11422=DIRECTION('',(-0.102239621715742,-0.174984362883535,-0.979248452895212));
#11423=DIRECTION('center_axis',(-0.863423457225097,0.504479864329054,0.));
#11424=DIRECTION('ref_axis',(-0.504479864329054,-0.863423457225097,0.));
#11425=DIRECTION('',(-0.494011126661381,-0.845506084681743,-0.20266343404991));
#11426=DIRECTION('center_axis',(0.863423457225097,-0.504479864329054,0.));
#11427=DIRECTION('ref_axis',(-0.102239621713959,-0.174984362880485,0.979248452895943));
#11428=DIRECTION('center_axis',(0.863423457225097,-0.504479864329054,0.));
#11429=DIRECTION('ref_axis',(-0.504479864329053,-0.863423457225098,0.));
#11430=DIRECTION('center_axis',(0.863423457225097,-0.504479864329054,0.));
#11431=DIRECTION('ref_axis',(-0.102239621713959,-0.174984362880485,0.979248452895943));
#11432=DIRECTION('',(0.49401112666138,0.84550608468174,-0.202663434049923));
#11433=DIRECTION('center_axis',(-0.863423457225097,0.504479864329054,0.));
#11434=DIRECTION('ref_axis',(-0.504479864329054,-0.863423457225097,0.));
#11435=DIRECTION('center_axis',(-0.863423457225097,0.504479864329054,0.));
#11436=DIRECTION('ref_axis',(-0.504479864329054,-0.863423457225097,0.));
#11437=DIRECTION('center_axis',(0.863423457225097,-0.504479864329054,0.));
#11438=DIRECTION('ref_axis',(0.504479864329054,0.863423457225097,0.));
#11439=DIRECTION('',(0.863423457225097,-0.504479864329054,0.));
#11440=DIRECTION('center_axis',(0.863423457225097,-0.504479864329054,0.));
#11441=DIRECTION('ref_axis',(0.504479864329054,0.863423457225097,0.));
#11442=DIRECTION('',(-0.494011126661381,-0.845506084681743,-0.202663434049912));
#11443=DIRECTION('',(-0.102239621715742,-0.174984362883537,-0.979248452895211));
#11444=DIRECTION('center_axis',(-0.863423457225097,0.504479864329054,1.15817049401008E-20));
#11445=DIRECTION('ref_axis',(-0.494011126661013,-0.845506084681113,-0.202663434053436));
#11446=DIRECTION('center_axis',(-0.171520607111477,-0.293559616644961,0.940427260776384));
#11447=DIRECTION('ref_axis',(-0.474426616927814,-0.811986956768274,-0.339994951710501));
#11448=DIRECTION('',(0.474426616927814,0.811986956768274,0.339994951710501));
#11449=DIRECTION('',(0.863423457225097,-0.504479864329054,0.));
#11450=DIRECTION('',(-0.863423457225097,0.504479864329054,-8.41233987695303E-17));
#11451=DIRECTION('center_axis',(-0.474426616927815,-0.811986956768274,-0.339994951710501));
#11452=DIRECTION('ref_axis',(0.171520607111477,0.293559616644961,-0.940427260776384));
#11453=DIRECTION('',(-0.171520607111477,-0.293559616644961,0.940427260776384));
#11454=DIRECTION('',(0.863423457225097,-0.504479864329054,0.));
#11455=DIRECTION('center_axis',(0.494011126661014,0.845506084681113,0.202663434053433));
#11456=DIRECTION('ref_axis',(-0.102239621715736,-0.174984362883525,0.979248452895214));
#11457=DIRECTION('',(0.863423457225097,-0.504479864329054,0.));
#11458=DIRECTION('',(-0.102239621715736,-0.174984362883526,0.979248452895214));
#11459=DIRECTION('',(0.863423457225097,-0.504479864329054,0.));
#11460=DIRECTION('',(-0.102239621715736,-0.174984362883526,0.979248452895214));
#11461=DIRECTION('center_axis',(0.863423457225097,-0.504479864329054,0.));
#11462=DIRECTION('ref_axis',(0.504161341916929,0.862878302221445,-0.0355299433148626));
#11463=DIRECTION('',(-0.863423457225097,0.504479864329054,0.));
#11464=DIRECTION('center_axis',(0.863423457225097,-0.504479864329054,0.));
#11465=DIRECTION('ref_axis',(-0.504479864329054,-0.863423457225097,0.));
#11466=DIRECTION('center_axis',(0.863423457225097,-0.504479864329055,0.));
#11467=DIRECTION('ref_axis',(-0.504479864329055,-0.863423457225097,0.));
#11468=DIRECTION('',(0.863423457225097,-0.504479864329055,0.));
#11469=DIRECTION('center_axis',(-0.863423457225097,0.504479864329054,0.));
#11470=DIRECTION('ref_axis',(-0.504479864329055,-0.863423457225097,0.));
#11471=DIRECTION('center_axis',(-0.863423457225097,0.504479864329054,0.));
#11472=DIRECTION('ref_axis',(0.504479864329054,0.863423457225097,0.));
#11473=DIRECTION('center_axis',(-0.863423457225097,0.504479864329054,0.));
#11474=DIRECTION('ref_axis',(0.504479864329054,0.863423457225097,0.));
#11475=DIRECTION('',(-0.863423457225097,0.504479864329054,0.));
#11476=DIRECTION('center_axis',(-0.863423457225097,0.504479864329054,0.));
#11477=DIRECTION('ref_axis',(0.504479864329054,0.863423457225097,0.));
#11478=DIRECTION('center_axis',(-0.863423457225097,0.504479864329054,0.));
#11479=DIRECTION('ref_axis',(0.504479864329054,0.863423457225097,0.));
#11480=DIRECTION('',(-0.863423457225097,0.504479864329054,0.));
#11481=DIRECTION('center_axis',(0.863423457225097,-0.504479864329054,0.));
#11482=DIRECTION('ref_axis',(0.504479864329054,0.863423457225097,0.));
#11483=DIRECTION('center_axis',(-0.421852091024358,-0.72200501273587,0.548406395734635));
#11484=DIRECTION('ref_axis',(0.863423457225098,-0.504479864329053,0.));
#11485=DIRECTION('',(-0.863423457225098,0.504479864329053,0.));
#11486=DIRECTION('',(0.276659984117376,0.473506946169564,0.836211949877151));
#11487=DIRECTION('',(0.863423457225098,-0.504479864329053,0.));
#11488=DIRECTION('',(0.276659984117376,0.473506946169564,0.836211949877151));
#11489=DIRECTION('center_axis',(-0.421852091024446,-0.722005012735818,0.548406395734635));
#11490=DIRECTION('ref_axis',(0.863423457225054,-0.504479864329127,5.52542431190321E-14));
#11491=DIRECTION('',(0.863423457225054,-0.504479864329127,5.52542431190321E-14));
#11492=DIRECTION('',(0.276659984117376,0.473506946169564,0.836211949877151));
#11493=DIRECTION('',(0.863423457225054,-0.504479864329127,5.52542431190321E-14));
#11494=DIRECTION('',(0.276659984117376,0.473506946169564,0.836211949877151));
#11495=DIRECTION('center_axis',(-0.863423457225103,0.504479864329044,-1.73749903353837E-14));
#11496=DIRECTION('ref_axis',(-0.421852091024366,-0.722005012735882,0.548406395734613));
#11497=DIRECTION('',(0.423374355818749,0.724610387547672,-0.54377747387426));
#11498=DIRECTION('',(-0.421852091024366,-0.722005012735882,0.548406395734613));
#11499=DIRECTION('',(0.276659984117376,0.473506946169564,0.836211949877151));
#11500=DIRECTION('',(0.274324786245282,0.469510226453643,0.839229443541472));
#11501=DIRECTION('center_axis',(0.421852091024358,0.72200501273587,-0.548406395734635));
#11502=DIRECTION('ref_axis',(-0.863423457225098,0.504479864329053,4.71851988801941E-16));
#11503=DIRECTION('',(-0.863423457225098,0.504479864329053,4.71851988801941E-16));
#11504=DIRECTION('',(-0.863423457225098,0.504479864329053,4.71851988801941E-16));
#11505=DIRECTION('',(0.276659984117376,0.473506946169564,0.836211949877151));
#11506=DIRECTION('center_axis',(0.421852091024359,0.722005012735869,-0.548406395734635));
#11507=DIRECTION('ref_axis',(-0.863423457225097,0.504479864329054,0.));
#11508=DIRECTION('',(0.863423457225097,-0.504479864329054,0.));
#11509=DIRECTION('',(0.276659984117376,0.473506946169564,0.836211949877151));
#11510=DIRECTION('',(-0.863423457225097,0.504479864329054,0.));
#11511=DIRECTION('',(0.276659984117376,0.473506946169564,0.836211949877151));
#11512=DIRECTION('center_axis',(0.276659984117376,0.473506946169564,0.836211949877151));
#11513=DIRECTION('ref_axis',(0.949388469675957,0.,-0.314104335605773));
#11514=DIRECTION('',(0.421852091024366,0.722005012735882,-0.548406395734613));
#11515=DIRECTION('',(-0.421852091024366,-0.722005012735882,0.548406395734613));
#11516=DIRECTION('',(-0.421852091024366,-0.722005012735882,0.548406395734613));
#11517=DIRECTION('center_axis',(0.863423457225097,-0.504479864329054,0.));
#11518=DIRECTION('ref_axis',(0.504479864329054,0.863423457225097,0.));
#11519=DIRECTION('center_axis',(-0.863423457225097,0.504479864329054,0.));
#11520=DIRECTION('ref_axis',(-0.357957573915401,-0.612648765319896,-0.704647334223729));
#11521=DIRECTION('',(-0.355480391569016,-0.608409037439901,0.70955770334159));
#11522=DIRECTION('center_axis',(-0.863423457225097,0.504479864329054,0.));
#11523=DIRECTION('ref_axis',(0.504479864329054,0.863423457225097,0.));
#11524=DIRECTION('center_axis',(0.863423457225097,-0.504479864329054,5.55111512312578E-17));
#11525=DIRECTION('ref_axis',(-0.428648601531219,-0.733637323584797,-0.52729181090613));
#11526=DIRECTION('center_axis',(-0.863423457225097,0.504479864329054,0.));
#11527=DIRECTION('ref_axis',(-0.428648601531219,-0.733637323584797,-0.52729181090613));
#11528=DIRECTION('',(0.863423457225097,-0.504479864329054,5.55111512312578E-17));
#11529=DIRECTION('center_axis',(0.863423457225097,-0.504479864329054,0.));
#11530=DIRECTION('ref_axis',(-0.428648601531219,-0.733637323584797,-0.52729181090613));
#11531=DIRECTION('',(0.863423457225097,-0.504479864329054,0.));
#11532=DIRECTION('center_axis',(-0.357957573915401,-0.612648765319896,-0.704647334223729));
#11533=DIRECTION('ref_axis',(-0.355480391569016,-0.608409037439901,0.70955770334159));
#11534=DIRECTION('',(0.863423457225097,-0.504479864329054,0.));
#11535=DIRECTION('',(-0.355480391569016,-0.608409037439901,0.70955770334159));
#11536=DIRECTION('',(0.863423457225097,-0.504479864329054,0.));
#11537=DIRECTION('center_axis',(-0.863423457225097,0.504479864329054,0.));
#11538=DIRECTION('ref_axis',(-0.357957573915401,-0.612648765319896,-0.704647334223729));
#11539=DIRECTION('center_axis',(-0.863423457225097,0.504479864329054,0.));
#11540=DIRECTION('ref_axis',(-0.357957573915401,-0.612648765319896,-0.704647334223729));
#11541=DIRECTION('center_axis',(0.863423457225097,-0.504479864329054,0.));
#11542=DIRECTION('ref_axis',(0.504479864329054,0.863423457225097,0.));
#11543=DIRECTION('center_axis',(-0.863423457225097,0.504479864329054,0.));
#11544=DIRECTION('ref_axis',(0.504479864329054,0.863423457225097,0.));
#11545=DIRECTION('',(0.423374355818749,0.724610387547673,-0.543777473874259));
#11546=DIRECTION('',(0.274324786245282,0.469510226453643,0.839229443541472));
#11547=DIRECTION('',(-0.375771797436085,-0.643138026730689,0.667209888134618));
#11548=DIRECTION('',(-0.274324786245283,-0.469510226453645,-0.839229443541471));
#11549=DIRECTION('center_axis',(-0.863423457225097,0.504479864329054,0.));
#11550=DIRECTION('ref_axis',(0.504479864329053,0.863423457225098,0.));
#11551=DIRECTION('center_axis',(0.423374355818749,0.724610387547671,-0.543777473874261));
#11552=DIRECTION('ref_axis',(0.274324786245283,0.469510226453645,0.839229443541471));
#11553=DIRECTION('',(-0.863423457225097,0.504479864329054,2.67777309837286E-17));
#11554=DIRECTION('',(-0.274324786245282,-0.469510226453643,-0.839229443541472));
#11555=DIRECTION('',(0.274324786245282,0.469510226453643,0.839229443541472));
#11556=DIRECTION('',(-0.863423457225097,0.504479864329054,1.46091226050121E-19));
#11557=DIRECTION('center_axis',(0.336593953845155,0.576084668307963,0.744869763901979));
#11558=DIRECTION('ref_axis',(-0.372437106887544,-0.645079991753187,0.667204920285323));
#11559=DIRECTION('',(-0.375771797436085,-0.643138026730689,0.667209888134618));
#11560=DIRECTION('center_axis',(0.863423457225097,-0.504479864329054,0.));
#11561=DIRECTION('ref_axis',(0.504479864329054,0.863423457225097,0.));
#11562=DIRECTION('center_axis',(0.863423457225097,-0.504479864329054,0.));
#11563=DIRECTION('ref_axis',(0.504479864329054,0.863423457225097,0.));
#11564=DIRECTION('',(-0.49401112666138,-0.84550608468174,0.202663434049923));
#11565=DIRECTION('center_axis',(-0.863423457225097,0.504479864329054,0.));
#11566=DIRECTION('ref_axis',(-0.102239621713959,-0.174984362880485,0.979248452895943));
#11567=DIRECTION('center_axis',(-0.863423457225097,0.504479864329054,0.));
#11568=DIRECTION('ref_axis',(-0.504479864329053,-0.863423457225098,0.));
#11569=DIRECTION('center_axis',(-0.863423457225097,0.504479864329054,0.));
#11570=DIRECTION('ref_axis',(-0.102239621713959,-0.174984362880485,0.979248452895943));
#11571=DIRECTION('',(0.494011126661381,0.845506084681743,0.20266343404991));
#11572=DIRECTION('',(0.102239621715742,0.174984362883535,0.979248452895212));
#11573=DIRECTION('center_axis',(-0.863423457225097,0.504479864329054,0.));
#11574=DIRECTION('ref_axis',(0.494011126661013,0.845506084681113,0.202663434053437));
#11575=DIRECTION('center_axis',(-0.863423457225097,0.504479864329054,0.));
#11576=DIRECTION('ref_axis',(-0.504479864329053,-0.863423457225098,0.));
#11577=DIRECTION('center_axis',(-0.863423457225097,0.504479864329054,0.));
#11578=DIRECTION('ref_axis',(0.494011126661013,0.845506084681113,0.202663434053437));
#11579=DIRECTION('',(0.102239621715737,0.174984362883528,-0.979248452895213));
#11580=DIRECTION('',(0.49401112666138,0.845506084681741,-0.202663434049923));
#11581=DIRECTION('center_axis',(-0.863423457225097,0.504479864329054,0.));
#11582=DIRECTION('ref_axis',(0.102239621713958,0.174984362880482,-0.979248452895943));
#11583=DIRECTION('center_axis',(0.863423457225097,-0.504479864329054,0.));
#11584=DIRECTION('ref_axis',(-0.504479864329054,-0.863423457225097,0.));
#11585=DIRECTION('',(-0.423374355818749,-0.724610387547672,0.54377747387426));
#11586=DIRECTION('',(0.274324786245282,0.469510226453643,0.839229443541472));
#11587=DIRECTION('',(-0.423374355818749,-0.724610387547672,0.54377747387426));
#11588=DIRECTION('center_axis',(-0.863423457225097,0.504479864329054,0.));
#11589=DIRECTION('ref_axis',(0.274324786245282,0.469510226453644,0.839229443541472));
#11590=DIRECTION('',(0.354566812265199,0.606845435288999,-0.711351525835856));
#11591=DIRECTION('center_axis',(0.863423457225097,-0.504479864329054,0.));
#11592=DIRECTION('ref_axis',(-0.504479864329054,-0.863423457225097,0.));
#11593=DIRECTION('center_axis',(-0.863423457225097,0.504479864329054,-3.03576608295941E-18));
#11594=DIRECTION('ref_axis',(-0.423374355818749,-0.724610387547672,0.54377747387426));
#11595=DIRECTION('',(-0.423374355818749,-0.724610387547672,0.54377747387426));
#11596=DIRECTION('',(0.274324786245282,0.469510226453643,0.839229443541472));
#11597=DIRECTION('',(-0.423374355818749,-0.724610387547672,0.54377747387426));
#11598=DIRECTION('center_axis',(-0.423374355818749,-0.724610387547673,0.543777473874259));
#11599=DIRECTION('ref_axis',(0.863423457225097,-0.504479864329054,0.));
#11600=DIRECTION('',(0.863423457225097,-0.504479864329054,-1.46091226050121E-19));
#11601=DIRECTION('center_axis',(0.274324786245282,0.469510226453643,0.839229443541472));
#11602=DIRECTION('ref_axis',(-0.419616386847151,-0.726796901707741,0.543772334306712));
#11603=DIRECTION('center_axis',(0.863423457225098,-0.504479864329053,-2.01899336019688E-18));
#11604=DIRECTION('ref_axis',(0.274324786245282,0.469510226453644,0.839229443541472));
#11605=DIRECTION('',(0.863423457225098,-0.504479864329053,-2.01899336019688E-18));
#11606=DIRECTION('',(-0.863423457225098,0.504479864329053,2.01899336019688E-18));
#11607=DIRECTION('center_axis',(-0.358862521243937,-0.614197593739544,-0.702836401085629));
#11608=DIRECTION('ref_axis',(0.354566812265199,0.606845435288999,-0.711351525835856));
#11609=DIRECTION('',(-0.863423457225097,0.504479864329054,0.));
#11610=DIRECTION('center_axis',(0.863423457225097,-0.504479864329054,0.));
#11611=DIRECTION('ref_axis',(-0.504479864329054,-0.863423457225097,0.));
#11612=DIRECTION('',(0.863423457225097,-0.504479864329054,0.));
#11613=DIRECTION('',(-0.863423457225097,0.504479864329054,0.));
#11614=DIRECTION('center_axis',(0.863423457225097,-0.504479864329054,0.));
#11615=DIRECTION('ref_axis',(-0.504479864329054,-0.863423457225097,0.));
#11616=DIRECTION('center_axis',(0.863423457225097,-0.504479864329054,0.));
#11617=DIRECTION('ref_axis',(-0.504479864329054,-0.863423457225097,0.));
#11618=DIRECTION('',(0.863423457225097,-0.504479864329054,0.));
#11619=DIRECTION('center_axis',(0.863423457225097,-0.504479864329054,0.));
#11620=DIRECTION('ref_axis',(-0.504479864329054,-0.863423457225097,0.));
#11621=DIRECTION('center_axis',(0.863423457225097,-0.504479864329054,0.));
#11622=DIRECTION('ref_axis',(-0.504479864329054,-0.863423457225097,0.));
#11623=DIRECTION('',(0.863423457225097,-0.504479864329054,0.));
#11624=DIRECTION('',(-0.863423457225097,0.504479864329054,0.));
#11625=DIRECTION('center_axis',(0.863423457225097,-0.504479864329054,0.));
#11626=DIRECTION('ref_axis',(-0.504479864329054,-0.863423457225097,0.));
#11627=DIRECTION('center_axis',(-0.863423457225097,0.504479864329054,0.));
#11628=DIRECTION('ref_axis',(-0.504479864329054,-0.863423457225097,0.));
#11629=DIRECTION('',(0.102239621715737,0.174984362883528,-0.979248452895213));
#11630=DIRECTION('',(0.102239621715742,0.174984362883535,0.979248452895211));
#11631=DIRECTION('',(0.494011126661381,0.845506084681743,0.20266343404991));
#11632=DIRECTION('',(-0.49401112666138,-0.84550608468174,0.202663434049923));
#11633=DIRECTION('',(-0.102239621715742,-0.174984362883537,-0.979248452895211));
#11634=DIRECTION('',(-0.494011126661381,-0.845506084681743,-0.202663434049912));
#11635=DIRECTION('',(0.49401112666138,0.845506084681741,-0.202663434049922));
#11636=DIRECTION('center_axis',(-0.494011126661012,-0.845506084681111,0.202663434053446));
#11637=DIRECTION('ref_axis',(-0.102239621715742,-0.174984362883537,-0.979248452895211));
#11638=DIRECTION('',(-0.863423457225097,0.504479864329054,0.));
#11639=DIRECTION('',(0.863423457225097,-0.504479864329054,0.));
#11640=DIRECTION('center_axis',(-0.10223962171396,-0.174984362880485,0.979248452895943));
#11641=DIRECTION('ref_axis',(-0.494011126661381,-0.845506084681743,-0.202663434049912));
#11642=DIRECTION('center_axis',(0.863423457225097,-0.504479864329054,0.));
#11643=DIRECTION('ref_axis',(-0.494011126661013,-0.845506084681113,-0.202663434053436));
#11644=DIRECTION('center_axis',(-0.102239621713965,-0.174984362880495,-0.97924845289594));
#11645=DIRECTION('ref_axis',(0.49401112666138,0.845506084681741,-0.202663434049923));
#11646=DIRECTION('',(0.863423457225097,-0.504479864329054,0.));
#11647=DIRECTION('',(0.863423457225097,-0.504479864329054,0.));
#11648=DIRECTION('center_axis',(0.494011126661012,0.845506084681111,-0.202663434053444));
#11649=DIRECTION('ref_axis',(0.102239621715742,0.174984362883535,0.979248452895212));
#11650=DIRECTION('',(0.863423457225097,-0.504479864329054,0.));
#11651=DIRECTION('',(0.863423457225097,-0.504479864329054,0.));
#11652=DIRECTION('center_axis',(0.102239621713965,0.174984362880495,0.97924845289594));
#11653=DIRECTION('ref_axis',(-0.494011126661379,-0.845506084681741,0.202663434049923));
#11654=DIRECTION('',(0.863423457225097,-0.504479864329054,0.));
#11655=DIRECTION('center_axis',(-0.863423457225097,0.504479864329054,0.));
#11656=DIRECTION('ref_axis',(-0.504479864329054,-0.863423457225097,0.));
#11657=DIRECTION('center_axis',(-0.863423457225097,0.504479864329054,0.));
#11658=DIRECTION('ref_axis',(-0.504479864329054,-0.863423457225097,0.));
#11659=DIRECTION('',(-0.863423457225097,0.504479864329054,0.));
#11660=DIRECTION('',(0.863423457225097,-0.504479864329054,0.));
#11661=DIRECTION('center_axis',(0.863423457225097,-0.504479864329054,0.));
#11662=DIRECTION('ref_axis',(-0.102239621713959,-0.174984362880485,0.979248452895943));
#11663=DIRECTION('',(0.863423457225097,-0.504479864329054,0.));
#11664=DIRECTION('center_axis',(0.863423457225098,-0.504479864329053,0.));
#11665=DIRECTION('ref_axis',(-0.504479864329053,-0.863423457225098,0.));
#11666=DIRECTION('',(0.863423457225097,-0.504479864329054,0.));
#11667=DIRECTION('center_axis',(0.863423457225097,-0.504479864329054,0.));
#11668=DIRECTION('ref_axis',(-0.102239621713959,-0.174984362880485,0.979248452895943));
#11669=DIRECTION('',(0.863423457225097,-0.504479864329054,0.));
#11670=DIRECTION('center_axis',(0.274324786245282,0.469510226453644,0.839229443541472));
#11671=DIRECTION('ref_axis',(-0.423374355818749,-0.724610387547672,0.54377747387426));
#11672=DIRECTION('center_axis',(0.863423457225097,-0.504479864329054,0.));
#11673=DIRECTION('ref_axis',(0.102239621713958,0.174984362880482,-0.979248452895943));
#11674=DIRECTION('center_axis',(0.863423457225098,-0.504479864329053,0.));
#11675=DIRECTION('ref_axis',(-0.504479864329053,-0.863423457225098,0.));
#11676=DIRECTION('',(0.863423457225097,-0.504479864329054,0.));
#11677=DIRECTION('',(0.863423457225097,-0.504479864329054,0.));
#11678=DIRECTION('center_axis',(0.102239621713959,0.174984362880484,-0.979248452895943));
#11679=DIRECTION('ref_axis',(0.494011126661381,0.845506084681743,0.20266343404991));
#11680=DIRECTION('center_axis',(0.863423457225097,-0.504479864329054,0.));
#11681=DIRECTION('ref_axis',(0.494011126661013,0.845506084681113,0.202663434053437));
#11682=DIRECTION('center_axis',(-0.494011126661013,-0.845506084681113,-0.202663434053435));
#11683=DIRECTION('ref_axis',(0.102239621715737,0.174984362883528,-0.979248452895213));
#11684=DIRECTION('',(0.863423457225097,-0.504479864329054,0.));
#11685=DIRECTION('center_axis',(0.863423457225097,-0.504479864329054,0.));
#11686=DIRECTION('ref_axis',(0.494011126661013,0.845506084681113,0.202663434053437));
#11687=DIRECTION('center_axis',(-0.863423457225098,0.504479864329053,0.));
#11688=DIRECTION('ref_axis',(0.504479864329053,0.863423457225098,0.));
#11689=DIRECTION('center_axis',(-0.863423457225097,0.504479864329054,0.));
#11690=DIRECTION('ref_axis',(0.504479864329054,0.863423457225097,0.));
#11691=DIRECTION('',(0.863423457225097,-0.504479864329054,0.));
#11692=DIRECTION('center_axis',(0.863423457225097,-0.504479864329054,0.));
#11693=DIRECTION('ref_axis',(0.504479864329054,0.863423457225097,0.));
#11694=DIRECTION('center_axis',(0.863423457225097,-0.504479864329054,0.));
#11695=DIRECTION('ref_axis',(0.504479864329054,0.863423457225097,0.));
#11696=DIRECTION('center_axis',(-0.863423457225097,0.504479864329054,0.));
#11697=DIRECTION('ref_axis',(0.504479864329054,0.863423457225097,0.));
#11698=DIRECTION('center_axis',(0.863423457225097,-0.504479864329054,0.));
#11699=DIRECTION('ref_axis',(0.504479864329054,0.863423457225097,0.));
#11700=DIRECTION('center_axis',(-0.863423457225097,0.504479864329054,0.));
#11701=DIRECTION('ref_axis',(0.504479864329054,0.863423457225097,0.));
#11702=DIRECTION('',(-0.863423457225098,0.504479864329054,0.));
#11703=DIRECTION('center_axis',(0.863423457225097,-0.504479864329054,0.));
#11704=DIRECTION('ref_axis',(0.504479864329054,0.863423457225097,0.));
#11705=DIRECTION('center_axis',(0.863423457225097,-0.504479864329054,0.));
#11706=DIRECTION('ref_axis',(0.504479864329054,0.863423457225097,0.));
#11707=DIRECTION('center_axis',(-0.863423457225097,0.504479864329054,0.));
#11708=DIRECTION('ref_axis',(0.504479864329054,0.863423457225097,0.));
#11709=DIRECTION('center_axis',(0.863423457225097,-0.504479864329054,0.));
#11710=DIRECTION('ref_axis',(0.504479864329054,0.863423457225097,0.));
#11711=DIRECTION('',(-0.863423457225097,0.504479864329054,0.));
#11712=DIRECTION('center_axis',(0.00518064959413933,0.999986580344848,0.));
#11713=DIRECTION('ref_axis',(-0.999986580344848,0.00518064959413939,0.));
#11714=DIRECTION('center_axis',(-0.00518064959413933,-0.999986580344848,
0.));
#11715=DIRECTION('ref_axis',(-0.999986580344848,0.00518064959413947,0.));
#11716=DIRECTION('center_axis',(0.00518064959413933,0.999986580344848,0.));
#11717=DIRECTION('ref_axis',(-0.999986580344848,0.00518064959413928,0.));
#11718=DIRECTION('center_axis',(-0.00518064959413927,-0.999986580344848,
0.));
#11719=DIRECTION('ref_axis',(-0.999986580344848,0.00518064959413928,0.));
#11720=DIRECTION('',(-0.00518064959413928,-0.999986580344848,0.));
#11721=DIRECTION('center_axis',(0.00518064959413933,0.999986580344848,0.));
#11722=DIRECTION('ref_axis',(-0.999986580344848,0.00518064959413928,0.));
#11723=DIRECTION('center_axis',(0.00518064959413933,0.999986580344848,0.));
#11724=DIRECTION('ref_axis',(-0.999986580344848,0.00518064959413939,0.));
#11725=DIRECTION('center_axis',(-0.00518064959413933,-0.999986580344848,
0.));
#11726=DIRECTION('ref_axis',(-0.999986580344848,0.00518064959413937,0.));
#11727=DIRECTION('center_axis',(0.00518064959413939,0.999986580344848,0.));
#11728=DIRECTION('ref_axis',(-0.999986580344848,0.00518064959413947,0.));
#11729=DIRECTION('',(-0.00518064959413939,-0.999986580344848,0.));
#11730=DIRECTION('center_axis',(0.339990389095496,-0.00176139470858855,
0.940427260776384));
#11731=DIRECTION('ref_axis',(0.940414640566849,-0.00487202410685877,-0.339994951710501));
#11732=DIRECTION('',(-0.940414640566849,0.00487202410685877,0.339994951710501));
#11733=DIRECTION('',(0.00518064959413966,0.999986580344848,0.));
#11734=DIRECTION('',(0.940414640566849,-0.00487202410685877,-0.339994951710501));
#11735=DIRECTION('',(-0.00518064959413944,-0.999986580344848,-8.41233987695303E-17));
#11736=DIRECTION('center_axis',(0.940414640566849,-0.00487202410685905,
-0.339994951710502));
#11737=DIRECTION('ref_axis',(-0.339990389095496,0.00176139470858844,-0.940427260776384));
#11738=DIRECTION('',(0.339990389095496,-0.00176139470858849,0.940427260776384));
#11739=DIRECTION('',(0.00518064959413955,0.999986580344848,0.));
#11740=DIRECTION('',(-0.339990389095496,0.00176139470858849,-0.940427260776384));
#11741=DIRECTION('center_axis',(-0.979235311718668,0.0050731431000533,0.202663434053433));
#11742=DIRECTION('ref_axis',(0.202660714380036,-0.00104992823737618,0.979248452895214));
#11743=DIRECTION('',(-0.202660714380036,0.0010499282373758,-0.979248452895214));
#11744=DIRECTION('',(0.00518064959413966,0.999986580344848,0.));
#11745=DIRECTION('',(0.202660714380036,-0.0010499282373758,0.979248452895214));
#11746=DIRECTION('',(0.0051806495941395,0.999986580344848,0.));
#11747=DIRECTION('',(0.202660714380036,-0.0010499282373758,0.979248452895214));
#11748=DIRECTION('center_axis',(-0.00518064959413944,-0.999986580344848,
0.));
#11749=DIRECTION('ref_axis',(0.999986580344848,-0.00518064959413939,0.));
#11750=DIRECTION('center_axis',(-0.00518064959413944,-0.999986580344848,
0.));
#11751=DIRECTION('ref_axis',(0.999986580344848,-0.00518064959413937,0.));
#11752=DIRECTION('',(0.702826969263498,-0.00364114911603058,0.711351525835856));
#11753=DIRECTION('center_axis',(0.00518064959413944,0.999986580344848,0.));
#11754=DIRECTION('ref_axis',(-0.543770176568081,0.00281712054932789,0.839229443541472));
#11755=DIRECTION('',(-0.839218181371746,0.00434775367607293,-0.54377747387426));
#11756=DIRECTION('center_axis',(-0.00518064959413944,-0.999986580344848,
0.));
#11757=DIRECTION('ref_axis',(0.999986580344848,-0.00518064959413937,0.));
#11758=DIRECTION('center_axis',(0.00518064959413944,0.999986580344848,0.));
#11759=DIRECTION('ref_axis',(-0.202660714376512,0.00104992823735757,-0.979248452895943));
#11760=DIRECTION('',(0.979235311719394,-0.00507314310005696,0.202663434049923));
#11761=DIRECTION('center_axis',(-0.00518064959413944,-0.999986580344848,
0.));
#11762=DIRECTION('ref_axis',(0.999986580344848,-0.0051806495941394,0.));
#11763=DIRECTION('',(-0.979235311719396,0.00507314310005696,0.202663434049912));
#11764=DIRECTION('center_axis',(0.00518064959413944,0.999986580344848,0.));
#11765=DIRECTION('ref_axis',(-0.202660714376512,0.00104992823735757,-0.979248452895943));
#11766=DIRECTION('center_axis',(-0.00518064959413944,-0.999986580344848,
0.));
#11767=DIRECTION('ref_axis',(0.999986580344848,-0.00518064959413937,0.));
#11768=DIRECTION('center_axis',(0.00518064959413944,0.999986580344848,0.));
#11769=DIRECTION('ref_axis',(0.979235311718667,-0.00507314310005329,-0.202663434053436));
#11770=DIRECTION('',(-0.202660714380049,0.00104992823737586,0.979248452895211));
#11771=DIRECTION('center_axis',(-0.00518064959413944,-0.999986580344848,
0.));
#11772=DIRECTION('ref_axis',(0.999986580344848,-0.0051806495941394,0.));
#11773=DIRECTION('',(0.979235311719397,-0.00507314310005696,-0.20266343404991));
#11774=DIRECTION('center_axis',(0.00518064959413944,0.999986580344848,0.));
#11775=DIRECTION('ref_axis',(0.202660714376514,-0.00104992823735759,0.979248452895943));
#11776=DIRECTION('center_axis',(0.00518064959413944,0.999986580344848,0.));
#11777=DIRECTION('ref_axis',(0.999986580344848,-0.00518064959413787,0.));
#11778=DIRECTION('center_axis',(0.00518064959413944,0.999986580344848,0.));
#11779=DIRECTION('ref_axis',(0.202660714376514,-0.00104992823735759,0.979248452895943));
#11780=DIRECTION('',(-0.979235311719394,0.00507314310005696,-0.202663434049923));
#11781=DIRECTION('center_axis',(-0.00518064959413944,-0.999986580344848,
0.));
#11782=DIRECTION('ref_axis',(0.999986580344848,-0.0051806495941394,0.));
#11783=DIRECTION('',(0.202660714380038,-0.0010499282373758,0.979248452895213));
#11784=DIRECTION('center_axis',(0.00518064959413944,0.999986580344848,0.));
#11785=DIRECTION('ref_axis',(-0.979235311718667,0.00507314310005329,0.202663434053437));
#11786=DIRECTION('center_axis',(0.00518064959413944,0.999986580344848,0.));
#11787=DIRECTION('ref_axis',(0.999986580344848,-0.00518064959413787,0.));
#11788=DIRECTION('center_axis',(0.00518064959413944,0.999986580344848,0.));
#11789=DIRECTION('ref_axis',(-0.979235311718667,0.00507314310005329,0.202663434053437));
#11790=DIRECTION('',(0.202660714380047,-0.00104992823737585,-0.979248452895212));
#11791=DIRECTION('center_axis',(-0.00518064959413944,-0.999986580344848,
0.));
#11792=DIRECTION('ref_axis',(0.999986580344848,-0.0051806495941394,0.));
#11793=DIRECTION('center_axis',(0.00518064959413944,0.999986580344848,0.));
#11794=DIRECTION('ref_axis',(-0.999986580344848,0.00518064959413936,0.));
#11795=DIRECTION('center_axis',(0.00518064959413944,0.999986580344848,0.));
#11796=DIRECTION('ref_axis',(0.999986580344848,-0.00518064959414016,0.));
#11797=DIRECTION('center_axis',(0.00518064959413944,0.999986580344848,0.));
#11798=DIRECTION('ref_axis',(-0.999986580344848,0.00518064959413939,0.));
#11799=DIRECTION('',(0.202660714380049,-0.00104992823737586,-0.979248452895211));
#11800=DIRECTION('center_axis',(-0.00518064959413944,-0.999986580344848,
1.15817049401008E-20));
#11801=DIRECTION('ref_axis',(0.979235311718667,-0.00507314310005321,-0.202663434053436));
#11802=DIRECTION('center_axis',(0.00518064959413944,0.999986580344848,0.));
#11803=DIRECTION('ref_axis',(-0.999986580344848,0.00518064959413926,0.));
#11804=DIRECTION('center_axis',(-0.00518064959413944,-0.999986580344848,
1.294093974273E-19));
#11805=DIRECTION('ref_axis',(-0.202660714376511,0.00104992823735754,-0.979248452895943));
#11806=DIRECTION('',(0.979235311719396,-0.00507314310005658,-0.202663434049912));
#11807=DIRECTION('center_axis',(0.00518064959413966,0.999986580344848,0.));
#11808=DIRECTION('ref_axis',(-0.999986580344848,0.00518064959413963,-5.29690806520722E-14));
#11809=DIRECTION('',(0.00518064959413966,0.999986580344848,0.));
#11810=DIRECTION('',(-0.00518064959413966,-0.999986580344848,0.));
#11811=DIRECTION('center_axis',(0.00518064959413939,0.999986580344848,0.));
#11812=DIRECTION('ref_axis',(0.999986580344848,-0.00518064959413933,0.));
#11813=DIRECTION('center_axis',(0.00518064959414022,0.999986580344848,0.));
#11814=DIRECTION('ref_axis',(0.999986580344848,-0.00518064959414016,0.));
#11815=DIRECTION('',(0.00518064959414022,0.999986580344848,0.));
#11816=DIRECTION('center_axis',(-0.00518064959413939,-0.999986580344848,
0.));
#11817=DIRECTION('ref_axis',(0.999986580344848,-0.00518064959414016,0.));
#11818=DIRECTION('center_axis',(-0.00518064959413944,-0.999986580344848,
0.));
#11819=DIRECTION('ref_axis',(-0.999986580344848,0.00518064959413936,0.));
#11820=DIRECTION('center_axis',(-0.00518064959413944,-0.999986580344848,
0.));
#11821=DIRECTION('ref_axis',(-0.999986580344848,0.00518064959413936,0.));
#11822=DIRECTION('',(-0.00518064959413944,-0.999986580344848,0.));
#11823=DIRECTION('center_axis',(-0.00518064959413944,-0.999986580344848,
0.));
#11824=DIRECTION('ref_axis',(-0.999986580344848,0.00518064959413936,0.));
#11825=DIRECTION('center_axis',(-0.00518064959413933,-0.999986580344848,
0.));
#11826=DIRECTION('ref_axis',(-0.999986580344848,0.00518064959413936,0.));
#11827=DIRECTION('',(-0.00518064959413944,-0.999986580344848,0.));
#11828=DIRECTION('center_axis',(0.00518064959413933,0.999986580344848,0.));
#11829=DIRECTION('ref_axis',(-0.999986580344848,0.00518064959413936,0.));
#11830=DIRECTION('center_axis',(0.836200728201149,-0.00433212109874498,
0.548406395734635));
#11831=DIRECTION('ref_axis',(0.00518064959413872,0.999986580344848,0.));
#11832=DIRECTION('',(-0.00518064959413872,-0.999986580344848,0.));
#11833=DIRECTION('',(-0.548399036309921,0.00284110137146529,0.836211949877151));
#11834=DIRECTION('',(0.00518064959413872,0.999986580344848,0.));
#11835=DIRECTION('',(-0.548399036309921,0.00284110137146529,0.836211949877151));
#11836=DIRECTION('center_axis',(0.836200728201149,-0.0043321210988469,0.548406395734635));
#11837=DIRECTION('ref_axis',(0.00518064959422443,0.999986580344847,5.52542431190321E-14));
#11838=DIRECTION('',(0.00518064959422443,0.999986580344847,5.52542431190321E-14));
#11839=DIRECTION('',(-0.548399036309921,0.00284110137146529,0.836211949877151));
#11840=DIRECTION('',(0.00518064959422443,0.999986580344847,5.52542431190321E-14));
#11841=DIRECTION('',(-0.548399036309921,0.00284110137146529,0.836211949877151));
#11842=DIRECTION('center_axis',(-0.00518064959412795,-0.999986580344848,
-1.73749903353837E-14));
#11843=DIRECTION('ref_axis',(0.836200728201164,-0.00433212109874559,0.548406395734613));
#11844=DIRECTION('',(-0.839218181371746,0.00434775367607293,-0.54377747387426));
#11845=DIRECTION('',(0.836200728201164,-0.00433212109874564,0.548406395734613));
#11846=DIRECTION('',(-0.548399036309921,0.00284110137146529,0.836211949877151));
#11847=DIRECTION('',(-0.54377017656808,0.00281712054932878,0.839229443541472));
#11848=DIRECTION('center_axis',(-0.836200728201149,0.00433212109874464,
-0.548406395734635));
#11849=DIRECTION('ref_axis',(-0.00518064959413861,-0.999986580344848,4.71851988801941E-16));
#11850=DIRECTION('',(-0.00518064959413861,-0.999986580344848,4.71851988801941E-16));
#11851=DIRECTION('',(-0.00518064959413861,-0.999986580344848,4.71851988801941E-16));
#11852=DIRECTION('',(-0.548399036309921,0.00284110137146529,0.836211949877151));
#11853=DIRECTION('center_axis',(-0.836200728201149,0.00433212109874559,
-0.548406395734635));
#11854=DIRECTION('ref_axis',(-0.0051806495941395,-0.999986580344848,0.));
#11855=DIRECTION('',(0.0051806495941395,0.999986580344848,0.));
#11856=DIRECTION('',(-0.548399036309921,0.00284110137146529,0.836211949877151));
#11857=DIRECTION('',(-0.0051806495941395,-0.999986580344848,0.));
#11858=DIRECTION('',(-0.548399036309921,0.00284110137146529,0.836211949877151));
#11859=DIRECTION('center_axis',(-0.548399036309921,0.00284110137146529,
0.836211949877151));
#11860=DIRECTION('ref_axis',(-0.474694234837978,0.822194532799411,-0.314104335605773));
#11861=DIRECTION('',(-0.836200728201164,0.00433212109874559,-0.548406395734613));
#11862=DIRECTION('',(0.836200728201164,-0.00433212109874559,0.548406395734613));
#11863=DIRECTION('',(0.836200728201164,-0.00433212109874559,0.548406395734613));
#11864=DIRECTION('center_axis',(0.00518064959413933,0.999986580344848,0.));
#11865=DIRECTION('ref_axis',(-0.999986580344848,0.00518064959413933,0.));
#11866=DIRECTION('center_axis',(-0.00518064959413933,-0.999986580344848,
0.));
#11867=DIRECTION('ref_axis',(0.709548181321901,-0.00367596982783485,-0.704647334223729));
#11868=DIRECTION('',(0.7046378780995,-0.00365053092605755,0.70955770334159));
#11869=DIRECTION('center_axis',(-0.00518064959413933,-0.999986580344848,
0.));
#11870=DIRECTION('ref_axis',(-0.999986580344848,0.00518064959413938,0.));
#11871=DIRECTION('center_axis',(0.00518064959413922,0.999986580344848,5.55111512312578E-17));
#11872=DIRECTION('ref_axis',(0.849672860154468,-0.0044019164303109,-0.52729181090613));
#11873=DIRECTION('center_axis',(-0.00518064959413944,-0.999986580344848,
0.));
#11874=DIRECTION('ref_axis',(0.849672860154468,-0.0044019164303109,-0.52729181090613));
#11875=DIRECTION('',(0.00518064959413922,0.999986580344848,5.55111512312578E-17));
#11876=DIRECTION('center_axis',(0.00518064959413933,0.999986580344848,0.));
#11877=DIRECTION('ref_axis',(0.849672860154468,-0.0044019164303109,-0.52729181090613));
#11878=DIRECTION('',(0.00518064959413922,0.999986580344848,0.));
#11879=DIRECTION('center_axis',(0.709548181321901,-0.00367596982783508,
-0.704647334223729));
#11880=DIRECTION('ref_axis',(0.7046378780995,-0.00365053092605755,0.70955770334159));
#11881=DIRECTION('',(0.0051806495941394,0.999986580344848,0.));
#11882=DIRECTION('',(0.7046378780995,-0.00365053092605755,0.70955770334159));
#11883=DIRECTION('',(0.0051806495941395,0.999986580344848,0.));
#11884=DIRECTION('center_axis',(-0.0051806495941395,-0.999986580344848,
0.));
#11885=DIRECTION('ref_axis',(0.709548181321901,-0.00367596982783485,-0.704647334223729));
#11886=DIRECTION('center_axis',(-0.00518064959413933,-0.999986580344848,
0.));
#11887=DIRECTION('ref_axis',(0.709548181321901,-0.00367596982783485,-0.704647334223729));
#11888=DIRECTION('center_axis',(0.00518064959413933,0.999986580344848,0.));
#11889=DIRECTION('ref_axis',(-0.999986580344848,0.00518064959413933,0.));
#11890=DIRECTION('center_axis',(-0.00518064959413933,-0.999986580344848,
0.));
#11891=DIRECTION('ref_axis',(-0.999986580344848,0.00518064959413938,0.));
#11892=DIRECTION('',(-0.839218181371746,0.00434775367607293,-0.543777473874259));
#11893=DIRECTION('',(-0.54377017656808,0.00281712054932878,0.839229443541472));
#11894=DIRECTION('',(0.744859768006614,-0.00385890924004545,0.667209888134618));
#11895=DIRECTION('',(0.543770176568082,-0.00281712054932881,-0.839229443541471));
#11896=DIRECTION('center_axis',(-0.00518064959413933,-0.999986580344848,
0.));
#11897=DIRECTION('ref_axis',(-0.999986580344848,0.00518064959413875,0.));
#11898=DIRECTION('center_axis',(-0.839218181371745,0.00434775367607282,
-0.543777473874262));
#11899=DIRECTION('ref_axis',(-0.543770176568082,0.00281712054932878,0.839229443541471));
#11900=DIRECTION('',(-0.00518064959413922,-0.999986580344848,2.67777309837286E-17));
#11901=DIRECTION('',(0.54377017656808,-0.00281712054932878,-0.839229443541472));
#11902=DIRECTION('',(-0.54377017656808,0.00281712054932878,0.839229443541472));
#11903=DIRECTION('',(-0.00518064959413922,-0.999986580344848,1.46091226050121E-19));
#11904=DIRECTION('center_axis',(-0.667200934408005,0.00345658063617021,
0.744869763901979));
#11905=DIRECTION('ref_axis',(0.744874213775088,-5.55111512312578E-16,0.667204920285323));
#11906=DIRECTION('',(0.744859768006614,-0.00385890924004534,0.667209888134618));
#11907=DIRECTION('center_axis',(0.0051806495941395,0.999986580344848,0.));
#11908=DIRECTION('ref_axis',(-0.999986580344848,0.00518064959413938,0.));
#11909=DIRECTION('center_axis',(0.00518064959413944,0.999986580344848,0.));
#11910=DIRECTION('ref_axis',(-0.999986580344848,0.00518064959413939,0.));
#11911=DIRECTION('',(0.979235311719394,-0.00507314310005696,0.202663434049923));
#11912=DIRECTION('center_axis',(-0.00518064959413944,-0.999986580344848,
0.));
#11913=DIRECTION('ref_axis',(0.202660714376514,-0.00104992823735759,0.979248452895943));
#11914=DIRECTION('center_axis',(-0.00518064959413944,-0.999986580344848,
0.));
#11915=DIRECTION('ref_axis',(0.999986580344848,-0.00518064959413787,0.));
#11916=DIRECTION('center_axis',(-0.00518064959413944,-0.999986580344848,
0.));
#11917=DIRECTION('ref_axis',(0.202660714376514,-0.00104992823735759,0.979248452895943));
#11918=DIRECTION('',(-0.979235311719397,0.00507314310005696,0.20266343404991));
#11919=DIRECTION('',(-0.202660714380047,0.00104992823737585,0.979248452895212));
#11920=DIRECTION('center_axis',(-0.00518064959413944,-0.999986580344848,
0.));
#11921=DIRECTION('ref_axis',(-0.979235311718667,0.00507314310005329,0.202663434053437));
#11922=DIRECTION('center_axis',(-0.00518064959413944,-0.999986580344848,
0.));
#11923=DIRECTION('ref_axis',(0.999986580344848,-0.00518064959413787,0.));
#11924=DIRECTION('center_axis',(-0.00518064959413944,-0.999986580344848,
0.));
#11925=DIRECTION('ref_axis',(-0.979235311718667,0.00507314310005329,0.202663434053437));
#11926=DIRECTION('',(-0.202660714380038,0.0010499282373758,-0.979248452895213));
#11927=DIRECTION('',(-0.979235311719394,0.00507314310005696,-0.202663434049923));
#11928=DIRECTION('center_axis',(-0.00518064959413944,-0.999986580344848,
0.));
#11929=DIRECTION('ref_axis',(-0.202660714376512,0.00104992823735757,-0.979248452895943));
#11930=DIRECTION('center_axis',(0.00518064959413944,0.999986580344848,0.));
#11931=DIRECTION('ref_axis',(0.999986580344848,-0.00518064959413937,0.));
#11932=DIRECTION('',(0.839218181371746,-0.00434775367607293,0.54377747387426));
#11933=DIRECTION('',(-0.54377017656808,0.00281712054932878,0.839229443541472));
#11934=DIRECTION('',(0.839218181371746,-0.00434775367607293,0.54377747387426));
#11935=DIRECTION('center_axis',(-0.00518064959413944,-0.999986580344848,
0.));
#11936=DIRECTION('ref_axis',(-0.543770176568081,0.00281712054932789,0.839229443541472));
#11937=DIRECTION('',(-0.702826969263498,0.00364114911603058,-0.711351525835856));
#11938=DIRECTION('center_axis',(0.00518064959413944,0.999986580344848,0.));
#11939=DIRECTION('ref_axis',(0.999986580344848,-0.00518064959413937,0.));
#11940=DIRECTION('center_axis',(-0.00518064959413933,-0.999986580344848,
-3.03576608295941E-18));
#11941=DIRECTION('ref_axis',(0.839218181371746,-0.00434775367607293,0.54377747387426));
#11942=DIRECTION('',(0.839218181371746,-0.00434775367607293,0.54377747387426));
#11943=DIRECTION('',(-0.54377017656808,0.00281712054932878,0.839229443541472));
#11944=DIRECTION('',(0.839218181371746,-0.00434775367607293,0.54377747387426));
#11945=DIRECTION('center_axis',(0.839218181371746,-0.00434775367607276,
0.543777473874259));
#11946=DIRECTION('ref_axis',(0.00518064959413922,0.999986580344848,0.));
#11947=DIRECTION('',(0.00518064959413922,0.999986580344848,-1.46091226050121E-19));
#11948=DIRECTION('center_axis',(-0.54377017656808,0.00281712054932878,0.839229443541472));
#11949=DIRECTION('ref_axis',(0.8392327736943,-6.10622663543836E-16,0.543772334306712));
#11950=DIRECTION('center_axis',(0.00518064959413794,0.999986580344848,-2.01899336019688E-18));
#11951=DIRECTION('ref_axis',(-0.543770176568081,0.00281712054932789,0.839229443541472));
#11952=DIRECTION('',(0.00518064959413786,0.999986580344848,-2.01899336019688E-18));
#11953=DIRECTION('',(-0.00518064959413786,-0.999986580344848,2.01899336019688E-18));
#11954=DIRECTION('center_axis',(0.711341979743688,-0.00368526299361094,
-0.702836401085629));
#11955=DIRECTION('ref_axis',(-0.702826969263498,0.00364114911603058,-0.711351525835856));
#11956=DIRECTION('',(-0.0051806495941395,-0.999986580344848,0.));
#11957=DIRECTION('center_axis',(0.00518064959413966,0.999986580344848,0.));
#11958=DIRECTION('ref_axis',(0.999986580344848,-0.0051806495941397,0.));
#11959=DIRECTION('',(0.00518064959413966,0.999986580344848,0.));
#11960=DIRECTION('',(-0.00518064959413966,-0.999986580344848,0.));
#11961=DIRECTION('center_axis',(0.00518064959413939,0.999986580344848,0.));
#11962=DIRECTION('ref_axis',(0.999986580344848,-0.00518064959413933,0.));
#11963=DIRECTION('center_axis',(0.00518064959413966,0.999986580344848,0.));
#11964=DIRECTION('ref_axis',(0.999986580344848,-0.0051806495941397,0.));
#11965=DIRECTION('',(0.00518064959413961,0.999986580344848,0.));
#11966=DIRECTION('center_axis',(0.00518064959413939,0.999986580344848,0.));
#11967=DIRECTION('ref_axis',(0.999986580344848,-0.00518064959413933,0.));
#11968=DIRECTION('center_axis',(0.00518064959413966,0.999986580344848,0.));
#11969=DIRECTION('ref_axis',(0.999986580344848,-0.0051806495941397,0.));
#11970=DIRECTION('',(0.00518064959413966,0.999986580344848,0.));
#11971=DIRECTION('',(-0.00518064959413966,-0.999986580344848,0.));
#11972=DIRECTION('center_axis',(0.00518064959413939,0.999986580344848,0.));
#11973=DIRECTION('ref_axis',(0.999986580344848,-0.00518064959413933,0.));
#11974=DIRECTION('center_axis',(-0.00518064959413939,-0.999986580344848,
0.));
#11975=DIRECTION('ref_axis',(0.999986580344848,-0.00518064959413939,0.));
#11976=DIRECTION('',(-0.202660714380038,0.0010499282373758,-0.979248452895213));
#11977=DIRECTION('',(-0.202660714380047,0.00104992823737586,0.979248452895212));
#11978=DIRECTION('',(-0.979235311719397,0.00507314310005696,0.20266343404991));
#11979=DIRECTION('',(0.979235311719394,-0.00507314310005696,0.202663434049923));
#11980=DIRECTION('',(0.202660714380049,-0.00104992823737586,-0.979248452895211));
#11981=DIRECTION('',(0.979235311719396,-0.00507314310005696,-0.202663434049912));
#11982=DIRECTION('',(-0.979235311719394,0.00507314310005696,-0.202663434049923));
#11983=DIRECTION('center_axis',(0.979235311718665,-0.00507314310005325,
0.202663434053446));
#11984=DIRECTION('ref_axis',(0.202660714380049,-0.00104992823737586,-0.979248452895211));
#11985=DIRECTION('',(-0.0051806495941395,-0.999986580344848,0.));
#11986=DIRECTION('',(0.0051806495941395,0.999986580344848,0.));
#11987=DIRECTION('center_axis',(0.202660714376515,-0.00104992823735757,
0.979248452895943));
#11988=DIRECTION('ref_axis',(0.979235311719396,-0.00507314310005658,-0.202663434049912));
#11989=DIRECTION('',(0.0051806495941395,0.999986580344848,0.));
#11990=DIRECTION('center_axis',(0.0051806495941395,0.999986580344848,0.));
#11991=DIRECTION('ref_axis',(0.979235311718667,-0.00507314310005329,-0.202663434053436));
#11992=DIRECTION('',(0.0051806495941395,0.999986580344848,0.));
#11993=DIRECTION('center_axis',(-0.0051806495941395,-0.999986580344848,
0.));
#11994=DIRECTION('ref_axis',(0.999986580344848,-0.00518064959413937,0.));
#11995=DIRECTION('',(0.0051806495941395,0.999986580344848,0.));
#11996=DIRECTION('center_axis',(0.0051806495941395,0.999986580344848,0.));
#11997=DIRECTION('ref_axis',(-0.202660714376512,0.00104992823735757,-0.979248452895943));
#11998=DIRECTION('center_axis',(0.202660714376526,-0.00104992823735764,
-0.97924845289594));
#11999=DIRECTION('ref_axis',(-0.979235311719394,0.00507314310005657,-0.202663434049923));
#12000=DIRECTION('',(0.0051806495941395,0.999986580344848,0.));
#12001=DIRECTION('',(0.0051806495941395,0.999986580344848,0.));
#12002=DIRECTION('center_axis',(-0.979235311718665,0.00507314310005325,
-0.202663434053444));
#12003=DIRECTION('ref_axis',(-0.202660714380047,0.00104992823737622,0.979248452895212));
#12004=DIRECTION('',(0.0051806495941395,0.999986580344848,0.));
#12005=DIRECTION('',(0.0051806495941395,0.999986580344848,0.));
#12006=DIRECTION('center_axis',(-0.202660714376526,0.00104992823735762,
0.97924845289594));
#12007=DIRECTION('ref_axis',(0.979235311719394,-0.00507314310005624,0.202663434049923));
#12008=DIRECTION('',(0.0051806495941395,0.999986580344848,0.));
#12009=DIRECTION('center_axis',(-0.0051806495941395,-0.999986580344848,
0.));
#12010=DIRECTION('ref_axis',(0.999986580344848,-0.00518064959413937,0.));
#12011=DIRECTION('center_axis',(-0.0051806495941395,-0.999986580344848,
0.));
#12012=DIRECTION('ref_axis',(0.999986580344848,-0.00518064959413937,0.));
#12013=DIRECTION('',(-0.0051806495941395,-0.999986580344848,0.));
#12014=DIRECTION('',(0.0051806495941395,0.999986580344848,0.));
#12015=DIRECTION('center_axis',(0.0051806495941395,0.999986580344848,0.));
#12016=DIRECTION('ref_axis',(0.202660714376514,-0.00104992823735759,0.979248452895943));
#12017=DIRECTION('',(0.0051806495941395,0.999986580344848,0.));
#12018=DIRECTION('center_axis',(0.00518064959413794,0.999986580344848,0.));
#12019=DIRECTION('ref_axis',(0.999986580344848,-0.00518064959413787,0.));
#12020=DIRECTION('',(0.0051806495941395,0.999986580344848,0.));
#12021=DIRECTION('center_axis',(0.0051806495941395,0.999986580344848,0.));
#12022=DIRECTION('ref_axis',(0.202660714376514,-0.00104992823735759,0.979248452895943));
#12023=DIRECTION('',(0.0051806495941395,0.999986580344848,0.));
#12024=DIRECTION('center_axis',(-0.543770176568081,0.00281712054932801,
0.839229443541472));
#12025=DIRECTION('ref_axis',(0.839218181371746,-0.00434775367607293,0.54377747387426));
#12026=DIRECTION('center_axis',(0.0051806495941395,0.999986580344848,0.));
#12027=DIRECTION('ref_axis',(-0.202660714376512,0.00104992823735757,-0.979248452895943));
#12028=DIRECTION('center_axis',(0.00518064959413794,0.999986580344848,0.));
#12029=DIRECTION('ref_axis',(0.999986580344848,-0.00518064959413787,0.));
#12030=DIRECTION('',(0.0051806495941395,0.999986580344848,0.));
#12031=DIRECTION('',(0.0051806495941395,0.999986580344848,0.));
#12032=DIRECTION('center_axis',(-0.202660714376513,0.00104992823735756,
-0.979248452895943));
#12033=DIRECTION('ref_axis',(-0.979235311719397,0.00507314310005619,0.20266343404991));
#12034=DIRECTION('center_axis',(0.0051806495941395,0.999986580344848,0.));
#12035=DIRECTION('ref_axis',(-0.979235311718667,0.00507314310005329,0.202663434053437));
#12036=DIRECTION('center_axis',(0.979235311718667,-0.0050731431000533,-0.202663434053435));
#12037=DIRECTION('ref_axis',(-0.202660714380038,0.0010499282373758,-0.979248452895213));
#12038=DIRECTION('',(0.0051806495941395,0.999986580344848,0.));
#12039=DIRECTION('center_axis',(0.0051806495941395,0.999986580344848,0.));
#12040=DIRECTION('ref_axis',(-0.979235311718667,0.00507314310005329,0.202663434053437));
#12041=DIRECTION('center_axis',(-0.00518064959413883,-0.999986580344848,
0.));
#12042=DIRECTION('ref_axis',(-0.999986580344848,0.00518064959413875,0.));
#12043=DIRECTION('center_axis',(-0.00518064959413933,-0.999986580344848,
0.));
#12044=DIRECTION('ref_axis',(-0.999986580344848,0.00518064959413934,0.));
#12045=DIRECTION('',(0.00518064959413883,0.999986580344848,0.));
#12046=DIRECTION('center_axis',(0.00518064959413933,0.999986580344848,0.));
#12047=DIRECTION('ref_axis',(-0.999986580344848,0.00518064959413933,0.));
#12048=DIRECTION('center_axis',(-0.168469781984019,0.295321011353549,0.940427260776384));
#12049=DIRECTION('ref_axis',(-0.465988023639034,0.816858980875133,-0.339994951710501));
#12050=DIRECTION('',(0.465988023639034,-0.816858980875133,0.339994951710501));
#12051=DIRECTION('',(-0.868604106819237,-0.495506716015793,0.));
#12052=DIRECTION('',(-0.465988023639034,0.816858980875133,-0.339994951710501));
#12053=DIRECTION('',(0.868604106819236,0.495506716015793,-8.41233987695303E-17));
#12054=DIRECTION('center_axis',(-0.465988023639034,0.816858980875133,-0.339994951710501));
#12055=DIRECTION('ref_axis',(0.168469781984019,-0.29532101135355,-0.940427260776384));
#12056=DIRECTION('',(-0.168469781984019,0.29532101135355,0.940427260776384));
#12057=DIRECTION('',(-0.868604106819237,-0.495506716015793,0.));
#12058=DIRECTION('',(0.168469781984019,-0.29532101135355,-0.940427260776384));
#12059=DIRECTION('center_axis',(0.485224185057654,-0.850579227781167,0.202663434053433));
#12060=DIRECTION('ref_axis',(-0.1004210926643,0.176034291120902,0.979248452895214));
#12061=DIRECTION('',(0.1004210926643,-0.176034291120901,-0.979248452895214));
#12062=DIRECTION('',(-0.868604106819237,-0.495506716015793,0.));
#12063=DIRECTION('',(-0.1004210926643,0.176034291120901,0.979248452895214));
#12064=DIRECTION('',(-0.868604106819237,-0.495506716015793,0.));
#12065=DIRECTION('',(-0.1004210926643,0.176034291120901,0.979248452895214));
#12066=DIRECTION('center_axis',(0.868604106819237,0.495506716015793,0.));
#12067=DIRECTION('ref_axis',(-0.495506716015793,0.868604106819237,0.));
#12068=DIRECTION('center_axis',(0.868604106819237,0.495506716015793,0.));
#12069=DIRECTION('ref_axis',(-0.495506716015793,0.868604106819237,0.));
#12070=DIRECTION('',(-0.348260156998299,0.61048658440503,0.711351525835856));
#12071=DIRECTION('center_axis',(-0.868604106819237,-0.495506716015793,0.));
#12072=DIRECTION('ref_axis',(0.269445390322799,-0.472327347002972,0.839229443541472));
#12073=DIRECTION('',(0.415843825552996,-0.728958141223745,-0.54377747387426));
#12074=DIRECTION('center_axis',(0.868604106819237,0.495506716015793,0.));
#12075=DIRECTION('ref_axis',(-0.495506716015793,0.868604106819237,0.));
#12076=DIRECTION('center_axis',(-0.868604106819237,-0.495506716015793,0.));
#12077=DIRECTION('ref_axis',(0.100421092662553,-0.17603429111784,-0.979248452895943));
#12078=DIRECTION('',(-0.485224185058014,0.850579227781798,0.202663434049923));
#12079=DIRECTION('center_axis',(0.868604106819237,0.495506716015793,0.));
#12080=DIRECTION('ref_axis',(-0.495506716015793,0.868604106819237,0.));
#12081=DIRECTION('',(0.485224185058015,-0.8505792277818,0.202663434049912));
#12082=DIRECTION('center_axis',(-0.868604106819237,-0.495506716015793,0.));
#12083=DIRECTION('ref_axis',(0.100421092662553,-0.17603429111784,-0.979248452895943));
#12084=DIRECTION('center_axis',(0.868604106819237,0.495506716015793,0.));
#12085=DIRECTION('ref_axis',(-0.495506716015793,0.868604106819237,0.));
#12086=DIRECTION('center_axis',(-0.868604106819237,-0.495506716015793,0.));
#12087=DIRECTION('ref_axis',(-0.485224185057654,0.850579227781166,-0.202663434053436));
#12088=DIRECTION('',(0.100421092664306,-0.176034291120912,0.979248452895211));
#12089=DIRECTION('center_axis',(0.868604106819237,0.495506716015793,0.));
#12090=DIRECTION('ref_axis',(-0.495506716015793,0.868604106819237,0.));
#12091=DIRECTION('',(-0.485224185058015,0.8505792277818,-0.20266343404991));
#12092=DIRECTION('center_axis',(-0.868604106819237,-0.495506716015793,0.));
#12093=DIRECTION('ref_axis',(-0.100421092662555,0.176034291117842,0.979248452895943));
#12094=DIRECTION('center_axis',(-0.868604106819237,-0.495506716015793,0.));
#12095=DIRECTION('ref_axis',(-0.495506716015795,0.868604106819236,0.));
#12096=DIRECTION('center_axis',(-0.868604106819237,-0.495506716015793,0.));
#12097=DIRECTION('ref_axis',(-0.100421092662555,0.176034291117842,0.979248452895943));
#12098=DIRECTION('',(0.485224185058014,-0.850579227781798,-0.202663434049923));
#12099=DIRECTION('center_axis',(0.868604106819237,0.495506716015793,0.));
#12100=DIRECTION('ref_axis',(-0.495506716015793,0.868604106819237,0.));
#12101=DIRECTION('',(-0.100421092664301,0.176034291120903,0.979248452895213));
#12102=DIRECTION('center_axis',(-0.868604106819237,-0.495506716015793,0.));
#12103=DIRECTION('ref_axis',(0.485224185057653,-0.850579227781166,0.202663434053437));
#12104=DIRECTION('center_axis',(-0.868604106819237,-0.495506716015793,0.));
#12105=DIRECTION('ref_axis',(-0.495506716015795,0.868604106819236,0.));
#12106=DIRECTION('center_axis',(-0.868604106819237,-0.495506716015793,0.));
#12107=DIRECTION('ref_axis',(0.485224185057653,-0.850579227781166,0.202663434053437));
#12108=DIRECTION('',(-0.100421092664305,0.176034291120911,-0.979248452895212));
#12109=DIRECTION('center_axis',(0.868604106819237,0.495506716015793,0.));
#12110=DIRECTION('ref_axis',(-0.495506716015793,0.868604106819237,0.));
#12111=DIRECTION('center_axis',(-0.868604106819237,-0.495506716015793,0.));
#12112=DIRECTION('ref_axis',(0.495506716015793,-0.868604106819237,0.));
#12113=DIRECTION('center_axis',(-0.868604106819237,-0.495506716015793,0.));
#12114=DIRECTION('ref_axis',(-0.495506716015793,0.868604106819237,0.));
#12115=DIRECTION('center_axis',(-0.868604106819237,-0.495506716015793,0.));
#12116=DIRECTION('ref_axis',(0.495506716015793,-0.868604106819237,0.));
#12117=DIRECTION('',(-0.100421092664306,0.176034291120912,-0.979248452895211));
#12118=DIRECTION('center_axis',(0.868604106819237,0.495506716015793,1.15817049401008E-20));
#12119=DIRECTION('ref_axis',(-0.485224185057654,0.850579227781166,-0.202663434053436));
#12120=DIRECTION('center_axis',(-0.868604106819237,-0.495506716015793,0.));
#12121=DIRECTION('ref_axis',(0.495506716015793,-0.868604106819237,0.));
#12122=DIRECTION('center_axis',(0.868604106819237,0.495506716015793,1.294093974273E-19));
#12123=DIRECTION('ref_axis',(0.100421092662553,-0.17603429111784,-0.979248452895943));
#12124=DIRECTION('',(-0.485224185058015,0.850579227781799,-0.202663434049912));
#12125=DIRECTION('center_axis',(-0.868604106819237,-0.495506716015793,0.));
#12126=DIRECTION('ref_axis',(0.495506716015793,-0.868604106819237,-5.25249914422221E-14));
#12127=DIRECTION('',(-0.868604106819237,-0.495506716015793,0.));
#12128=DIRECTION('',(0.868604106819237,0.495506716015793,0.));
#12129=DIRECTION('center_axis',(-0.868604106819237,-0.495506716015794,0.));
#12130=DIRECTION('ref_axis',(-0.495506716015793,0.868604106819237,0.));
#12131=DIRECTION('center_axis',(-0.868604106819237,-0.495506716015793,0.));
#12132=DIRECTION('ref_axis',(-0.495506716015793,0.868604106819237,0.));
#12133=DIRECTION('',(-0.868604106819237,-0.495506716015793,0.));
#12134=DIRECTION('center_axis',(0.868604106819237,0.495506716015794,0.));
#12135=DIRECTION('ref_axis',(-0.495506716015793,0.868604106819237,0.));
#12136=DIRECTION('center_axis',(0.868604106819237,0.495506716015793,0.));
#12137=DIRECTION('ref_axis',(0.495506716015793,-0.868604106819237,0.));
#12138=DIRECTION('center_axis',(0.868604106819237,0.495506716015793,0.));
#12139=DIRECTION('ref_axis',(0.495506716015793,-0.868604106819237,0.));
#12140=DIRECTION('',(0.868604106819237,0.495506716015793,0.));
#12141=DIRECTION('center_axis',(0.868604106819237,0.495506716015793,0.));
#12142=DIRECTION('ref_axis',(0.495506716015793,-0.868604106819237,0.));
#12143=DIRECTION('center_axis',(0.868604106819237,0.495506716015793,0.));
#12144=DIRECTION('ref_axis',(0.495506716015793,-0.868604106819237,0.));
#12145=DIRECTION('',(0.868604106819237,0.495506716015793,0.));
#12146=DIRECTION('center_axis',(-0.868604106819237,-0.495506716015793,0.));
#12147=DIRECTION('ref_axis',(0.495506716015793,-0.868604106819237,0.));
#12148=DIRECTION('center_axis',(-0.414348637176791,0.726337133834615,0.548406395734635));
#12149=DIRECTION('ref_axis',(-0.868604106819236,-0.495506716015794,0.));
#12150=DIRECTION('',(0.868604106819236,0.495506716015794,0.));
#12151=DIRECTION('',(0.271739052192545,-0.476348047541029,0.836211949877151));
#12152=DIRECTION('',(-0.868604106819236,-0.495506716015794,0.));
#12153=DIRECTION('',(0.271739052192545,-0.476348047541029,0.836211949877151));
#12154=DIRECTION('center_axis',(-0.414348637176702,0.726337133834665,0.548406395734635));
#12155=DIRECTION('ref_axis',(-0.868604106819279,-0.495506716015719,5.52542431190321E-14));
#12156=DIRECTION('',(-0.868604106819279,-0.495506716015719,5.52542431190321E-14));
#12157=DIRECTION('',(0.271739052192545,-0.476348047541029,0.836211949877151));
#12158=DIRECTION('',(-0.868604106819279,-0.495506716015719,5.52542431190321E-14));
#12159=DIRECTION('',(0.271739052192545,-0.476348047541029,0.836211949877151));
#12160=DIRECTION('center_axis',(0.868604106819231,0.495506716015803,-1.73749903353837E-14));
#12161=DIRECTION('ref_axis',(-0.414348637176797,0.726337133834628,0.548406395734613));
#12162=DIRECTION('',(0.415843825552996,-0.728958141223745,-0.54377747387426));
#12163=DIRECTION('',(-0.414348637176797,0.726337133834628,0.548406395734613));
#12164=DIRECTION('',(0.271739052192545,-0.476348047541029,0.836211949877151));
#12165=DIRECTION('',(0.269445390322798,-0.472327347002972,0.839229443541472));
#12166=DIRECTION('center_axis',(0.414348637176791,-0.726337133834615,-0.548406395734635));
#12167=DIRECTION('ref_axis',(0.868604106819236,0.495506716015794,4.71851988801941E-16));
#12168=DIRECTION('',(0.868604106819236,0.495506716015794,4.71851988801941E-16));
#12169=DIRECTION('',(0.868604106819236,0.495506716015794,4.71851988801941E-16));
#12170=DIRECTION('',(0.271739052192545,-0.476348047541029,0.836211949877151));
#12171=DIRECTION('center_axis',(0.41434863717679,-0.726337133834615,-0.548406395734635));
#12172=DIRECTION('ref_axis',(0.868604106819237,0.495506716015793,0.));
#12173=DIRECTION('',(-0.868604106819237,-0.495506716015793,0.));
#12174=DIRECTION('',(0.271739052192545,-0.476348047541029,0.836211949877151));
#12175=DIRECTION('',(0.868604106819237,0.495506716015793,0.));
#12176=DIRECTION('',(0.271739052192545,-0.476348047541029,0.836211949877151));
#12177=DIRECTION('center_axis',(0.271739052192545,-0.476348047541029,0.836211949877151));
#12178=DIRECTION('ref_axis',(-0.474694234837979,-0.822194532799411,-0.314104335605773));
#12179=DIRECTION('',(0.414348637176797,-0.726337133834628,-0.548406395734613));
#12180=DIRECTION('',(-0.414348637176797,0.726337133834628,0.548406395734613));
#12181=DIRECTION('',(-0.414348637176797,0.726337133834628,0.548406395734613));
#12182=DIRECTION('center_axis',(-0.868604106819237,-0.495506716015793,0.));
#12183=DIRECTION('ref_axis',(0.495506716015793,-0.868604106819237,0.));
#12184=DIRECTION('center_axis',(0.868604106819237,0.495506716015793,0.));
#12185=DIRECTION('ref_axis',(-0.3515906074065,0.616324735147731,-0.704647334223729));
#12186=DIRECTION('',(-0.349157486530483,0.612059568365958,0.70955770334159));
#12187=DIRECTION('center_axis',(0.868604106819237,0.495506716015793,0.));
#12188=DIRECTION('ref_axis',(0.495506716015793,-0.868604106819237,0.));
#12189=DIRECTION('center_axis',(-0.868604106819237,-0.495506716015794,5.55111512312578E-17));
#12190=DIRECTION('ref_axis',(-0.421024258623249,0.738039240015108,-0.52729181090613));
#12191=DIRECTION('center_axis',(0.868604106819237,0.495506716015793,0.));
#12192=DIRECTION('ref_axis',(-0.421024258623249,0.738039240015108,-0.52729181090613));
#12193=DIRECTION('',(-0.868604106819236,-0.495506716015794,5.55111512312578E-17));
#12194=DIRECTION('center_axis',(-0.868604106819237,-0.495506716015793,0.));
#12195=DIRECTION('ref_axis',(-0.421024258623249,0.738039240015108,-0.52729181090613));
#12196=DIRECTION('',(-0.868604106819236,-0.495506716015794,0.));
#12197=DIRECTION('center_axis',(-0.3515906074065,0.616324735147731,-0.704647334223729));
#12198=DIRECTION('ref_axis',(-0.349157486530483,0.612059568365958,0.70955770334159));
#12199=DIRECTION('',(-0.868604106819237,-0.495506716015793,0.));
#12200=DIRECTION('',(-0.349157486530483,0.612059568365958,0.70955770334159));
#12201=DIRECTION('',(-0.868604106819237,-0.495506716015793,0.));
#12202=DIRECTION('center_axis',(0.868604106819237,0.495506716015793,0.));
#12203=DIRECTION('ref_axis',(-0.3515906074065,0.616324735147731,-0.704647334223729));
#12204=DIRECTION('center_axis',(0.868604106819237,0.495506716015793,0.));
#12205=DIRECTION('ref_axis',(-0.3515906074065,0.616324735147731,-0.704647334223729));
#12206=DIRECTION('center_axis',(-0.868604106819237,-0.495506716015793,0.));
#12207=DIRECTION('ref_axis',(0.495506716015793,-0.868604106819237,0.));
#12208=DIRECTION('center_axis',(0.868604106819237,0.495506716015793,0.));
#12209=DIRECTION('ref_axis',(0.495506716015793,-0.868604106819237,0.));
#12210=DIRECTION('',(0.415843825552997,-0.728958141223746,-0.543777473874259));
#12211=DIRECTION('',(0.269445390322798,-0.472327347002972,0.839229443541472));
#12212=DIRECTION('',(-0.369087970570529,0.646996935970734,0.667209888134618));
#12213=DIRECTION('',(-0.269445390322799,0.472327347002974,-0.839229443541471));
#12214=DIRECTION('center_axis',(0.868604106819237,0.495506716015793,0.));
#12215=DIRECTION('ref_axis',(0.495506716015794,-0.868604106819236,0.));
#12216=DIRECTION('center_axis',(0.415843825552996,-0.728958141223744,-0.543777473874261));
#12217=DIRECTION('ref_axis',(0.269445390322799,-0.472327347002974,0.839229443541471));
#12218=DIRECTION('',(0.868604106819236,0.495506716015794,2.67777309837286E-17));
#12219=DIRECTION('',(-0.269445390322798,0.472327347002972,-0.839229443541472));
#12220=DIRECTION('',(0.269445390322798,-0.472327347002972,0.839229443541472));
#12221=DIRECTION('',(0.868604106819237,0.495506716015794,1.46091226050121E-19));
#12222=DIRECTION('center_axis',(0.33060698056285,-0.579541248944133,0.744869763901979));
#12223=DIRECTION('ref_axis',(-0.372437106887544,0.645079991753187,0.667204920285323));
#12224=DIRECTION('',(-0.369087970570529,0.646996935970734,0.667209888134618));
#12225=DIRECTION('center_axis',(-0.868604106819237,-0.495506716015793,0.));
#12226=DIRECTION('ref_axis',(0.495506716015793,-0.868604106819237,0.));
#12227=DIRECTION('center_axis',(-0.868604106819237,-0.495506716015793,0.));
#12228=DIRECTION('ref_axis',(0.495506716015793,-0.868604106819237,0.));
#12229=DIRECTION('',(-0.485224185058014,0.850579227781798,0.202663434049923));
#12230=DIRECTION('center_axis',(0.868604106819237,0.495506716015793,0.));
#12231=DIRECTION('ref_axis',(-0.100421092662555,0.176034291117842,0.979248452895943));
#12232=DIRECTION('center_axis',(0.868604106819237,0.495506716015793,0.));
#12233=DIRECTION('ref_axis',(-0.495506716015795,0.868604106819236,0.));
#12234=DIRECTION('center_axis',(0.868604106819237,0.495506716015793,0.));
#12235=DIRECTION('ref_axis',(-0.100421092662555,0.176034291117842,0.979248452895943));
#12236=DIRECTION('',(0.485224185058015,-0.8505792277818,0.20266343404991));
#12237=DIRECTION('',(0.100421092664305,-0.176034291120911,0.979248452895212));
#12238=DIRECTION('center_axis',(0.868604106819237,0.495506716015793,0.));
#12239=DIRECTION('ref_axis',(0.485224185057653,-0.850579227781166,0.202663434053437));
#12240=DIRECTION('center_axis',(0.868604106819237,0.495506716015793,0.));
#12241=DIRECTION('ref_axis',(-0.495506716015795,0.868604106819236,0.));
#12242=DIRECTION('center_axis',(0.868604106819237,0.495506716015793,0.));
#12243=DIRECTION('ref_axis',(0.485224185057653,-0.850579227781166,0.202663434053437));
#12244=DIRECTION('',(0.100421092664301,-0.176034291120903,-0.979248452895213));
#12245=DIRECTION('',(0.485224185058014,-0.850579227781798,-0.202663434049923));
#12246=DIRECTION('center_axis',(0.868604106819237,0.495506716015793,0.));
#12247=DIRECTION('ref_axis',(0.100421092662553,-0.17603429111784,-0.979248452895943));
#12248=DIRECTION('center_axis',(-0.868604106819237,-0.495506716015793,0.));
#12249=DIRECTION('ref_axis',(-0.495506716015793,0.868604106819237,0.));
#12250=DIRECTION('',(-0.415843825552996,0.728958141223745,0.54377747387426));
#12251=DIRECTION('',(0.269445390322798,-0.472327347002972,0.839229443541472));
#12252=DIRECTION('',(-0.415843825552996,0.728958141223745,0.54377747387426));
#12253=DIRECTION('center_axis',(0.868604106819237,0.495506716015793,0.));
#12254=DIRECTION('ref_axis',(0.269445390322799,-0.472327347002972,0.839229443541472));
#12255=DIRECTION('',(0.348260156998299,-0.61048658440503,-0.711351525835856));
#12256=DIRECTION('center_axis',(-0.868604106819237,-0.495506716015793,0.));
#12257=DIRECTION('ref_axis',(-0.495506716015793,0.868604106819237,0.));
#12258=DIRECTION('center_axis',(0.868604106819237,0.495506716015793,-3.03576608295941E-18));
#12259=DIRECTION('ref_axis',(-0.415843825552996,0.728958141223745,0.54377747387426));
#12260=DIRECTION('',(-0.415843825552996,0.728958141223745,0.54377747387426));
#12261=DIRECTION('',(0.269445390322798,-0.472327347002972,0.839229443541472));
#12262=DIRECTION('',(-0.415843825552996,0.728958141223745,0.54377747387426));
#12263=DIRECTION('center_axis',(-0.415843825552997,0.728958141223746,0.543777473874259));
#12264=DIRECTION('ref_axis',(-0.868604106819236,-0.495506716015794,0.));
#12265=DIRECTION('',(-0.868604106819237,-0.495506716015794,-1.46091226050121E-19));
#12266=DIRECTION('center_axis',(0.269445390322798,-0.472327347002972,0.839229443541472));
#12267=DIRECTION('ref_axis',(-0.41961638684715,0.726796901707741,0.543772334306712));
#12268=DIRECTION('center_axis',(-0.868604106819236,-0.495506716015795,-2.01899336019688E-18));
#12269=DIRECTION('ref_axis',(0.269445390322799,-0.472327347002972,0.839229443541472));
#12270=DIRECTION('',(-0.868604106819236,-0.495506716015795,-2.01899336019688E-18));
#12271=DIRECTION('',(0.868604106819236,0.495506716015795,2.01899336019688E-18));
#12272=DIRECTION('center_axis',(-0.35247945849975,0.617882856733155,-0.702836401085629));
#12273=DIRECTION('ref_axis',(0.348260156998299,-0.61048658440503,-0.711351525835856));
#12274=DIRECTION('',(0.868604106819237,0.495506716015793,0.));
#12275=DIRECTION('center_axis',(-0.868604106819237,-0.495506716015793,0.));
#12276=DIRECTION('ref_axis',(-0.495506716015793,0.868604106819237,0.));
#12277=DIRECTION('',(-0.868604106819237,-0.495506716015793,0.));
#12278=DIRECTION('',(0.868604106819237,0.495506716015793,0.));
#12279=DIRECTION('center_axis',(-0.868604106819237,-0.495506716015794,0.));
#12280=DIRECTION('ref_axis',(-0.495506716015793,0.868604106819237,0.));
#12281=DIRECTION('center_axis',(-0.868604106819237,-0.495506716015793,0.));
#12282=DIRECTION('ref_axis',(-0.495506716015793,0.868604106819237,0.));
#12283=DIRECTION('',(-0.868604106819237,-0.495506716015793,0.));
#12284=DIRECTION('center_axis',(-0.868604106819237,-0.495506716015794,0.));
#12285=DIRECTION('ref_axis',(-0.495506716015793,0.868604106819237,0.));
#12286=DIRECTION('center_axis',(-0.868604106819237,-0.495506716015793,0.));
#12287=DIRECTION('ref_axis',(-0.495506716015793,0.868604106819237,0.));
#12288=DIRECTION('',(-0.868604106819237,-0.495506716015793,0.));
#12289=DIRECTION('',(0.868604106819237,0.495506716015793,0.));
#12290=DIRECTION('center_axis',(-0.868604106819237,-0.495506716015794,0.));
#12291=DIRECTION('ref_axis',(-0.495506716015793,0.868604106819237,0.));
#12292=DIRECTION('center_axis',(0.868604106819237,0.495506716015794,0.));
#12293=DIRECTION('ref_axis',(-0.495506716015793,0.868604106819236,0.));
#12294=DIRECTION('',(0.100421092664301,-0.176034291120903,-0.979248452895213));
#12295=DIRECTION('',(0.100421092664305,-0.176034291120911,0.979248452895211));
#12296=DIRECTION('',(0.485224185058015,-0.8505792277818,0.20266343404991));
#12297=DIRECTION('',(-0.485224185058014,0.850579227781797,0.202663434049923));
#12298=DIRECTION('',(-0.100421092664306,0.176034291120912,-0.979248452895211));
#12299=DIRECTION('',(-0.485224185058015,0.8505792277818,-0.202663434049912));
#12300=DIRECTION('',(0.485224185058014,-0.850579227781798,-0.202663434049922));
#12301=DIRECTION('center_axis',(-0.485224185057652,0.850579227781164,0.202663434053446));
#12302=DIRECTION('ref_axis',(-0.100421092664306,0.176034291120912,-0.979248452895211));
#12303=DIRECTION('',(0.868604106819237,0.495506716015793,0.));
#12304=DIRECTION('',(-0.868604106819237,-0.495506716015793,0.));
#12305=DIRECTION('center_axis',(-0.100421092662555,0.176034291117843,0.979248452895943));
#12306=DIRECTION('ref_axis',(-0.485224185058015,0.850579227781799,-0.202663434049912));
#12307=DIRECTION('',(-0.868604106819237,-0.495506716015793,0.));
#12308=DIRECTION('center_axis',(-0.868604106819237,-0.495506716015793,0.));
#12309=DIRECTION('ref_axis',(-0.485224185057654,0.850579227781166,-0.202663434053436));
#12310=DIRECTION('',(-0.868604106819237,-0.495506716015793,0.));
#12311=DIRECTION('center_axis',(0.868604106819237,0.495506716015793,0.));
#12312=DIRECTION('ref_axis',(-0.495506716015793,0.868604106819237,0.));
#12313=DIRECTION('',(-0.868604106819237,-0.495506716015793,0.));
#12314=DIRECTION('center_axis',(-0.868604106819237,-0.495506716015793,0.));
#12315=DIRECTION('ref_axis',(0.100421092662553,-0.17603429111784,-0.979248452895943));
#12316=DIRECTION('center_axis',(-0.10042109266256,0.176034291117852,-0.97924845289594));
#12317=DIRECTION('ref_axis',(0.485224185058014,-0.850579227781797,-0.202663434049923));
#12318=DIRECTION('',(-0.868604106819237,-0.495506716015793,0.));
#12319=DIRECTION('',(-0.868604106819237,-0.495506716015793,0.));
#12320=DIRECTION('center_axis',(0.485224185057653,-0.850579227781165,-0.202663434053444));
#12321=DIRECTION('ref_axis',(0.100421092664305,-0.176034291120911,0.979248452895212));
#12322=DIRECTION('',(-0.868604106819237,-0.495506716015793,0.));
#12323=DIRECTION('',(-0.868604106819237,-0.495506716015793,0.));
#12324=DIRECTION('center_axis',(0.100421092662561,-0.176034291117853,0.97924845289594));
#12325=DIRECTION('ref_axis',(-0.485224185058014,0.850579227781797,0.202663434049923));
#12326=DIRECTION('',(-0.868604106819237,-0.495506716015793,0.));
#12327=DIRECTION('center_axis',(0.868604106819237,0.495506716015793,0.));
#12328=DIRECTION('ref_axis',(-0.495506716015793,0.868604106819237,0.));
#12329=DIRECTION('center_axis',(0.868604106819237,0.495506716015793,0.));
#12330=DIRECTION('ref_axis',(-0.495506716015793,0.868604106819237,0.));
#12331=DIRECTION('',(0.868604106819237,0.495506716015793,0.));
#12332=DIRECTION('',(-0.868604106819237,-0.495506716015793,0.));
#12333=DIRECTION('center_axis',(-0.868604106819237,-0.495506716015793,0.));
#12334=DIRECTION('ref_axis',(-0.100421092662555,0.176034291117842,0.979248452895943));
#12335=DIRECTION('',(-0.868604106819237,-0.495506716015793,0.));
#12336=DIRECTION('center_axis',(-0.868604106819236,-0.495506716015795,0.));
#12337=DIRECTION('ref_axis',(-0.495506716015795,0.868604106819236,0.));
#12338=DIRECTION('',(-0.868604106819237,-0.495506716015793,0.));
#12339=DIRECTION('center_axis',(-0.868604106819237,-0.495506716015793,0.));
#12340=DIRECTION('ref_axis',(-0.100421092662555,0.176034291117842,0.979248452895943));
#12341=DIRECTION('',(-0.868604106819237,-0.495506716015793,0.));
#12342=DIRECTION('center_axis',(0.269445390322799,-0.472327347002972,0.839229443541472));
#12343=DIRECTION('ref_axis',(-0.415843825552996,0.728958141223745,0.54377747387426));
#12344=DIRECTION('center_axis',(-0.868604106819237,-0.495506716015793,0.));
#12345=DIRECTION('ref_axis',(0.100421092662553,-0.17603429111784,-0.979248452895943));
#12346=DIRECTION('center_axis',(-0.868604106819236,-0.495506716015795,0.));
#12347=DIRECTION('ref_axis',(-0.495506716015795,0.868604106819236,0.));
#12348=DIRECTION('',(-0.868604106819237,-0.495506716015793,0.));
#12349=DIRECTION('',(-0.868604106819237,-0.495506716015793,0.));
#12350=DIRECTION('center_axis',(0.100421092662554,-0.176034291117842,-0.979248452895943));
#12351=DIRECTION('ref_axis',(0.485224185058016,-0.850579227781799,0.20266343404991));
#12352=DIRECTION('center_axis',(-0.868604106819237,-0.495506716015793,0.));
#12353=DIRECTION('ref_axis',(0.485224185057653,-0.850579227781166,0.202663434053437));
#12354=DIRECTION('center_axis',(-0.485224185057654,0.850579227781166,-0.202663434053435));
#12355=DIRECTION('ref_axis',(0.100421092664301,-0.176034291120903,-0.979248452895213));
#12356=DIRECTION('',(-0.868604106819237,-0.495506716015793,0.));
#12357=DIRECTION('center_axis',(-0.868604106819237,-0.495506716015793,0.));
#12358=DIRECTION('ref_axis',(0.485224185057653,-0.850579227781166,0.202663434053437));
#12359=DIRECTION('center_axis',(0.868604106819236,0.495506716015794,0.));
#12360=DIRECTION('ref_axis',(0.495506716015794,-0.868604106819236,0.));
#12361=DIRECTION('center_axis',(0.868604106819237,0.495506716015793,0.));
#12362=DIRECTION('ref_axis',(0.495506716015793,-0.868604106819237,0.));
#12363=DIRECTION('',(-0.868604106819236,-0.495506716015794,0.));
#12364=DIRECTION('center_axis',(-0.868604106819237,-0.495506716015793,0.));
#12365=DIRECTION('ref_axis',(0.495506716015793,-0.868604106819237,0.));
#12366=DIRECTION('',(0.,0.,1.));
#12367=DIRECTION('',(-0.999986580344849,0.00518064959413868,0.));
#12368=DIRECTION('',(0.,0.,1.));
#12369=DIRECTION('',(0.495506716015794,-0.868604106819237,0.));
#12370=DIRECTION('',(0.,0.,1.));
#12371=DIRECTION('',(0.504479864329054,0.863423457225098,0.));
#12372=DIRECTION('',(-0.425762191583089,-0.728697197659853,0.536401855273676));
#12373=DIRECTION('',(0.863423457225099,-0.504479864329055,1.93133194029507E-18));
#12374=DIRECTION('',(-0.00767385480540374,-0.0131338963451735,0.999884299666323));
#12375=DIRECTION('',(0.999957396100531,-0.00523059878518842,0.00760570971014937));
#12376=DIRECTION('',(0.866013782022165,-0.00448657415663025,0.500000000000002));
#12377=DIRECTION('',(0.00518064959413937,0.999986580344851,5.42101086242752E-19));
#12378=DIRECTION('',(0.413644500289293,-0.725102809107065,-0.550567110900618));
#12379=DIRECTION('',(0.868604106819242,0.495506716015797,-2.40824532574337E-18));
#12380=DIRECTION('center_axis',(0.,0.,1.));
#12381=DIRECTION('ref_axis',(1.,0.,0.));
#12382=CARTESIAN_POINT('',(0.,0.,0.));
#12383=CARTESIAN_POINT('',(0.,0.,0.));
#12384=CARTESIAN_POINT('',(0.,0.,0.));
#12385=CARTESIAN_POINT('',(0.,0.,0.));
#12386=CARTESIAN_POINT('',(0.,0.,0.));
#12387=CARTESIAN_POINT('',(0.,0.,0.));
#12388=CARTESIAN_POINT('',(0.,0.,0.));
#12389=CARTESIAN_POINT('Origin',(-9.99999999999999,42.45,0.));
#12390=CARTESIAN_POINT('',(-14.35,45.45,5.32721357629099E-16));
#12391=CARTESIAN_POINT('Origin',(-9.99999999999999,45.45,0.));
#12392=CARTESIAN_POINT('',(-14.35,42.45,5.32721357629099E-16));
#12393=CARTESIAN_POINT('',(-14.35,42.45,5.32721357629099E-16));
#12394=CARTESIAN_POINT('Origin',(-9.99999999999999,42.45,0.));
#12395=CARTESIAN_POINT('Origin',(-9.99999999999999,42.45,0.));
#12396=CARTESIAN_POINT('',(-7.09999999999999,42.45,-3.55147571752732E-16));
#12397=CARTESIAN_POINT('Origin',(-9.99999999999999,42.45,0.));
#12398=CARTESIAN_POINT('Origin',(-24.25,31.25,5.));
#12399=CARTESIAN_POINT('',(-21.25,28.75,5.));
#12400=CARTESIAN_POINT('Origin',(-24.25,28.75,5.));
#12401=CARTESIAN_POINT('',(-21.25,30.,5.));
#12402=CARTESIAN_POINT('',(-21.25,31.25,5.));
#12403=CARTESIAN_POINT('',(-27.,30.,6.19895788082821));
#12404=CARTESIAN_POINT('Origin',(-24.25,30.,5.));
#12405=CARTESIAN_POINT('',(-27.,32.5,6.19895788082821));
#12406=CARTESIAN_POINT('',(-27.,31.25,6.19895788082821));
#12407=CARTESIAN_POINT('',(-21.25,32.5,5.));
#12408=CARTESIAN_POINT('Origin',(-24.25,32.5,5.));
#12409=CARTESIAN_POINT('',(-21.25,33.75,5.));
#12410=CARTESIAN_POINT('',(-21.25,31.25,5.));
#12411=CARTESIAN_POINT('Origin',(-24.25,33.75,5.));
#12412=CARTESIAN_POINT('',(-27.,32.5,3.80104211917179));
#12413=CARTESIAN_POINT('Origin',(-24.25,32.5,5.));
#12414=CARTESIAN_POINT('',(-27.,30.,3.80104211917179));
#12415=CARTESIAN_POINT('',(-27.,31.25,3.80104211917179));
#12416=CARTESIAN_POINT('Origin',(-24.25,30.,5.));
#12417=CARTESIAN_POINT('Origin',(-24.25,33.75,5.));
#12418=CARTESIAN_POINT('',(-22.625,33.75,5.));
#12419=CARTESIAN_POINT('Origin',(-24.25,33.75,5.));
#12420=CARTESIAN_POINT('Origin',(-24.25,31.25,5.));
#12421=CARTESIAN_POINT('',(-22.625,28.75,5.));
#12422=CARTESIAN_POINT('Origin',(-24.25,28.75,5.));
#12423=CARTESIAN_POINT('',(-22.625,31.25,5.));
#12424=CARTESIAN_POINT('Origin',(-24.25,28.75,5.));
#12425=CARTESIAN_POINT('Origin',(-20.,32.5,10.));
#12426=CARTESIAN_POINT('',(-27.,32.5,9.5));
#12427=CARTESIAN_POINT('',(-27.,32.5,5.));
#12428=CARTESIAN_POINT('',(-20.,32.5,9.5));
#12429=CARTESIAN_POINT('',(-20.,32.5,9.5));
#12430=CARTESIAN_POINT('',(-20.,32.5,-9.5));
#12431=CARTESIAN_POINT('',(-20.,32.5,0.));
#12432=CARTESIAN_POINT('',(-27.,32.5,-9.5));
#12433=CARTESIAN_POINT('',(0.,32.5,-9.5));
#12434=CARTESIAN_POINT('',(-27.,32.5,-6.19895788082821));
#12435=CARTESIAN_POINT('',(-27.,32.5,5.));
#12436=CARTESIAN_POINT('',(-21.25,32.5,-5.));
#12437=CARTESIAN_POINT('Origin',(-24.25,32.5,-5.));
#12438=CARTESIAN_POINT('',(-27.,32.5,-3.80104211917179));
#12439=CARTESIAN_POINT('Origin',(-24.25,32.5,-5.));
#12440=CARTESIAN_POINT('',(-27.,32.5,5.));
#12441=CARTESIAN_POINT('Origin',(-27.,31.25,0.));
#12442=CARTESIAN_POINT('',(-27.,30.,9.5));
#12443=CARTESIAN_POINT('',(-27.,30.,-5.));
#12444=CARTESIAN_POINT('',(-27.,15.625,9.5));
#12445=CARTESIAN_POINT('Origin',(-27.,31.25,0.));
#12446=CARTESIAN_POINT('',(-27.,30.,-3.80104211917179));
#12447=CARTESIAN_POINT('',(-27.,31.25,-3.80104211917179));
#12448=CARTESIAN_POINT('',(-27.,30.,-5.));
#12449=CARTESIAN_POINT('Origin',(-27.,31.25,0.));
#12450=CARTESIAN_POINT('',(-27.,30.,-6.19895788082821));
#12451=CARTESIAN_POINT('',(-27.,31.25,-6.19895788082821));
#12452=CARTESIAN_POINT('',(-27.,30.,-9.5));
#12453=CARTESIAN_POINT('',(-27.,15.625,-9.5));
#12454=CARTESIAN_POINT('',(-27.,30.,-5.));
#12455=CARTESIAN_POINT('Origin',(27.,31.25,0.));
#12456=CARTESIAN_POINT('',(27.,30.,-6.19895788082819));
#12457=CARTESIAN_POINT('',(27.,32.5,-6.19895788082819));
#12458=CARTESIAN_POINT('',(27.,31.25,-6.19895788082819));
#12459=CARTESIAN_POINT('',(27.,30.,-9.5));
#12460=CARTESIAN_POINT('',(27.,30.,-10.));
#12461=CARTESIAN_POINT('',(27.,32.5,-9.5));
#12462=CARTESIAN_POINT('',(27.,15.625,-9.5));
#12463=CARTESIAN_POINT('',(27.,32.5,10.));
#12464=CARTESIAN_POINT('Origin',(27.,31.25,0.));
#12465=CARTESIAN_POINT('',(27.,30.,3.80104211917181));
#12466=CARTESIAN_POINT('',(27.,32.5,3.80104211917181));
#12467=CARTESIAN_POINT('',(27.,31.25,3.80104211917181));
#12468=CARTESIAN_POINT('',(27.,30.,-3.80104211917181));
#12469=CARTESIAN_POINT('',(27.,30.,-10.));
#12470=CARTESIAN_POINT('',(27.,32.5,-3.80104211917181));
#12471=CARTESIAN_POINT('',(27.,31.25,-3.80104211917181));
#12472=CARTESIAN_POINT('',(27.,32.5,10.));
#12473=CARTESIAN_POINT('Origin',(27.,31.25,0.));
#12474=CARTESIAN_POINT('',(27.,32.5,6.19895788082819));
#12475=CARTESIAN_POINT('',(27.,30.,6.19895788082819));
#12476=CARTESIAN_POINT('',(27.,31.25,6.19895788082819));
#12477=CARTESIAN_POINT('',(27.,32.5,9.5));
#12478=CARTESIAN_POINT('',(27.,32.5,10.));
#12479=CARTESIAN_POINT('',(27.,30.,9.5));
#12480=CARTESIAN_POINT('',(27.,15.625,9.5));
#12481=CARTESIAN_POINT('',(27.,30.,-10.));
#12482=CARTESIAN_POINT('Origin',(20.,32.5,-10.));
#12483=CARTESIAN_POINT('Origin',(24.25,32.5,5.));
#12484=CARTESIAN_POINT('Origin',(24.25,32.5,-5.));
#12485=CARTESIAN_POINT('',(20.,32.5,-9.5));
#12486=CARTESIAN_POINT('',(20.,32.5,-9.5));
#12487=CARTESIAN_POINT('',(20.,32.5,9.5));
#12488=CARTESIAN_POINT('',(20.,32.5,0.));
#12489=CARTESIAN_POINT('',(0.,32.5,9.5));
#12490=CARTESIAN_POINT('Origin',(-9.99999999999999,40.2,0.));
#12491=CARTESIAN_POINT('',(-7.09999999999999,42.2,3.55147571752732E-16));
#12492=CARTESIAN_POINT('',(-7.09999999999999,40.2,-3.55147571752732E-16));
#12493=CARTESIAN_POINT('Origin',(-9.99999999999999,42.2,0.));
#12494=CARTESIAN_POINT('Origin',(-19.5,0.,-9.5));
#12495=CARTESIAN_POINT('',(-19.5,39.7,-10.));
#12496=CARTESIAN_POINT('',(-19.5,32.,-10.));
#12497=CARTESIAN_POINT('',(-19.5,0.,-10.));
#12498=CARTESIAN_POINT('Origin',(-19.5,32.,-9.5));
#12499=CARTESIAN_POINT('',(-20.,40.2,-9.5));
#12500=CARTESIAN_POINT('',(-20.,0.,-9.5));
#12501=CARTESIAN_POINT('Origin',(-19.5,39.7,-9.5));
#12502=CARTESIAN_POINT('Origin',(19.5,0.,-9.5));
#12503=CARTESIAN_POINT('',(20.,40.2,-9.5));
#12504=CARTESIAN_POINT('',(20.,0.,-9.5));
#12505=CARTESIAN_POINT('',(19.5,32.,-10.));
#12506=CARTESIAN_POINT('Origin',(19.5,32.,-9.5));
#12507=CARTESIAN_POINT('',(19.5,39.7,-10.));
#12508=CARTESIAN_POINT('',(19.5,0.,-10.));
#12509=CARTESIAN_POINT('Origin',(19.5,39.7,-9.5));
#12510=CARTESIAN_POINT('Origin',(0.,32.,-9.5));
#12511=CARTESIAN_POINT('',(-26.5,32.,-10.));
#12512=CARTESIAN_POINT('',(0.,32.,-10.));
#12513=CARTESIAN_POINT('Origin',(-26.5,32.,-9.5));
#12514=CARTESIAN_POINT('Origin',(20.,32.,-9.5));
#12515=CARTESIAN_POINT('',(26.5,32.,-10.));
#12516=CARTESIAN_POINT('Origin',(26.5,32.,-9.5));
#12517=CARTESIAN_POINT('',(20.,32.,-10.));
#12518=CARTESIAN_POINT('Origin',(0.,30.5,-9.5));
#12519=CARTESIAN_POINT('',(-26.5,30.5,-10.));
#12520=CARTESIAN_POINT('',(-19.5,30.5,-10.));
#12521=CARTESIAN_POINT('',(0.,30.5,-10.));
#12522=CARTESIAN_POINT('',(-20.,30.,-9.5));
#12523=CARTESIAN_POINT('Origin',(-19.5,30.5,-9.5));
#12524=CARTESIAN_POINT('',(0.,30.,-9.5));
#12525=CARTESIAN_POINT('Origin',(-26.5,30.5,-9.5));
#12526=CARTESIAN_POINT('Origin',(10.,0.5,-9.5));
#12527=CARTESIAN_POINT('',(-19.5,0.5,-10.));
#12528=CARTESIAN_POINT('',(19.5,0.5,-10.));
#12529=CARTESIAN_POINT('',(10.,0.5,-10.));
#12530=CARTESIAN_POINT('',(20.,0.,-9.5));
#12531=CARTESIAN_POINT('Origin',(19.5,0.5,-9.5));
#12532=CARTESIAN_POINT('',(-20.,0.,-9.5));
#12533=CARTESIAN_POINT('',(10.,0.,-9.5));
#12534=CARTESIAN_POINT('Origin',(-19.5,0.5,-9.5));
#12535=CARTESIAN_POINT('Origin',(19.5,0.,-9.5));
#12536=CARTESIAN_POINT('',(20.,30.,-9.5));
#12537=CARTESIAN_POINT('',(20.,0.,-9.5));
#12538=CARTESIAN_POINT('',(19.5,30.5,-10.));
#12539=CARTESIAN_POINT('',(19.5,0.,-10.));
#12540=CARTESIAN_POINT('Origin',(19.5,30.5,-9.5));
#12541=CARTESIAN_POINT('Origin',(-19.5,0.,-9.5));
#12542=CARTESIAN_POINT('',(-19.5,0.,-10.));
#12543=CARTESIAN_POINT('',(-20.,0.,-9.5));
#12544=CARTESIAN_POINT('Origin',(20.,30.5,-9.5));
#12545=CARTESIAN_POINT('',(20.,30.,-9.5));
#12546=CARTESIAN_POINT('',(26.5,30.5,-10.));
#12547=CARTESIAN_POINT('',(20.,30.5,-10.));
#12548=CARTESIAN_POINT('Origin',(26.5,30.5,-9.5));
#12549=CARTESIAN_POINT('Origin',(26.5,15.625,-9.5));
#12550=CARTESIAN_POINT('',(26.5,15.625,-10.));
#12551=CARTESIAN_POINT('Origin',(-26.5,15.625,-9.5));
#12552=CARTESIAN_POINT('',(-26.5,15.625,-10.));
#12553=CARTESIAN_POINT('Origin',(10.,39.7,-9.5));
#12554=CARTESIAN_POINT('',(10.,40.2,-9.5));
#12555=CARTESIAN_POINT('',(10.,39.7,-10.));
#12556=CARTESIAN_POINT('Origin',(-20.,0.,-10.));
#12557=CARTESIAN_POINT('',(-20.,40.2,9.5));
#12558=CARTESIAN_POINT('',(-20.,0.,9.5));
#12559=CARTESIAN_POINT('',(-20.,40.2,-10.));
#12560=CARTESIAN_POINT('Origin',(-20.,30.,-10.));
#12561=CARTESIAN_POINT('',(-21.25,30.,-5.));
#12562=CARTESIAN_POINT('Origin',(-24.25,30.,-5.));
#12563=CARTESIAN_POINT('Origin',(-24.25,30.,-5.));
#12564=CARTESIAN_POINT('',(-20.,30.,9.5));
#12565=CARTESIAN_POINT('',(-20.,30.,-10.));
#12566=CARTESIAN_POINT('',(-20.,30.,9.5));
#12567=CARTESIAN_POINT('Origin',(-20.,0.,-10.));
#12568=CARTESIAN_POINT('',(-20.,0.,9.5));
#12569=CARTESIAN_POINT('',(-20.,0.,-10.));
#12570=CARTESIAN_POINT('',(-20.,0.,9.5));
#12571=CARTESIAN_POINT('Origin',(0.,0.,0.));
#12572=CARTESIAN_POINT('',(20.,0.,9.5));
#12573=CARTESIAN_POINT('',(20.,0.,10.));
#12574=CARTESIAN_POINT('',(-10.,0.,9.5));
#12575=CARTESIAN_POINT('Origin',(20.,0.,-10.));
#12576=CARTESIAN_POINT('Origin',(19.5,0.,9.5));
#12577=CARTESIAN_POINT('',(19.5,39.7,10.));
#12578=CARTESIAN_POINT('',(19.5,32.,10.));
#12579=CARTESIAN_POINT('',(19.5,0.,10.));
#12580=CARTESIAN_POINT('Origin',(19.5,32.,9.5));
#12581=CARTESIAN_POINT('',(20.,40.2,9.5));
#12582=CARTESIAN_POINT('',(20.,0.,9.5));
#12583=CARTESIAN_POINT('Origin',(19.5,39.7,9.5));
#12584=CARTESIAN_POINT('Origin',(-19.5,0.,9.5));
#12585=CARTESIAN_POINT('',(-19.5,32.,10.));
#12586=CARTESIAN_POINT('Origin',(-19.5,32.,9.5));
#12587=CARTESIAN_POINT('',(-19.5,39.7,10.));
#12588=CARTESIAN_POINT('',(-19.5,0.,10.));
#12589=CARTESIAN_POINT('Origin',(-19.5,39.7,9.5));
#12590=CARTESIAN_POINT('Origin',(0.,32.,9.5));
#12591=CARTESIAN_POINT('',(26.5,32.,10.));
#12592=CARTESIAN_POINT('',(0.,32.,10.));
#12593=CARTESIAN_POINT('Origin',(26.5,32.,9.5));
#12594=CARTESIAN_POINT('Origin',(-20.,32.,9.5));
#12595=CARTESIAN_POINT('',(-26.5,32.,10.));
#12596=CARTESIAN_POINT('Origin',(-26.5,32.,9.5));
#12597=CARTESIAN_POINT('',(-20.,32.,10.));
#12598=CARTESIAN_POINT('Origin',(0.,30.5,9.5));
#12599=CARTESIAN_POINT('',(26.5,30.5,10.));
#12600=CARTESIAN_POINT('',(19.5,30.5,10.));
#12601=CARTESIAN_POINT('',(0.,30.5,10.));
#12602=CARTESIAN_POINT('',(20.,30.,9.5));
#12603=CARTESIAN_POINT('Origin',(19.5,30.5,9.5));
#12604=CARTESIAN_POINT('',(0.,30.,9.5));
#12605=CARTESIAN_POINT('Origin',(26.5,30.5,9.5));
#12606=CARTESIAN_POINT('Origin',(19.5,0.,9.5));
#12607=CARTESIAN_POINT('',(19.5,0.5,10.));
#12608=CARTESIAN_POINT('',(19.5,0.,10.));
#12609=CARTESIAN_POINT('Origin',(19.5,0.5,9.5));
#12610=CARTESIAN_POINT('',(20.,0.,9.5));
#12611=CARTESIAN_POINT('Origin',(-10.,0.5,9.5));
#12612=CARTESIAN_POINT('',(-19.5,0.5,10.));
#12613=CARTESIAN_POINT('',(-10.,0.5,10.));
#12614=CARTESIAN_POINT('Origin',(-19.5,0.5,9.5));
#12615=CARTESIAN_POINT('Origin',(-19.5,0.,9.5));
#12616=CARTESIAN_POINT('',(-19.5,30.5,10.));
#12617=CARTESIAN_POINT('',(-19.5,0.,10.));
#12618=CARTESIAN_POINT('Origin',(-19.5,30.5,9.5));
#12619=CARTESIAN_POINT('Origin',(-20.,30.5,9.5));
#12620=CARTESIAN_POINT('',(-26.5,30.5,10.));
#12621=CARTESIAN_POINT('',(-20.,30.5,10.));
#12622=CARTESIAN_POINT('Origin',(-26.5,30.5,9.5));
#12623=CARTESIAN_POINT('Origin',(-26.5,15.625,9.5));
#12624=CARTESIAN_POINT('',(-26.5,15.625,10.));
#12625=CARTESIAN_POINT('Origin',(26.5,15.625,9.5));
#12626=CARTESIAN_POINT('',(26.5,15.625,10.));
#12627=CARTESIAN_POINT('Origin',(-10.,39.7,9.5));
#12628=CARTESIAN_POINT('',(-10.,40.2,9.5));
#12629=CARTESIAN_POINT('',(-10.,39.7,10.));
#12630=CARTESIAN_POINT('Origin',(0.,40.2,0.));
#12631=CARTESIAN_POINT('',(20.,40.2,10.));
#12632=CARTESIAN_POINT('',(-3.49999999999999,40.2,-7.9602041944578E-16));
#12633=CARTESIAN_POINT('Origin',(-9.99999999999999,40.2,0.));
#12634=CARTESIAN_POINT('Origin',(20.,0.,10.));
#12635=CARTESIAN_POINT('Origin',(20.,30.,10.));
#12636=CARTESIAN_POINT('Origin',(24.25,30.,5.));
#12637=CARTESIAN_POINT('',(20.,30.,10.));
#12638=CARTESIAN_POINT('Origin',(24.25,30.,-5.));
#12639=CARTESIAN_POINT('Origin',(-20.,0.,10.));
#12640=CARTESIAN_POINT('Origin',(20.,0.,10.));
#12641=CARTESIAN_POINT('Origin',(-9.99999999999999,46.2,0.));
#12642=CARTESIAN_POINT('',(-12.9,46.2,3.55147571752732E-16));
#12643=CARTESIAN_POINT('Origin',(-9.99999999999999,46.2,0.));
#12644=CARTESIAN_POINT('Origin',(-9.99999999999999,40.2,0.));
#12645=CARTESIAN_POINT('',(-3.49999999999999,42.2,-7.9602041944578E-16));
#12646=CARTESIAN_POINT('Origin',(-9.99999999999999,42.2,0.));
#12647=CARTESIAN_POINT('',(-3.49999999999999,40.2,-7.9602041944578E-16));
#12648=CARTESIAN_POINT('Origin',(-9.99999999999999,42.2,0.));
#12649=CARTESIAN_POINT('Origin',(-9.99999999999999,45.45,0.));
#12650=CARTESIAN_POINT('',(-12.9,48.05,3.55147571752732E-16));
#12651=CARTESIAN_POINT('Origin',(-9.99999999999999,48.05,0.));
#12652=CARTESIAN_POINT('',(-12.9,45.45,3.55147571752732E-16));
#12653=CARTESIAN_POINT('Origin',(-10.,45.45,-15.9287263938571));
#12654=CARTESIAN_POINT('',(-12.3220660101647,45.45,-16.4092968459496));
#12655=CARTESIAN_POINT('',(-7.67793398983532,45.45,-16.4092968459496));
#12656=CARTESIAN_POINT('Origin',(-10.,45.45,-15.9287263938571));
#12657=CARTESIAN_POINT('',(-12.3220660101647,48.05,-16.4092968459496));
#12658=CARTESIAN_POINT('',(-12.3220660101647,45.45,-16.4092968459496));
#12659=CARTESIAN_POINT('',(-7.67793398983532,48.05,-16.4092968459496));
#12660=CARTESIAN_POINT('Origin',(-10.,48.05,-15.9287263938571));
#12661=CARTESIAN_POINT('',(-7.67793398983532,45.45,-16.4092968459496));
#12662=CARTESIAN_POINT('Origin',(-5.26238456605013,45.45,-4.73761543394988));
#12663=CARTESIAN_POINT('',(-5.26238456605013,45.45,-4.73761543394988));
#12664=CARTESIAN_POINT('',(-4.88956884737071,45.45,-2.93620899160382));
#12665=CARTESIAN_POINT('',(-5.26238456605013,48.05,-4.73761543394988));
#12666=CARTESIAN_POINT('',(-4.88956884737071,48.05,-2.93620899160382));
#12667=CARTESIAN_POINT('',(-5.26238456605013,45.45,-4.73761543394988));
#12668=CARTESIAN_POINT('Origin',(6.40929684594996,45.45,-2.32206601020841));
#12669=CARTESIAN_POINT('',(6.40929684594996,45.45,-2.32206601020841));
#12670=CARTESIAN_POINT('',(-1.22795030240734,45.45,-3.90265644075412));
#12671=CARTESIAN_POINT('',(6.40929684594996,48.05,-2.32206601020841));
#12672=CARTESIAN_POINT('',(-1.22795030240734,48.05,-3.90265644075412));
#12673=CARTESIAN_POINT('',(6.40929684594996,45.45,-2.32206601020841));
#12674=CARTESIAN_POINT('Origin',(5.92872639385712,45.45,-4.44089209850063E-15));
#12675=CARTESIAN_POINT('',(6.40929684594996,45.45,2.3220660102084));
#12676=CARTESIAN_POINT('Origin',(5.92872639385712,45.45,-4.44089209850063E-15));
#12677=CARTESIAN_POINT('',(6.40929684594996,48.05,2.3220660102084));
#12678=CARTESIAN_POINT('Origin',(5.92872639385712,48.05,-4.44089209850063E-15));
#12679=CARTESIAN_POINT('',(6.40929684594996,45.45,2.3220660102084));
#12680=CARTESIAN_POINT('Origin',(-5.26238456605013,45.45,4.73761543394987));
#12681=CARTESIAN_POINT('',(-5.26238456605013,45.45,4.73761543394987));
#12682=CARTESIAN_POINT('',(-7.06379100840739,45.45,5.11043115262486));
#12683=CARTESIAN_POINT('',(-5.26238456605013,48.05,4.73761543394987));
#12684=CARTESIAN_POINT('',(-7.06379100840739,48.05,5.11043115262486));
#12685=CARTESIAN_POINT('',(-5.26238456605013,45.45,4.73761543394987));
#12686=CARTESIAN_POINT('Origin',(-7.67793398983532,45.45,16.4092968459496));
#12687=CARTESIAN_POINT('',(-7.67793398983532,45.45,16.4092968459496));
#12688=CARTESIAN_POINT('',(-6.0973435592633,45.45,8.77204969760369));
#12689=CARTESIAN_POINT('',(-7.67793398983532,48.05,16.4092968459496));
#12690=CARTESIAN_POINT('',(-6.0973435592633,48.05,8.77204969760369));
#12691=CARTESIAN_POINT('',(-7.67793398983532,45.45,16.4092968459496));
#12692=CARTESIAN_POINT('Origin',(-9.99999999999999,45.45,15.9287263938571));
#12693=CARTESIAN_POINT('',(-12.3220660101647,45.45,16.4092968459496));
#12694=CARTESIAN_POINT('Origin',(-9.99999999999999,45.45,15.9287263938571));
#12695=CARTESIAN_POINT('',(-12.3220660101647,48.05,16.4092968459496));
#12696=CARTESIAN_POINT('Origin',(-9.99999999999999,48.05,15.9287263938571));
#12697=CARTESIAN_POINT('',(-12.3220660101647,45.45,16.4092968459496));
#12698=CARTESIAN_POINT('Origin',(-14.7376154339499,45.45,4.73761543394987));
#12699=CARTESIAN_POINT('',(-14.7376154339499,45.45,4.73761543394987));
#12700=CARTESIAN_POINT('',(-15.1104311526293,45.45,2.93620899160381));
#12701=CARTESIAN_POINT('',(-14.7376154339499,48.05,4.73761543394987));
#12702=CARTESIAN_POINT('',(-15.1104311526293,48.05,2.93620899160381));
#12703=CARTESIAN_POINT('',(-14.7376154339499,45.45,4.73761543394987));
#12704=CARTESIAN_POINT('Origin',(-26.4092968459499,45.45,2.3220660102084));
#12705=CARTESIAN_POINT('',(-26.4092968459499,45.45,2.3220660102084));
#12706=CARTESIAN_POINT('',(-18.7720496975926,45.45,3.90265644075412));
#12707=CARTESIAN_POINT('',(-26.4092968459499,48.05,2.3220660102084));
#12708=CARTESIAN_POINT('',(-18.7720496975926,48.05,3.90265644075412));
#12709=CARTESIAN_POINT('',(-26.4092968459499,45.45,2.3220660102084));
#12710=CARTESIAN_POINT('Origin',(-25.9287263938571,45.45,1.33226762955019E-14));
#12711=CARTESIAN_POINT('',(-26.4092968459499,45.45,-2.32206601020839));
#12712=CARTESIAN_POINT('Origin',(-25.9287263938571,45.45,1.33226762955019E-14));
#12713=CARTESIAN_POINT('',(-26.4092968459499,48.05,-2.32206601020839));
#12714=CARTESIAN_POINT('Origin',(-25.9287263938571,48.05,1.33226762955019E-14));
#12715=CARTESIAN_POINT('',(-26.4092968459499,45.45,-2.32206601020839));
#12716=CARTESIAN_POINT('Origin',(-14.7376154339499,45.45,-4.73761543394987));
#12717=CARTESIAN_POINT('',(-14.7376154339499,45.45,-4.73761543394987));
#12718=CARTESIAN_POINT('',(-12.9362089915926,45.45,-5.11043115262486));
#12719=CARTESIAN_POINT('',(-14.7376154339499,48.05,-4.73761543394987));
#12720=CARTESIAN_POINT('',(-12.9362089915926,48.05,-5.11043115262486));
#12721=CARTESIAN_POINT('',(-14.7376154339499,45.45,-4.73761543394987));
#12722=CARTESIAN_POINT('Origin',(-12.3220660101647,45.45,-16.4092968459496));
#12723=CARTESIAN_POINT('',(-13.9026564407367,45.45,-8.77204969760369));
#12724=CARTESIAN_POINT('',(-13.9026564407367,48.05,-8.77204969760369));
#12725=CARTESIAN_POINT('Origin',(-10.,48.05,0.));
#12726=CARTESIAN_POINT('Origin',(-10.,45.45,0.));
#12727=CARTESIAN_POINT('Origin',(24.25,33.75,-5.));
#12728=CARTESIAN_POINT('',(27.25,33.75,-5.));
#12729=CARTESIAN_POINT('Origin',(24.25,33.75,-5.));
#12730=CARTESIAN_POINT('',(25.875,33.75,-5.));
#12731=CARTESIAN_POINT('Origin',(24.25,33.75,-5.));
#12732=CARTESIAN_POINT('Origin',(24.25,31.25,-5.));
#12733=CARTESIAN_POINT('',(25.875,28.75,-5.));
#12734=CARTESIAN_POINT('Origin',(24.25,28.75,-5.));
#12735=CARTESIAN_POINT('',(25.875,31.25,-5.));
#12736=CARTESIAN_POINT('Origin',(24.25,31.25,-5.));
#12737=CARTESIAN_POINT('',(27.25,28.75,-5.));
#12738=CARTESIAN_POINT('Origin',(24.25,28.75,-5.));
#12739=CARTESIAN_POINT('',(27.25,31.25,-5.));
#12740=CARTESIAN_POINT('Origin',(24.25,28.75,-5.));
#12741=CARTESIAN_POINT('Origin',(24.25,33.75,5.));
#12742=CARTESIAN_POINT('',(27.25,33.75,5.));
#12743=CARTESIAN_POINT('Origin',(24.25,33.75,5.));
#12744=CARTESIAN_POINT('',(25.875,33.75,5.));
#12745=CARTESIAN_POINT('Origin',(24.25,33.75,5.));
#12746=CARTESIAN_POINT('Origin',(24.25,31.25,5.));
#12747=CARTESIAN_POINT('',(25.875,28.75,5.));
#12748=CARTESIAN_POINT('Origin',(24.25,28.75,5.));
#12749=CARTESIAN_POINT('',(25.875,31.25,5.));
#12750=CARTESIAN_POINT('Origin',(24.25,31.25,5.));
#12751=CARTESIAN_POINT('',(27.25,28.75,5.));
#12752=CARTESIAN_POINT('Origin',(24.25,28.75,5.));
#12753=CARTESIAN_POINT('',(27.25,31.25,5.));
#12754=CARTESIAN_POINT('Origin',(24.25,28.75,5.));
#12755=CARTESIAN_POINT('Origin',(-24.25,33.75,-5.));
#12756=CARTESIAN_POINT('',(-21.25,33.75,-5.));
#12757=CARTESIAN_POINT('Origin',(-24.25,33.75,-5.));
#12758=CARTESIAN_POINT('',(-22.625,33.75,-5.));
#12759=CARTESIAN_POINT('Origin',(-24.25,33.75,-5.));
#12760=CARTESIAN_POINT('Origin',(-24.25,31.25,-5.));
#12761=CARTESIAN_POINT('',(-22.625,28.75,-5.));
#12762=CARTESIAN_POINT('Origin',(-24.25,28.75,-5.));
#12763=CARTESIAN_POINT('',(-22.625,31.25,-5.));
#12764=CARTESIAN_POINT('Origin',(-24.25,31.25,-5.));
#12765=CARTESIAN_POINT('',(-21.25,28.75,-5.));
#12766=CARTESIAN_POINT('Origin',(-24.25,28.75,-5.));
#12767=CARTESIAN_POINT('',(-21.25,31.25,-5.));
#12768=CARTESIAN_POINT('',(-21.25,31.25,-5.));
#12769=CARTESIAN_POINT('Origin',(-24.25,28.75,-5.));
#12770=CARTESIAN_POINT('',(0.,0.,0.));
#12771=CARTESIAN_POINT('',(0.,0.,0.));
#12772=CARTESIAN_POINT('',(30.7414010551492,19.0505236745842,10.2712153818674));
#12773=CARTESIAN_POINT('',(0.,0.,0.));
#12774=CARTESIAN_POINT('',(0.,0.,0.));
#12775=CARTESIAN_POINT('',(30.7414010551492,19.0505236745842,10.2712153818674));
#12776=CARTESIAN_POINT('',(0.,0.,0.));
#12777=CARTESIAN_POINT('',(0.,0.,0.));
#12778=CARTESIAN_POINT('',(30.7414010551492,19.0505236745842,10.2712153818674));
#12779=CARTESIAN_POINT('',(0.,0.,0.));
#12780=CARTESIAN_POINT('Origin',(3.2648237222779,21.5319315099566,10.));
#12781=CARTESIAN_POINT('',(-23.6135737222778,6.01368150995655,-1.495));
#12782=CARTESIAN_POINT('',(3.2648237222779,21.5319315099565,-1.495));
#12783=CARTESIAN_POINT('',(-3.45477563886105,17.6523690099565,-1.495));
#12784=CARTESIAN_POINT('',(-23.6135737222778,6.01368150995655,10.));
#12785=CARTESIAN_POINT('',(-23.6135737222778,6.01368150995655,10.));
#12786=CARTESIAN_POINT('',(3.2648237222779,21.5319315099565,10.));
#12787=CARTESIAN_POINT('',(-3.45477563886105,17.6523690099565,10.));
#12788=CARTESIAN_POINT('',(3.26482372227791,21.5319315099565,10.));
#12789=CARTESIAN_POINT('Origin',(-2.61624999999999,0.681749999999987,10.));
#12790=CARTESIAN_POINT('',(-6.4195512777221,38.3057610495064,10.));
#12791=CARTESIAN_POINT('',(2.20169872227791,23.3733180247532,10.));
#12792=CARTESIAN_POINT('',(-33.2979487222778,22.7875110495064,10.));
#12793=CARTESIAN_POINT('',(-21.0845112222778,1.63321676443937,10.));
#12794=CARTESIAN_POINT('',(-37.10125,20.5916740330042,10.));
#12795=CARTESIAN_POINT('',(-2.61625,40.5015980660085,10.));
#12796=CARTESIAN_POINT('',(-37.10125,-19.2281740330042,10.));
#12797=CARTESIAN_POINT('',(-37.1012499999999,20.5916740330043,10.));
#12798=CARTESIAN_POINT('',(-33.2979487222779,-21.4240110495063,10.));
#12799=CARTESIAN_POINT('',(-37.10125,-19.2281740330042,10.));
#12800=CARTESIAN_POINT('',(-23.6135737222779,-4.65018150995649,10.));
#12801=CARTESIAN_POINT('',(-21.0845112222779,-0.269716764439327,10.));
#12802=CARTESIAN_POINT('',(3.26482372227782,-20.1684315099565,10.));
#12803=CARTESIAN_POINT('',(-16.8939743611389,-8.5297440099565,10.));
#12804=CARTESIAN_POINT('',(-6.41955127772219,-36.9422610495063,10.));
#12805=CARTESIAN_POINT('',(5.79388622227782,-15.7879667644393,10.));
#12806=CARTESIAN_POINT('',(-2.61625000000002,-39.1380980660085,10.));
#12807=CARTESIAN_POINT('',(-37.10125,-19.2281740330042,10.));
#12808=CARTESIAN_POINT('',(31.86875,-19.2281740330043,10.));
#12809=CARTESIAN_POINT('',(-2.61625000000002,-39.1380980660085,10.));
#12810=CARTESIAN_POINT('',(31.86875,-14.8365,10.));
#12811=CARTESIAN_POINT('',(31.86875,-19.2281740330043,10.));
#12812=CARTESIAN_POINT('',(12.5,-14.8365,10.));
#12813=CARTESIAN_POINT('',(14.62625,-14.8365,10.));
#12814=CARTESIAN_POINT('',(12.5,16.2,10.));
#12815=CARTESIAN_POINT('',(12.5,-7.07737500000002,10.));
#12816=CARTESIAN_POINT('',(31.86875,16.2,10.));
#12817=CARTESIAN_POINT('',(7.44187500000001,16.2,10.));
#12818=CARTESIAN_POINT('',(31.86875,20.5916740330042,10.));
#12819=CARTESIAN_POINT('',(31.86875,-19.2281740330043,10.));
#12820=CARTESIAN_POINT('',(-2.61625,40.5015980660085,10.));
#12821=CARTESIAN_POINT('',(31.86875,20.5916740330042,10.));
#12822=CARTESIAN_POINT('',(-2.61625,40.5015980660085,10.));
#12823=CARTESIAN_POINT('Origin',(12.5,-14.8365,10.));
#12824=CARTESIAN_POINT('',(12.5,16.2,-1.495));
#12825=CARTESIAN_POINT('',(12.5,-14.8365,-1.495));
#12826=CARTESIAN_POINT('',(12.5,-7.07737500000002,-1.495));
#12827=CARTESIAN_POINT('',(12.5,16.2,10.));
#12828=CARTESIAN_POINT('',(12.5,-14.8365,10.));
#12829=CARTESIAN_POINT('Origin',(-23.6135737222779,-4.65018150995648,10.));
#12830=CARTESIAN_POINT('',(3.26482372227782,-20.1684315099565,-1.495));
#12831=CARTESIAN_POINT('',(-23.6135737222779,-4.65018150995649,-1.495));
#12832=CARTESIAN_POINT('',(-16.8939743611389,-8.5297440099565,-1.495));
#12833=CARTESIAN_POINT('',(3.26482372227782,-20.1684315099565,10.));
#12834=CARTESIAN_POINT('',(-23.6135737222779,-4.65018150995648,10.));
#12835=CARTESIAN_POINT('Origin',(-31.0096612964493,-17.4605809656502,4.2525));
#12836=CARTESIAN_POINT('',(-31.880592042702,-18.9690772680337,4.2525));
#12837=CARTESIAN_POINT('Origin',(-31.0096612964493,-17.4605809656502,4.2525));
#12838=CARTESIAN_POINT('',(-37.10125,-15.9549289910408,4.2525));
#12839=CARTESIAN_POINT('',(-31.880592042702,-18.9690772680337,4.2525));
#12840=CARTESIAN_POINT('Origin',(-37.10125,-13.9436005878628,4.2525));
#12841=CARTESIAN_POINT('Origin',(-31.0096612964493,-17.4605809656502,4.2525));
#12842=CARTESIAN_POINT('',(0.218463359151798,-37.5014755450268,4.2525));
#12843=CARTESIAN_POINT('Origin',(1.96032485165716,-36.4958113434378,4.2525));
#12844=CARTESIAN_POINT('',(-5.00219459814628,-34.4873272680338,4.2525));
#12845=CARTESIAN_POINT('',(-31.880592042702,-18.9690772680337,4.2525));
#12846=CARTESIAN_POINT('Origin',(-4.1312638518936,-32.9788309656502,4.2525));
#12847=CARTESIAN_POINT('Origin',(0.76482372227782,-24.4985585288787,10.));
#12848=CARTESIAN_POINT('',(-6.41955127772219,-36.9422610495063,-1.495));
#12849=CARTESIAN_POINT('',(5.79388622227782,-15.7879667644393,-1.495));
#12850=CARTESIAN_POINT('',(-6.41955127772219,-36.9422610495063,4.2525));
#12851=CARTESIAN_POINT('Origin',(-33.2979487222779,-21.4240110495063,10.));
#12852=CARTESIAN_POINT('',(-33.2979487222779,-21.4240110495063,-1.495));
#12853=CARTESIAN_POINT('',(-21.0845112222779,-0.269716764439327,-1.495));
#12854=CARTESIAN_POINT('',(-33.2979487222779,-21.4240110495063,4.2525));
#12855=CARTESIAN_POINT('Origin',(-37.10125,-19.2281740330042,-1.495));
#12856=CARTESIAN_POINT('',(-2.61625000000002,-39.1380980660085,-1.495));
#12857=CARTESIAN_POINT('',(-37.10125,-19.2281740330042,-1.495));
#12858=CARTESIAN_POINT('',(-2.61625000000002,-39.1380980660085,-1.495));
#12859=CARTESIAN_POINT('Origin',(-4.13126385189351,34.3423309656503,4.2525));
#12860=CARTESIAN_POINT('',(-5.0021945981462,35.8508272680338,4.2525));
#12861=CARTESIAN_POINT('Origin',(-4.13126385189352,34.3423309656503,4.2525));
#12862=CARTESIAN_POINT('',(0.218463359151779,38.8649755450268,4.2525));
#12863=CARTESIAN_POINT('',(-5.0021945981462,35.8508272680338,4.2525));
#12864=CARTESIAN_POINT('Origin',(1.96032485165714,37.8593113434377,4.2525));
#12865=CARTESIAN_POINT('Origin',(-4.13126385189351,34.3423309656503,4.2525));
#12866=CARTESIAN_POINT('',(-37.1012499999999,17.3184289910409,4.2525));
#12867=CARTESIAN_POINT('Origin',(-37.1012499999999,15.3071005878628,4.2525));
#12868=CARTESIAN_POINT('',(-31.8805920427019,20.3325772680338,4.2525));
#12869=CARTESIAN_POINT('',(-5.0021945981462,35.8508272680338,4.2525));
#12870=CARTESIAN_POINT('Origin',(-31.0096612964493,18.8240809656503,4.2525));
#12871=CARTESIAN_POINT('Origin',(-26.1135737222778,10.3438085288787,10.));
#12872=CARTESIAN_POINT('',(-33.2979487222778,22.7875110495064,-1.495));
#12873=CARTESIAN_POINT('',(-21.0845112222778,1.63321676443937,-1.495));
#12874=CARTESIAN_POINT('',(-33.2979487222778,22.7875110495064,4.2525));
#12875=CARTESIAN_POINT('Origin',(-6.4195512777221,38.3057610495064,10.));
#12876=CARTESIAN_POINT('',(-6.4195512777221,38.3057610495064,-1.495));
#12877=CARTESIAN_POINT('',(5.79388622227791,17.1514667644394,-1.495));
#12878=CARTESIAN_POINT('',(-6.41955127772208,38.3057610495064,4.2525));
#12879=CARTESIAN_POINT('Origin',(-2.61625,40.5015980660085,-1.495));
#12880=CARTESIAN_POINT('',(-37.1012499999999,20.5916740330043,-1.495));
#12881=CARTESIAN_POINT('',(-2.61625,40.5015980660085,-1.495));
#12882=CARTESIAN_POINT('',(-37.1012499999999,20.5916740330043,-1.495));
#12883=CARTESIAN_POINT('Origin',(27.2921751483428,-14.8365,4.2525));
#12884=CARTESIAN_POINT('',(29.0340366408482,22.2282965539859,4.2525));
#12885=CARTESIAN_POINT('Origin',(27.2921751483428,23.2339607555749,4.2525));
#12886=CARTESIAN_POINT('',(29.0340366408482,16.2,4.2525));
#12887=CARTESIAN_POINT('',(29.0340366408482,-14.8365,4.2525));
#12888=CARTESIAN_POINT('Origin',(27.2921751483428,16.2,4.2525));
#12889=CARTESIAN_POINT('Origin',(27.2921751483428,-14.8365,4.2525));
#12890=CARTESIAN_POINT('',(29.0340366408482,-14.8365,4.2525));
#12891=CARTESIAN_POINT('Origin',(27.2921751483428,-14.8365,4.2525));
#12892=CARTESIAN_POINT('',(29.0340366408482,-20.864796553986,4.2525));
#12893=CARTESIAN_POINT('',(29.0340366408482,-14.8365,4.2525));
#12894=CARTESIAN_POINT('Origin',(27.2921751483428,-21.870460755575,4.2525));
#12895=CARTESIAN_POINT('Origin',(31.86875,-14.8365,10.));
#12896=CARTESIAN_POINT('',(31.86875,-14.8365,-1.495));
#12897=CARTESIAN_POINT('',(7.44187500000001,-14.8365,-1.495));
#12898=CARTESIAN_POINT('',(31.86875,-14.8365,4.2525));
#12899=CARTESIAN_POINT('Origin',(17.5,16.2,10.));
#12900=CARTESIAN_POINT('',(31.86875,16.2,-1.495));
#12901=CARTESIAN_POINT('',(7.44187500000001,16.2,-1.495));
#12902=CARTESIAN_POINT('',(31.86875,16.2,4.2525));
#12903=CARTESIAN_POINT('Origin',(-2.61624999999999,0.681749999999987,-1.495));
#12904=CARTESIAN_POINT('',(-2.61625,40.5015980660085,-1.495));
#12905=CARTESIAN_POINT('',(-2.61625,40.5015980660085,-1.495));
#12906=CARTESIAN_POINT('',(31.86875,20.5916740330042,-1.495));
#12907=CARTESIAN_POINT('',(31.86875,20.5916740330042,-1.495));
#12908=CARTESIAN_POINT('',(31.86875,-19.2281740330043,-1.495));
#12909=CARTESIAN_POINT('',(31.86875,-19.2281740330043,-1.495));
#12910=CARTESIAN_POINT('',(31.86875,-19.2281740330043,-1.495));
#12911=CARTESIAN_POINT('',(-2.61625000000002,-39.1380980660085,-1.495));
#12912=CARTESIAN_POINT('',(-37.10125,-19.2281740330042,-1.495));
#12913=CARTESIAN_POINT('',(-37.10125,-19.2281740330042,-1.495));
#12914=CARTESIAN_POINT('',(-37.1012499999999,20.5916740330043,-1.495));
#12915=CARTESIAN_POINT('Origin',(31.86875,-19.2281740330043,-1.495));
#12916=CARTESIAN_POINT('',(31.86875,-19.2281740330043,-1.495));
#12917=CARTESIAN_POINT('Origin',(-2.61625000000002,-39.1380980660085,-1.495));
#12918=CARTESIAN_POINT('Origin',(-37.10125,-19.2281740330042,-1.495));
#12919=CARTESIAN_POINT('',(-37.10125,-19.2281740330042,-1.495));
#12920=CARTESIAN_POINT('Origin',(-37.1012499999999,20.5916740330043,-1.495));
#12921=CARTESIAN_POINT('Origin',(-2.61625,40.5015980660085,-1.495));
#12922=CARTESIAN_POINT('',(-2.61625,40.5015980660085,-1.495));
#12923=CARTESIAN_POINT('Origin',(31.86875,20.5916740330042,-1.495));
#12924=CARTESIAN_POINT('',(31.86875,20.5916740330042,-1.495));
#12925=CARTESIAN_POINT('Origin',(31.86875,-19.2281740330043,-1.495));
#12926=CARTESIAN_POINT('',(0.,0.,0.));
#12927=CARTESIAN_POINT('Origin',(-12.925,7.,7.));
#12928=CARTESIAN_POINT('',(-51.7,10.,7.));
#12929=CARTESIAN_POINT('',(-51.7,7.,10.));
#12930=CARTESIAN_POINT('Origin',(-51.7,7.,7.));
#12931=CARTESIAN_POINT('',(-25.85,7.,10.));
#12932=CARTESIAN_POINT('',(-12.925,7.,10.));
#12933=CARTESIAN_POINT('',(0.,7.,10.));
#12934=CARTESIAN_POINT('',(-12.925,7.,10.));
#12935=CARTESIAN_POINT('',(0.,10.,7.));
#12936=CARTESIAN_POINT('Origin',(0.,7.,7.));
#12937=CARTESIAN_POINT('',(-12.925,10.,7.));
#12938=CARTESIAN_POINT('Origin',(-51.7,10.,0.));
#12939=CARTESIAN_POINT('',(-51.7,10.,3.));
#12940=CARTESIAN_POINT('',(-51.7,10.,0.));
#12941=CARTESIAN_POINT('',(-51.7,7.,0.));
#12942=CARTESIAN_POINT('Origin',(-51.7,7.,3.));
#12943=CARTESIAN_POINT('',(-51.7,3.,0.));
#12944=CARTESIAN_POINT('',(-51.7,0.,0.));
#12945=CARTESIAN_POINT('',(-51.7,0.,3.));
#12946=CARTESIAN_POINT('Origin',(-51.7,3.,3.));
#12947=CARTESIAN_POINT('',(-51.7,0.,7.));
#12948=CARTESIAN_POINT('',(-51.7,0.,0.));
#12949=CARTESIAN_POINT('',(-51.7,3.,10.));
#12950=CARTESIAN_POINT('Origin',(-51.7,3.,7.));
#12951=CARTESIAN_POINT('',(-51.7,0.,10.));
#12952=CARTESIAN_POINT('',(-51.7,3.25,5.));
#12953=CARTESIAN_POINT('Origin',(-51.7,5.,5.));
#12954=CARTESIAN_POINT('Origin',(0.,10.,0.));
#12955=CARTESIAN_POINT('',(0.,10.,3.));
#12956=CARTESIAN_POINT('',(0.,10.,0.));
#12957=CARTESIAN_POINT('',(-12.925,10.,3.));
#12958=CARTESIAN_POINT('Origin',(-25.85,5.,10.));
#12959=CARTESIAN_POINT('',(-23.85,5.,10.));
#12960=CARTESIAN_POINT('Origin',(-25.85,5.,10.));
#12961=CARTESIAN_POINT('',(-25.85,3.,10.));
#12962=CARTESIAN_POINT('Origin',(-25.85,5.,10.));
#12963=CARTESIAN_POINT('',(0.,3.,10.));
#12964=CARTESIAN_POINT('',(-38.775,3.,10.));
#12965=CARTESIAN_POINT('',(0.,10.,10.));
#12966=CARTESIAN_POINT('Origin',(0.,0.,0.));
#12967=CARTESIAN_POINT('',(0.,0.,7.));
#12968=CARTESIAN_POINT('Origin',(0.,3.,7.));
#12969=CARTESIAN_POINT('',(0.,0.,3.));
#12970=CARTESIAN_POINT('',(0.,0.,0.));
#12971=CARTESIAN_POINT('',(0.,3.,0.));
#12972=CARTESIAN_POINT('Origin',(0.,3.,3.));
#12973=CARTESIAN_POINT('',(0.,7.,0.));
#12974=CARTESIAN_POINT('',(0.,10.,0.));
#12975=CARTESIAN_POINT('Origin',(0.,7.,3.));
#12976=CARTESIAN_POINT('',(0.,3.25,5.));
#12977=CARTESIAN_POINT('Origin',(0.,5.,5.));
#12978=CARTESIAN_POINT('Origin',(-12.925,7.,3.));
#12979=CARTESIAN_POINT('',(-25.85,7.,0.));
#12980=CARTESIAN_POINT('',(-12.925,7.,0.));
#12981=CARTESIAN_POINT('',(-12.925,7.,0.));
#12982=CARTESIAN_POINT('Origin',(-25.85,5.,0.));
#12983=CARTESIAN_POINT('',(-25.85,3.,0.));
#12984=CARTESIAN_POINT('Origin',(-25.85,5.,0.));
#12985=CARTESIAN_POINT('',(-38.775,3.,0.));
#12986=CARTESIAN_POINT('Origin',(-38.775,3.,7.));
#12987=CARTESIAN_POINT('',(-38.775,3.,10.));
#12988=CARTESIAN_POINT('',(-38.775,0.,7.));
#12989=CARTESIAN_POINT('Origin',(-51.7,0.,0.));
#12990=CARTESIAN_POINT('',(-38.775,0.,3.));
#12991=CARTESIAN_POINT('Origin',(-38.775,3.,3.));
#12992=CARTESIAN_POINT('',(-38.775,3.,0.));
#12993=CARTESIAN_POINT('Origin',(-25.85,5.,10.));
#12994=CARTESIAN_POINT('Origin',(-25.85,5.,10.));
#12995=CARTESIAN_POINT('',(-23.85,5.,6.75));
#12996=CARTESIAN_POINT('',(-23.85,5.,10.));
#12997=CARTESIAN_POINT('',(-24.8817541634481,3.25,5.));
#12998=CARTESIAN_POINT('Ctrl Pts',(-24.8817541634481,3.25,5.));
#12999=CARTESIAN_POINT('Ctrl Pts',(-24.8817541634481,3.25,5.12460169954975));
#13000=CARTESIAN_POINT('Ctrl Pts',(-24.8573098458144,3.26314128038384,5.24381400586414));
#13001=CARTESIAN_POINT('Ctrl Pts',(-24.7780590505903,3.31088458416415,5.47221758076913));
#13002=CARTESIAN_POINT('Ctrl Pts',(-24.7237400944577,3.34556464291322,5.581561404055));
#13003=CARTESIAN_POINT('Ctrl Pts',(-24.5427396177999,3.47896750856803,5.89467577887091));
#13004=CARTESIAN_POINT('Ctrl Pts',(-24.4000201988229,3.6086121965819,6.08348593073481));
#13005=CARTESIAN_POINT('Ctrl Pts',(-24.1645161311118,3.90764161656541,6.38251535071833));
#13006=CARTESIAN_POINT('Ctrl Pts',(-24.0517905863391,4.0952570780284,6.51601760004457));
#13007=CARTESIAN_POINT('Ctrl Pts',(-23.8941578810317,4.52376606106319,6.7000207874185));
#13008=CARTESIAN_POINT('Ctrl Pts',(-23.85,4.7651586140436,6.75));
#13009=CARTESIAN_POINT('Ctrl Pts',(-23.85,5.,6.75));
#13010=CARTESIAN_POINT('',(-23.85,5.,3.25));
#13011=CARTESIAN_POINT('Ctrl Pts',(-23.85,5.,3.25));
#13012=CARTESIAN_POINT('Ctrl Pts',(-23.85,4.7651586140436,3.25));
#13013=CARTESIAN_POINT('Ctrl Pts',(-23.8941578810317,4.5237660610632,3.2999792125815));
#13014=CARTESIAN_POINT('Ctrl Pts',(-24.0517905863391,4.09525707802841,3.48398239995542));
#13015=CARTESIAN_POINT('Ctrl Pts',(-24.1645161311118,3.90764161656542,3.61748464928167));
#13016=CARTESIAN_POINT('Ctrl Pts',(-24.4000201988229,3.6086121965819,3.91651406926519));
#13017=CARTESIAN_POINT('Ctrl Pts',(-24.5427396177999,3.47896750856803,4.10532422112909));
#13018=CARTESIAN_POINT('Ctrl Pts',(-24.7237400944577,3.34556464291322,4.418438595945));
#13019=CARTESIAN_POINT('Ctrl Pts',(-24.7780590505903,3.31088458416415,4.52778241923086));
#13020=CARTESIAN_POINT('Ctrl Pts',(-24.8573098458144,3.26314128038384,4.75618599413586));
#13021=CARTESIAN_POINT('Ctrl Pts',(-24.8817541634481,3.25,4.87539830045025));
#13022=CARTESIAN_POINT('Ctrl Pts',(-24.8817541634481,3.25,5.));
#13023=CARTESIAN_POINT('',(-23.85,5.,0.));
#13024=CARTESIAN_POINT('',(-23.85,5.,10.));
#13025=CARTESIAN_POINT('Origin',(-25.85,5.,0.));
#13026=CARTESIAN_POINT('Origin',(-25.85,5.,0.));
#13027=CARTESIAN_POINT('',(-24.8817541634481,6.75,5.));
#13028=CARTESIAN_POINT('Ctrl Pts',(-24.8817541634481,6.75,5.));
#13029=CARTESIAN_POINT('Ctrl Pts',(-24.8817541634481,6.75,4.87539830045024));
#13030=CARTESIAN_POINT('Ctrl Pts',(-24.8573098458144,6.73685871961616,4.75618599413586));
#13031=CARTESIAN_POINT('Ctrl Pts',(-24.7780590505903,6.68911541583585,4.52778241923086));
#13032=CARTESIAN_POINT('Ctrl Pts',(-24.7237400944577,6.65443535708678,4.418438595945));
#13033=CARTESIAN_POINT('Ctrl Pts',(-24.5427396177999,6.52103249143197,4.10532422112909));
#13034=CARTESIAN_POINT('Ctrl Pts',(-24.4000201988229,6.3913878034181,3.91651406926519));
#13035=CARTESIAN_POINT('Ctrl Pts',(-24.1645161311118,6.09235838343458,3.61748464928167));
#13036=CARTESIAN_POINT('Ctrl Pts',(-24.0517905863391,5.90474292197159,3.48398239995542));
#13037=CARTESIAN_POINT('Ctrl Pts',(-23.8941578810317,5.4762339389368,3.2999792125815));
#13038=CARTESIAN_POINT('Ctrl Pts',(-23.85,5.2348413859564,3.25));
#13039=CARTESIAN_POINT('Ctrl Pts',(-23.85,5.,3.25));
#13040=CARTESIAN_POINT('Ctrl Pts',(-23.85,5.,6.75));
#13041=CARTESIAN_POINT('Ctrl Pts',(-23.85,5.2348413859564,6.75));
#13042=CARTESIAN_POINT('Ctrl Pts',(-23.8941578810317,5.4762339389368,6.7000207874185));
#13043=CARTESIAN_POINT('Ctrl Pts',(-24.0517905863391,5.90474292197159,6.51601760004458));
#13044=CARTESIAN_POINT('Ctrl Pts',(-24.1645161311118,6.09235838343458,6.38251535071833));
#13045=CARTESIAN_POINT('Ctrl Pts',(-24.4000201988229,6.3913878034181,6.08348593073481));
#13046=CARTESIAN_POINT('Ctrl Pts',(-24.5427396177999,6.52103249143196,5.89467577887091));
#13047=CARTESIAN_POINT('Ctrl Pts',(-24.7237400944577,6.65443535708678,5.581561404055));
#13048=CARTESIAN_POINT('Ctrl Pts',(-24.7780590505903,6.68911541583585,5.47221758076914));
#13049=CARTESIAN_POINT('Ctrl Pts',(-24.8573098458144,6.73685871961616,5.24381400586414));
#13050=CARTESIAN_POINT('Ctrl Pts',(-24.8817541634481,6.75,5.12460169954975));
#13051=CARTESIAN_POINT('Ctrl Pts',(-24.8817541634481,6.75,5.));
#13052=CARTESIAN_POINT('',(-26.8182458365519,6.75,5.));
#13053=CARTESIAN_POINT('',(-26.8182458365519,3.25,5.));
#13054=CARTESIAN_POINT('Ctrl Pts',(-26.8182458365519,6.75,5.));
#13055=CARTESIAN_POINT('Ctrl Pts',(-26.8182458365519,6.75,5.12460169954975));
#13056=CARTESIAN_POINT('Ctrl Pts',(-26.8426901541856,6.73685871961616,5.24381400586414));
#13057=CARTESIAN_POINT('Ctrl Pts',(-26.9219409494097,6.68911541583585,5.47221758076914));
#13058=CARTESIAN_POINT('Ctrl Pts',(-26.9762599055423,6.65443535708678,5.581561404055));
#13059=CARTESIAN_POINT('Ctrl Pts',(-27.1572603822001,6.52103249143196,5.89467577887091));
#13060=CARTESIAN_POINT('Ctrl Pts',(-27.2999798011771,6.3913878034181,6.08348593073481));
#13061=CARTESIAN_POINT('Ctrl Pts',(-27.5354838688882,6.09235838343458,6.38251535071833));
#13062=CARTESIAN_POINT('Ctrl Pts',(-27.6482094136609,5.90474292197159,6.51601760004458));
#13063=CARTESIAN_POINT('Ctrl Pts',(-27.8058421189683,5.4762339389368,6.7000207874185));
#13064=CARTESIAN_POINT('Ctrl Pts',(-27.85,5.2348413859564,6.75));
#13065=CARTESIAN_POINT('Ctrl Pts',(-27.85,4.7651586140436,6.75));
#13066=CARTESIAN_POINT('Ctrl Pts',(-27.8058421189683,4.5237660610632,6.7000207874185));
#13067=CARTESIAN_POINT('Ctrl Pts',(-27.6482094136609,4.09525707802841,6.51601760004458));
#13068=CARTESIAN_POINT('Ctrl Pts',(-27.5354838688882,3.90764161656541,6.38251535071833));
#13069=CARTESIAN_POINT('Ctrl Pts',(-27.2999798011771,3.6086121965819,6.08348593073481));
#13070=CARTESIAN_POINT('Ctrl Pts',(-27.1572603822001,3.47896750856803,5.89467577887091));
#13071=CARTESIAN_POINT('Ctrl Pts',(-26.9762599055423,3.34556464291322,5.581561404055));
#13072=CARTESIAN_POINT('Ctrl Pts',(-26.9219409494097,3.31088458416415,5.47221758076914));
#13073=CARTESIAN_POINT('Ctrl Pts',(-26.8426901541856,3.26314128038384,5.24381400586414));
#13074=CARTESIAN_POINT('Ctrl Pts',(-26.8182458365519,3.25,5.12460169954975));
#13075=CARTESIAN_POINT('Ctrl Pts',(-26.8182458365519,3.25,5.));
#13076=CARTESIAN_POINT('Ctrl Pts',(-26.8182458365519,3.25,5.));
#13077=CARTESIAN_POINT('Ctrl Pts',(-26.8182458365519,3.25,4.87539830045025));
#13078=CARTESIAN_POINT('Ctrl Pts',(-26.8426901541856,3.26314128038384,4.75618599413586));
#13079=CARTESIAN_POINT('Ctrl Pts',(-26.9219409494097,3.31088458416415,4.52778241923086));
#13080=CARTESIAN_POINT('Ctrl Pts',(-26.9762599055423,3.34556464291322,4.418438595945));
#13081=CARTESIAN_POINT('Ctrl Pts',(-27.1572603822001,3.47896750856803,4.10532422112909));
#13082=CARTESIAN_POINT('Ctrl Pts',(-27.2999798011771,3.6086121965819,3.91651406926519));
#13083=CARTESIAN_POINT('Ctrl Pts',(-27.5354838688882,3.90764161656542,3.61748464928167));
#13084=CARTESIAN_POINT('Ctrl Pts',(-27.6482094136609,4.09525707802841,3.48398239995542));
#13085=CARTESIAN_POINT('Ctrl Pts',(-27.8058421189683,4.5237660610632,3.2999792125815));
#13086=CARTESIAN_POINT('Ctrl Pts',(-27.85,4.7651586140436,3.25));
#13087=CARTESIAN_POINT('Ctrl Pts',(-27.85,5.2348413859564,3.25));
#13088=CARTESIAN_POINT('Ctrl Pts',(-27.8058421189683,5.4762339389368,3.2999792125815));
#13089=CARTESIAN_POINT('Ctrl Pts',(-27.6482094136609,5.90474292197159,3.48398239995542));
#13090=CARTESIAN_POINT('Ctrl Pts',(-27.5354838688882,6.09235838343458,3.61748464928167));
#13091=CARTESIAN_POINT('Ctrl Pts',(-27.2999798011771,6.3913878034181,3.91651406926519));
#13092=CARTESIAN_POINT('Ctrl Pts',(-27.1572603822001,6.52103249143196,4.10532422112909));
#13093=CARTESIAN_POINT('Ctrl Pts',(-26.9762599055423,6.65443535708678,4.418438595945));
#13094=CARTESIAN_POINT('Ctrl Pts',(-26.9219409494097,6.68911541583585,4.52778241923086));
#13095=CARTESIAN_POINT('Ctrl Pts',(-26.8426901541856,6.73685871961616,4.75618599413586));
#13096=CARTESIAN_POINT('Ctrl Pts',(-26.8182458365519,6.75,4.87539830045025));
#13097=CARTESIAN_POINT('Ctrl Pts',(-26.8182458365519,6.75,5.));
#13098=CARTESIAN_POINT('Origin',(0.,5.,5.));
#13099=CARTESIAN_POINT('',(0.,3.25,5.));
#13100=CARTESIAN_POINT('Origin',(0.,5.,5.));
#13101=CARTESIAN_POINT('',(0.,3.25,5.));
#13102=CARTESIAN_POINT('Origin',(-25.85,5.,10.));
#13103=CARTESIAN_POINT('Origin',(-25.85,5.,0.));
#13104=CARTESIAN_POINT('Origin',(-25.7544807092749,199.888370569169,-5.25848371155237));
#13105=CARTESIAN_POINT('',(-27.7544807092749,199.888370569169,10.));
#13106=CARTESIAN_POINT('Origin',(-25.7544807092749,199.888370569169,10.));
#13107=CARTESIAN_POINT('',(-27.7544807092749,199.888370569169,15.));
#13108=CARTESIAN_POINT('',(-27.7544807092749,199.888370569169,-5.25848371155237));
#13109=CARTESIAN_POINT('Origin',(-25.7544807092749,199.888370569169,15.));
#13110=CARTESIAN_POINT('Origin',(-25.9455192907251,199.888370569169,10.));
#13111=CARTESIAN_POINT('',(-30.8455192907251,199.888370569169,15.));
#13112=CARTESIAN_POINT('',(-25.9455192907251,204.788370569169,15.));
#13113=CARTESIAN_POINT('Origin',(-25.9455192907251,199.888370569169,15.));
#13114=CARTESIAN_POINT('',(-25.9455192907251,204.788370569169,10.));
#13115=CARTESIAN_POINT('',(-25.9455192907251,204.788370569169,10.));
#13116=CARTESIAN_POINT('',(-30.8455192907251,199.888370569169,10.));
#13117=CARTESIAN_POINT('Origin',(-25.9455192907251,199.888370569169,10.));
#13118=CARTESIAN_POINT('',(-30.8455192907251,199.888370569169,10.));
#13119=CARTESIAN_POINT('Origin',(-30.8455192907251,204.788370569169,10.));
#13120=CARTESIAN_POINT('',(-30.8455192907251,4.78837056916934,10.));
#13121=CARTESIAN_POINT('',(-30.8455192907251,4.78837056916934,10.));
#13122=CARTESIAN_POINT('',(-30.8455192907251,4.78837056916934,15.));
#13123=CARTESIAN_POINT('',(-30.8455192907251,4.78837056916934,10.));
#13124=CARTESIAN_POINT('',(-30.8455192907251,4.78837056916934,15.));
#13125=CARTESIAN_POINT('Origin',(-25.85,102.394185284585,10.));
#13126=CARTESIAN_POINT('',(-25.7544807092749,204.788370569169,10.));
#13127=CARTESIAN_POINT('',(-30.8455192907251,204.788370569169,10.));
#13128=CARTESIAN_POINT('',(-20.8544807092749,199.888370569169,10.));
#13129=CARTESIAN_POINT('Origin',(-25.7544807092749,199.888370569169,10.));
#13130=CARTESIAN_POINT('',(-20.8544807092749,4.78837056916934,10.));
#13131=CARTESIAN_POINT('',(-20.8544807092749,204.788370569169,10.));
#13132=CARTESIAN_POINT('Origin',(-25.85,5.,10.));
#13133=CARTESIAN_POINT('',(-23.85,5.,10.));
#13134=CARTESIAN_POINT('Origin',(-25.85,5.,10.));
#13135=CARTESIAN_POINT('Origin',(-25.7544807092749,199.888370569169,10.));
#13136=CARTESIAN_POINT('',(-25.7544807092749,204.788370569169,15.));
#13137=CARTESIAN_POINT('',(-20.8544807092749,199.888370569169,15.));
#13138=CARTESIAN_POINT('Origin',(-25.7544807092749,199.888370569169,15.));
#13139=CARTESIAN_POINT('',(-20.8544807092749,199.888370569169,10.));
#13140=CARTESIAN_POINT('',(-25.7544807092749,204.788370569169,10.));
#13141=CARTESIAN_POINT('Origin',(-20.8544807092749,4.78837056916934,10.));
#13142=CARTESIAN_POINT('',(-20.8544807092749,4.78837056916934,15.));
#13143=CARTESIAN_POINT('',(-20.8544807092749,204.788370569169,15.));
#13144=CARTESIAN_POINT('',(-20.8544807092749,4.78837056916934,10.));
#13145=CARTESIAN_POINT('Origin',(-25.85,5.,10.));
#13146=CARTESIAN_POINT('',(-23.85,5.,15.));
#13147=CARTESIAN_POINT('Origin',(-25.85,5.,15.));
#13148=CARTESIAN_POINT('',(-23.85,5.,10.));
#13149=CARTESIAN_POINT('Origin',(-20.8544807092749,204.788370569169,10.));
#13150=CARTESIAN_POINT('',(-30.8455192907251,204.788370569169,15.));
#13151=CARTESIAN_POINT('Origin',(-25.85,5.,10.));
#13152=CARTESIAN_POINT('Origin',(-25.85,5.,15.));
#13153=CARTESIAN_POINT('Origin',(-25.85,102.394185284585,15.));
#13154=CARTESIAN_POINT('Origin',(-25.7544807092749,199.888370569169,-5.25848371155237));
#13155=CARTESIAN_POINT('',(-25.8499999179829,201.886088283228,0.17076699954229));
#13156=CARTESIAN_POINT('',(-25.8499999179829,201.886088283228,9.82923300045771));
#13157=CARTESIAN_POINT('',(-25.8499999999999,201.886088283237,-5.25848371155237));
#13158=CARTESIAN_POINT('',(-24.022429901706,200.888370569169,-1.11022302462516E-15));
#13159=CARTESIAN_POINT('Ctrl Pts',(-24.022429901706,200.888370569169,-2.65846372693446E-15));
#13160=CARTESIAN_POINT('Ctrl Pts',(-24.1076017287301,201.035892500949,-2.66409857390911E-15));
#13161=CARTESIAN_POINT('Ctrl Pts',(-24.2114465031979,201.171017773661,0.0110682587904115));
#13162=CARTESIAN_POINT('Ctrl Pts',(-24.5029710008544,201.46916404998,0.0510000164429485));
#13163=CARTESIAN_POINT('Ctrl Pts',(-24.7289631672264,201.62651459294,0.0901765423464053));
#13164=CARTESIAN_POINT('Ctrl Pts',(-25.2263262077675,201.836159694694,0.151557276229947));
#13165=CARTESIAN_POINT('Ctrl Pts',(-25.4979999999788,201.888370569169,0.171572875253801));
#13166=CARTESIAN_POINT('Ctrl Pts',(-25.7861110310023,201.888370569169,0.171572875253801));
#13167=CARTESIAN_POINT('Ctrl Pts',(-25.8179753619297,201.887619514635,0.171306983566026));
#13168=CARTESIAN_POINT('Ctrl Pts',(-25.849999918217,201.886088287147,0.170767002307359));
#13169=CARTESIAN_POINT('',(-24.022429901706,198.888370569169,-1.11022302462516E-15));
#13170=CARTESIAN_POINT('Origin',(-25.7544807092749,199.888370569169,-1.11022302462516E-15));
#13171=CARTESIAN_POINT('',(-25.8499999179826,197.890652855111,0.170766999542279));
#13172=CARTESIAN_POINT('Ctrl Pts',(-25.8499999182166,197.890652851191,0.170767002307371));
#13173=CARTESIAN_POINT('Ctrl Pts',(-25.8179753619295,197.889121623703,0.171306983566033));
#13174=CARTESIAN_POINT('Ctrl Pts',(-25.7861110310022,197.888370569169,0.171572875253801));
#13175=CARTESIAN_POINT('Ctrl Pts',(-25.4979999999788,197.888370569169,0.171572875253801));
#13176=CARTESIAN_POINT('Ctrl Pts',(-25.2263262077675,197.940581443645,0.151557276229947));
#13177=CARTESIAN_POINT('Ctrl Pts',(-24.7289631672264,198.150226545398,0.0901765423464053));
#13178=CARTESIAN_POINT('Ctrl Pts',(-24.5029710008544,198.307577088359,0.0510000164429485));
#13179=CARTESIAN_POINT('Ctrl Pts',(-24.2114465031979,198.605723364678,0.0110682587904092));
#13180=CARTESIAN_POINT('Ctrl Pts',(-24.1076017287301,198.74084863739,-1.46934824944089E-15));
#13181=CARTESIAN_POINT('Ctrl Pts',(-24.022429901706,198.888370569169,-1.37693675905659E-15));
#13182=CARTESIAN_POINT('',(-25.8499999179826,197.890652855111,9.82923300045771));
#13183=CARTESIAN_POINT('',(-25.8499999999999,197.890652855102,-5.25848371155237));
#13184=CARTESIAN_POINT('',(-24.022429901706,198.888370569169,10.));
#13185=CARTESIAN_POINT('Ctrl Pts',(-24.022429901706,198.888370569169,10.));
#13186=CARTESIAN_POINT('Ctrl Pts',(-24.1076017287301,198.74084863739,10.));
#13187=CARTESIAN_POINT('Ctrl Pts',(-24.2114465031979,198.605723364678,9.98893174120959));
#13188=CARTESIAN_POINT('Ctrl Pts',(-24.5029710008544,198.307577088359,9.94899998355705));
#13189=CARTESIAN_POINT('Ctrl Pts',(-24.7289631672264,198.150226545398,9.90982345765359));
#13190=CARTESIAN_POINT('Ctrl Pts',(-25.2263262077675,197.940581443645,9.84844272377005));
#13191=CARTESIAN_POINT('Ctrl Pts',(-25.4979999999788,197.888370569169,9.8284271247462));
#13192=CARTESIAN_POINT('Ctrl Pts',(-25.7861110310022,197.888370569169,9.8284271247462));
#13193=CARTESIAN_POINT('Ctrl Pts',(-25.8179753619295,197.889121623703,9.82869301643397));
#13194=CARTESIAN_POINT('Ctrl Pts',(-25.8499999182166,197.890652851191,9.82923299769263));
#13195=CARTESIAN_POINT('',(-24.022429901706,200.888370569169,10.));
#13196=CARTESIAN_POINT('Origin',(-25.7544807092749,199.888370569169,10.));
#13197=CARTESIAN_POINT('Ctrl Pts',(-25.849999918217,201.886088287147,9.82923299769264));
#13198=CARTESIAN_POINT('Ctrl Pts',(-25.8179753619297,201.887619514635,9.82869301643397));
#13199=CARTESIAN_POINT('Ctrl Pts',(-25.7861110310023,201.888370569169,9.8284271247462));
#13200=CARTESIAN_POINT('Ctrl Pts',(-25.4979999999788,201.888370569169,9.8284271247462));
#13201=CARTESIAN_POINT('Ctrl Pts',(-25.2263262077675,201.836159694694,9.84844272377005));
#13202=CARTESIAN_POINT('Ctrl Pts',(-24.7289631672264,201.62651459294,9.90982345765359));
#13203=CARTESIAN_POINT('Ctrl Pts',(-24.5029710008544,201.46916404998,9.94899998355705));
#13204=CARTESIAN_POINT('Ctrl Pts',(-24.2114465031979,201.171017773661,9.98893174120959));
#13205=CARTESIAN_POINT('Ctrl Pts',(-24.1076017287301,201.035892500949,10.));
#13206=CARTESIAN_POINT('Ctrl Pts',(-24.022429901706,200.888370569169,10.));
#13207=CARTESIAN_POINT('',(-24.6368999732283,198.229752681162,4.94788913834921));
#13208=CARTESIAN_POINT('Ctrl Pts',(-24.6368999732283,198.229752681162,4.94788913834921));
#13209=CARTESIAN_POINT('Ctrl Pts',(-24.6368999732283,198.229752681162,5.06955341760267));
#13210=CARTESIAN_POINT('Ctrl Pts',(-24.6175335711782,198.242450293136,5.18889374220321));
#13211=CARTESIAN_POINT('Ctrl Pts',(-24.5512167483819,198.29030987208,5.41921692060046));
#13212=CARTESIAN_POINT('Ctrl Pts',(-24.504570429737,198.325509761901,5.53027934542291));
#13213=CARTESIAN_POINT('Ctrl Pts',(-24.3466882791341,198.461009631576,5.84717298236215));
#13214=CARTESIAN_POINT('Ctrl Pts',(-24.2191847699576,198.592812123505,6.03716652846669));
#13215=CARTESIAN_POINT('Ctrl Pts',(-24.0097401309862,198.894504884065,6.33619559733095));
#13216=CARTESIAN_POINT('Ctrl Pts',(-23.9100515650064,199.083313658305,6.46866393110567));
#13217=CARTESIAN_POINT('Ctrl Pts',(-23.7777694965172,199.510682210795,6.64975050624067));
#13218=CARTESIAN_POINT('Ctrl Pts',(-23.7460477894898,199.749714345778,6.69788913834922));
#13219=CARTESIAN_POINT('Ctrl Pts',(-23.7675640548268,200.220130134499,6.69788913834922));
#13220=CARTESIAN_POINT('Ctrl Pts',(-23.8249579865255,200.464346676564,6.64573987300103));
#13221=CARTESIAN_POINT('Ctrl Pts',(-24.0101359434439,200.894386142016,6.45817844516386));
#13222=CARTESIAN_POINT('Ctrl Pts',(-24.1372974669309,201.080716145184,6.32331558170957));
#13223=CARTESIAN_POINT('Ctrl Pts',(-24.4038966053357,201.377922325446,6.02288634435091));
#13224=CARTESIAN_POINT('Ctrl Pts',(-24.5656059088106,201.505157884947,5.83411974077925));
#13225=CARTESIAN_POINT('Ctrl Pts',(-24.7772029187107,201.635306901558,5.52588056152979));
#13226=CARTESIAN_POINT('Ctrl Pts',(-24.842015005918,201.66892598002,5.41939952793363));
#13227=CARTESIAN_POINT('Ctrl Pts',(-24.9403567807852,201.715984811094,5.19512602592113));
#13228=CARTESIAN_POINT('Ctrl Pts',(-24.9738963655728,201.729752681162,5.07740687159813));
#13229=CARTESIAN_POINT('Ctrl Pts',(-24.9738963655728,201.729752681162,4.81837140510029));
#13230=CARTESIAN_POINT('Ctrl Pts',(-24.9403567807852,201.715984811094,4.70065225077729));
#13231=CARTESIAN_POINT('Ctrl Pts',(-24.842015005918,201.66892598002,4.47637874876479));
#13232=CARTESIAN_POINT('Ctrl Pts',(-24.7772029187107,201.635306901558,4.36989771516863));
#13233=CARTESIAN_POINT('Ctrl Pts',(-24.5656059088106,201.505157884947,4.06165853591917));
#13234=CARTESIAN_POINT('Ctrl Pts',(-24.4038966053357,201.377922325446,3.87289193234751));
#13235=CARTESIAN_POINT('Ctrl Pts',(-24.1372974669309,201.080716145184,3.57246269498885));
#13236=CARTESIAN_POINT('Ctrl Pts',(-24.0101359434439,200.894386142016,3.43759983153456));
#13237=CARTESIAN_POINT('Ctrl Pts',(-23.8249579865255,200.464346676564,3.25003840369739));
#13238=CARTESIAN_POINT('Ctrl Pts',(-23.7675640548268,200.220130134499,3.1978891383492));
#13239=CARTESIAN_POINT('Ctrl Pts',(-23.7460477894898,199.749714345778,3.1978891383492));
#13240=CARTESIAN_POINT('Ctrl Pts',(-23.7777694965172,199.510682210795,3.24602777045774));
#13241=CARTESIAN_POINT('Ctrl Pts',(-23.9100515650064,199.083313658305,3.42711434559273));
#13242=CARTESIAN_POINT('Ctrl Pts',(-24.0097401309862,198.894504884065,3.55958267936747));
#13243=CARTESIAN_POINT('Ctrl Pts',(-24.2191847699576,198.592812123505,3.85861174823173));
#13244=CARTESIAN_POINT('Ctrl Pts',(-24.3466882791341,198.461009631576,4.04860529433627));
#13245=CARTESIAN_POINT('Ctrl Pts',(-24.504570429737,198.325509761901,4.36549893127551));
#13246=CARTESIAN_POINT('Ctrl Pts',(-24.5512167483819,198.29030987208,4.47656135609796));
#13247=CARTESIAN_POINT('Ctrl Pts',(-24.6175335711782,198.242450293136,4.7068845344952));
#13248=CARTESIAN_POINT('Ctrl Pts',(-24.6368999732282,198.229752681162,4.82622485909574));
#13249=CARTESIAN_POINT('Ctrl Pts',(-24.6368999732282,198.229752681162,4.94788913834921));
#13250=CARTESIAN_POINT('Origin',(-18.2544807092749,198.888370569169,3.));
#13251=CARTESIAN_POINT('',(-10.7544807092749,198.888370569169,-1.11022302462516E-15));
#13252=CARTESIAN_POINT('',(-18.2544807092749,198.888370569169,-1.11022302462516E-15));
#13253=CARTESIAN_POINT('',(-10.7544807092749,195.888370569169,3.));
#13254=CARTESIAN_POINT('Origin',(-10.7544807092749,198.888370569169,3.));
#13255=CARTESIAN_POINT('',(-40.7544807092749,195.888370569169,3.));
#13256=CARTESIAN_POINT('',(-18.2544807092749,195.888370569169,3.));
#13257=CARTESIAN_POINT('',(-40.7544807092749,198.888370569169,-1.11022302462516E-15));
#13258=CARTESIAN_POINT('Origin',(-40.7544807092749,198.888370569169,3.));
#13259=CARTESIAN_POINT('',(-27.677570098294,198.888370569169,-1.11022302462516E-15));
#13260=CARTESIAN_POINT('',(-18.2544807092749,198.888370569169,-1.11022302462516E-15));
#13261=CARTESIAN_POINT('Ctrl Pts',(-27.677570098294,198.888370569169,-1.24032728532342E-15));
#13262=CARTESIAN_POINT('Ctrl Pts',(-27.5923982712699,198.74084863739,-1.53221235861042E-15));
#13263=CARTESIAN_POINT('Ctrl Pts',(-27.4885534968021,198.605723364678,0.0110682587904102));
#13264=CARTESIAN_POINT('Ctrl Pts',(-27.1970289991456,198.307577088359,0.0510000164429487));
#13265=CARTESIAN_POINT('Ctrl Pts',(-26.9710368327736,198.150226545398,0.0901765423464061));
#13266=CARTESIAN_POINT('Ctrl Pts',(-26.4736737922325,197.940581443645,0.151557276229947));
#13267=CARTESIAN_POINT('Ctrl Pts',(-26.2020000000212,197.888370569169,0.171572875253813));
#13268=CARTESIAN_POINT('Ctrl Pts',(-25.9138889150118,197.888370569169,0.171572875253813));
#13269=CARTESIAN_POINT('Ctrl Pts',(-25.882024529295,197.889121626269,0.171306982656306));
#13270=CARTESIAN_POINT('Ctrl Pts',(-25.8499999177951,197.890652859032,0.170766999542279));
#13271=CARTESIAN_POINT('Origin',(-25.7544807092749,199.888370569169,-1.11022302462516E-15));
#13272=CARTESIAN_POINT('',(-10.7544807092749,200.888370569169,-1.11022302462516E-15));
#13273=CARTESIAN_POINT('',(-33.2544807092749,200.888370569169,-1.11022302462516E-15));
#13274=CARTESIAN_POINT('',(-10.7544807092749,201.888370569169,-1.11022302462516E-15));
#13275=CARTESIAN_POINT('Origin',(-33.2544807092749,200.888370569169,3.));
#13276=CARTESIAN_POINT('',(-27.677570098294,200.888370569169,-1.11022302462516E-15));
#13277=CARTESIAN_POINT('Ctrl Pts',(-25.8499999177954,201.886088279306,0.170766999542292));
#13278=CARTESIAN_POINT('Ctrl Pts',(-25.8820245292953,201.887619512069,0.171306982656315));
#13279=CARTESIAN_POINT('Ctrl Pts',(-25.9138889150119,201.888370569169,0.171572875253813));
#13280=CARTESIAN_POINT('Ctrl Pts',(-26.2020000000212,201.888370569169,0.171572875253813));
#13281=CARTESIAN_POINT('Ctrl Pts',(-26.4736737922325,201.836159694694,0.151557276229947));
#13282=CARTESIAN_POINT('Ctrl Pts',(-26.9710368327736,201.62651459294,0.0901765423464061));
#13283=CARTESIAN_POINT('Ctrl Pts',(-27.1970289991456,201.46916404998,0.0510000164429487));
#13284=CARTESIAN_POINT('Ctrl Pts',(-27.4885534968021,201.171017773661,0.0110682587904074));
#13285=CARTESIAN_POINT('Ctrl Pts',(-27.5923982712699,201.035892500949,-1.90942334902567E-15));
#13286=CARTESIAN_POINT('Ctrl Pts',(-27.677570098294,200.888370569169,-1.93421667571414E-15));
#13287=CARTESIAN_POINT('',(-40.7544807092749,200.888370569169,-1.11022302462516E-15));
#13288=CARTESIAN_POINT('',(-33.2544807092749,200.888370569169,-1.11022302462516E-15));
#13289=CARTESIAN_POINT('',(-40.7544807092749,203.888370569169,3.));
#13290=CARTESIAN_POINT('Origin',(-40.7544807092749,200.888370569169,3.));
#13291=CARTESIAN_POINT('',(-10.7544807092749,203.888370569169,3.));
#13292=CARTESIAN_POINT('',(-33.2544807092749,203.888370569169,3.));
#13293=CARTESIAN_POINT('Origin',(-10.7544807092749,200.888370569169,3.));
#13294=CARTESIAN_POINT('Origin',(-25.9455192907251,199.888370569169,10.));
#13295=CARTESIAN_POINT('Origin',(-25.9455192907251,199.888370569169,-1.11022302462516E-15));
#13296=CARTESIAN_POINT('',(-27.677570098294,200.888370569169,10.));
#13297=CARTESIAN_POINT('Ctrl Pts',(-27.677570098294,200.888370569169,10.));
#13298=CARTESIAN_POINT('Ctrl Pts',(-27.5923982712699,201.035892500949,10.));
#13299=CARTESIAN_POINT('Ctrl Pts',(-27.4885534968021,201.171017773661,9.98893174120959));
#13300=CARTESIAN_POINT('Ctrl Pts',(-27.1970289991456,201.46916404998,9.94899998355705));
#13301=CARTESIAN_POINT('Ctrl Pts',(-26.9710368327736,201.62651459294,9.90982345765359));
#13302=CARTESIAN_POINT('Ctrl Pts',(-26.4736737922325,201.836159694694,9.84844272377005));
#13303=CARTESIAN_POINT('Ctrl Pts',(-26.2020000000212,201.888370569169,9.82842712474618));
#13304=CARTESIAN_POINT('Ctrl Pts',(-25.9138889150119,201.888370569169,9.82842712474618));
#13305=CARTESIAN_POINT('Ctrl Pts',(-25.8820245292953,201.887619512069,9.82869301734368));
#13306=CARTESIAN_POINT('Ctrl Pts',(-25.8499999177954,201.886088279306,9.82923300045771));
#13307=CARTESIAN_POINT('',(-27.677570098294,198.888370569169,10.));
#13308=CARTESIAN_POINT('Origin',(-25.9455192907251,199.888370569169,10.));
#13309=CARTESIAN_POINT('Ctrl Pts',(-25.8499999177951,197.890652859032,9.82923300045772));
#13310=CARTESIAN_POINT('Ctrl Pts',(-25.882024529295,197.889121626269,9.82869301734369));
#13311=CARTESIAN_POINT('Ctrl Pts',(-25.9138889150118,197.888370569169,9.82842712474618));
#13312=CARTESIAN_POINT('Ctrl Pts',(-26.2020000000212,197.888370569169,9.82842712474618));
#13313=CARTESIAN_POINT('Ctrl Pts',(-26.4736737922325,197.940581443645,9.84844272377005));
#13314=CARTESIAN_POINT('Ctrl Pts',(-26.9710368327736,198.150226545398,9.90982345765359));
#13315=CARTESIAN_POINT('Ctrl Pts',(-27.1970289991456,198.307577088359,9.94899998355705));
#13316=CARTESIAN_POINT('Ctrl Pts',(-27.4885534968021,198.605723364678,9.98893174120959));
#13317=CARTESIAN_POINT('Ctrl Pts',(-27.5923982712699,198.74084863739,10.));
#13318=CARTESIAN_POINT('Ctrl Pts',(-27.677570098294,198.888370569169,10.));
#13319=CARTESIAN_POINT('',(-26.7261036344272,201.729752681162,4.94788913834921));
#13320=CARTESIAN_POINT('',(-27.0631000267718,198.229752681162,4.94788913834921));
#13321=CARTESIAN_POINT('Ctrl Pts',(-26.7261036344272,201.729752681162,4.94788913834921));
#13322=CARTESIAN_POINT('Ctrl Pts',(-26.7261036344272,201.729752681162,4.81837140510029));
#13323=CARTESIAN_POINT('Ctrl Pts',(-26.7596432192148,201.715984811094,4.70065225077729));
#13324=CARTESIAN_POINT('Ctrl Pts',(-26.8579849940821,201.66892598002,4.4763787487648));
#13325=CARTESIAN_POINT('Ctrl Pts',(-26.9227970812893,201.635306901558,4.36989771516863));
#13326=CARTESIAN_POINT('Ctrl Pts',(-27.1343940911894,201.505157884947,4.06165853591917));
#13327=CARTESIAN_POINT('Ctrl Pts',(-27.2961033946643,201.377922325446,3.87289193234751));
#13328=CARTESIAN_POINT('Ctrl Pts',(-27.5627025330691,201.080716145184,3.57246269498885));
#13329=CARTESIAN_POINT('Ctrl Pts',(-27.6898640565561,200.894386142016,3.43759983153456));
#13330=CARTESIAN_POINT('Ctrl Pts',(-27.8750420134745,200.464346676564,3.25003840369739));
#13331=CARTESIAN_POINT('Ctrl Pts',(-27.9324359451732,200.220130134499,3.1978891383492));
#13332=CARTESIAN_POINT('Ctrl Pts',(-27.9539522105103,199.749714345778,3.1978891383492));
#13333=CARTESIAN_POINT('Ctrl Pts',(-27.9222305034828,199.510682210795,3.24602777045775));
#13334=CARTESIAN_POINT('Ctrl Pts',(-27.7899484349936,199.083313658305,3.42711434559275));
#13335=CARTESIAN_POINT('Ctrl Pts',(-27.6902598690138,198.894504884065,3.55958267936747));
#13336=CARTESIAN_POINT('Ctrl Pts',(-27.4808152300424,198.592812123505,3.85861174823173));
#13337=CARTESIAN_POINT('Ctrl Pts',(-27.353311720866,198.461009631576,4.04860529433623));
#13338=CARTESIAN_POINT('Ctrl Pts',(-27.195429570263,198.325509761901,4.36549893127547));
#13339=CARTESIAN_POINT('Ctrl Pts',(-27.1487832516181,198.29030987208,4.47656135609793));
#13340=CARTESIAN_POINT('Ctrl Pts',(-27.0824664288218,198.242450293136,4.70688453449519));
#13341=CARTESIAN_POINT('Ctrl Pts',(-27.0631000267718,198.229752681162,4.82622485909575));
#13342=CARTESIAN_POINT('Ctrl Pts',(-27.0631000267718,198.229752681162,4.94788913834921));
#13343=CARTESIAN_POINT('Ctrl Pts',(-27.0631000267718,198.229752681162,4.94788913834921));
#13344=CARTESIAN_POINT('Ctrl Pts',(-27.0631000267718,198.229752681162,5.0687964085787));
#13345=CARTESIAN_POINT('Ctrl Pts',(-27.0822310989639,198.24229786119,5.18749093298095));
#13346=CARTESIAN_POINT('Ctrl Pts',(-27.1478822313036,198.28964283524,5.41666615342668));
#13347=CARTESIAN_POINT('Ctrl Pts',(-27.1941051930483,198.324478983665,5.52722434366706));
#13348=CARTESIAN_POINT('Ctrl Pts',(-27.3507242902002,198.458582536274,5.84275363484082));
#13349=CARTESIAN_POINT('Ctrl Pts',(-27.4774184779772,198.589038021176,6.03204821251604));
#13350=CARTESIAN_POINT('Ctrl Pts',(-27.68730318461,198.889212370543,6.33222256188315));
#13351=CARTESIAN_POINT('Ctrl Pts',(-27.7880279489238,199.07861315484,6.46607767734038));
#13352=CARTESIAN_POINT('Ctrl Pts',(-27.9218242118809,199.50789151702,6.649152276893));
#13353=CARTESIAN_POINT('Ctrl Pts',(-27.9540193088302,199.748247357497,6.69788913834922));
#13354=CARTESIAN_POINT('Ctrl Pts',(-27.9324359451732,200.220130134499,6.69788913834922));
#13355=CARTESIAN_POINT('Ctrl Pts',(-27.8750420134745,200.464346676564,6.64573987300103));
#13356=CARTESIAN_POINT('Ctrl Pts',(-27.6898640565561,200.894386142016,6.45817844516386));
#13357=CARTESIAN_POINT('Ctrl Pts',(-27.5627025330691,201.080716145184,6.32331558170957));
#13358=CARTESIAN_POINT('Ctrl Pts',(-27.2961033946643,201.377922325446,6.02288634435091));
#13359=CARTESIAN_POINT('Ctrl Pts',(-27.1343940911894,201.505157884947,5.83411974077925));
#13360=CARTESIAN_POINT('Ctrl Pts',(-26.9227970812893,201.635306901558,5.52588056152979));
#13361=CARTESIAN_POINT('Ctrl Pts',(-26.8579849940821,201.66892598002,5.41939952793362));
#13362=CARTESIAN_POINT('Ctrl Pts',(-26.7596432192148,201.715984811094,5.19512602592112));
#13363=CARTESIAN_POINT('Ctrl Pts',(-26.7261036344272,201.729752681162,5.07740687159812));
#13364=CARTESIAN_POINT('Ctrl Pts',(-26.7261036344272,201.729752681162,4.94788913834921));
#13365=CARTESIAN_POINT('Origin',(-18.2544807092749,198.888370569169,7.));
#13366=CARTESIAN_POINT('',(-40.7544807092749,198.888370569169,10.));
#13367=CARTESIAN_POINT('',(-18.2544807092749,198.888370569169,10.));
#13368=CARTESIAN_POINT('',(-40.7544807092749,195.888370569169,7.));
#13369=CARTESIAN_POINT('Origin',(-40.7544807092749,198.888370569169,7.));
#13370=CARTESIAN_POINT('',(-10.7544807092749,195.888370569169,7.));
#13371=CARTESIAN_POINT('',(-18.2544807092749,195.888370569169,7.));
#13372=CARTESIAN_POINT('',(-10.7544807092749,198.888370569169,10.));
#13373=CARTESIAN_POINT('Origin',(-10.7544807092749,198.888370569169,7.));
#13374=CARTESIAN_POINT('',(-18.2544807092749,198.888370569169,10.));
#13375=CARTESIAN_POINT('Origin',(-25.7544807092749,199.888370569169,10.));
#13376=CARTESIAN_POINT('',(-10.7544807092749,200.888370569169,10.));
#13377=CARTESIAN_POINT('',(-10.7544807092749,195.888370569169,10.));
#13378=CARTESIAN_POINT('',(-33.2544807092749,200.888370569169,10.));
#13379=CARTESIAN_POINT('Origin',(-10.7544807092749,203.888370569169,10.));
#13380=CARTESIAN_POINT('',(-10.7544807092749,195.888370569169,10.));
#13381=CARTESIAN_POINT('',(-10.7544807092749,203.888370569169,7.));
#13382=CARTESIAN_POINT('',(-10.7544807092749,203.888370569169,10.));
#13383=CARTESIAN_POINT('Origin',(-10.7544807092749,200.888370569169,7.));
#13384=CARTESIAN_POINT('',(-10.7544807092749,198.229752681162,4.94788913834921));
#13385=CARTESIAN_POINT('Origin',(-10.7544807092749,199.979752681162,4.94788913834921));
#13386=CARTESIAN_POINT('Origin',(-25.7544807092749,199.888370569169,-1.11022302462516E-15));
#13387=CARTESIAN_POINT('',(-40.7544807092749,197.888370569169,-1.11022302462516E-15));
#13388=CARTESIAN_POINT('Origin',(-40.7544807092749,195.888370569169,10.));
#13389=CARTESIAN_POINT('',(-40.7544807092749,200.888370569169,10.));
#13390=CARTESIAN_POINT('',(-40.7544807092749,203.888370569169,10.));
#13391=CARTESIAN_POINT('',(-40.7544807092749,203.888370569169,7.));
#13392=CARTESIAN_POINT('Origin',(-40.7544807092749,200.888370569169,7.));
#13393=CARTESIAN_POINT('',(-40.7544807092749,203.888370569169,4.));
#13394=CARTESIAN_POINT('',(-40.7544807092749,195.888370569169,4.));
#13395=CARTESIAN_POINT('',(-40.7544807092749,198.229752681162,4.94788913834921));
#13396=CARTESIAN_POINT('Origin',(-40.7544807092749,199.979752681162,4.94788913834921));
#13397=CARTESIAN_POINT('Origin',(-40.7544807092749,203.888370569169,10.));
#13398=CARTESIAN_POINT('',(-33.2544807092749,203.888370569169,7.));
#13399=CARTESIAN_POINT('Origin',(-33.2544807092749,200.888370569169,7.));
#13400=CARTESIAN_POINT('',(-33.2544807092749,200.888370569169,10.));
#13401=CARTESIAN_POINT('Origin',(-10.7544807092749,199.979752681162,4.94788913834921));
#13402=CARTESIAN_POINT('',(-10.7544807092749,198.229752681162,4.94788913834921));
#13403=CARTESIAN_POINT('Origin',(-10.7544807092749,199.979752681162,4.94788913834921));
#13404=CARTESIAN_POINT('',(-10.7544807092749,198.229752681162,4.94788913834921));
#13405=CARTESIAN_POINT('Origin',(-10.7544807092749,195.888370569169,10.));
#13406=CARTESIAN_POINT('Origin',(-25.7544807092749,199.888370569169,10.));
#13407=CARTESIAN_POINT('Origin',(-25.7544807092749,199.888370569169,-5.25848371155237));
#13408=CARTESIAN_POINT('',(-27.7544807092749,199.888370569169,-5.25848371155237));
#13409=CARTESIAN_POINT('Origin',(-25.7544807092749,199.888370569169,-5.25848371155237));
#13410=CARTESIAN_POINT('',(-27.7544807092749,199.888370569169,-0.258483711552373));
#13411=CARTESIAN_POINT('',(-27.7544807092749,199.888370569169,-5.25848371155237));
#13412=CARTESIAN_POINT('Origin',(-25.7544807092749,199.888370569169,-0.258483711552373));
#13413=CARTESIAN_POINT('Origin',(-25.9455192907251,199.888370569169,-5.25848371155237));
#13414=CARTESIAN_POINT('',(-30.8455192907251,199.888370569169,-0.258483711552373));
#13415=CARTESIAN_POINT('',(-25.9455192907251,204.788370569169,-0.258483711552373));
#13416=CARTESIAN_POINT('Origin',(-25.9455192907251,199.888370569169,-0.258483711552373));
#13417=CARTESIAN_POINT('',(-25.9455192907251,204.788370569169,-5.25848371155237));
#13418=CARTESIAN_POINT('',(-25.9455192907251,204.788370569169,-5.25848371155237));
#13419=CARTESIAN_POINT('',(-30.8455192907251,199.888370569169,-5.25848371155237));
#13420=CARTESIAN_POINT('Origin',(-25.9455192907251,199.888370569169,-5.25848371155237));
#13421=CARTESIAN_POINT('',(-30.8455192907251,199.888370569169,-5.25848371155237));
#13422=CARTESIAN_POINT('Origin',(-30.8455192907251,204.788370569169,-5.25848371155237));
#13423=CARTESIAN_POINT('',(-30.8455192907251,4.78837056916934,-5.25848371155237));
#13424=CARTESIAN_POINT('',(-30.8455192907251,4.78837056916934,-5.25848371155237));
#13425=CARTESIAN_POINT('',(-30.8455192907251,4.78837056916934,-0.258483711552373));
#13426=CARTESIAN_POINT('',(-30.8455192907251,4.78837056916934,-5.25848371155237));
#13427=CARTESIAN_POINT('',(-30.8455192907251,4.78837056916934,-0.258483711552373));
#13428=CARTESIAN_POINT('Origin',(-25.85,102.394185284585,-5.25848371155237));
#13429=CARTESIAN_POINT('',(-25.7544807092749,204.788370569169,-5.25848371155237));
#13430=CARTESIAN_POINT('',(-30.8455192907251,204.788370569169,-5.25848371155237));
#13431=CARTESIAN_POINT('',(-20.8544807092749,199.888370569169,-5.25848371155237));
#13432=CARTESIAN_POINT('Origin',(-25.7544807092749,199.888370569169,-5.25848371155237));
#13433=CARTESIAN_POINT('',(-20.8544807092749,4.78837056916934,-5.25848371155237));
#13434=CARTESIAN_POINT('',(-20.8544807092749,204.788370569169,-5.25848371155237));
#13435=CARTESIAN_POINT('Origin',(-25.85,5.,-5.25848371155237));
#13436=CARTESIAN_POINT('',(-23.85,5.,-5.25848371155237));
#13437=CARTESIAN_POINT('Origin',(-25.85,5.,-5.25848371155237));
#13438=CARTESIAN_POINT('Origin',(-25.7544807092749,199.888370569169,-5.25848371155237));
#13439=CARTESIAN_POINT('',(-25.7544807092749,204.788370569169,-0.258483711552373));
#13440=CARTESIAN_POINT('',(-20.8544807092749,199.888370569169,-0.258483711552373));
#13441=CARTESIAN_POINT('Origin',(-25.7544807092749,199.888370569169,-0.258483711552373));
#13442=CARTESIAN_POINT('',(-20.8544807092749,199.888370569169,-5.25848371155237));
#13443=CARTESIAN_POINT('',(-25.7544807092749,204.788370569169,-5.25848371155237));
#13444=CARTESIAN_POINT('Origin',(-20.8544807092749,4.78837056916934,-5.25848371155237));
#13445=CARTESIAN_POINT('',(-20.8544807092749,4.78837056916934,-0.258483711552373));
#13446=CARTESIAN_POINT('',(-20.8544807092749,204.788370569169,-0.258483711552373));
#13447=CARTESIAN_POINT('',(-20.8544807092749,4.78837056916934,-5.25848371155237));
#13448=CARTESIAN_POINT('Origin',(-25.85,5.,-5.25848371155237));
#13449=CARTESIAN_POINT('',(-23.85,5.,-0.258483711552373));
#13450=CARTESIAN_POINT('Origin',(-25.85,5.,-0.258483711552373));
#13451=CARTESIAN_POINT('',(-23.85,5.,-5.25848371155237));
#13452=CARTESIAN_POINT('Origin',(-20.8544807092749,204.788370569169,-5.25848371155237));
#13453=CARTESIAN_POINT('',(-30.8455192907251,204.788370569169,-0.258483711552373));
#13454=CARTESIAN_POINT('Origin',(-25.85,5.,-5.25848371155237));
#13455=CARTESIAN_POINT('Origin',(-25.85,5.,-0.258483711552373));
#13456=CARTESIAN_POINT('Origin',(-25.85,102.394185284585,-0.258483711552373));
#13457=CARTESIAN_POINT('Origin',(20.,-9.39472300552013,20.));
#13458=CARTESIAN_POINT('',(30.,-9.39472300552013,18.5));
#13459=CARTESIAN_POINT('',(20.,-9.39472300552013,18.5));
#13460=CARTESIAN_POINT('',(10.,-9.39472300552013,18.5));
#13461=CARTESIAN_POINT('',(20.,-9.39472300552013,0.));
#13462=CARTESIAN_POINT('',(20.,-9.39472300552013,20.));
#13463=CARTESIAN_POINT('',(30.,-9.39472300552013,0.));
#13464=CARTESIAN_POINT('',(10.,-9.39472300552013,0.));
#13465=CARTESIAN_POINT('',(30.,-9.39472300552013,10.));
#13466=CARTESIAN_POINT('',(23.9281484287451,-9.39472300552013,14.987354384349));
#13467=CARTESIAN_POINT('Origin',(25.7281484287451,-9.39472300552013,14.987354384349));
#13468=CARTESIAN_POINT('',(23.7857472558585,-9.39472300552013,5.07485895983972));
#13469=CARTESIAN_POINT('Origin',(25.5857472558585,-9.39472300552013,5.07485895983972));
#13470=CARTESIAN_POINT('Origin',(0.,0.,0.));
#13471=CARTESIAN_POINT('',(30.,17.3205080756888,0.));
#13472=CARTESIAN_POINT('',(30.,-3.19736150276006,0.));
#13473=CARTESIAN_POINT('',(20.,-12.3947230055201,0.));
#13474=CARTESIAN_POINT('',(20.,-6.19736150276006,0.));
#13475=CARTESIAN_POINT('',(30.,-12.3947230055201,0.));
#13476=CARTESIAN_POINT('',(15.,-12.3947230055201,0.));
#13477=CARTESIAN_POINT('',(30.,-22.0455080756888,0.));
#13478=CARTESIAN_POINT('',(30.,-8.66025403784439,0.));
#13479=CARTESIAN_POINT('',(18.5510080682219,-22.0455080756887,0.));
#13480=CARTESIAN_POINT('',(5.94619391156341,-22.0455080756887,0.));
#13481=CARTESIAN_POINT('',(5.32384187671871,-44.683964771176,0.));
#13482=CARTESIAN_POINT('',(20.9916813404736,-17.8682659225511,0.));
#13483=CARTESIAN_POINT('',(45.,-5.51091059616309E-15,0.));
#13484=CARTESIAN_POINT('Origin',(0.,0.,0.));
#13485=CARTESIAN_POINT('',(39.2915790510927,21.9356289098747,0.));
#13486=CARTESIAN_POINT('Origin',(0.,0.,0.));
#13487=CARTESIAN_POINT('',(30.3647111889631,21.9818765048684,0.));
#13488=CARTESIAN_POINT('',(24.7804334138755,22.0108070794958,0.));
#13489=CARTESIAN_POINT('',(30.0905490762917,22.0033272851704,0.));
#13490=CARTESIAN_POINT('',(30.3647111889631,21.9818765048684,0.));
#13491=CARTESIAN_POINT('',(29.7258378873286,17.3419588559908,0.));
#13492=CARTESIAN_POINT('',(28.9611050897278,7.56792003467073,0.));
#13493=CARTESIAN_POINT('',(30.,17.3205080756888,0.));
#13494=CARTESIAN_POINT('',(17.185876360284,-30.8520490854615,0.));
#13495=CARTESIAN_POINT('Origin',(18.985876360284,-30.8520490854615,0.));
#13496=CARTESIAN_POINT('Origin',(20.,-12.3947230055201,20.));
#13497=CARTESIAN_POINT('',(20.,-12.3947230055201,18.5));
#13498=CARTESIAN_POINT('',(20.,-6.19736150276006,18.5));
#13499=CARTESIAN_POINT('',(20.,-12.3947230055201,20.));
#13500=CARTESIAN_POINT('Origin',(-23.1360687842985,-21.2834006107731,20.));
#13501=CARTESIAN_POINT('',(-18.1360687842985,-12.6231465729287,18.5));
#13502=CARTESIAN_POINT('',(-23.1360687842985,-21.2834006107731,18.5));
#13503=CARTESIAN_POINT('',(-15.6360687842985,-8.29301955400651,18.5));
#13504=CARTESIAN_POINT('',(-23.1360687842985,-21.2834006107731,0.));
#13505=CARTESIAN_POINT('',(-23.1360687842985,-21.2834006107731,10.));
#13506=CARTESIAN_POINT('',(-18.1360687842985,-12.6231465729287,0.));
#13507=CARTESIAN_POINT('',(-15.6360687842985,-8.29301955400651,0.));
#13508=CARTESIAN_POINT('',(-18.1360687842985,-12.6231465729287,20.));
#13509=CARTESIAN_POINT('',(-20.1001429986711,-16.0250229020579,14.987354384349));
#13510=CARTESIAN_POINT('Origin',(-21.0001429986711,-17.5838686288699,14.987354384349));
#13511=CARTESIAN_POINT('',(-20.0289424122278,-15.9016998688094,5.07485895983973));
#13512=CARTESIAN_POINT('Origin',(-20.9289424122278,-17.4605455956214,5.07485895983973));
#13513=CARTESIAN_POINT('Origin',(-20.7341449956518,-11.1231465729287,20.));
#13514=CARTESIAN_POINT('',(-15.5379925729452,-14.1231465729287,0.));
#13515=CARTESIAN_POINT('',(-15.3670724978259,-14.2218273243087,0.));
#13516=CARTESIAN_POINT('',(-15.5379925729452,-14.1231465729287,18.5));
#13517=CARTESIAN_POINT('',(-15.5379925729452,-14.1231465729287,20.));
#13518=CARTESIAN_POINT('',(-15.3670724978259,-14.2218273243087,18.5));
#13519=CARTESIAN_POINT('Origin',(-1.86393121570147,22.0178695784488,20.));
#13520=CARTESIAN_POINT('',(-6.86393121570147,30.6781236162932,18.5));
#13521=CARTESIAN_POINT('',(-1.86393121570147,22.0178695784488,18.5));
#13522=CARTESIAN_POINT('',(3.13606878429852,13.3576155406045,18.5));
#13523=CARTESIAN_POINT('',(-1.86393121570147,22.0178695784488,0.));
#13524=CARTESIAN_POINT('',(-1.86393121570148,22.0178695784488,20.));
#13525=CARTESIAN_POINT('',(-6.86393121570147,30.6781236162932,0.));
#13526=CARTESIAN_POINT('',(3.13606878429853,13.3576155406045,0.));
#13527=CARTESIAN_POINT('',(-6.86393121570146,30.6781236162932,10.));
#13528=CARTESIAN_POINT('',(-3.82800543007402,25.419745907578,14.987354384349));
#13529=CARTESIAN_POINT('Origin',(-4.72800543007402,26.97859163439,14.987354384349));
#13530=CARTESIAN_POINT('',(-3.75680484363073,25.2964228743295,5.07485895983972));
#13531=CARTESIAN_POINT('Origin',(-4.65680484363073,26.8552686011415,5.07485895983972));
#13532=CARTESIAN_POINT('Origin',(0.,0.,0.));
#13533=CARTESIAN_POINT('',(-30.,17.3205080756888,0.));
#13534=CARTESIAN_POINT('',(-12.2310037135274,27.5794428649132,0.));
#13535=CARTESIAN_POINT('',(0.734144995651843,23.5178695784488,0.));
#13536=CARTESIAN_POINT('',(-4.63292750217408,20.4191888270688,0.));
#13537=CARTESIAN_POINT('',(-4.26585500434815,32.1781236162932,0.));
#13538=CARTESIAN_POINT('',(3.23414499565184,19.1877425595266,0.));
#13539=CARTESIAN_POINT('',(7.69185074553425E-15,34.6410161513775,0.));
#13540=CARTESIAN_POINT('',(-7.49999999999999,30.3108891324553,0.));
#13541=CARTESIAN_POINT('',(4.21929498955228,27.3329828573521,-8.88178419700125E-15));
#13542=CARTESIAN_POINT('',(12.0269030442182,13.8098090210866,-2.22044604925031E-15));
#13543=CARTESIAN_POINT('',(9.65297262294411,26.9078452480374,0.));
#13544=CARTESIAN_POINT('',(5.91339645922726,27.2004342784066,0.));
#13545=CARTESIAN_POINT('',(9.65391238045898,27.0892404353726,0.));
#13546=CARTESIAN_POINT('',(9.58314396081857,13.4292797167989,6.93889390390723E-17));
#13547=CARTESIAN_POINT('',(36.035527695288,26.9525646965578,0.));
#13548=CARTESIAN_POINT('',(4.89725473111247,27.1138833425925,0.));
#13549=CARTESIAN_POINT('',(-38.6426014094862,23.0596911581134,0.));
#13550=CARTESIAN_POINT('Origin',(0.,0.,0.));
#13551=CARTESIAN_POINT('',(-34.2192190705498,15.3056730157854,1.11022302462516E-15));
#13552=CARTESIAN_POINT('',(-31.4521347955794,10.4550813134571,-6.93889390390723E-17));
#13553=CARTESIAN_POINT('',(-34.1149354311662,15.0872950806434,0.));
#13554=CARTESIAN_POINT('',(-34.2192190705498,15.3056730157854,1.11022302462516E-15));
#13555=CARTESIAN_POINT('',(-29.8957163606164,17.1021301405467,0.));
#13556=CARTESIAN_POINT('',(-21.0487840449775,21.3268715213772,1.11022302462516E-15));
#13557=CARTESIAN_POINT('',(-30.,17.3205080756888,0.));
#13558=CARTESIAN_POINT('',(18.1257200866722,30.3094300570352,4.44089209850063E-15));
#13559=CARTESIAN_POINT('Origin',(17.2257200866722,31.8682757838472,4.44089209850063E-15));
#13560=CARTESIAN_POINT('Origin',(0.734144995651843,23.5178695784488,20.));
#13561=CARTESIAN_POINT('',(0.734144995651844,23.5178695784488,18.5));
#13562=CARTESIAN_POINT('',(-4.63292750217407,20.4191888270688,18.5));
#13563=CARTESIAN_POINT('',(0.734144995651843,23.5178695784488,20.));
#13564=CARTESIAN_POINT('Origin',(-51.3474384860761,45.3307791262603,14.8859234970927));
#13565=CARTESIAN_POINT('',(-52.5994068998658,47.5254313290995,19.7712153818675));
#13566=CARTESIAN_POINT('',(-53.9220623613461,49.843995192343,16.6893071616917));
#13567=CARTESIAN_POINT('Origin',(-51.3474384860762,45.3307791262603,14.8859234970927));
#13568=CARTESIAN_POINT('',(-56.942427433962,45.0478977490205,19.7712153818675));
#13569=CARTESIAN_POINT('',(-52.5994068998658,47.5254313290995,19.7712153818675));
#13570=CARTESIAN_POINT('',(-58.2650828954423,47.366461612264,16.6893071616917));
#13571=CARTESIAN_POINT('Origin',(-55.6904590201724,42.8532455461813,14.8859234970927));
#13572=CARTESIAN_POINT('',(-53.9220623613461,49.843995192343,16.6893071616917));
#13573=CARTESIAN_POINT('Origin',(-51.2394998788015,45.1415669228074,6.25453236442697));
#13574=CARTESIAN_POINT('',(-53.9220623613462,49.8439951923431,5.28446695574816));
#13575=CARTESIAN_POINT('',(-51.4516061972632,45.5133810947312,0.771215381867481));
#13576=CARTESIAN_POINT('Origin',(-51.2394998788015,45.1415669228073,6.25453236442697));
#13577=CARTESIAN_POINT('',(-58.2650828954424,47.3664616122641,5.28446695574816));
#13578=CARTESIAN_POINT('',(-53.9220623613462,49.8439951923431,5.28446695574816));
#13579=CARTESIAN_POINT('',(-55.7946267313594,43.0358475146522,0.771215381867481));
#13580=CARTESIAN_POINT('Origin',(-55.5825204128977,42.6640333427284,6.25453236442697));
#13581=CARTESIAN_POINT('',(-51.4516061972632,45.5133810947312,0.771215381867481));
#13582=CARTESIAN_POINT('Origin',(64.9313255397208,21.8027965850706,14.8859234970927));
#13583=CARTESIAN_POINT('',(67.4579343067459,21.7897069347286,19.7712153818675));
#13584=CARTESIAN_POINT('',(70.1271972433515,21.775878233203,16.6893071616917));
#13585=CARTESIAN_POINT('Origin',(64.9313255397208,21.8027965850706,14.8859234970927));
#13586=CARTESIAN_POINT('',(67.4838375547166,26.7896398364528,19.7712153818675));
#13587=CARTESIAN_POINT('',(67.4579343067459,21.7897069347286,19.7712153818675));
#13588=CARTESIAN_POINT('',(70.1531004913222,26.7758111349272,16.6893071616917));
#13589=CARTESIAN_POINT('Origin',(64.9572287876915,26.8027294867948,14.8859234970927));
#13590=CARTESIAN_POINT('',(70.1271972433515,21.775878233203,16.6893071616917));
#13591=CARTESIAN_POINT('Origin',(-13.5838870536447,-67.1335757113309,14.8859234970927));
#13592=CARTESIAN_POINT('',(-14.8585274068801,-69.315138263828,19.7712153818675));
#13593=CARTESIAN_POINT('',(-16.2051348820054,-71.619873425546,16.6893071616917));
#13594=CARTESIAN_POINT('Origin',(-13.5838870536447,-67.1335757113309,14.8859234970927));
#13595=CARTESIAN_POINT('',(-10.5414101207546,-71.8375375854733,19.7712153818675));
#13596=CARTESIAN_POINT('',(-14.8585274068801,-69.315138263828,19.7712153818675));
#13597=CARTESIAN_POINT('',(-11.8880175958799,-74.1422727471913,16.6893071616917));
#13598=CARTESIAN_POINT('Origin',(-9.26676976751922,-69.6559750329761,14.8859234970927));
#13599=CARTESIAN_POINT('',(-16.2051348820054,-71.619873425546,16.6893071616917));
#13600=CARTESIAN_POINT('Origin',(64.7134936611873,21.8039251108481,6.25453236442697));
#13601=CARTESIAN_POINT('',(70.1271972433516,21.775878233203,5.28446695574816));
#13602=CARTESIAN_POINT('',(65.1415473387912,21.8017074849772,0.771215381867481));
#13603=CARTESIAN_POINT('Origin',(64.7134936611873,21.8039251108481,6.25453236442697));
#13604=CARTESIAN_POINT('',(70.1531004913223,26.7758111349272,5.28446695574816));
#13605=CARTESIAN_POINT('',(70.1271972433516,21.775878233203,5.28446695574816));
#13606=CARTESIAN_POINT('',(65.1674505867619,26.8016403867015,0.771215381867481));
#13607=CARTESIAN_POINT('Origin',(64.7393969091579,26.8038580125724,6.25453236442697));
#13608=CARTESIAN_POINT('',(65.1415473387912,21.8017074849772,0.771215381867481));
#13609=CARTESIAN_POINT('Origin',(-13.5509231832125,-67.0771576439617,6.08607632803348));
#13610=CARTESIAN_POINT('',(-16.2051348820055,-71.619873425546,5.28446695574816));
#13611=CARTESIAN_POINT('',(-13.689941141528,-67.3150885797084,0.771215381867481));
#13612=CARTESIAN_POINT('Origin',(-13.5509231832125,-67.0771576439617,6.08607632803348));
#13613=CARTESIAN_POINT('',(-11.88801759588,-74.1422727471913,5.28446695574816));
#13614=CARTESIAN_POINT('',(-16.2051348820055,-71.619873425546,5.28446695574816));
#13615=CARTESIAN_POINT('',(-9.37282385540254,-69.8374879013536,0.771215381867481));
#13616=CARTESIAN_POINT('Origin',(-9.23380589708703,-69.599556965607,6.08607632803348));
#13617=CARTESIAN_POINT('',(-13.689941141528,-67.3150885797084,0.771215381867481));
#13618=CARTESIAN_POINT('Origin',(90.3862782673219,21.6709216248371,-130.884803089283));
#13619=CARTESIAN_POINT('',(49.4720762419265,26.8829537126276,-7.4997846181326));
#13620=CARTESIAN_POINT('',(63.5545167182249,26.8099965440296,-3.68949468072871));
#13621=CARTESIAN_POINT('Origin',(90.4121815152926,26.6708545265613,-130.884803089283));
#13622=CARTESIAN_POINT('',(63.5286134702542,21.8100636423054,-3.68949468072871));
#13623=CARTESIAN_POINT('',(63.5286134702542,21.8100636423054,-3.68949468072871));
#13624=CARTESIAN_POINT('',(49.4461729939558,21.8830208109034,-7.4997846181326));
#13625=CARTESIAN_POINT('Origin',(90.3862782673219,21.6709216248371,-130.884803089283));
#13626=CARTESIAN_POINT('',(49.4461729939558,21.8830208109034,-7.4997846181326));
#13627=CARTESIAN_POINT('Origin',(-63.9607077841912,67.4413523206113,-130.884803089283));
#13628=CARTESIAN_POINT('',(-48.01735896486,29.4025979471551,-7.4997846181326));
#13629=CARTESIAN_POINT('',(-54.9953964416151,41.6348277312107,-3.68949468072872));
#13630=CARTESIAN_POINT('Origin',(-68.3037283182874,64.9638187405323,-130.884803089283));
#13631=CARTESIAN_POINT('',(-50.6523759075189,44.1123613112897,-3.68949468072872));
#13632=CARTESIAN_POINT('',(-50.6523759075189,44.1123613112897,-3.68949468072872));
#13633=CARTESIAN_POINT('',(-43.6743384307638,31.8801315272341,-7.4997846181326));
#13634=CARTESIAN_POINT('Origin',(-63.9607077841912,67.4413523206113,-130.884803089283));
#13635=CARTESIAN_POINT('',(-43.6743384307638,31.8801315272341,-7.4997846181326));
#13636=CARTESIAN_POINT('Origin',(-26.4255704831304,-89.1122739454484,-130.884803089283));
#13637=CARTESIAN_POINT('',(-1.45471727706653,-56.2855516597828,-7.4997846181326));
#13638=CARTESIAN_POINT('',(-8.55912027660981,-68.4448242752403,-3.68949468072872));
#13639=CARTESIAN_POINT('Origin',(-22.1084531970049,-91.6346732670937,-130.884803089283));
#13640=CARTESIAN_POINT('',(-12.8762375627353,-65.9224249535951,-3.68949468072872));
#13641=CARTESIAN_POINT('',(-12.8762375627353,-65.9224249535951,-3.68949468072872));
#13642=CARTESIAN_POINT('',(-5.77183456319202,-53.7631523381375,-7.4997846181326));
#13643=CARTESIAN_POINT('Origin',(-26.4255704831304,-89.1122739454484,-130.884803089283));
#13644=CARTESIAN_POINT('',(-5.77183456319202,-53.7631523381375,-7.4997846181326));
#13645=CARTESIAN_POINT('Origin',(49.4461729939558,21.8830208109034,-7.49978461813261));
#13646=CARTESIAN_POINT('',(36.0355276952879,26.9525646965578,-7.49978461813268));
#13647=CARTESIAN_POINT('',(39.2915790510927,21.9356289098747,-7.49978461813266));
#13648=CARTESIAN_POINT('Origin',(0.,0.,-7.49978461813261));
#13649=CARTESIAN_POINT('',(70.1531004913223,26.7758111349272,-7.49978461813249));
#13650=CARTESIAN_POINT('',(70.1271972433517,21.775878233203,-7.49978461813249));
#13651=CARTESIAN_POINT('Origin',(-5.77183456319203,-53.7631523381375,-7.49978461813262));
#13652=CARTESIAN_POINT('',(5.3238418767187,-44.683964771176,-7.49978461813268));
#13653=CARTESIAN_POINT('',(-0.648977641606548,-44.9953200679881,-7.49978461813266));
#13654=CARTESIAN_POINT('Origin',(0.,0.,-7.49978461813262));
#13655=CARTESIAN_POINT('',(-11.88801759588,-74.1422727471914,-7.49978461813249));
#13656=CARTESIAN_POINT('',(-16.2051348820055,-71.6198734255461,-7.49978461813249));
#13657=CARTESIAN_POINT('Origin',(-43.6743384307638,31.8801315272341,-7.4997846181326));
#13658=CARTESIAN_POINT('',(-41.3593695720067,17.7314000746181,-7.49978461813268));
#13659=CARTESIAN_POINT('',(-38.6426014094862,23.0596911581134,-7.49978461813266));
#13660=CARTESIAN_POINT('Origin',(0.,0.,-7.4997846181326));
#13661=CARTESIAN_POINT('',(-58.2650828954424,47.3664616122641,-7.49978461813249));
#13662=CARTESIAN_POINT('',(-53.9220623613462,49.8439951923431,-7.49978461813249));
#13663=CARTESIAN_POINT('Origin',(0.,0.,0.));
#13664=CARTESIAN_POINT('',(45.,-4.44089209850063E-15,-7.5));
#13665=CARTESIAN_POINT('Origin',(0.,0.,-7.5));
#13666=CARTESIAN_POINT('',(45.,-5.51091059616309E-15,0.));
#13667=CARTESIAN_POINT('',(5.32384187671871,-44.683964771176,0.));
#13668=CARTESIAN_POINT('',(-0.648977641606532,-44.9953200679881,0.));
#13669=CARTESIAN_POINT('',(-0.648977641606532,-44.9953200679881,0.));
#13670=CARTESIAN_POINT('',(-41.3593695720067,17.7314000746182,0.));
#13671=CARTESIAN_POINT('Origin',(0.,0.,0.));
#13672=CARTESIAN_POINT('',(-41.3593695720067,17.7314000746182,0.));
#13673=CARTESIAN_POINT('',(-38.6426014094862,23.0596911581134,0.));
#13674=CARTESIAN_POINT('',(36.035527695288,26.9525646965578,0.));
#13675=CARTESIAN_POINT('',(39.2915790510927,21.9356289098747,0.));
#13676=CARTESIAN_POINT('Origin',(0.,0.,-7.5));
#13677=CARTESIAN_POINT('',(-6.00000000000001,10.3923048454133,-7.5));
#13678=CARTESIAN_POINT('Origin',(-5.,8.66025403784438,-7.5));
#13679=CARTESIAN_POINT('',(-6.,-10.3923048454133,-7.50000000000002));
#13680=CARTESIAN_POINT('Origin',(-5.,-8.66025403784439,-7.5));
#13681=CARTESIAN_POINT('',(12.,0.,-7.5));
#13682=CARTESIAN_POINT('Origin',(10.,0.,-7.5));
#13683=CARTESIAN_POINT('',(2.,0.,-7.5));
#13684=CARTESIAN_POINT('Origin',(0.,0.,-7.5));
#13685=CARTESIAN_POINT('',(-35.3115964469562,0.542619028426385,-7.5));
#13686=CARTESIAN_POINT('Origin',(-36.2115964469562,-1.0162266983856,-7.5));
#13687=CARTESIAN_POINT('',(18.1257200866722,30.3094300570352,-7.5));
#13688=CARTESIAN_POINT('Origin',(17.2257200866722,31.8682757838472,-7.5));
#13689=CARTESIAN_POINT('',(17.185876360284,-30.8520490854615,-7.5));
#13690=CARTESIAN_POINT('Origin',(18.985876360284,-30.8520490854615,-7.5));
#13691=CARTESIAN_POINT('Origin',(-3.5527136788005E-14,-34.6410161513775,
18.5));
#13692=CARTESIAN_POINT('',(3.89193881320751,-37.2234860234315,18.5));
#13693=CARTESIAN_POINT('',(3.85450788158674,-37.2875495206538,18.5));
#13694=CARTESIAN_POINT('',(3.57219552499173,-37.7707305714432,18.5));
#13695=CARTESIAN_POINT('',(3.89639402812713,-37.2265450066569,18.5));
#13696=CARTESIAN_POINT('',(0.0418861465403597,-34.5800116373806,18.5));
#13697=CARTESIAN_POINT('',(3.85450788158674,-37.2875495206538,18.5));
#13698=CARTESIAN_POINT('Origin',(-3.5254315917032E-14,-34.6410161513775,
0.));
#13699=CARTESIAN_POINT('',(-3.5254315917032E-14,-34.6410161513775,0.));
#13700=CARTESIAN_POINT('',(-3.5527136788005E-14,-34.6410161513775,18.5));
#13701=CARTESIAN_POINT('',(-3.5254315917032E-14,-34.6410161513775,0.));
#13702=CARTESIAN_POINT('',(0.0418861465403575,-34.5800116373806,-8.88178419700125E-15));
#13703=CARTESIAN_POINT('',(-3.5254315917032E-14,-34.6410161513775,0.));
#13704=CARTESIAN_POINT('',(0.0418861465403575,-34.5800116373806,18.5));
#13705=CARTESIAN_POINT('',(0.04188614654036,-34.5800116373806,0.));
#13706=CARTESIAN_POINT('',(8.08219951803809,-22.8698055161785,18.5));
#13707=CARTESIAN_POINT('Origin',(3.85450788158674,-37.2875495206538,18.5));
#13708=CARTESIAN_POINT('',(3.85450788158673,-37.2875495206538,0.));
#13709=CARTESIAN_POINT('',(3.85450788158674,-37.2875495206538,14.74344352936));
#13710=CARTESIAN_POINT('',(3.89639402812712,-37.2265450066569,-8.88178419700125E-15));
#13711=CARTESIAN_POINT('',(3.89639402812714,-37.2265450066569,14.74344352936));
#13712=CARTESIAN_POINT('',(3.85450788158673,-37.2875495206538,0.));
#13713=CARTESIAN_POINT('Origin',(0.0418861465403941,-34.5800116373806,18.5));
#13714=CARTESIAN_POINT('',(-8.04031337149771,-29.0307141968908,18.5));
#13715=CARTESIAN_POINT('',(-8.04031337149766,-29.0307141968911,0.));
#13716=CARTESIAN_POINT('Origin',(30.,17.3205080756888,18.5));
#13717=CARTESIAN_POINT('',(30.0889825063745,21.9833049777255,18.5));
#13718=CARTESIAN_POINT('',(30.3647111889631,21.9818765048684,18.5));
#13719=CARTESIAN_POINT('',(30.9243144318715,21.9789773576495,18.5));
#13720=CARTESIAN_POINT('',(30.0905490762917,22.0033272851704,18.5));
#13721=CARTESIAN_POINT('',(29.7258378873286,17.3419588559908,18.5));
#13722=CARTESIAN_POINT('',(30.3647111889631,21.9818765048684,18.5));
#13723=CARTESIAN_POINT('Origin',(30.,17.3205080756888,0.));
#13724=CARTESIAN_POINT('',(30.,17.3205080756888,18.5));
#13725=CARTESIAN_POINT('',(30.,17.3205080756888,0.));
#13726=CARTESIAN_POINT('',(29.7258378873286,17.3419588559908,18.5));
#13727=CARTESIAN_POINT('',(29.7258378873286,17.3419588559908,0.));
#13728=CARTESIAN_POINT('',(15.764732797601,18.4342928591645,18.5));
#13729=CARTESIAN_POINT('Origin',(30.3647111889631,21.9818765048684,18.5));
#13730=CARTESIAN_POINT('',(30.3647111889631,21.9818765048684,9.6356076909337));
#13731=CARTESIAN_POINT('',(30.0905490762917,22.0033272851704,9.6356076909337));
#13732=CARTESIAN_POINT('Origin',(29.7258378873286,17.3419588559908,18.5));
#13733=CARTESIAN_POINT('',(28.9611050897277,7.56792003467064,18.5));
#13734=CARTESIAN_POINT('Origin',(8.88178419700125E-15,8.88178419700125E-15,
18.5));
#13735=CARTESIAN_POINT('',(14.3158969099023,-19.3827542634275,18.5));
#13736=CARTESIAN_POINT('',(3.57219552499173,-37.7707305714432,18.5));
#13737=CARTESIAN_POINT('',(18.6330141960278,-21.9051535850728,18.5));
#13738=CARTESIAN_POINT('',(12.96339747928,-18.592517765269,18.5));
#13739=CARTESIAN_POINT('',(18.5510080682219,-22.0455080756887,18.5));
#13740=CARTESIAN_POINT('',(10.1935058586681,-36.3494753135814,18.5));
#13741=CARTESIAN_POINT('',(30.,-22.0455080756888,18.5));
#13742=CARTESIAN_POINT('',(5.94619391156341,-22.0455080756887,18.5));
#13743=CARTESIAN_POINT('',(30.,-12.3947230055201,18.5));
#13744=CARTESIAN_POINT('',(30.,-8.66025403784438,18.5));
#13745=CARTESIAN_POINT('',(15.,-12.3947230055201,18.5));
#13746=CARTESIAN_POINT('',(30.,-6.39472300552013,18.5));
#13747=CARTESIAN_POINT('',(9.62800913248819,22.0893075336483,18.5));
#13748=CARTESIAN_POINT('',(30.9243144318715,21.9789773576495,18.5));
#13749=CARTESIAN_POINT('',(9.65136066916471,26.5967004546788,18.5));
#13750=CARTESIAN_POINT('',(9.61989396539643,20.5228904190461,18.5));
#13751=CARTESIAN_POINT('',(4.40750947228512,27.0069858105386,18.5));
#13752=CARTESIAN_POINT('',(9.65136066916471,26.5967004546788,18.5));
#13753=CARTESIAN_POINT('',(8.88178419700125E-15,34.6410161513775,18.5));
#13754=CARTESIAN_POINT('',(12.0269030442182,13.8098090210866,18.5));
#13755=CARTESIAN_POINT('',(-4.26585500434816,32.1781236162932,18.5));
#13756=CARTESIAN_POINT('',(-7.49999999999999,30.3108891324553,18.5));
#13757=CARTESIAN_POINT('',(3.23414499565184,19.1877425595266,18.5));
#13758=CARTESIAN_POINT('',(-30.,17.3205080756888,18.5));
#13759=CARTESIAN_POINT('',(-9.46200742705479,29.1781236162932,18.5));
#13760=CARTESIAN_POINT('',(-29.8957163606164,17.1021301405467,18.5));
#13761=CARTESIAN_POINT('',(-23.8469323156389,4.43551265701385,18.5));
#13762=CARTESIAN_POINT('',(-34.0989870927398,15.0949110092954,18.5));
#13763=CARTESIAN_POINT('',(-21.0487840449775,21.3268715213772,18.5));
#13764=CARTESIAN_POINT('',(-23.9439060423905,-2.70655327022083,18.5));
#13765=CARTESIAN_POINT('',(-34.4965099568632,15.7917532137937,18.5));
#13766=CARTESIAN_POINT('',(-25.9834234276564,-3.87002297281172,18.5));
#13767=CARTESIAN_POINT('',(-22.5832914446764,-1.93037265377712,18.5));
#13768=CARTESIAN_POINT('',(-24.2862582223846,-7.42401701553002,18.5));
#13769=CARTESIAN_POINT('',(-25.9156455182882,-4.01195511081124,18.5));
#13770=CARTESIAN_POINT('',(-30.,-17.3205080756888,18.5));
#13771=CARTESIAN_POINT('',(-17.9730969557816,3.51069905460208,18.5));
#13772=CARTESIAN_POINT('',(-22.5,-21.650635094611,18.5));
#13773=CARTESIAN_POINT('',(-20.5379925729452,-22.7834006107731,18.5));
#13774=CARTESIAN_POINT('',(-10.5379925729452,-5.46289253508431,18.5));
#13775=CARTESIAN_POINT('',(-22.5,-21.650635094611,18.5));
#13776=CARTESIAN_POINT('',(2.,-2.44929359829471E-16,18.5));
#13777=CARTESIAN_POINT('Origin',(0.,0.,18.5));
#13778=CARTESIAN_POINT('',(12.,-2.44929359829471E-16,18.5));
#13779=CARTESIAN_POINT('Origin',(10.,0.,18.5));
#13780=CARTESIAN_POINT('',(-6.,-10.3923048454133,18.5));
#13781=CARTESIAN_POINT('Origin',(-5.,-8.66025403784439,18.5));
#13782=CARTESIAN_POINT('',(-6.00000000000001,10.3923048454133,18.5));
#13783=CARTESIAN_POINT('Origin',(-5.,8.66025403784438,18.5));
#13784=CARTESIAN_POINT('Origin',(-30.,17.3205080756888,18.5));
#13785=CARTESIAN_POINT('',(-34.2192190705498,15.3056730157854,18.5));
#13786=CARTESIAN_POINT('',(-34.4965099568632,15.7917532137937,18.5));
#13787=CARTESIAN_POINT('',(-34.1149354311662,15.0872950806433,18.5));
#13788=CARTESIAN_POINT('',(-29.8957163606164,17.1021301405467,18.5));
#13789=CARTESIAN_POINT('',(-34.2192190705498,15.3056730157854,18.5));
#13790=CARTESIAN_POINT('Origin',(-30.,17.3205080756888,0.));
#13791=CARTESIAN_POINT('',(-30.,17.3205080756888,0.));
#13792=CARTESIAN_POINT('',(-29.8957163606164,17.1021301405467,0.));
#13793=CARTESIAN_POINT('Origin',(-34.2192190705498,15.3056730157854,18.5));
#13794=CARTESIAN_POINT('',(-34.2192190705498,15.3056730157854,14.74344352936));
#13795=CARTESIAN_POINT('',(-34.1149354311662,15.0872950806433,14.74344352936));
#13796=CARTESIAN_POINT('Origin',(-29.8957163606164,17.1021301405467,18.5));
#13797=CARTESIAN_POINT('Origin',(30.6217606174081,25.2672215306108,20.));
#13798=CARTESIAN_POINT('',(9.6529726229441,26.9078452480374,0.771215381867183));
#13799=CARTESIAN_POINT('',(9.65297262294406,26.9078452480374,10.3856076909335));
#13800=CARTESIAN_POINT('',(4.21929498955228,27.3329828573521,0.771215381867183));
#13801=CARTESIAN_POINT('',(4.21929498955228,27.3329828573521,10.3856076909336));
#13802=CARTESIAN_POINT('',(9.67556670584464,26.9060774592511,0.771215381867183));
#13803=CARTESIAN_POINT('Origin',(0.,0.,0.));
#13804=CARTESIAN_POINT('',(-30.,-17.3205080756888,0.));
#13805=CARTESIAN_POINT('',(-20.3670724978259,-22.8820813621531,1.11022302462516E-15));
#13806=CARTESIAN_POINT('',(-24.2862582223846,-7.42401701553002,0.));
#13807=CARTESIAN_POINT('',(-17.9730969557816,3.51069905460207,0.));
#13808=CARTESIAN_POINT('',(-25.9834234276564,-3.87002297281163,0.));
#13809=CARTESIAN_POINT('',(-24.2894808781453,-7.41726852732163,0.));
#13810=CARTESIAN_POINT('',(-28.2869265764868,-5.18408685029971,0.));
#13811=CARTESIAN_POINT('',(-15.348699154826,2.19669632864377,0.));
#13812=CARTESIAN_POINT('',(-25.929939135489,-9.3157946653493,-6.93889390390723E-17));
#13813=CARTESIAN_POINT('',(6.67170138170392,-32.4658883929528,0.));
#13814=CARTESIAN_POINT('',(-20.5379925729452,-22.7834006107731,0.));
#13815=CARTESIAN_POINT('',(-22.5,-21.650635094611,0.));
#13816=CARTESIAN_POINT('',(-10.5379925729452,-5.46289253508432,0.));
#13817=CARTESIAN_POINT('',(-35.3115964469562,0.542619028426385,0.));
#13818=CARTESIAN_POINT('Origin',(-36.2115964469562,-1.0162266983856,0.));
#13819=CARTESIAN_POINT('Origin',(-34.9694516067247,14.9474088935178,20.));
#13820=CARTESIAN_POINT('',(-25.9834234276564,-3.87002297281168,10.3856076909335));
#13821=CARTESIAN_POINT('',(-24.2862582223846,-7.42401701553002,19.25));
#13822=CARTESIAN_POINT('Origin',(48.2969531677269,26.8890416952037,19.7712153818674));
#13823=CARTESIAN_POINT('',(48.2710499197562,21.8891087934795,19.7712153818674));
#13824=CARTESIAN_POINT('',(48.2969531677269,26.8890416952037,19.7712153818674));
#13825=CARTESIAN_POINT('',(48.2710499197562,21.8891087934795,19.7712153818674));
#13826=CARTESIAN_POINT('',(48.2969531677269,26.8890416952037,18.5002153818674));
#13827=CARTESIAN_POINT('',(48.2969531677269,26.8890416952037,15.3790512202936));
#13828=CARTESIAN_POINT('',(48.2710499197562,21.8891087934795,18.5002153818674));
#13829=CARTESIAN_POINT('',(48.2710499197562,21.8891087934795,18.5002153818674));
#13830=CARTESIAN_POINT('',(48.2710499197562,21.8891087934795,15.3790512202936));
#13831=CARTESIAN_POINT('Origin',(30.1277340295576,21.9831042169685,18.5002153818673));
#13832=CARTESIAN_POINT('',(9.62800913248818,22.0893075336483,18.5002153818672));
#13833=CARTESIAN_POINT('',(41.4531632353402,21.9244303493671,18.5002153818674));
#13834=CARTESIAN_POINT('',(9.65391238045888,27.0892404353726,18.5002153818672));
#13835=CARTESIAN_POINT('',(41.4790664833109,26.9243632510913,18.5002153818674));
#13836=CARTESIAN_POINT('',(9.62800913248818,22.0893075336483,18.5002153818672));
#13837=CARTESIAN_POINT('Origin',(52.7785924411229,21.8657564817656,10.9868870587199));
#13838=CARTESIAN_POINT('',(9.62800913248829,22.0893075336483,0.771215381867178));
#13839=CARTESIAN_POINT('Origin',(60.4296521475156,21.8261184904748,10.9868870587199));
#13840=CARTESIAN_POINT('Origin',(60.4296521475156,21.8261184904748,10.9868870587199));
#13841=CARTESIAN_POINT('Origin',(60.4296521475156,21.8261184904748,10.9868870587199));
#13842=CARTESIAN_POINT('Origin',(-47.4350697753288,28.381867521037,19.7712153818674));
#13843=CARTESIAN_POINT('',(-43.0920492412327,30.8594011011159,19.7712153818674));
#13844=CARTESIAN_POINT('',(-47.4350697753288,28.381867521037,19.7712153818674));
#13845=CARTESIAN_POINT('',(-43.0920492412327,30.8594011011159,19.7712153818674));
#13846=CARTESIAN_POINT('',(-47.4350697753288,28.381867521037,18.5002153818674));
#13847=CARTESIAN_POINT('',(-47.4350697753289,28.381867521037,15.3790512202936));
#13848=CARTESIAN_POINT('',(-43.0920492412327,30.8594011011159,18.5002153818674));
#13849=CARTESIAN_POINT('',(-43.0920492412327,30.8594011011159,18.5002153818674));
#13850=CARTESIAN_POINT('',(-43.0920492412327,30.859401101116,15.3790512202936));
#13851=CARTESIAN_POINT('Origin',(-34.1017937207143,15.0998309195735,18.5002153818673));
#13852=CARTESIAN_POINT('',(-23.9439060423905,-2.70655327022083,18.5002153818672));
#13853=CARTESIAN_POINT('',(-39.7136952637245,24.9372772543442,18.5002153818674));
#13854=CARTESIAN_POINT('',(-28.2869265764867,-5.1840868502998,18.5002153818672));
#13855=CARTESIAN_POINT('',(-44.0567157978207,22.4597436742653,18.5002153818674));
#13856=CARTESIAN_POINT('',(-23.9439060423905,-2.70655327022082,18.5002153818672));
#13857=CARTESIAN_POINT('Origin',(-45.3255968067347,34.774723589115,10.9868870587199));
#13858=CARTESIAN_POINT('',(-23.9439060423906,-2.70655327022075,0.771215381867178));
#13859=CARTESIAN_POINT('Origin',(-49.1167991525182,41.420554656368,10.9868870587199));
#13860=CARTESIAN_POINT('Origin',(-49.1167991525182,41.420554656368,10.9868870587199));
#13861=CARTESIAN_POINT('Origin',(-49.1167991525182,41.420554656368,10.9868870587199));
#13862=CARTESIAN_POINT('Origin',(-23.9439060423906,-2.70655327022074,0.771215381867178));
#13863=CARTESIAN_POINT('',(-28.2869265764868,-5.18408685029972,0.771215381867178));
#13864=CARTESIAN_POINT('Origin',(9.65136066916471,26.5967004546788,18.5));
#13865=CARTESIAN_POINT('',(4.40750947228424,27.0069858105401,0.771215381867178));
#13866=CARTESIAN_POINT('',(4.40750947228515,27.0069858105385,19.2500000000006));
#13867=CARTESIAN_POINT('',(9.65136066916482,26.5967004546802,0.771215381867178));
#13868=CARTESIAN_POINT('',(9.65136066916482,26.5967004546802,0.385607690934057));
#13869=CARTESIAN_POINT('',(9.65136066916482,26.5967004546802,0.771215381867178));
#13870=CARTESIAN_POINT('Origin',(9.65136066916481,26.5967004546802,0.771215381867184));
#13871=CARTESIAN_POINT('',(7.47496856521427,21.6939908114461,0.771215381867181));
#13872=CARTESIAN_POINT('',(9.62800913248829,22.0893075336483,0.771215381867178));
#13873=CARTESIAN_POINT('Ctrl Pts',(-27.3139445014432,11.6957019515539,5.07485895983972));
#13874=CARTESIAN_POINT('Ctrl Pts',(-27.3139445014432,11.6957019515539,6.87485895983973));
#13875=CARTESIAN_POINT('Ctrl Pts',(-28.0919784978815,13.3249647833542,6.87485895983973));
#13876=CARTESIAN_POINT('Ctrl Pts',(-28.8700124943198,14.9542276151545,6.87485895983973));
#13877=CARTESIAN_POINT('Ctrl Pts',(-28.8700124943198,14.9542276151545,5.07485895983972));
#13878=CARTESIAN_POINT('Ctrl Pts',(-28.8700124943198,14.9542276151545,3.27485895983972));
#13879=CARTESIAN_POINT('Ctrl Pts',(-28.0919784978815,13.3249647833542,3.27485895983972));
#13880=CARTESIAN_POINT('Ctrl Pts',(-27.3139445014432,11.6957019515539,3.27485895983972));
#13881=CARTESIAN_POINT('Ctrl Pts',(-27.3139445014432,11.6957019515539,5.07485895983972));
#13882=CARTESIAN_POINT('Ctrl Pts',(-31.3746216776304,9.75657658149693,5.07485895983972));
#13883=CARTESIAN_POINT('Ctrl Pts',(-31.3746216776304,9.75657658149693,6.87485895983973));
#13884=CARTESIAN_POINT('Ctrl Pts',(-32.1526556740688,11.3858394132972,6.87485895983973));
#13885=CARTESIAN_POINT('Ctrl Pts',(-32.9306896705071,13.0151022450975,6.87485895983973));
#13886=CARTESIAN_POINT('Ctrl Pts',(-32.9306896705071,13.0151022450975,5.07485895983972));
#13887=CARTESIAN_POINT('Ctrl Pts',(-32.9306896705071,13.0151022450975,3.27485895983972));
#13888=CARTESIAN_POINT('Ctrl Pts',(-32.1526556740688,11.3858394132972,3.27485895983972));
#13889=CARTESIAN_POINT('Ctrl Pts',(-31.3746216776304,9.75657658149693,3.27485895983972));
#13890=CARTESIAN_POINT('Ctrl Pts',(-31.3746216776304,9.75657658149693,5.07485895983972));
#13891=CARTESIAN_POINT('',(-31.1223788853794,9.87703195793918,5.07485895983972));
#13892=CARTESIAN_POINT('Origin',(-32.0193994223316,11.4494742621785,5.07485895983972));
#13893=CARTESIAN_POINT('',(-27.3139445014432,11.6957019515539,5.07485895983972));
#13894=CARTESIAN_POINT('Ctrl Pts',(-31.1223788853794,9.87703195793918,5.07485895983972));
#13895=CARTESIAN_POINT('Ctrl Pts',(-27.3139445014432,11.6957019515539,5.07485895983972));
#13896=CARTESIAN_POINT('',(-28.0919784978815,13.3249647833542,3.27485895983972));
#13897=CARTESIAN_POINT('Origin',(-28.0919784978815,13.3249647833542,5.07485895983972));
#13898=CARTESIAN_POINT('',(-28.0919784978815,13.3249647833542,6.87485895983973));
#13899=CARTESIAN_POINT('Origin',(-28.0919784978815,13.3249647833542,5.07485895983972));
#13900=CARTESIAN_POINT('Origin',(-28.0919784978815,13.3249647833542,5.07485895983972));
#13901=CARTESIAN_POINT('Ctrl Pts',(-27.3754961423534,11.8245958061033,14.987354384349));
#13902=CARTESIAN_POINT('Ctrl Pts',(-27.3754961423534,11.8245958061033,16.787354384349));
#13903=CARTESIAN_POINT('Ctrl Pts',(-28.1535301387917,13.4538586379036,16.787354384349));
#13904=CARTESIAN_POINT('Ctrl Pts',(-28.9315641352301,15.0831214697039,16.787354384349));
#13905=CARTESIAN_POINT('Ctrl Pts',(-28.9315641352301,15.0831214697039,14.987354384349));
#13906=CARTESIAN_POINT('Ctrl Pts',(-28.9315641352301,15.0831214697039,13.187354384349));
#13907=CARTESIAN_POINT('Ctrl Pts',(-28.1535301387917,13.4538586379036,13.187354384349));
#13908=CARTESIAN_POINT('Ctrl Pts',(-27.3754961423534,11.8245958061033,13.187354384349));
#13909=CARTESIAN_POINT('Ctrl Pts',(-27.3754961423534,11.8245958061033,14.987354384349));
#13910=CARTESIAN_POINT('Ctrl Pts',(-31.4455865535,9.88097526395257,14.987354384349));
#13911=CARTESIAN_POINT('Ctrl Pts',(-31.4455865535,9.88097526395257,16.787354384349));
#13912=CARTESIAN_POINT('Ctrl Pts',(-32.2236205499384,11.5102380957529,16.787354384349));
#13913=CARTESIAN_POINT('Ctrl Pts',(-33.0016545463767,13.1395009275532,16.787354384349));
#13914=CARTESIAN_POINT('Ctrl Pts',(-33.0016545463767,13.1395009275532,14.987354384349));
#13915=CARTESIAN_POINT('Ctrl Pts',(-33.0016545463767,13.1395009275532,13.187354384349));
#13916=CARTESIAN_POINT('Ctrl Pts',(-32.2236205499384,11.5102380957529,13.187354384349));
#13917=CARTESIAN_POINT('Ctrl Pts',(-31.4455865535,9.88097526395257,13.187354384349));
#13918=CARTESIAN_POINT('Ctrl Pts',(-31.4455865535,9.88097526395257,14.987354384349));
#13919=CARTESIAN_POINT('',(-31.193343761249,10.0014306403948,14.987354384349));
#13920=CARTESIAN_POINT('Origin',(-32.0903642982012,11.5738729446341,14.987354384349));
#13921=CARTESIAN_POINT('',(-27.3754961423534,11.8245958061033,14.987354384349));
#13922=CARTESIAN_POINT('Ctrl Pts',(-31.193343761249,10.0014306403948,14.987354384349));
#13923=CARTESIAN_POINT('Ctrl Pts',(-27.3754961423534,11.8245958061033,14.987354384349));
#13924=CARTESIAN_POINT('',(-28.1535301387917,13.4538586379036,13.187354384349));
#13925=CARTESIAN_POINT('Origin',(-28.1535301387917,13.4538586379036,14.987354384349));
#13926=CARTESIAN_POINT('',(-28.1535301387917,13.4538586379036,16.787354384349));
#13927=CARTESIAN_POINT('Origin',(-28.1535301387917,13.4538586379036,14.987354384349));
#13928=CARTESIAN_POINT('Origin',(-28.1535301387917,13.4538586379036,14.987354384349));
#13929=CARTESIAN_POINT('Origin',(-45.3255968067347,34.774723589115,10.9868870587199));
#13930=CARTESIAN_POINT('Origin',(-45.3255968067347,34.774723589115,10.9868870587199));
#13931=CARTESIAN_POINT('Origin',(-49.1167991525182,41.420554656368,10.9868870587199));
#13932=CARTESIAN_POINT('Origin',(-53.4598196866144,38.943021076289,10.9868870587199));
#13933=CARTESIAN_POINT('Origin',(-49.1167991525182,41.420554656368,10.9868870587199));
#13934=CARTESIAN_POINT('Origin',(-53.4598196866144,38.943021076289,10.9868870587199));
#13935=CARTESIAN_POINT('Origin',(-49.1167991525182,41.420554656368,10.9868870587199));
#13936=CARTESIAN_POINT('Origin',(-53.4598196866144,38.943021076289,10.9868870587199));
#13937=CARTESIAN_POINT('Origin',(-49.6686173408309,32.297190009036,10.9868870587199));
#13938=CARTESIAN_POINT('Ctrl Pts',(23.9281484287451,17.7955771974293,14.987354384349));
#13939=CARTESIAN_POINT('Ctrl Pts',(23.9281484287451,17.7955771974293,16.787354384349));
#13940=CARTESIAN_POINT('Ctrl Pts',(25.7281484287451,17.6547429874527,16.787354384349));
#13941=CARTESIAN_POINT('Ctrl Pts',(27.5281484287451,17.5139087774761,16.787354384349));
#13942=CARTESIAN_POINT('Ctrl Pts',(27.5281484287451,17.5139087774761,14.987354384349));
#13943=CARTESIAN_POINT('Ctrl Pts',(27.5281484287451,17.5139087774761,13.187354384349));
#13944=CARTESIAN_POINT('Ctrl Pts',(25.7281484287451,17.6547429874527,13.187354384349));
#13945=CARTESIAN_POINT('Ctrl Pts',(23.9281484287451,17.7955771974293,13.187354384349));
#13946=CARTESIAN_POINT('Ctrl Pts',(23.9281484287451,17.7955771974293,14.987354384349));
#13947=CARTESIAN_POINT('Ctrl Pts',(24.2799688694986,22.2921891602571,14.987354384349));
#13948=CARTESIAN_POINT('Ctrl Pts',(24.2799688694986,22.2921891602571,16.787354384349));
#13949=CARTESIAN_POINT('Ctrl Pts',(26.0799688694986,22.1513549502805,16.787354384349));
#13950=CARTESIAN_POINT('Ctrl Pts',(27.8799688694986,22.0105207403039,16.787354384349));
#13951=CARTESIAN_POINT('Ctrl Pts',(27.8799688694986,22.0105207403039,14.987354384349));
#13952=CARTESIAN_POINT('Ctrl Pts',(27.8799688694986,22.0105207403039,13.187354384349));
#13953=CARTESIAN_POINT('Ctrl Pts',(26.0799688694986,22.1513549502805,13.187354384349));
#13954=CARTESIAN_POINT('Ctrl Pts',(24.2799688694986,22.2921891602571,13.187354384349));
#13955=CARTESIAN_POINT('Ctrl Pts',(24.2799688694986,22.2921891602571,14.987354384349));
#13956=CARTESIAN_POINT('',(24.2581648893945,22.0135128060251,14.987354384349));
#13957=CARTESIAN_POINT('Origin',(26.0684501393272,22.0041342266224,14.987354384349));
#13958=CARTESIAN_POINT('',(23.9281484287451,17.7955771974293,14.987354384349));
#13959=CARTESIAN_POINT('Ctrl Pts',(24.2581648893945,22.0135128060251,14.987354384349));
#13960=CARTESIAN_POINT('Ctrl Pts',(23.9281484287451,17.7955771974293,14.987354384349));
#13961=CARTESIAN_POINT('',(25.7281484287451,17.6547429874527,13.187354384349));
#13962=CARTESIAN_POINT('Origin',(25.7281484287451,17.6547429874527,14.987354384349));
#13963=CARTESIAN_POINT('',(25.7281484287451,17.6547429874527,16.787354384349));
#13964=CARTESIAN_POINT('Origin',(25.7281484287451,17.6547429874527,14.987354384349));
#13965=CARTESIAN_POINT('Origin',(25.7281484287451,17.6547429874527,14.987354384349));
#13966=CARTESIAN_POINT('Ctrl Pts',(23.7857472558585,17.8067188400311,5.07485895983972));
#13967=CARTESIAN_POINT('Ctrl Pts',(23.7857472558585,17.8067188400311,6.87485895983973));
#13968=CARTESIAN_POINT('Ctrl Pts',(25.5857472558585,17.6658846300545,6.87485895983973));
#13969=CARTESIAN_POINT('Ctrl Pts',(27.3857472558585,17.5250504200778,6.87485895983973));
#13970=CARTESIAN_POINT('Ctrl Pts',(27.3857472558585,17.5250504200778,5.07485895983972));
#13971=CARTESIAN_POINT('Ctrl Pts',(27.3857472558585,17.5250504200778,3.27485895983972));
#13972=CARTESIAN_POINT('Ctrl Pts',(25.5857472558585,17.6658846300545,3.27485895983972));
#13973=CARTESIAN_POINT('Ctrl Pts',(23.7857472558585,17.8067188400311,3.27485895983972));
#13974=CARTESIAN_POINT('Ctrl Pts',(23.7857472558585,17.8067188400311,5.07485895983972));
#13975=CARTESIAN_POINT('Ctrl Pts',(24.1367540123599,22.2929311162054,5.07485895983972));
#13976=CARTESIAN_POINT('Ctrl Pts',(24.1367540123599,22.2929311162054,6.87485895983973));
#13977=CARTESIAN_POINT('Ctrl Pts',(25.9367540123599,22.1520969062288,6.87485895983973));
#13978=CARTESIAN_POINT('Ctrl Pts',(27.7367540123599,22.0112626962522,6.87485895983973));
#13979=CARTESIAN_POINT('Ctrl Pts',(27.7367540123599,22.0112626962522,5.07485895983972));
#13980=CARTESIAN_POINT('Ctrl Pts',(27.7367540123599,22.0112626962522,3.27485895983972));
#13981=CARTESIAN_POINT('Ctrl Pts',(25.9367540123599,22.1520969062288,3.27485895983972));
#13982=CARTESIAN_POINT('Ctrl Pts',(24.1367540123599,22.2929311162054,3.27485895983972));
#13983=CARTESIAN_POINT('Ctrl Pts',(24.1367540123599,22.2929311162054,5.07485895983972));
#13984=CARTESIAN_POINT('',(24.1149500322558,22.0142547619734,5.07485895983972));
#13985=CARTESIAN_POINT('Origin',(25.9252352821885,22.0048761825707,5.07485895983972));
#13986=CARTESIAN_POINT('',(23.7857472558585,17.8067188400311,5.07485895983972));
#13987=CARTESIAN_POINT('Ctrl Pts',(24.1149500322558,22.0142547619734,5.07485895983972));
#13988=CARTESIAN_POINT('Ctrl Pts',(23.7857472558585,17.8067188400311,5.07485895983972));
#13989=CARTESIAN_POINT('',(25.5857472558585,17.6658846300545,3.27485895983972));
#13990=CARTESIAN_POINT('Origin',(25.5857472558585,17.6658846300545,5.07485895983972));
#13991=CARTESIAN_POINT('',(25.5857472558585,17.6658846300545,6.87485895983973));
#13992=CARTESIAN_POINT('Origin',(25.5857472558585,17.6658846300545,5.07485895983972));
#13993=CARTESIAN_POINT('Origin',(25.5857472558585,17.6658846300545,5.07485895983972));
#13994=CARTESIAN_POINT('Origin',(9.62800913248828,22.0893075336483,0.771215381867178));
#13995=CARTESIAN_POINT('',(9.65391238045898,27.0892404353726,0.771215381867178));
#13996=CARTESIAN_POINT('Origin',(52.7785924411229,21.8657564817656,10.9868870587199));
#13997=CARTESIAN_POINT('Origin',(60.4296521475156,21.8261184904748,10.9868870587199));
#13998=CARTESIAN_POINT('Origin',(60.4555553954863,26.826051392199,10.9868870587199));
#13999=CARTESIAN_POINT('Origin',(60.4296521475156,21.8261184904748,10.9868870587199));
#14000=CARTESIAN_POINT('Origin',(60.4555553954863,26.826051392199,10.9868870587199));
#14001=CARTESIAN_POINT('Origin',(60.4296521475156,21.8261184904748,10.9868870587199));
#14002=CARTESIAN_POINT('Origin',(60.4555553954863,26.826051392199,10.9868870587199));
#14003=CARTESIAN_POINT('Origin',(52.8044956890936,26.8656893834899,10.9868870587199));
#14004=CARTESIAN_POINT('Origin',(52.7785924411229,21.8657564817656,10.9868870587199));
#14005=CARTESIAN_POINT('Origin',(11.8923878231269,-22.0455080756887,20.));
#14006=CARTESIAN_POINT('',(18.5510080682219,-22.0455080756887,15.4934435293599));
#14007=CARTESIAN_POINT('',(30.,-22.0455080756888,0.));
#14008=CARTESIAN_POINT('',(23.7857472558585,-22.0455080756887,5.07485895983972));
#14009=CARTESIAN_POINT('Origin',(25.5857472558585,-22.0455080756887,5.07485895983972));
#14010=CARTESIAN_POINT('',(23.9281484287451,-22.0455080756887,14.987354384349));
#14011=CARTESIAN_POINT('Origin',(25.7281484287451,-22.0455080756887,14.987354384349));
#14012=CARTESIAN_POINT('Origin',(-3.13587834826274,-59.1628793925259,10.9868870587199));
#14013=CARTESIAN_POINT('',(-0.861883392398077,-55.2709092162407,18.5002153818674));
#14014=CARTESIAN_POINT('',(2.57764931450977,-49.3841069253566,18.5002153818674));
#14015=CARTESIAN_POINT('',(-0.861883392398073,-55.2709092162407,19.7712153818674));
#14016=CARTESIAN_POINT('',(-0.861883392398078,-55.2709092162407,15.3790512202936));
#14017=CARTESIAN_POINT('Origin',(-6.99573570887191,-65.769072468488,10.9868870587199));
#14018=CARTESIAN_POINT('Origin',(-6.99573570887191,-65.769072468488,10.9868870587199));
#14019=CARTESIAN_POINT('Origin',(-6.99573570887191,-65.769072468488,10.9868870587199));
#14020=CARTESIAN_POINT('Origin',(-0.861883392398075,-55.2709092162406,19.7712153818674));
#14021=CARTESIAN_POINT('',(-5.17900067852356,-52.7485098945954,19.7712153818674));
#14022=CARTESIAN_POINT('',(-5.17900067852356,-52.7485098945954,19.7712153818674));
#14023=CARTESIAN_POINT('',(-5.17900067852357,-52.7485098945954,18.5002153818674));
#14024=CARTESIAN_POINT('',(-5.17900067852357,-52.7485098945954,18.5002153818674));
#14025=CARTESIAN_POINT('',(-5.17900067852357,-52.7485098945954,15.3790512202936));
#14026=CARTESIAN_POINT('Origin',(3.97405969115676,-37.082935136542,18.5002153818673));
#14027=CARTESIAN_POINT('',(-1.73946797161572,-46.8617076037113,18.5002153818674));
#14028=CARTESIAN_POINT('Origin',(-7.45299563438822,-56.6404800708806,10.9868870587199));
#14029=CARTESIAN_POINT('Origin',(-11.3128529949974,-63.2466731468428,10.9868870587199));
#14030=CARTESIAN_POINT('Origin',(-11.3128529949974,-63.2466731468428,10.9868870587199));
#14031=CARTESIAN_POINT('Origin',(-11.3128529949974,-63.2466731468428,10.9868870587199));
#14032=CARTESIAN_POINT('Ctrl Pts',(3.52819724558466,-29.502420791585,5.07485895983973));
#14033=CARTESIAN_POINT('Ctrl Pts',(3.52819724558466,-29.502420791585,6.87485895983973));
#14034=CARTESIAN_POINT('Ctrl Pts',(2.50623124202298,-30.9908494134087,6.87485895983973));
#14035=CARTESIAN_POINT('Ctrl Pts',(1.4842652384613,-32.4792780352324,6.87485895983973));
#14036=CARTESIAN_POINT('Ctrl Pts',(1.4842652384613,-32.4792780352324,5.07485895983973));
#14037=CARTESIAN_POINT('Ctrl Pts',(1.4842652384613,-32.4792780352324,3.27485895983972));
#14038=CARTESIAN_POINT('Ctrl Pts',(2.50623124202298,-30.9908494134087,3.27485895983972));
#14039=CARTESIAN_POINT('Ctrl Pts',(3.52819724558466,-29.502420791585,3.27485895983972));
#14040=CARTESIAN_POINT('Ctrl Pts',(3.52819724558466,-29.502420791585,5.07485895983973));
#14041=CARTESIAN_POINT('Ctrl Pts',(7.23786766527056,-32.0495076977024,5.07485895983973));
#14042=CARTESIAN_POINT('Ctrl Pts',(7.23786766527056,-32.0495076977024,6.87485895983973));
#14043=CARTESIAN_POINT('Ctrl Pts',(6.21590166170888,-33.5379363195261,6.87485895983973));
#14044=CARTESIAN_POINT('Ctrl Pts',(5.19393565814721,-35.0263649413497,6.87485895983973));
#14045=CARTESIAN_POINT('Ctrl Pts',(5.19393565814721,-35.0263649413497,5.07485895983973));
#14046=CARTESIAN_POINT('Ctrl Pts',(5.19393565814721,-35.0263649413497,3.27485895983972));
#14047=CARTESIAN_POINT('Ctrl Pts',(6.21590166170888,-33.5379363195261,3.27485895983972));
#14048=CARTESIAN_POINT('Ctrl Pts',(7.23786766527056,-32.0495076977024,3.27485895983972));
#14049=CARTESIAN_POINT('Ctrl Pts',(7.23786766527056,-32.0495076977024,5.07485895983973));
#14050=CARTESIAN_POINT('',(7.00742885312359,-31.8912867199125,5.07485895983973));
#14051=CARTESIAN_POINT('Origin',(6.09416414014314,-33.4543504447492,5.07485895983973));
#14052=CARTESIAN_POINT('',(3.52819724558466,-29.502420791585,5.07485895983973));
#14053=CARTESIAN_POINT('Ctrl Pts',(7.00742885312359,-31.8912867199125,5.07485895983973));
#14054=CARTESIAN_POINT('Ctrl Pts',(3.52819724558466,-29.502420791585,5.07485895983973));
#14055=CARTESIAN_POINT('',(2.50623124202298,-30.9908494134087,3.27485895983973));
#14056=CARTESIAN_POINT('Origin',(2.50623124202298,-30.9908494134087,5.07485895983973));
#14057=CARTESIAN_POINT('',(2.50623124202298,-30.9908494134087,6.87485895983973));
#14058=CARTESIAN_POINT('Origin',(2.50623124202298,-30.9908494134087,5.07485895983973));
#14059=CARTESIAN_POINT('Origin',(2.50623124202298,-30.9908494134087,5.07485895983973));
#14060=CARTESIAN_POINT('Ctrl Pts',(3.44734771360833,-29.6201730035326,14.987354384349));
#14061=CARTESIAN_POINT('Ctrl Pts',(3.44734771360833,-29.6201730035326,16.787354384349));
#14062=CARTESIAN_POINT('Ctrl Pts',(2.42538171004666,-31.1086016253563,16.787354384349));
#14063=CARTESIAN_POINT('Ctrl Pts',(1.40341570648498,-32.59703024718,16.787354384349));
#14064=CARTESIAN_POINT('Ctrl Pts',(1.40341570648498,-32.59703024718,14.987354384349));
#14065=CARTESIAN_POINT('Ctrl Pts',(1.40341570648498,-32.59703024718,13.187354384349));
#14066=CARTESIAN_POINT('Ctrl Pts',(2.42538171004666,-31.1086016253563,13.187354384349));
#14067=CARTESIAN_POINT('Ctrl Pts',(3.44734771360833,-29.6201730035326,13.187354384349));
#14068=CARTESIAN_POINT('Ctrl Pts',(3.44734771360833,-29.6201730035326,14.987354384349));
#14069=CARTESIAN_POINT('Ctrl Pts',(7.16561768400148,-32.1731644242097,14.987354384349));
#14070=CARTESIAN_POINT('Ctrl Pts',(7.16561768400148,-32.1731644242097,16.787354384349));
#14071=CARTESIAN_POINT('Ctrl Pts',(6.1436516804398,-33.6615930460334,16.787354384349));
#14072=CARTESIAN_POINT('Ctrl Pts',(5.12168567687812,-35.1500216678571,16.787354384349));
#14073=CARTESIAN_POINT('Ctrl Pts',(5.12168567687812,-35.1500216678571,14.987354384349));
#14074=CARTESIAN_POINT('Ctrl Pts',(5.12168567687812,-35.1500216678571,13.187354384349));
#14075=CARTESIAN_POINT('Ctrl Pts',(6.1436516804398,-33.6615930460334,13.187354384349));
#14076=CARTESIAN_POINT('Ctrl Pts',(7.16561768400148,-32.1731644242097,13.187354384349));
#14077=CARTESIAN_POINT('Ctrl Pts',(7.16561768400148,-32.1731644242097,14.987354384349));
#14078=CARTESIAN_POINT('',(6.93517887185452,-32.0149434464199,14.987354384349));
#14079=CARTESIAN_POINT('Origin',(6.02191415887407,-33.5780071712565,14.987354384349));
#14080=CARTESIAN_POINT('',(3.44734771360833,-29.6201730035326,14.987354384349));
#14081=CARTESIAN_POINT('Ctrl Pts',(6.93517887185452,-32.0149434464199,14.987354384349));
#14082=CARTESIAN_POINT('Ctrl Pts',(3.44734771360833,-29.6201730035326,14.987354384349));
#14083=CARTESIAN_POINT('',(2.42538171004666,-31.1086016253563,13.187354384349));
#14084=CARTESIAN_POINT('Origin',(2.42538171004666,-31.1086016253563,14.987354384349));
#14085=CARTESIAN_POINT('',(2.42538171004666,-31.1086016253563,16.787354384349));
#14086=CARTESIAN_POINT('Origin',(2.42538171004666,-31.1086016253563,14.987354384349));
#14087=CARTESIAN_POINT('Origin',(2.42538171004666,-31.1086016253563,14.987354384349));
#14088=CARTESIAN_POINT('Origin',(-7.45299563438822,-56.6404800708806,10.9868870587199));
#14089=CARTESIAN_POINT('Origin',(-7.45299563438822,-56.6404800708806,10.9868870587199));
#14090=CARTESIAN_POINT('Origin',(-11.3128529949974,-63.2466731468428,10.9868870587199));
#14091=CARTESIAN_POINT('Origin',(-11.3128529949974,-63.2466731468428,10.9868870587199));
#14092=CARTESIAN_POINT('Origin',(-11.3128529949974,-63.2466731468428,10.9868870587199));
#14093=CARTESIAN_POINT('Origin',(2.1359257856274,30.9414841694743,14.987354384349));
#14094=CARTESIAN_POINT('',(3.0359257856274,29.3826384426623,14.987354384349));
#14095=CARTESIAN_POINT('Origin',(2.13592578562739,30.9414841694743,14.987354384349));
#14096=CARTESIAN_POINT('',(-1.2299292187207,26.919745907578,14.987354384349));
#14097=CARTESIAN_POINT('',(3.0359257856274,29.3826384426623,14.987354384349));
#14098=CARTESIAN_POINT('Origin',(-2.1299292187207,28.47859163439,14.987354384349));
#14099=CARTESIAN_POINT('Origin',(2.1359257856274,30.9414841694743,14.987354384349));
#14100=CARTESIAN_POINT('',(3.0359257856274,29.3826384426623,14.987354384349));
#14101=CARTESIAN_POINT('Origin',(2.20712637207069,30.8181611362258,5.07485895983972));
#14102=CARTESIAN_POINT('',(3.10712637207069,29.2593154094138,5.07485895983972));
#14103=CARTESIAN_POINT('Origin',(2.20712637207068,30.8181611362258,5.07485895983972));
#14104=CARTESIAN_POINT('',(-1.15872863227741,26.7964228743296,5.07485895983972));
#14105=CARTESIAN_POINT('',(3.10712637207069,29.2593154094138,5.07485895983972));
#14106=CARTESIAN_POINT('Origin',(-2.05872863227741,28.3552686011415,5.07485895983972));
#14107=CARTESIAN_POINT('Origin',(2.20712637207069,30.8181611362258,5.07485895983972));
#14108=CARTESIAN_POINT('',(3.10712637207069,29.2593154094138,5.07485895983972));
#14109=CARTESIAN_POINT('Origin',(-27.8640742143725,-13.6209760937856,14.987354384349));
#14110=CARTESIAN_POINT('',(-26.9640742143725,-12.0621303669736,14.987354384349));
#14111=CARTESIAN_POINT('Origin',(-27.8640742143725,-13.6209760937856,14.987354384349));
#14112=CARTESIAN_POINT('',(-26.9640742143725,-12.0621303669736,14.987354384349));
#14113=CARTESIAN_POINT('Origin',(-27.8640742143725,-13.6209760937856,14.987354384349));
#14114=CARTESIAN_POINT('',(-17.5020667873178,-17.5250229020579,14.987354384349));
#14115=CARTESIAN_POINT('Origin',(-18.4020667873178,-19.0838686288699,14.987354384349));
#14116=CARTESIAN_POINT('',(-26.9640742143725,-12.0621303669736,14.987354384349));
#14117=CARTESIAN_POINT('Origin',(-27.7928736279292,-13.4976530605371,5.07485895983973));
#14118=CARTESIAN_POINT('',(-26.8928736279292,-11.9388073337251,5.07485895983973));
#14119=CARTESIAN_POINT('Origin',(-27.7928736279292,-13.4976530605371,5.07485895983973));
#14120=CARTESIAN_POINT('',(-26.8928736279292,-11.9388073337251,5.07485895983973));
#14121=CARTESIAN_POINT('Origin',(-27.7928736279292,-13.4976530605371,5.07485895983973));
#14122=CARTESIAN_POINT('',(-17.4308662008745,-17.4016998688094,5.07485895983973));
#14123=CARTESIAN_POINT('Origin',(-18.3308662008745,-18.9605455956214,5.07485895983973));
#14124=CARTESIAN_POINT('',(-26.8928736279292,-11.9388073337251,5.07485895983973));
#14125=CARTESIAN_POINT('Origin',(30.,-12.3947230055201,20.));
#14126=CARTESIAN_POINT('',(30.,-12.3947230055201,10.));
#14127=CARTESIAN_POINT('',(23.7857472558585,-12.3947230055201,5.07485895983972));
#14128=CARTESIAN_POINT('Origin',(25.5857472558585,-12.3947230055201,5.07485895983972));
#14129=CARTESIAN_POINT('',(23.9281484287451,-12.3947230055201,14.987354384349));
#14130=CARTESIAN_POINT('Origin',(25.7281484287451,-12.3947230055201,14.987354384349));
#14131=CARTESIAN_POINT('Origin',(30.,-17.3205080756888,0.));
#14132=CARTESIAN_POINT('Origin',(-30.,-17.3205080756888,0.));
#14133=CARTESIAN_POINT('',(-20.5379925729452,-22.7834006107731,10.));
#14134=CARTESIAN_POINT('Origin',(-15.5379925729452,-14.1231465729287,20.));
#14135=CARTESIAN_POINT('Origin',(-30.,-17.3205080756888,0.));
#14136=CARTESIAN_POINT('',(-30.,-17.3205080756888,0.));
#14137=CARTESIAN_POINT('Origin',(-20.9461939115634,-1.63885592864024,20.));
#14138=CARTESIAN_POINT('Origin',(9.0538060884365,18.959364004329,20.));
#14139=CARTESIAN_POINT('',(7.69185074553425E-15,34.6410161513775,0.));
#14140=CARTESIAN_POINT('Origin',(-4.26585500434816,32.1781236162932,20.));
#14141=CARTESIAN_POINT('',(-4.26585500434815,32.1781236162932,10.));
#14142=CARTESIAN_POINT('Origin',(7.69185074553425E-15,34.6410161513775,
0.));
#14143=CARTESIAN_POINT('Origin',(25.7281484287451,-17.3205080756887,14.987354384349));
#14144=CARTESIAN_POINT('',(23.9281484287451,-17.3205080756887,14.987354384349));
#14145=CARTESIAN_POINT('Origin',(25.7281484287451,-17.3205080756887,14.987354384349));
#14146=CARTESIAN_POINT('',(23.9281484287451,-17.3205080756887,14.987354384349));
#14147=CARTESIAN_POINT('Origin',(25.5857472558585,-17.3205080756887,5.07485895983972));
#14148=CARTESIAN_POINT('',(23.7857472558585,-17.3205080756887,5.07485895983972));
#14149=CARTESIAN_POINT('Origin',(25.5857472558585,-17.3205080756887,5.07485895983972));
#14150=CARTESIAN_POINT('',(23.7857472558585,-17.3205080756887,5.07485895983972));
#14151=CARTESIAN_POINT('Origin',(30.,-17.3205080756888,0.));
#14152=CARTESIAN_POINT('Origin',(7.69185074553425E-15,34.6410161513775,
0.));
#14153=CARTESIAN_POINT('Origin',(-5.,8.66025403784438,28.));
#14154=CARTESIAN_POINT('',(-6.00000000000001,10.3923048454133,28.));
#14155=CARTESIAN_POINT('Origin',(-5.,-8.66025403784439,28.));
#14156=CARTESIAN_POINT('',(-6.,-10.3923048454133,28.));
#14157=CARTESIAN_POINT('Origin',(10.,0.,28.));
#14158=CARTESIAN_POINT('',(12.,-2.44929359829471E-16,28.));
#14159=CARTESIAN_POINT('Origin',(0.,0.,28.));
#14160=CARTESIAN_POINT('',(2.,-2.44929359829471E-16,28.));
#14161=CARTESIAN_POINT('Origin',(-36.2115964469562,-1.0162266983856,-8.));
#14162=CARTESIAN_POINT('',(-35.3115964469562,0.542619028426385,-8.));
#14163=CARTESIAN_POINT('Origin',(17.2257200866722,31.8682757838472,-8.));
#14164=CARTESIAN_POINT('',(18.1257200866722,30.3094300570352,-8.));
#14165=CARTESIAN_POINT('Origin',(18.985876360284,-30.8520490854615,-8.));
#14166=CARTESIAN_POINT('',(17.185876360284,-30.8520490854615,-8.));
#14167=CARTESIAN_POINT('Origin',(-5.,8.66025403784438,28.));
#14168=CARTESIAN_POINT('',(-6.00000000000001,10.3923048454133,28.));
#14169=CARTESIAN_POINT('Origin',(-5.,8.66025403784438,28.));
#14170=CARTESIAN_POINT('',(-6.00000000000001,10.3923048454133,20.));
#14171=CARTESIAN_POINT('',(-6.00000000000001,10.3923048454133,28.));
#14172=CARTESIAN_POINT('Origin',(-5.,8.66025403784438,20.));
#14173=CARTESIAN_POINT('Origin',(-5.,-8.66025403784439,28.));
#14174=CARTESIAN_POINT('',(-6.,-10.3923048454133,28.));
#14175=CARTESIAN_POINT('Origin',(-5.,-8.66025403784439,28.));
#14176=CARTESIAN_POINT('',(-6.,-10.3923048454133,20.));
#14177=CARTESIAN_POINT('',(-6.,-10.3923048454133,28.));
#14178=CARTESIAN_POINT('Origin',(-5.,-8.66025403784439,20.));
#14179=CARTESIAN_POINT('Origin',(10.,0.,28.));
#14180=CARTESIAN_POINT('',(12.,2.44929359829471E-16,28.));
#14181=CARTESIAN_POINT('Origin',(10.,0.,28.));
#14182=CARTESIAN_POINT('',(12.,2.44929359829471E-16,20.));
#14183=CARTESIAN_POINT('',(12.,-2.44929359829471E-16,28.));
#14184=CARTESIAN_POINT('Origin',(10.,0.,20.));
#14185=CARTESIAN_POINT('Origin',(0.,0.,28.));
#14186=CARTESIAN_POINT('',(2.,2.44929359829471E-16,28.));
#14187=CARTESIAN_POINT('Origin',(0.,0.,28.));
#14188=CARTESIAN_POINT('',(2.,2.44929359829471E-16,20.));
#14189=CARTESIAN_POINT('',(2.,-2.44929359829471E-16,28.));
#14190=CARTESIAN_POINT('Origin',(0.,0.,20.));
#14191=CARTESIAN_POINT('Origin',(-21.4316459778569,-39.5687319822079,28.));
#14192=CARTESIAN_POINT('',(-39.4239269333149,-21.6968657910918,28.));
#14193=CARTESIAN_POINT('',(3.36717519088075,-44.8738468512999,28.));
#14194=CARTESIAN_POINT('Origin',(-21.4316459778569,-39.5687319822079,28.));
#14195=CARTESIAN_POINT('',(-39.4239269333149,-21.6968657910918,26.));
#14196=CARTESIAN_POINT('',(-39.4239269333149,-21.6968657910918,28.));
#14197=CARTESIAN_POINT('',(3.36717519088075,-44.8738468512999,26.));
#14198=CARTESIAN_POINT('Origin',(-21.4316459778569,-39.5687319822079,26.));
#14199=CARTESIAN_POINT('',(3.36717519088075,-44.8738468512999,28.));
#14200=CARTESIAN_POINT('Origin',(-15.2641562024716,-28.4975874116475,26.));
#14201=CARTESIAN_POINT('Origin',(0.,0.,26.));
#14202=CARTESIAN_POINT('Origin',(0.,0.,28.));
#14203=CARTESIAN_POINT('',(38.5020004242445,-23.2936893456463,28.));
#14204=CARTESIAN_POINT('Origin',(0.,0.,28.));
#14205=CARTESIAN_POINT('',(37.1783037433177,25.3529826799454,28.));
#14206=CARTESIAN_POINT('Origin',(44.9833500810583,1.2240161293653,28.));
#14207=CARTESIAN_POINT('',(0.921926509070334,44.9905551367381,28.));
#14208=CARTESIAN_POINT('Origin',(0.,0.,28.));
#14209=CARTESIAN_POINT('',(-40.5454789341984,19.5208641713545,28.));
#14210=CARTESIAN_POINT('Origin',(-23.5517041032014,38.3447158528426,28.));
#14211=CARTESIAN_POINT('',(-45.,-5.51091059616309E-15,28.));
#14212=CARTESIAN_POINT('Origin',(0.,0.,28.));
#14213=CARTESIAN_POINT('Origin',(0.,0.,28.));
#14214=CARTESIAN_POINT('',(17.185876360284,-30.8520490854615,28.));
#14215=CARTESIAN_POINT('Origin',(18.985876360284,-30.8520490854615,28.));
#14216=CARTESIAN_POINT('',(18.1257200866722,30.3094300570352,28.));
#14217=CARTESIAN_POINT('Origin',(17.2257200866722,31.8682757838472,28.));
#14218=CARTESIAN_POINT('',(-35.3115964469562,0.542619028426385,28.));
#14219=CARTESIAN_POINT('Origin',(-36.2115964469562,-1.0162266983856,28.));
#14220=CARTESIAN_POINT('Origin',(-23.5517041032014,38.3447158528426,28.));
#14221=CARTESIAN_POINT('',(0.921926509070334,44.9905551367381,26.));
#14222=CARTESIAN_POINT('',(0.921926509070337,44.9905551367381,28.));
#14223=CARTESIAN_POINT('',(-40.5454789341984,19.5208641713545,26.));
#14224=CARTESIAN_POINT('Origin',(-23.5517041032014,38.3447158528426,26.));
#14225=CARTESIAN_POINT('',(-40.5454789341984,19.5208641713545,28.));
#14226=CARTESIAN_POINT('Origin',(-17.0475565438186,27.4679407444979,26.));
#14227=CARTESIAN_POINT('Origin',(0.,0.,26.));
#14228=CARTESIAN_POINT('Origin',(44.9833500810583,1.2240161293653,28.));
#14229=CARTESIAN_POINT('',(38.5020004242445,-23.2936893456463,26.));
#14230=CARTESIAN_POINT('',(38.5020004242445,-23.2936893456463,28.));
#14231=CARTESIAN_POINT('',(37.1783037433177,25.3529826799454,26.));
#14232=CARTESIAN_POINT('Origin',(44.9833500810583,1.2240161293653,26.));
#14233=CARTESIAN_POINT('',(37.1783037433177,25.3529826799454,28.));
#14234=CARTESIAN_POINT('Origin',(32.3117127462901,1.02964666714957,26.));
#14235=CARTESIAN_POINT('Origin',(0.,0.,26.));
#14236=CARTESIAN_POINT('Origin',(-36.2115964469562,-1.0162266983856,-8.));
#14237=CARTESIAN_POINT('',(-35.3115964469562,0.542619028426386,20.));
#14238=CARTESIAN_POINT('Origin',(-36.2115964469562,-1.0162266983856,20.));
#14239=CARTESIAN_POINT('',(-35.3115964469562,0.542619028426385,-8.));
#14240=CARTESIAN_POINT('Origin',(17.2257200866722,31.8682757838472,-8.));
#14241=CARTESIAN_POINT('',(18.1257200866722,30.3094300570352,20.));
#14242=CARTESIAN_POINT('Origin',(17.2257200866722,31.8682757838472,20.));
#14243=CARTESIAN_POINT('',(18.1257200866722,30.3094300570352,-8.));
#14244=CARTESIAN_POINT('Origin',(18.985876360284,-30.8520490854615,-8.));
#14245=CARTESIAN_POINT('',(17.185876360284,-30.8520490854615,20.));
#14246=CARTESIAN_POINT('Origin',(18.985876360284,-30.8520490854615,20.));
#14247=CARTESIAN_POINT('',(17.185876360284,-30.8520490854615,-8.));
#14248=CARTESIAN_POINT('Origin',(0.,0.,20.));
#14249=CARTESIAN_POINT('',(-45.,-5.51091059616309E-15,20.));
#14250=CARTESIAN_POINT('',(-45.,-5.51091059616309E-15,20.));
#14251=CARTESIAN_POINT('Origin',(0.,0.,20.));
#14252=CARTESIAN_POINT('Origin',(0.,0.,20.));
#14253=CARTESIAN_POINT('Origin',(-53.9196482881744,38.6807057608302,10.9868870587199));
#14254=CARTESIAN_POINT('',(-59.3702221643482,48.2353509358418,10.9868870587199));
#14255=CARTESIAN_POINT('Origin',(-53.9196482881744,38.6807057608302,10.9868870587199));
#14256=CARTESIAN_POINT('',(-55.9016751522376,42.1551221881071,10.9868870587199));
#14257=CARTESIAN_POINT('Origin',(-53.9196482881744,38.6807057608302,10.9868870587199));
#14258=CARTESIAN_POINT('Origin',(-55.1970279002529,37.9520076442574,10.9868870587199));
#14259=CARTESIAN_POINT('',(-51.0988260165814,44.8949710836449,10.9868870587199));
#14260=CARTESIAN_POINT('',(-57.1790547643161,41.4264240715344,10.9868870587199));
#14261=CARTESIAN_POINT('Origin',(-49.1167991525182,41.420554656368,10.9868870587199));
#14262=CARTESIAN_POINT('Origin',(-49.1167991525182,41.420554656368,10.9868870587199));
#14263=CARTESIAN_POINT('',(-54.567373028692,50.9751998313796,10.9868870587199));
#14264=CARTESIAN_POINT('Origin',(-49.1167991525182,41.420554656368,10.9868870587199));
#14265=CARTESIAN_POINT('Origin',(-53.4598196866144,38.943021076289,10.9868870587199));
#14266=CARTESIAN_POINT('',(-58.9103935627881,48.4976662513006,10.9868870587199));
#14267=CARTESIAN_POINT('Origin',(-6.5386496811028,-66.0361380610962,10.9868870587199));
#14268=CARTESIAN_POINT('',(-12.0879281887224,-75.5337960905723,10.9868870587199));
#14269=CARTESIAN_POINT('Origin',(-6.53864968110281,-66.0361380610962,10.9868870587199));
#14270=CARTESIAN_POINT('',(-8.55656913841902,-69.4898318899966,10.9868870587199));
#14271=CARTESIAN_POINT('Origin',(-6.53864968110281,-66.0361380610963,10.9868870587199));
#14272=CARTESIAN_POINT('Origin',(-5.26888879442172,-66.7780321971461,10.9868870587199));
#14273=CARTESIAN_POINT('',(-13.3307724523136,-66.7003669757431,10.9868870587199));
#14274=CARTESIAN_POINT('',(-7.28680825173793,-70.2317260260465,10.9868870587199));
#14275=CARTESIAN_POINT('Origin',(-11.3128529949974,-63.2466731468428,10.9868870587199));
#14276=CARTESIAN_POINT('Origin',(-11.3128529949974,-63.2466731468428,10.9868870587199));
#14277=CARTESIAN_POINT('',(-16.862131502617,-72.7443311763188,10.9868870587199));
#14278=CARTESIAN_POINT('Origin',(-11.3128529949974,-63.2466731468428,10.9868870587199));
#14279=CARTESIAN_POINT('Origin',(-6.99573570887191,-65.769072468488,10.9868870587199));
#14280=CARTESIAN_POINT('',(-12.5450142164915,-75.2667304979641,10.9868870587199));
#14281=CARTESIAN_POINT('Origin',(-49.0707121510417,-26.6763756690501,1.5177338939271));
#14282=CARTESIAN_POINT('',(-44.6700591828654,-30.2451464515349,5.67953981873486));
#14283=CARTESIAN_POINT('',(-42.492292477762,-26.5178721032298,-0.956487442540059));
#14284=CARTESIAN_POINT('Origin',(-44.2355407905811,-29.5014629092928,1.5177338939271));
#14285=CARTESIAN_POINT('',(-45.9459863066624,-24.4999526459135,-0.956487442540053));
#14286=CARTESIAN_POINT('',(-47.3274638382225,-23.692784862987,-0.956487442540054));
#14287=CARTESIAN_POINT('',(-46.7162224384645,-25.8182212049267,5.30487649872472));
#14288=CARTESIAN_POINT('Origin',(-47.6892346194815,-27.4835434519766,1.5177338939271));
#14289=CARTESIAN_POINT('',(-45.5894548267857,-26.4765674278762,5.30487649872472));
#14290=CARTESIAN_POINT('',(-48.0976999700246,-25.0110534220003,5.30487649872472));
#14291=CARTESIAN_POINT('',(-46.9969854000871,-28.8855732171681,5.67953981873485));
#14292=CARTESIAN_POINT('Origin',(-46.5624670078028,-28.141889674926,1.5177338939271));
#14293=CARTESIAN_POINT('',(-49.505230543326,-27.4200592112922,5.67953981873485));
#14294=CARTESIAN_POINT('Origin',(-53.856626198496,-38.0391095622233,10.2712153818675));
#14295=CARTESIAN_POINT('',(-46.5563278919092,-25.5445597331021,14.2198694819955));
#14296=CARTESIAN_POINT('Origin',(-53.856626198496,-38.0391095622233,10.2712153818681));
#14297=CARTESIAN_POINT('',(-53.1810447095451,-36.8828435820082,-8.96819580586696));
#14298=CARTESIAN_POINT('Origin',(-53.856626198496,-38.0391095622233,10.2712153818675));
#14299=CARTESIAN_POINT('',(-52.0923773007318,-35.0195759982048,-6.38127758494633));
#14300=CARTESIAN_POINT('Origin',(-53.856626198496,-38.0391095622234,-5.65751101198966));
#14301=CARTESIAN_POINT('',(-51.8646097138,-34.6297489877371,-4.1997255273416));
#14302=CARTESIAN_POINT('',(-50.7260096673735,-32.6810210840185,6.70575627333956));
#14303=CARTESIAN_POINT('',(-55.8486426831921,-41.4484701367097,-4.19972552734154));
#14304=CARTESIAN_POINT('Origin',(-53.856626198496,-38.0391095622233,10.2712153818681));
#14305=CARTESIAN_POINT('',(-55.8300121141274,-41.416583689917,-4.37816863605956));
#14306=CARTESIAN_POINT('',(-56.418251142235,-42.4233619802634,1.25596956339966));
#14307=CARTESIAN_POINT('',(-58.6810395981533,-46.296152094843,-6.42134015546901));
#14308=CARTESIAN_POINT('',(-53.7551049324982,-37.865354673936,-2.89119901451922));
#14309=CARTESIAN_POINT('',(-58.668308797464,-46.2743631737748,-6.49114163426102));
#14310=CARTESIAN_POINT('',(-59.7484735453582,-48.1230783494337,-0.568725709105664));
#14311=CARTESIAN_POINT('',(-60.7776349040733,-49.8845006007778,-3.28366026702695));
#14312=CARTESIAN_POINT('Origin',(-53.856626198496,-38.0391095622233,10.2712153818675));
#14313=CARTESIAN_POINT('',(-94.3389613278694,-107.32512120599,64.0489268076654));
#14314=CARTESIAN_POINT('',(-78.985791519941,-81.0479833214955,33.2465493953143));
#14315=CARTESIAN_POINT('',(-88.6402755604664,-97.5717508242512,77.9275194093093));
#14316=CARTESIAN_POINT('Origin',(-91.1091986366739,-101.797342862334,70.3744544174361));
#14317=CARTESIAN_POINT('',(-48.5660089805763,-28.9841534933102,26.4565619725167));
#14318=CARTESIAN_POINT('',(-48.5660089805763,-28.9841534933102,26.4565619725167));
#14319=CARTESIAN_POINT('',(-44.1507306527417,-21.4273506395427,11.6103798100039));
#14320=CARTESIAN_POINT('Origin',(-53.856626198496,-38.0391095622233,10.2712153818675));
#14321=CARTESIAN_POINT('',(-45.4557788058592,-23.6609565134037,13.7683795355509));
#14322=CARTESIAN_POINT('Origin',(-45.8209044683883,-24.2858735500465,10.2712153818674));
#14323=CARTESIAN_POINT('',(-52.0579238711627,-34.9606085321565,16.4768476627218));
#14324=CARTESIAN_POINT('',(-52.8590831882909,-36.3318025010238,10.2712153818644));
#14325=CARTESIAN_POINT('Origin',(-53.856626198496,-38.0391095622233,10.2712153818644));
#14326=CARTESIAN_POINT('',(-91.7318127170448,-102.862954475011,70.3930202460233));
#14327=CARTESIAN_POINT('Origin',(-90.8994209409019,-101.43830577059,70.3930202460233));
#14328=CARTESIAN_POINT('',(-51.8646097138,-34.6297489877372,24.7421562910778));
#14329=CARTESIAN_POINT('',(-52.0923773007317,-35.0195759982046,26.9237083486812));
#14330=CARTESIAN_POINT('',(-51.295001254757,-33.6548571441832,19.2864612003352));
#14331=CARTESIAN_POINT('',(-53.181044709545,-36.882843582008,29.5106265696019));
#14332=CARTESIAN_POINT('Origin',(-53.8566261984959,-38.0391095622232,26.1999417757246));
#14333=CARTESIAN_POINT('',(-54.5322076874468,-39.1953755424384,29.5106265696019));
#14334=CARTESIAN_POINT('Origin',(-53.856626198496,-38.0391095622233,10.2712153818675));
#14335=CARTESIAN_POINT('',(-55.6208750962601,-41.0586431262418,26.9237083486812));
#14336=CARTESIAN_POINT('Origin',(-53.8566261984959,-38.0391095622232,26.1999417757246));
#14337=CARTESIAN_POINT('',(-55.8486426831919,-41.4484701367093,24.7421562910778));
#14338=CARTESIAN_POINT('',(-56.9872427296185,-43.3971980404281,13.8366744903953));
#14339=CARTESIAN_POINT('Origin',(-53.856626198496,-38.0391095622233,10.2712153818681));
#14340=CARTESIAN_POINT('',(-61.1569245050827,-50.5336593913445,14.2198694819957));
#14341=CARTESIAN_POINT('',(-62.2574735911327,-52.4172626110429,13.7683795355511));
#14342=CARTESIAN_POINT('',(-58.404636185882,-45.8230842745257,15.3489699660968));
#14343=CARTESIAN_POINT('',(-63.5625217442502,-54.6508684849038,11.6103798100041));
#14344=CARTESIAN_POINT('Origin',(-61.8923479286036,-51.7923455744001,10.2712153818675));
#14345=CARTESIAN_POINT('',(-63.5625217442503,-54.6508684849039,8.93205095373109));
#14346=CARTESIAN_POINT('Origin',(-53.856626198496,-38.0391095622233,10.2712153818675));
#14347=CARTESIAN_POINT('',(-62.2574735911327,-52.4172626110429,6.77405122818402));
#14348=CARTESIAN_POINT('Origin',(-61.8923479286036,-51.7923455744001,10.2712153818675));
#14349=CARTESIAN_POINT('',(-61.1569245050826,-50.5336593913442,6.32256128173931));
#14350=CARTESIAN_POINT('',(-55.6553285258293,-41.1176105922901,4.06558310101308));
#14351=CARTESIAN_POINT('Origin',(-53.856626198496,-38.0391095622233,10.2712153818681));
#14352=CARTESIAN_POINT('Origin',(-55.2381037300561,-37.2319417792968,10.2712153818675));
#14353=CARTESIAN_POINT('',(-49.7273508806447,-38.9007630393244,-8.96819580586697));
#14354=CARTESIAN_POINT('Origin',(-50.4029323695956,-40.0570290195395,10.2712153818675));
#14355=CARTESIAN_POINT('',(-51.1088284122049,-38.0935952563979,-8.96819580586697));
#14356=CARTESIAN_POINT('Origin',(-45.212193852243,-31.1730165680917,-0.0180724260680742));
#14357=CARTESIAN_POINT('',(-47.5007002970643,-35.0898233351913,4.5182958349336));
#14358=CARTESIAN_POINT('',(-42.0020849769588,-25.67887597072,6.77405122818382));
#14359=CARTESIAN_POINT('',(-48.6386834718314,-37.037495455521,-6.38127758494633));
#14360=CARTESIAN_POINT('',(-47.5007002970643,-35.0898233351913,4.5182958349336));
#14361=CARTESIAN_POINT('Origin',(-50.4029323695956,-40.0570290195396,-5.65751101198966));
#14362=CARTESIAN_POINT('Origin',(-55.7884515609102,-41.3454522948301,-4.3483845181792));
#14363=CARTESIAN_POINT('',(-55.2273457692529,-48.3140715521592,-6.42134015546901));
#14364=CARTESIAN_POINT('',(-52.376318285227,-43.4345031472333,-4.37816863605956));
#14365=CARTESIAN_POINT('',(-47.1762129025506,-34.5344591912336,-0.651544717019207));
#14366=CARTESIAN_POINT('',(-58.6810395981533,-46.296152094843,-6.42134015546901));
#14367=CARTESIAN_POINT('',(-56.5207508799075,-41.0129997984538,-4.37816863605956));
#14368=CARTESIAN_POINT('Origin',(-58.6810395981533,-46.296152094843,-6.42134015546901));
#14369=CARTESIAN_POINT('',(-55.2146149685637,-48.292282631091,-6.49114163426103));
#14370=CARTESIAN_POINT('',(-56.8246086588287,-51.0478065210445,2.33626389736202));
#14371=CARTESIAN_POINT('',(-60.0497863290242,-45.4671953908483,-6.49114163426102));
#14372=CARTESIAN_POINT('Origin',(-57.0023526278204,-40.2514753433155,-6.38127758494628));
#14373=CARTESIAN_POINT('',(-54.7218750715133,-42.106816359659,-4.19972552734155));
#14374=CARTESIAN_POINT('',(-55.8486426831921,-41.4484701367097,-4.19972552734155));
#14375=CARTESIAN_POINT('',(-55.6320906593485,-43.664661469521,4.51829583493367));
#14376=CARTESIAN_POINT('',(-55.2914835305562,-43.0817082032128,1.25596956339997));
#14377=CARTESIAN_POINT('',(-53.3051644421269,-45.0242347038878,4.51829583493367));
#14378=CARTESIAN_POINT('',(-56.4134888881372,-43.2081071923032,4.51829583493367));
#14379=CARTESIAN_POINT('',(-53.3730305078817,-45.1403883053804,5.1683152577291));
#14380=CARTESIAN_POINT('Origin',(-53.856626198496,-38.0391095622233,10.2712153818681));
#14381=CARTESIAN_POINT('',(-45.4295602802305,-26.2029059560515,14.2198694819955));
#14382=CARTESIAN_POINT('',(-46.5563278919092,-25.5445597331021,14.2198694819955));
#14383=CARTESIAN_POINT('Origin',(-52.7298585868172,-38.6974557851727,10.2712153818681));
#14384=CARTESIAN_POINT('Origin',(-53.856626198496,-38.0391095622233,10.2712153818644));
#14385=CARTESIAN_POINT('',(-51.7323155766122,-36.9901487239732,10.2712153818644));
#14386=CARTESIAN_POINT('',(-52.8590831882909,-36.3318025010238,10.2712153818644));
#14387=CARTESIAN_POINT('Origin',(-52.7298585868172,-38.6974557851727,10.2712153818644));
#14388=CARTESIAN_POINT('Origin',(-38.2483869238756,-132.201179161889,70.3930202460233));
#14389=CARTESIAN_POINT('',(-88.2781188881444,-104.880873932327,70.3930202460233));
#14390=CARTESIAN_POINT('Origin',(-87.4457271120015,-103.456225227906,70.3930202460233));
#14391=CARTESIAN_POINT('',(-39.0807787000185,-133.625827866311,70.3930202460233));
#14392=CARTESIAN_POINT('Origin',(-38.2483869238756,-132.201179161889,70.3930202460233));
#14393=CARTESIAN_POINT('',(-39.0807787000185,-133.625827866311,70.3930202460233));
#14394=CARTESIAN_POINT('Origin',(-38.2483869238756,-132.201179161889,70.3930202460233));
#14395=CARTESIAN_POINT('',(-42.534472528919,-131.607908408994,70.3930202460233));
#14396=CARTESIAN_POINT('',(-39.0807787000185,-133.625827866311,70.3930202460233));
#14397=CARTESIAN_POINT('Origin',(-41.702080752776,-130.183259704573,70.3930202460233));
#14398=CARTESIAN_POINT('Origin',(-39.2121408957195,-125.921697189047,77.9189277949178));
#14399=CARTESIAN_POINT('',(-35.7584470668192,-127.939616646363,77.9189277949178));
#14400=CARTESIAN_POINT('',(-39.2121408957195,-125.921697189047,77.9189277949178));
#14401=CARTESIAN_POINT('',(-38.3487174384945,-126.426177053376,77.9189277949178));
#14402=CARTESIAN_POINT('',(-35.7150114493127,-127.865276055815,78.0502130710485));
#14403=CARTESIAN_POINT('',(-35.7584470668192,-127.939616646363,77.9189277949178));
#14404=CARTESIAN_POINT('',(-39.1687052782131,-125.847356598499,78.0502130710485));
#14405=CARTESIAN_POINT('',(-38.305281820988,-126.351836462828,78.0502130710485));
#14406=CARTESIAN_POINT('',(-39.2121408957195,-125.921697189047,77.9189277949178));
#14407=CARTESIAN_POINT('Origin',(-22.5313554205008,-93.4078495133652,53.9890634002359));
#14408=CARTESIAN_POINT('',(-22.5313554204992,-93.4078495133625,53.9890634002339));
#14409=CARTESIAN_POINT('',(-20.804508506049,-94.4168092420206,53.9890634002339));
#14410=CARTESIAN_POINT('',(-19.9410850488222,-94.9212891063545,53.989063400236));
#14411=CARTESIAN_POINT('',(-20.7610728885426,-94.342468651472,54.1203486763646));
#14412=CARTESIAN_POINT('',(-20.804508506049,-94.4168092420206,53.9890634002339));
#14413=CARTESIAN_POINT('',(-22.4879198029928,-93.3335089228139,54.1203486763646));
#14414=CARTESIAN_POINT('',(-19.8976494313158,-94.8469485158059,54.1203486763667));
#14415=CARTESIAN_POINT('',(-22.5313554204992,-93.4078495133625,53.9890634002339));
#14416=CARTESIAN_POINT('Origin',(-14.2548474445582,-79.2425048967994,43.2296289801437));
#14417=CARTESIAN_POINT('',(-14.22510824531,-79.1916058935971,43.3206087708438));
#14418=CARTESIAN_POINT('',(-7.79634062661159,-68.1886914949903,35.0635687121467));
#14419=CARTESIAN_POINT('',(-14.2114118270518,-79.1681643062507,43.3609142562744));
#14420=CARTESIAN_POINT('',(-3.0968671902477,-60.1454852374732,28.9120410749177));
#14421=CARTESIAN_POINT('',(-14.2548474445582,-79.2425048967994,43.2296289801437));
#14422=CARTESIAN_POINT('',(-14.2548474445582,-79.2425048967994,43.2296289801437));
#14423=CARTESIAN_POINT('',(-15.765167595291,-81.8274363049078,38.6091746748019));
#14424=CARTESIAN_POINT('Origin',(-12.528000530108,-80.2514646254575,43.2296289801437));
#14425=CARTESIAN_POINT('',(-12.528000530108,-80.2514646254575,43.2296289801437));
#14426=CARTESIAN_POINT('',(-11.664577072883,-80.7559444897865,43.2296289801437));
#14427=CARTESIAN_POINT('',(-12.4845649126016,-80.1771240349089,43.3609142562744));
#14428=CARTESIAN_POINT('',(-11.6211414553765,-80.6816038992379,43.3609142562744));
#14429=CARTESIAN_POINT('',(-12.528000530108,-80.2514646254575,43.2296289801437));
#14430=CARTESIAN_POINT('Origin',(5.52074135206207,-57.2897808526617,24.2561122695088));
#14431=CARTESIAN_POINT('',(2.06704752316173,-55.2718613953453,24.2561122695087));
#14432=CARTESIAN_POINT('',(5.52074135206214,-57.2897808526615,24.2561122695087));
#14433=CARTESIAN_POINT('',(0.340200608711465,-54.2629016666873,24.2561122695088));
#14434=CARTESIAN_POINT('',(2.11048314066816,-55.1975208047967,24.3873975456394));
#14435=CARTESIAN_POINT('',(2.06704752316173,-55.2718613953453,24.2561122695087));
#14436=CARTESIAN_POINT('',(5.56417696956858,-57.2154402621129,24.3873975456394));
#14437=CARTESIAN_POINT('',(0.383636226217895,-54.1885610761387,24.3873975456395));
#14438=CARTESIAN_POINT('',(5.52074135206214,-57.2897808526615,24.2561122695087));
#14439=CARTESIAN_POINT('Origin',(-40.1015355493337,-135.372865697036,83.7526806483793));
#14440=CARTESIAN_POINT('',(-18.138805143999,-97.783384019908,55.2011999793288));
#14441=CARTESIAN_POINT('',(-21.5924989728994,-95.7654645625917,55.2011999793288));
#14442=CARTESIAN_POINT('',(-21.5924989728994,-95.7654645625917,55.2011999793288));
#14443=CARTESIAN_POINT('Origin',(-1.35810893775224,-69.0630172470706,10.9868870587199));
#14444=CARTESIAN_POINT('',(-41.4700050891142,-137.715018049768,64.0511942380097));
#14445=CARTESIAN_POINT('Origin',(-38.2483869238756,-132.201179161889,70.3930202460233));
#14446=CARTESIAN_POINT('',(-8.16871639742467,-80.719455203131,-2.41994308153753));
#14447=CARTESIAN_POINT('',(-8.16871639742465,-80.719455203131,-2.41994308153752));
#14448=CARTESIAN_POINT('Origin',(-1.35810893775221,-69.0630172470706,10.9868870587199));
#14449=CARTESIAN_POINT('Origin',(-57.2705157423938,-51.8109819476892,78.4972323834124));
#14450=CARTESIAN_POINT('',(-70.7342738962,-74.8543686800077,48.7024418273332));
#14451=CARTESIAN_POINT('',(-74.4164598036426,-81.1564748910811,57.4055599471672));
#14452=CARTESIAN_POINT('Origin',(-57.2705157423938,-51.8109819476892,78.4972323834124));
#14453=CARTESIAN_POINT('',(-24.9906275369746,-101.581403156675,48.7024418273332));
#14454=CARTESIAN_POINT('',(-70.7342738962,-74.8543686800077,48.7024418273332));
#14455=CARTESIAN_POINT('',(-28.6728134444171,-107.883509367748,57.4055599471672));
#14456=CARTESIAN_POINT('Origin',(-11.5268693831684,-78.5380164243563,78.4972323834124));
#14457=CARTESIAN_POINT('',(-74.4164598036426,-81.1564748910811,57.4055599471672));
#14458=CARTESIAN_POINT('Origin',(-8.16871639742465,-80.719455203131,-2.41994308153753));
#14459=CARTESIAN_POINT('',(-44.9236989180146,-135.697098592452,64.0511942380097));
#14460=CARTESIAN_POINT('',(-41.4700050891142,-137.715018049768,64.0511942380097));
#14461=CARTESIAN_POINT('',(-11.622410226325,-78.7015357458148,-2.41994308153753));
#14462=CARTESIAN_POINT('',(-11.622410226325,-78.7015357458148,-2.41994308153753));
#14463=CARTESIAN_POINT('',(-13.3492571407752,-77.6925760171567,-2.41994308153754));
#14464=CARTESIAN_POINT('Origin',(-38.2483869238756,-132.201179161889,70.3930202460233));
#14465=CARTESIAN_POINT('Origin',(-41.702080752776,-130.183259704573,70.3930202460233));
#14466=CARTESIAN_POINT('Origin',(-4.81180276665262,-67.0450977897544,10.9868870587199));
#14467=CARTESIAN_POINT('Origin',(-4.81180276665261,-67.0450977897544,10.9868870587199));
#14468=CARTESIAN_POINT('',(-27.1327540944361,-105.247678956437,62.116994043209));
#14469=CARTESIAN_POINT('',(-6.0694937121614,-69.1976512236484,35.0635687121467));
#14470=CARTESIAN_POINT('',(-30.4883221060214,-110.990774644449,51.8514561978232));
#14471=CARTESIAN_POINT('',(-15.9728971610834,-86.1474473379801,32.690812119146));
#14472=CARTESIAN_POINT('',(-16.1564995656502,-86.4616850987215,33.0168114108654));
#14473=CARTESIAN_POINT('',(-18.3093234053213,-90.1462694278059,25.5430887082754));
#14474=CARTESIAN_POINT('',(-6.45956181962262,-69.8652575598207,10.9076486000985));
#14475=CARTESIAN_POINT('Origin',(-4.82000226055321,-67.0591313238391,10.9076486000985));
#14476=CARTESIAN_POINT('Origin',(-64.6929551658187,-64.5145777919768,23.5852102404368));
#14477=CARTESIAN_POINT('',(-61.7165435203089,-59.420412861313,32.690812119146));
#14478=CARTESIAN_POINT('',(-61.7165435203089,-59.420412861313,32.6908121191461));
#14479=CARTESIAN_POINT('',(-58.2420318269808,-53.4737436074029,43.3202290044392));
#14480=CARTESIAN_POINT('',(-59.7054657617148,-55.9784286834447,38.8432115846265));
#14481=CARTESIAN_POINT('',(-58.2419076900853,-53.4735311455881,43.3206087708438));
#14482=CARTESIAN_POINT('',(-59.7819670400663,-56.1093615568988,38.6091746748019));
#14483=CARTESIAN_POINT('',(-58.2419076900853,-53.4735311455881,43.3206087708437));
#14484=CARTESIAN_POINT('Origin',(-73.7178480894174,-79.9607923986659,53.9999926740981));
#14485=CARTESIAN_POINT('',(-73.7178480894174,-79.9607923986659,53.9999926740981));
#14486=CARTESIAN_POINT('Origin',(-6.5386496811028,-66.0361380610962,10.9868870587199));
#14487=CARTESIAN_POINT('Origin',(-45.212193852243,-31.1730165680916,20.5605031898029));
#14488=CARTESIAN_POINT('',(-58.8037797622323,-54.4351820683591,6.77405122818402));
#14489=CARTESIAN_POINT('',(-50.2279350718545,-39.7575190043646,3.25589133049797));
#14490=CARTESIAN_POINT('',(-60.1088279153499,-56.6687879422201,8.93205095373109));
#14491=CARTESIAN_POINT('Origin',(-58.4386540997032,-53.8102650317163,10.2712153818675));
#14492=CARTESIAN_POINT('',(-60.1088279153498,-56.6687879422201,11.6103798100041));
#14493=CARTESIAN_POINT('Origin',(-50.4029323695956,-40.0570290195395,10.2712153818675));
#14494=CARTESIAN_POINT('',(-58.8037797622323,-54.4351820683591,13.7683795355511));
#14495=CARTESIAN_POINT('Origin',(-58.4386540997032,-53.8102650317163,10.2712153818675));
#14496=CARTESIAN_POINT('',(-53.3051644421268,-45.0242347038878,16.0241349288013));
#14497=CARTESIAN_POINT('',(-51.947099903763,-42.6998906383255,16.5812681757107));
#14498=CARTESIAN_POINT('',(-52.1671812673597,-43.0765625835581,26.9237083486812));
#14499=CARTESIAN_POINT('',(-52.9118792671039,-44.3511223172411,19.7910101648878));
#14500=CARTESIAN_POINT('',(-51.0785138585464,-41.2132949997546,29.5106265696019));
#14501=CARTESIAN_POINT('Origin',(-50.4029323695955,-40.0570290195394,26.1999417757246));
#14502=CARTESIAN_POINT('',(-49.7273508806446,-38.9007630393242,29.5106265696019));
#14503=CARTESIAN_POINT('Origin',(-50.4029323695956,-40.0570290195395,10.2712153818675));
#14504=CARTESIAN_POINT('',(-48.6386834718313,-37.0374954555208,26.9237083486812));
#14505=CARTESIAN_POINT('Origin',(-50.4029323695955,-40.0570290195394,26.1999417757246));
#14506=CARTESIAN_POINT('',(-47.5007002970642,-35.0898233351912,16.0241349288012));
#14507=CARTESIAN_POINT('',(-48.2497806204037,-36.3718834693003,23.1988068946647));
#14508=CARTESIAN_POINT('',(-42.0020849769588,-25.6788759707199,13.7683795355509));
#14509=CARTESIAN_POINT('',(-46.6305304171879,-33.600516944231,15.6671558922067));
#14510=CARTESIAN_POINT('',(-40.6970368238413,-23.445270096859,11.6103798100038));
#14511=CARTESIAN_POINT('Origin',(-42.3672106394879,-26.3037930073628,10.2712153818674));
#14512=CARTESIAN_POINT('',(-45.1123151516759,-31.0020729506264,26.4565619725167));
#14513=CARTESIAN_POINT('Origin',(-50.4029323695956,-40.0570290195395,10.2712153818675));
#14514=CARTESIAN_POINT('',(-44.4687881737682,-29.9006686580652,25.6300228361539));
#14515=CARTESIAN_POINT('',(-72.8765245905571,-78.5208569415852,62.1166142768044));
#14516=CARTESIAN_POINT('',(-74.3399585252911,-81.025542017627,57.6395968569917));
#14517=CARTESIAN_POINT('',(-85.186581731566,-99.5896702815674,77.9275194093093));
#14518=CARTESIAN_POINT('',(-44.4687881737682,-29.9006686580652,25.6300228361539));
#14519=CARTESIAN_POINT('',(-90.885267498969,-109.343040663306,64.0489268076654));
#14520=CARTESIAN_POINT('Origin',(-87.6555048077735,-103.81526231965,70.3744544174361));
#14521=CARTESIAN_POINT('',(-57.3239410751729,-51.9024200580941,-3.28366026702696));
#14522=CARTESIAN_POINT('',(-75.5476303003178,-83.0924870295423,33.2777117741025));
#14523=CARTESIAN_POINT('Origin',(-50.4029323695956,-40.0570290195395,10.2712153818675));
#14524=CARTESIAN_POINT('Origin',(-59.7819670400663,-56.1093615568988,38.6091746748019));
#14525=CARTESIAN_POINT('',(-44.4687881737682,-29.9006686580652,25.6300228361539));
#14526=CARTESIAN_POINT('',(-72.8764004536616,-78.5206444797704,62.116994043209));
#14527=CARTESIAN_POINT('',(-74.4164598036426,-81.1564748910811,57.4055599471672));
#14528=CARTESIAN_POINT('',(-51.0335223745251,-41.1362915246386,34.0622361185197));
#14529=CARTESIAN_POINT('Origin',(-74.4164598036426,-81.1564748910811,57.4055599471672));
#14530=CARTESIAN_POINT('',(-72.8764004536616,-78.5206444797704,62.116994043209));
#14531=CARTESIAN_POINT('Origin',(-58.2419076900853,-53.4735311455881,43.3206087708438));
#14532=CARTESIAN_POINT('Origin',(-94.2175230826842,-99.9812153507495,70.3744544174361));
#14533=CARTESIAN_POINT('',(-97.4472857738796,-105.508993694405,64.0489268076654));
#14534=CARTESIAN_POINT('',(-91.7486000064767,-95.7556233126667,77.9275194093093));
#14535=CARTESIAN_POINT('Origin',(-100.302272581819,-110.395338530629,69.7767590576555));
#14536=CARTESIAN_POINT('',(-60.4322655211833,-50.0862925465095,-3.28366026702695));
#14537=CARTESIAN_POINT('Origin',(-53.856626198496,-38.0391095622233,10.2712153818681));
#14538=CARTESIAN_POINT('',(-60.030156893404,-51.1920056142939,14.2198694819957));
#14539=CARTESIAN_POINT('',(-61.1569245050827,-50.5336593913445,14.2198694819957));
#14540=CARTESIAN_POINT('',(-60.0301568934038,-51.1920056142936,6.32256128173932));
#14541=CARTESIAN_POINT('',(-61.1569245050826,-50.5336593913442,6.32256128173932));
#14542=CARTESIAN_POINT('Origin',(-52.7298585868172,-38.6974557851727,10.2712153818681));
#14543=CARTESIAN_POINT('Origin',(-53.856626198496,-38.0391095622233,10.2712153818681));
#14544=CARTESIAN_POINT('',(-50.7378421021212,-35.2880952106865,-4.19972552734159));
#14545=CARTESIAN_POINT('',(-51.8646097138,-34.6297489877371,-4.19972552734159));
#14546=CARTESIAN_POINT('Origin',(-52.7298585868172,-38.6974557851727,10.2712153818681));
#14547=CARTESIAN_POINT('Origin',(-53.856626198496,-38.0391095622233,10.2712153818681));
#14548=CARTESIAN_POINT('',(-50.7378421021213,-35.2880952106866,24.7421562910778));
#14549=CARTESIAN_POINT('',(-51.8646097138,-34.6297489877372,24.7421562910778));
#14550=CARTESIAN_POINT('',(-54.7218750715131,-42.1068163596587,24.7421562910779));
#14551=CARTESIAN_POINT('',(-55.8486426831919,-41.4484701367093,24.7421562910779));
#14552=CARTESIAN_POINT('Origin',(-52.7298585868172,-38.6974557851727,10.2712153818681));
#14553=CARTESIAN_POINT('Origin',(-52.7298585868172,-38.6974557851727,10.2712153818681));
#14554=CARTESIAN_POINT('',(-49.8276265142859,-33.7302501008244,16.0241349288012));
#14555=CARTESIAN_POINT('',(-50.1682336430782,-34.3132033671327,19.2864612003356));
#14556=CARTESIAN_POINT('',(-55.6320906593485,-43.664661469521,16.0241349288013));
#14557=CARTESIAN_POINT('',(-55.8604751179397,-44.0555442633775,13.8366744903956));
#14558=CARTESIAN_POINT('',(-57.2778685742032,-46.481430497475,15.3489699660968));
#14559=CARTESIAN_POINT('',(-54.5285609141505,-41.7759568152396,4.06558310101309));
#14560=CARTESIAN_POINT('',(-49.8276265142859,-33.7302501008245,4.5182958349336));
#14561=CARTESIAN_POINT('',(-49.5992420556947,-33.3393673069678,6.70575627333987));
#14562=CARTESIAN_POINT('',(-48.1818485994312,-30.9134810728703,5.19346079763816));
#14563=CARTESIAN_POINT('',(-50.9311562594839,-35.618954755106,16.4768476627218));
#14564=CARTESIAN_POINT('Origin',(-52.3358716575248,-32.2647360949486,4.5182958349336));
#14565=CARTESIAN_POINT('',(-51.7470079178418,-35.2213679439364,-6.38127758494633));
#14566=CARTESIAN_POINT('',(-52.3358716575248,-32.2647360949486,4.5182958349336));
#14567=CARTESIAN_POINT('Origin',(-46.8372563374194,-22.8537887304773,6.77405122818382));
#14568=CARTESIAN_POINT('Origin',(-55.2381037300562,-37.2319417792969,-5.65751101198966));
#14569=CARTESIAN_POINT('Origin',(-52.3358716575248,-32.2647360949485,16.0241349288012));
#14570=CARTESIAN_POINT('',(-46.8372563374193,-22.8537887304772,13.7683795355509));
#14571=CARTESIAN_POINT('',(-52.3358716575248,-32.2647360949485,16.0241349288012));
#14572=CARTESIAN_POINT('Origin',(-58.1403358025874,-42.1991474636451,16.0241349288013));
#14573=CARTESIAN_POINT('',(-57.0023526278203,-40.2514753433153,26.9237083486812));
#14574=CARTESIAN_POINT('',(-58.1403358025874,-42.1991474636451,16.0241349288013));
#14575=CARTESIAN_POINT('Origin',(-58.1403358025874,-42.1991474636451,4.51829583493367));
#14576=CARTESIAN_POINT('',(-61.9121042082427,-52.6190545567745,6.77405122818402));
#14577=CARTESIAN_POINT('Origin',(-55.2381037300561,-37.2319417792968,10.2712153818675));
#14578=CARTESIAN_POINT('Origin',(-55.2381037300561,-37.2319417792968,10.2712153818675));
#14579=CARTESIAN_POINT('',(-49.9474865121364,-28.1769857103837,26.4565619725167));
#14580=CARTESIAN_POINT('',(-43.8053612698516,-21.6291425852744,11.6103798100038));
#14581=CARTESIAN_POINT('Origin',(-63.2738254601638,-50.9851777914736,10.2712153818675));
#14582=CARTESIAN_POINT('',(-64.9439992758104,-53.8437007019774,8.93205095373109));
#14583=CARTESIAN_POINT('Origin',(-56.9649506445063,-36.2229820506387,10.2712153818675));
#14584=CARTESIAN_POINT('',(-64.9439992758104,-53.8437007019774,11.6103798100041));
#14585=CARTESIAN_POINT('Origin',(-63.2738254601638,-50.9851777914736,10.2712153818675));
#14586=CARTESIAN_POINT('',(-63.6389511226929,-51.6100948281164,13.7683795355511));
#14587=CARTESIAN_POINT('Origin',(-51.6743334265866,-27.1680259817256,26.4565619725167));
#14588=CARTESIAN_POINT('Origin',(-47.2023819999485,-23.47870576712,10.2712153818674));
#14589=CARTESIAN_POINT('Origin',(-56.9649506445063,-36.2229820506387,10.2712153818675));
#14590=CARTESIAN_POINT('',(-54.5625222411052,-36.0756757990815,29.5106265696019));
#14591=CARTESIAN_POINT('',(-55.9136852190069,-38.3882077595119,29.5106265696019));
#14592=CARTESIAN_POINT('Origin',(-63.6389511226929,-51.6100948281164,13.7683795355511));
#14593=CARTESIAN_POINT('Origin',(-55.2381037300561,-37.2319417792967,26.1999417757246));
#14594=CARTESIAN_POINT('Origin',(-53.4738548322919,-34.2124082152781,26.9237083486812));
#14595=CARTESIAN_POINT('',(-53.4738548322919,-34.2124082152781,26.9237083486812));
#14596=CARTESIAN_POINT('Origin',(-55.2381037300561,-37.2319417792967,26.1999417757246));
#14597=CARTESIAN_POINT('Origin',(-3.09315534610301,-68.0680910524973,10.9076486000985));
#14598=CARTESIAN_POINT('',(-10.7766791057481,-67.3428582381754,10.9076486000985));
#14599=CARTESIAN_POINT('Origin',(-9.1371195466787,-64.5367320021939,10.9076486000985));
#14600=CARTESIAN_POINT('',(-4.73271490517244,-70.8742172884788,10.9076486000985));
#14601=CARTESIAN_POINT('Origin',(-9.1371195466787,-64.5367320021939,10.9076486000985));
#14602=CARTESIAN_POINT('Origin',(-6.5386496811028,-66.0361380610963,10.9868870587199));
#14603=CARTESIAN_POINT('',(-12.0879281887224,-75.5337960905723,10.9868870587199));
#14604=CARTESIAN_POINT('Origin',(-6.5386496811028,-66.0361380610963,10.9868870587199));
#14605=CARTESIAN_POINT('',(-8.55656913841902,-69.4898318899967,10.9868870587199));
#14606=CARTESIAN_POINT('Origin',(-6.5386496811028,-66.0361380610963,10.9868870587199));
#14607=CARTESIAN_POINT('Origin',(-5.26888879442172,-66.7780321971461,10.9868870587199));
#14608=CARTESIAN_POINT('',(-13.3307724523136,-66.7003669757432,10.9868870587199));
#14609=CARTESIAN_POINT('',(-7.28680825173793,-70.2317260260465,10.9868870587199));
#14610=CARTESIAN_POINT('Origin',(-11.3128529949974,-63.2466731468428,10.9868870587199));
#14611=CARTESIAN_POINT('Origin',(-11.3128529949974,-63.2466731468428,10.9868870587199));
#14612=CARTESIAN_POINT('',(-16.862131502617,-72.7443311763188,10.9868870587199));
#14613=CARTESIAN_POINT('Origin',(-11.3128529949974,-63.2466731468428,10.9868870587199));
#14614=CARTESIAN_POINT('Origin',(-6.9957357088719,-65.769072468488,10.9868870587199));
#14615=CARTESIAN_POINT('',(-12.5450142164915,-75.2667304979641,10.9868870587199));
#14616=CARTESIAN_POINT('Origin',(60.4582979692772,27.3554323002661,10.9868870587199));
#14617=CARTESIAN_POINT('',(71.4581503530706,27.2984451547305,10.9868870587199));
#14618=CARTESIAN_POINT('Origin',(60.4582979692772,27.3554323002661,10.9868870587199));
#14619=CARTESIAN_POINT('',(64.4582442906566,27.3347097018895,10.9868870587199));
#14620=CARTESIAN_POINT('Origin',(60.4582979692772,27.3554323002661,10.9868870587199));
#14621=CARTESIAN_POINT('Origin',(60.4659166946746,28.8260245528887,10.9868870587199));
#14622=CARTESIAN_POINT('',(64.429598468895,21.8053958920982,10.9868870587199));
#14623=CARTESIAN_POINT('',(64.465863016054,28.8053019545121,10.9868870587199));
#14624=CARTESIAN_POINT('Origin',(60.4296521475156,21.8261184904748,10.9868870587199));
#14625=CARTESIAN_POINT('Origin',(60.4296521475156,21.8261184904748,10.9868870587199));
#14626=CARTESIAN_POINT('',(71.429504531309,21.7691313449392,10.9868870587199));
#14627=CARTESIAN_POINT('Origin',(60.4296521475156,21.8261184904748,10.9868870587199));
#14628=CARTESIAN_POINT('Origin',(60.4555553954863,26.826051392199,10.9868870587199));
#14629=CARTESIAN_POINT('',(71.4554077792796,26.7690642466635,10.9868870587199));
#14630=CARTESIAN_POINT('Origin',(63.7004377987355,-27.6414901421308,-4.3483845181792));
#14631=CARTESIAN_POINT('',(69.4548862090554,-23.6712486436805,-6.42134015546901));
#14632=CARTESIAN_POINT('',(63.8035422688727,-23.6419706180894,-4.37816863605956));
#14633=CARTESIAN_POINT('',(53.4958254168406,-23.5885692323352,-0.651544717019207));
#14634=CARTESIAN_POINT('',(69.4341636106788,-27.6711949650599,-6.42134015546901));
#14635=CARTESIAN_POINT('',(69.4341636106788,-27.6711949650599,-6.42134015546901));
#14636=CARTESIAN_POINT('',(63.7828196704961,-27.6419169394688,-4.37816863605956));
#14637=CARTESIAN_POINT('',(59.6699115371855,-27.6206091176736,-2.89119901451923));
#14638=CARTESIAN_POINT('',(63.7786751508208,-28.4419062037447,-4.37816863605956));
#14639=CARTESIAN_POINT('Origin',(69.4341636106788,-27.6711949650599,-6.42134015546901));
#14640=CARTESIAN_POINT('',(69.4296510495447,-23.6711179074072,-6.49114163426103));
#14641=CARTESIAN_POINT('',(72.6210015841119,-23.6876513981326,2.33626389736202));
#14642=CARTESIAN_POINT('',(69.4089284511681,-27.6710642287865,-6.49114163426102));
#14643=CARTESIAN_POINT('',(69.4006394118175,-29.2710427573383,-6.49114163426102));
#14644=CARTESIAN_POINT('',(71.5500451315976,-27.6821567529059,-0.568725709105665));
#14645=CARTESIAN_POINT('Origin',(63.3599765010244,-29.2397477795134,-6.38127758494628));
#14646=CARTESIAN_POINT('',(63.8197494279873,-27.6421082621695,-4.19972552734154));
#14647=CARTESIAN_POINT('',(64.9488347599684,-27.6479577361343,1.25596956339966));
#14648=CARTESIAN_POINT('',(63.8265101757076,-26.3371257748194,-4.19972552734155));
#14649=CARTESIAN_POINT('',(63.8197494279873,-27.6421082621695,-4.19972552734155));
#14650=CARTESIAN_POINT('',(65.630751409927,-26.3464730418743,4.51829583493367));
#14651=CARTESIAN_POINT('',(64.9555955076889,-26.3429752487842,1.25596956339997));
#14652=CARTESIAN_POINT('',(65.6447132605832,-23.6515092078449,4.51829583493367));
#14653=CARTESIAN_POINT('',(65.6260629220443,-27.2514608970864,4.51829583493367));
#14654=CARTESIAN_POINT('',(65.7792382630942,-23.6522061440972,5.1683152577291));
#14655=CARTESIAN_POINT('Origin',(59.8711483174729,-27.6216516689084,10.2712153818675));
#14656=CARTESIAN_POINT('',(73.5900622274104,-27.6927255084744,-3.28366026702695));
#14657=CARTESIAN_POINT('Origin',(59.8711483174729,-27.6216516689084,10.2712153818675));
#14658=CARTESIAN_POINT('',(140.115762092566,-28.0373764735777,64.0489268076654));
#14659=CARTESIAN_POINT('',(109.682508241883,-27.8797103335426,33.2465493953143));
#14660=CARTESIAN_POINT('',(128.81975268576,-27.9788550216913,77.9275194093093));
#14661=CARTESIAN_POINT('Origin',(133.713684274873,-28.0042091066351,70.3744544174361));
#14662=CARTESIAN_POINT('',(49.3840177226822,-27.5673207909472,26.4565619725167));
#14663=CARTESIAN_POINT('',(49.3840177226822,-27.5673207909472,26.4565619725167));
#14664=CARTESIAN_POINT('',(40.6319953160116,-27.5219790211472,11.6103798100039));
#14665=CARTESIAN_POINT('Origin',(59.8711483174729,-27.6216516689084,10.2712153818675));
#14666=CARTESIAN_POINT('',(43.2188788213761,-27.5353809379785,13.7683795355509));
#14667=CARTESIAN_POINT('Origin',(43.942635681631,-27.5391305189809,10.2712153818674));
#14668=CARTESIAN_POINT('',(45.40040160331,-27.5466827947604,14.2198694819955));
#14669=CARTESIAN_POINT('',(56.3057370561919,-27.603180274625,16.4768476627218));
#14670=CARTESIAN_POINT('',(45.4004016033104,-27.5466827947604,6.32256128173915));
#14671=CARTESIAN_POINT('Origin',(59.8711483174729,-27.6216516689084,10.2712153818681));
#14672=CARTESIAN_POINT('',(43.2188788213761,-27.5353809379785,6.77405122818382));
#14673=CARTESIAN_POINT('',(50.8560234805104,-27.574946839318,5.19346079763815));
#14674=CARTESIAN_POINT('',(40.6319953160116,-27.5219790211472,8.93205095373083));
#14675=CARTESIAN_POINT('Origin',(43.942635681631,-27.5391305189809,10.2712153818674));
#14676=CARTESIAN_POINT('',(58.5320018605995,-27.614713927258,-8.96819580586696));
#14677=CARTESIAN_POINT('Origin',(59.8711483174729,-27.6216516689084,10.2712153818675));
#14678=CARTESIAN_POINT('',(56.374031094571,-27.6035340868552,-6.38127758494633));
#14679=CARTESIAN_POINT('Origin',(59.871148317473,-27.6216516689084,-5.65751101198966));
#14680=CARTESIAN_POINT('',(55.9225472069588,-27.6011950756474,-4.1997255273416));
#14681=CARTESIAN_POINT('',(53.6655993140616,-27.5895024625512,6.70575627333956));
#14682=CARTESIAN_POINT('Origin',(59.8711483174729,-27.6216516689084,10.2712153818681));
#14683=CARTESIAN_POINT('',(74.3418950316357,-27.6966205430565,14.2198694819957));
#14684=CARTESIAN_POINT('',(76.5234178135697,-27.7079223998383,13.7683795355511));
#14685=CARTESIAN_POINT('',(68.8862731544355,-27.6683564984988,15.3489699660968));
#14686=CARTESIAN_POINT('',(79.1103013189342,-27.7213243166696,11.6103798100041));
#14687=CARTESIAN_POINT('Origin',(75.7996609533148,-27.7041728188359,10.2712153818676));
#14688=CARTESIAN_POINT('',(79.1103013189343,-27.7213243166696,8.93205095373109));
#14689=CARTESIAN_POINT('Origin',(59.8711483174729,-27.6216516689084,10.2712153818675));
#14690=CARTESIAN_POINT('',(76.5234178135698,-27.7079223998383,6.77405122818402));
#14691=CARTESIAN_POINT('Origin',(75.7996609533148,-27.7041728188359,10.2712153818676));
#14692=CARTESIAN_POINT('',(74.3418950316354,-27.6966205430565,6.32256128173931));
#14693=CARTESIAN_POINT('',(63.436559578754,-27.6401230631919,4.06558310101308));
#14694=CARTESIAN_POINT('Origin',(59.8711483174729,-27.6216516689084,10.2712153818681));
#14695=CARTESIAN_POINT('',(55.9225472069589,-27.6011950756474,24.7421562910778));
#14696=CARTESIAN_POINT('',(56.3740310945708,-27.6035340868552,26.9237083486812));
#14697=CARTESIAN_POINT('',(54.7934618749774,-27.5953456016826,19.2864612003352));
#14698=CARTESIAN_POINT('',(58.5320018605993,-27.614713927258,29.5106265696019));
#14699=CARTESIAN_POINT('Origin',(59.8711483174728,-27.6216516689084,26.1999417757246));
#14700=CARTESIAN_POINT('',(61.2102947743463,-27.6285894105588,29.5106265696019));
#14701=CARTESIAN_POINT('Origin',(59.8711483174729,-27.6216516689084,10.2712153818675));
#14702=CARTESIAN_POINT('',(63.3682655403748,-27.6397692509616,26.9237083486812));
#14703=CARTESIAN_POINT('Origin',(59.8711483174728,-27.6216516689084,26.1999417757246));
#14704=CARTESIAN_POINT('',(63.8197494279868,-27.6421082621695,24.7421562910779));
#14705=CARTESIAN_POINT('',(66.0766973208843,-27.6538008752656,13.8366744903953));
#14706=CARTESIAN_POINT('Origin',(59.8711483174729,-27.6216516689084,10.2712153818681));
#14707=CARTESIAN_POINT('',(134.947838042204,-28.0106029106517,70.3930202460233));
#14708=CARTESIAN_POINT('Origin',(133.297860184635,-28.0020548388214,70.3930202460233));
#14709=CARTESIAN_POINT('',(57.8938055253111,-27.611407611303,10.2712153818644));
#14710=CARTESIAN_POINT('Origin',(59.8711483174729,-27.6216516689084,10.2712153818644));
#14711=CARTESIAN_POINT('Origin',(49.6027211866821,-23.5684001528232,-0.0180724260680742));
#14712=CARTESIAN_POINT('',(54.1390285711158,-23.5919014872131,4.5182958349336));
#14713=CARTESIAN_POINT('',(56.3947536929476,-23.6035877654758,-6.38127758494633));
#14714=CARTESIAN_POINT('',(54.1390285711158,-23.5919014872131,4.5182958349336));
#14715=CARTESIAN_POINT('',(58.552724458976,-23.6147676058786,-8.96819580586697));
#14716=CARTESIAN_POINT('Origin',(59.8918709158496,-23.621705347529,-5.65751101198966));
#14717=CARTESIAN_POINT('',(40.6527179143882,-23.5220326997678,8.93205095373082));
#14718=CARTESIAN_POINT('Origin',(59.8918709158495,-23.621705347529,10.2712153818675));
#14719=CARTESIAN_POINT('',(43.2396014197527,-23.5354346165991,6.77405122818382));
#14720=CARTESIAN_POINT('Origin',(43.9633582800076,-23.5391841976015,10.2712153818674));
#14721=CARTESIAN_POINT('',(43.2396014197527,-23.5354346165991,6.77405122818382));
#14722=CARTESIAN_POINT('Origin',(59.8711483174729,-27.6216516689084,10.2712153818681));
#14723=CARTESIAN_POINT('',(45.4071623510308,-26.2417003074103,6.32256128173915));
#14724=CARTESIAN_POINT('',(45.4004016033104,-27.5466827947604,6.32256128173915));
#14725=CARTESIAN_POINT('',(45.4071623510304,-26.2417003074103,14.2198694819955));
#14726=CARTESIAN_POINT('',(45.40040160331,-27.5466827947604,14.2198694819955));
#14727=CARTESIAN_POINT('Origin',(59.8779090651933,-26.3166691815584,10.2712153818681));
#14728=CARTESIAN_POINT('Origin',(59.8711483174729,-27.6216516689084,10.2712153818644));
#14729=CARTESIAN_POINT('',(57.9005662730314,-26.306425123953,10.2712153818644));
#14730=CARTESIAN_POINT('',(57.8938055253111,-27.611407611303,10.2712153818644));
#14731=CARTESIAN_POINT('Origin',(59.8779090651933,-26.3166691815584,10.2712153818644));
#14732=CARTESIAN_POINT('Origin',(133.613773026392,32.9765148510918,70.3930202460233));
#14733=CARTESIAN_POINT('',(134.968560640581,-24.0106565892723,70.3930202460233));
#14734=CARTESIAN_POINT('Origin',(133.318582783012,-24.002108517442,70.3930202460233));
#14735=CARTESIAN_POINT('',(135.263750883961,32.9679667792615,70.3930202460233));
#14736=CARTESIAN_POINT('Origin',(133.613773026392,32.9765148510918,70.3930202460233));
#14737=CARTESIAN_POINT('',(135.263750883961,32.9679667792614,70.3930202460233));
#14738=CARTESIAN_POINT('Origin',(133.613773026392,32.9765148510918,70.3930202460233));
#14739=CARTESIAN_POINT('',(135.243028285584,28.968020457882,70.3930202460233));
#14740=CARTESIAN_POINT('',(135.263750883961,32.9679667792615,70.3930202460233));
#14741=CARTESIAN_POINT('Origin',(133.593050428015,28.9765685297124,70.3930202460233));
#14742=CARTESIAN_POINT('Origin',(128.657459101226,29.0021384420558,77.9189277949178));
#14743=CARTESIAN_POINT('',(128.678181699603,33.0020847634351,77.9189277949178));
#14744=CARTESIAN_POINT('',(128.657459101226,29.0021384420558,77.9189277949178));
#14745=CARTESIAN_POINT('',(128.66263975082,30.0021250224006,77.9189277949178));
#14746=CARTESIAN_POINT('',(128.592083050902,33.0025308163505,78.0502130710485));
#14747=CARTESIAN_POINT('',(128.678181699603,33.0020847634351,77.9189277949178));
#14748=CARTESIAN_POINT('',(128.571360452526,29.0025844949711,78.0502130710485));
#14749=CARTESIAN_POINT('',(128.57654110212,30.0025710753159,78.0502130710485));
#14750=CARTESIAN_POINT('',(128.657459101226,29.0021384420558,77.9189277949178));
#14751=CARTESIAN_POINT('Origin',(92.1592483016986,27.1911985808327,53.9890634002359));
#14752=CARTESIAN_POINT('',(92.1592483016955,27.1911985808327,53.9890634002339));
#14753=CARTESIAN_POINT('',(92.1696096008837,29.1911717415224,53.9890634002339));
#14754=CARTESIAN_POINT('',(92.1747902504812,30.1911583218712,53.989063400236));
#14755=CARTESIAN_POINT('',(92.0835109521831,29.1916177944377,54.1203486763646));
#14756=CARTESIAN_POINT('',(92.1696096008837,29.1911717415224,53.9890634002339));
#14757=CARTESIAN_POINT('',(92.0731496529948,27.191644633748,54.1203486763646));
#14758=CARTESIAN_POINT('',(92.0886916017806,30.1916043747865,54.1203486763667));
#14759=CARTESIAN_POINT('',(92.1592483016955,27.1911985808327,53.9890634002339));
#14760=CARTESIAN_POINT('Origin',(75.7534460224201,27.2761924343406,43.2296289801437));
#14761=CARTESIAN_POINT('',(75.6944965929955,27.2764978347766,43.3206087708438));
#14762=CARTESIAN_POINT('',(62.9513093987873,27.3425167082928,35.0635687121467));
#14763=CARTESIAN_POINT('',(75.6673473737195,27.2766384872559,43.3609142562744));
#14764=CARTESIAN_POINT('',(53.6359517337175,27.3907769598355,28.9120410749177));
#14765=CARTESIAN_POINT('',(75.7534460224201,27.2761924343406,43.2296289801437));
#14766=CARTESIAN_POINT('',(75.7534460224201,27.2761924343406,43.2296289801437));
#14767=CARTESIAN_POINT('',(78.7472223642487,27.2606825200126,38.6091746748019));
#14768=CARTESIAN_POINT('Origin',(75.7638073216084,29.2761655950303,43.2296289801437));
#14769=CARTESIAN_POINT('',(75.7638073216084,29.2761655950303,43.2296289801437));
#14770=CARTESIAN_POINT('',(75.7689879712026,30.2761521753751,43.2296289801437));
#14771=CARTESIAN_POINT('',(75.6777086729078,29.2766116479456,43.3609142562744));
#14772=CARTESIAN_POINT('',(75.6828893225019,30.2765982282904,43.3609142562744));
#14773=CARTESIAN_POINT('',(75.7638073216084,29.2761655950303,43.2296289801437));
#14774=CARTESIAN_POINT('Origin',(46.8540349196173,33.4259926849398,24.2561122695088));
#14775=CARTESIAN_POINT('',(46.8333123212406,29.4260463635604,24.2561122695087));
#14776=CARTESIAN_POINT('',(46.8540349196171,33.4259926849398,24.2561122695087));
#14777=CARTESIAN_POINT('',(46.8229510220525,27.4260732028707,24.2561122695088));
#14778=CARTESIAN_POINT('',(46.7472136725399,29.4264924164757,24.3873975456394));
#14779=CARTESIAN_POINT('',(46.8333123212406,29.4260463635604,24.2561122695087));
#14780=CARTESIAN_POINT('',(46.7679362709165,33.4264387378551,24.3873975456394));
#14781=CARTESIAN_POINT('',(46.7368523733518,27.426519255786,24.3873975456395));
#14782=CARTESIAN_POINT('',(46.8540349196171,33.4259926849398,24.2561122695087));
#14783=CARTESIAN_POINT('Origin',(137.287108451399,32.95748433203,83.7526806483793));
#14784=CARTESIAN_POINT('',(93.7522972012491,33.183025960955,55.2011999793288));
#14785=CARTESIAN_POINT('',(93.7315746028726,29.1830796395756,55.2011999793288));
#14786=CARTESIAN_POINT('',(93.7315746028726,29.1830796395756,55.2011999793288));
#14787=CARTESIAN_POINT('Origin',(60.4893818668421,33.3553517823351,10.9868870587199));
#14788=CARTESIAN_POINT('',(139.999706658289,32.9434311226412,64.0511942380098));
#14789=CARTESIAN_POINT('Origin',(133.613773026392,32.9765148510918,70.3930202460233));
#14790=CARTESIAN_POINT('',(73.9894569842638,33.2854116850852,-2.41994308153753));
#14791=CARTESIAN_POINT('',(73.9894569842638,33.2854116850852,-2.41994308153752));
#14792=CARTESIAN_POINT('Origin',(60.4893818668421,33.3553517823351,10.9868870587199));
#14793=CARTESIAN_POINT('Origin',(73.5048844329127,-23.6922305469051,78.4972323834124));
#14794=CARTESIAN_POINT('',(100.192921809233,-23.8304937723519,48.7024418273332));
#14795=CARTESIAN_POINT('',(107.491798839091,-23.8683072041175,57.4055599471672));
#14796=CARTESIAN_POINT('Origin',(73.5048844329127,-23.6922305469051,78.4972323834124));
#14797=CARTESIAN_POINT('',(100.467389454236,29.1481832748025,48.7024418273332));
#14798=CARTESIAN_POINT('',(100.192921809233,-23.8304937723519,48.7024418273332));
#14799=CARTESIAN_POINT('',(107.766266484095,29.1103698430369,57.4055599471672));
#14800=CARTESIAN_POINT('Origin',(73.7793520779163,29.2864465002493,78.4972323834124));
#14801=CARTESIAN_POINT('',(107.491798839091,-23.8683072041175,57.4055599471672));
#14802=CARTESIAN_POINT('Origin',(73.9894569842638,33.2854116850852,-2.41994308153753));
#14803=CARTESIAN_POINT('',(139.978984059912,28.9434848012619,64.0511942380098));
#14804=CARTESIAN_POINT('',(139.999706658289,32.9434311226412,64.0511942380098));
#14805=CARTESIAN_POINT('',(73.9687343858872,29.2854653637059,-2.41994308153753));
#14806=CARTESIAN_POINT('',(73.9687343858872,29.2854653637059,-2.41994308153753));
#14807=CARTESIAN_POINT('',(73.9583730866989,27.2854922030162,-2.41994308153754));
#14808=CARTESIAN_POINT('Origin',(133.613773026392,32.9765148510918,70.3930202460233));
#14809=CARTESIAN_POINT('Origin',(133.593050428015,28.9765685297124,70.3930202460233));
#14810=CARTESIAN_POINT('Origin',(60.4686592684655,29.3554054609558,10.9868870587199));
#14811=CARTESIAN_POINT('Origin',(60.4686592684655,29.3554054609558,10.9868870587199));
#14812=CARTESIAN_POINT('',(104.713540712842,29.1261851578008,62.116994043209));
#14813=CARTESIAN_POINT('',(62.9616706979755,29.3424898689825,35.0635687121467));
#14814=CARTESIAN_POINT('',(111.364991480818,29.0917258596473,51.8514561978232));
#14815=CARTESIAN_POINT('',(82.5923264464146,29.2407889554555,32.690812119146));
#14816=CARTESIAN_POINT('',(82.9562655323284,29.2389034892754,33.0168114108654));
#14817=CARTESIAN_POINT('',(87.2236210835371,29.2167955187897,25.5430887082754));
#14818=CARTESIAN_POINT('',(63.7348687985588,29.3384841468011,10.9076486000985));
#14819=CARTESIAN_POINT('Origin',(60.4849124124381,29.3553212579821,10.9076486000985));
#14820=CARTESIAN_POINT('Origin',(88.2177408651887,-23.7684537234983,23.5852102404368));
#14821=CARTESIAN_POINT('',(82.3178588014111,-23.7378880916989,32.690812119146));
#14822=CARTESIAN_POINT('',(82.317858801411,-23.7378880916989,32.6908121191461));
#14823=CARTESIAN_POINT('',(75.430636312957,-23.7022073264858,43.3202290044392));
#14824=CARTESIAN_POINT('',(78.331474184656,-23.7172357527047,38.8432115846265));
#14825=CARTESIAN_POINT('',(75.4303902471803,-23.7022060516881,43.3206087708438));
#14826=CARTESIAN_POINT('',(78.4831160184335,-23.718021366452,38.6091746748019));
#14827=CARTESIAN_POINT('',(75.4303902471803,-23.7022060516881,43.3206087708438));
#14828=CARTESIAN_POINT('Origin',(106.107001568687,-23.8611329584247,53.9999926740981));
#14829=CARTESIAN_POINT('',(106.107001568687,-23.8611329584247,53.9999926740981));
#14830=CARTESIAN_POINT('Origin',(60.4582979692772,27.3554323002661,10.9868870587199));
#14831=CARTESIAN_POINT('Origin',(49.602721186682,-23.5684001528232,20.5605031898029));
#14832=CARTESIAN_POINT('',(76.5441404119463,-23.7079760784589,6.77405122818402));
#14833=CARTESIAN_POINT('',(59.5449889851496,-23.6199082496791,3.25589133049797));
#14834=CARTESIAN_POINT('',(79.1310239173108,-23.7213779952902,8.93205095373109));
#14835=CARTESIAN_POINT('Origin',(75.8203835516914,-23.7042264974565,10.2712153818676));
#14836=CARTESIAN_POINT('',(79.1310239173108,-23.7213779952902,11.6103798100041));
#14837=CARTESIAN_POINT('Origin',(59.8918709158495,-23.621705347529,10.2712153818675));
#14838=CARTESIAN_POINT('',(76.5441404119463,-23.7079760784589,13.7683795355511));
#14839=CARTESIAN_POINT('Origin',(75.8203835516914,-23.7042264974565,10.2712153818676));
#14840=CARTESIAN_POINT('',(65.6447132605832,-23.6515092078449,16.0241349288013));
#14841=CARTESIAN_POINT('',(62.9527399834887,-23.6375628504242,16.5812681757107));
#14842=CARTESIAN_POINT('',(63.3889881387514,-23.6398229295822,26.9237083486812));
#14843=CARTESIAN_POINT('',(64.8651382466337,-23.6474704486666,19.7910101648878));
#14844=CARTESIAN_POINT('',(61.2310173727229,-23.6286430891794,29.5106265696019));
#14845=CARTESIAN_POINT('Origin',(59.8918709158494,-23.621705347529,26.1999417757246));
#14846=CARTESIAN_POINT('',(58.5527244589758,-23.6147676058786,29.5106265696019));
#14847=CARTESIAN_POINT('Origin',(59.8918709158495,-23.621705347529,10.2712153818675));
#14848=CARTESIAN_POINT('',(56.3947536929474,-23.6035877654758,26.9237083486812));
#14849=CARTESIAN_POINT('Origin',(59.8918709158494,-23.621705347529,26.1999417757246));
#14850=CARTESIAN_POINT('',(54.1390285711157,-23.5919014872131,16.0241349288012));
#14851=CARTESIAN_POINT('',(55.6238653781031,-23.5995940096456,23.1988068946647));
#14852=CARTESIAN_POINT('',(43.2396014197526,-23.5354346165991,13.7683795355509));
#14853=CARTESIAN_POINT('',(52.4141664625875,-23.5829654611122,15.6671558922067));
#14854=CARTESIAN_POINT('',(40.6527179143881,-23.5220326997678,11.6103798100038));
#14855=CARTESIAN_POINT('Origin',(43.9633582800076,-23.5391841976015,10.2712153818674));
#14856=CARTESIAN_POINT('',(49.4047403210588,-23.5673744695678,26.4565619725167));
#14857=CARTESIAN_POINT('Origin',(59.8918709158495,-23.621705347529,10.2712153818675));
#14858=CARTESIAN_POINT('',(48.1291327349097,-23.5607659049597,25.6300228361539));
#14859=CARTESIAN_POINT('',(104.439319133615,-23.8524931641512,62.1166142768045));
#14860=CARTESIAN_POINT('',(107.340157005314,-23.8675215903702,57.6395968569917));
#14861=CARTESIAN_POINT('',(128.840475284136,-23.9789087003119,77.9275194093093));
#14862=CARTESIAN_POINT('',(48.1291327349097,-23.5607659049597,25.6300228361539));
#14863=CARTESIAN_POINT('',(140.136484690942,-24.0374301521983,64.0489268076654));
#14864=CARTESIAN_POINT('Origin',(133.734406873249,-24.0042627852557,70.3744544174361));
#14865=CARTESIAN_POINT('',(73.6107848257869,-23.692779187095,-3.28366026702696));
#14866=CARTESIAN_POINT('',(109.734019781371,-23.8799235210191,33.2777117741025));
#14867=CARTESIAN_POINT('Origin',(59.8918709158495,-23.621705347529,10.2712153818675));
#14868=CARTESIAN_POINT('Origin',(78.4831160184335,-23.718021366452,38.6091746748019));
#14869=CARTESIAN_POINT('',(48.1291327349097,-23.5607659049597,25.6300228361539));
#14870=CARTESIAN_POINT('',(104.439073067838,-23.8524918893536,62.116994043209));
#14871=CARTESIAN_POINT('',(107.491798839091,-23.8683072041175,57.4055599471672));
#14872=CARTESIAN_POINT('',(61.1418346650821,-23.628181058621,34.0622361185197));
#14873=CARTESIAN_POINT('Origin',(107.491798839091,-23.8683072041175,57.4055599471672));
#14874=CARTESIAN_POINT('',(104.439073067838,-23.8524918893536,62.116994043209));
#14875=CARTESIAN_POINT('Origin',(75.4303902471803,-23.7022060516881,43.3206087708438));
#14876=CARTESIAN_POINT('Origin',(133.695033936334,-31.6041607958766,70.3744544174361));
#14877=CARTESIAN_POINT('',(140.097111754027,-31.6373281628191,64.0489268076654));
#14878=CARTESIAN_POINT('',(128.801102347221,-31.5788067109326,77.9275194093093));
#14879=CARTESIAN_POINT('Origin',(145.756303917817,-31.6666468478523,69.7767590576555));
#14880=CARTESIAN_POINT('',(73.592134487248,-27.2927308763364,-3.28366026702695));
#14881=CARTESIAN_POINT('Origin',(59.8711483174729,-27.6216516689084,10.2712153818681));
#14882=CARTESIAN_POINT('',(74.3486557793561,-26.3916380557065,14.2198694819957));
#14883=CARTESIAN_POINT('',(74.3418950316357,-27.6966205430565,14.2198694819957));
#14884=CARTESIAN_POINT('',(74.3486557793558,-26.3916380557064,6.32256128173932));
#14885=CARTESIAN_POINT('',(74.3418950316354,-27.6966205430565,6.32256128173932));
#14886=CARTESIAN_POINT('Origin',(59.8779090651933,-26.3166691815584,10.2712153818681));
#14887=CARTESIAN_POINT('Origin',(59.8711483174729,-27.6216516689084,10.2712153818681));
#14888=CARTESIAN_POINT('',(55.9293079546791,-26.2962125882974,-4.1997255273416));
#14889=CARTESIAN_POINT('',(55.9225472069588,-27.6011950756474,-4.19972552734159));
#14890=CARTESIAN_POINT('Origin',(59.8779090651933,-26.3166691815584,10.2712153818681));
#14891=CARTESIAN_POINT('Origin',(59.8711483174729,-27.6216516689084,10.2712153818681));
#14892=CARTESIAN_POINT('',(55.9293079546792,-26.2962125882974,24.7421562910778));
#14893=CARTESIAN_POINT('',(55.9225472069589,-27.6011950756474,24.7421562910778));
#14894=CARTESIAN_POINT('',(63.8265101757071,-26.3371257748194,24.7421562910779));
#14895=CARTESIAN_POINT('',(63.8197494279868,-27.6421082621695,24.7421562910779));
#14896=CARTESIAN_POINT('Origin',(59.8779090651933,-26.3166691815584,10.2712153818681));
#14897=CARTESIAN_POINT('Origin',(59.8779090651933,-26.3166691815584,10.2712153818681));
#14898=CARTESIAN_POINT('',(54.1250667204595,-26.2868653212425,16.0241349288012));
#14899=CARTESIAN_POINT('',(54.8002226226978,-26.2903631143326,19.2864612003356));
#14900=CARTESIAN_POINT('',(65.630751409927,-26.3464730418743,16.0241349288013));
#14901=CARTESIAN_POINT('',(66.0834580686045,-26.3488183879156,13.8366744903956));
#14902=CARTESIAN_POINT('',(68.8930339021557,-26.3633740111488,15.3489699660968));
#14903=CARTESIAN_POINT('',(63.4433203264744,-26.3351405758418,4.06558310101309));
#14904=CARTESIAN_POINT('',(54.1250667204596,-26.2868653212425,4.5182958349336));
#14905=CARTESIAN_POINT('',(53.6723600617819,-26.2845199752012,6.70575627333987));
#14906=CARTESIAN_POINT('',(50.8627842282307,-26.269964351968,5.19346079763816));
#14907=CARTESIAN_POINT('',(56.3124978039123,-26.298197787275,16.4768476627218));
#14908=CARTESIAN_POINT('Origin',(54.1100169333886,-29.1918263371442,4.5182958349336));
#14909=CARTESIAN_POINT('',(56.3761033544087,-27.2035394547173,-6.38127758494633));
#14910=CARTESIAN_POINT('',(54.1100169333886,-29.1918263371442,4.5182958349336));
#14911=CARTESIAN_POINT('Origin',(43.2105897820255,-29.1353594665302,6.77405122818382));
#14912=CARTESIAN_POINT('',(43.2105897820255,-29.1353594665302,6.77405122818382));
#14913=CARTESIAN_POINT('Origin',(59.8628592781224,-29.2216301974602,-5.65751101198966));
#14914=CARTESIAN_POINT('',(58.5444354196254,-25.2147461344304,-8.96819580586697));
#14915=CARTESIAN_POINT('Origin',(59.8628592781223,-29.2216301974602,10.2712153818675));
#14916=CARTESIAN_POINT('',(40.6444288750375,-25.1220112283196,8.93205095373082));
#14917=CARTESIAN_POINT('Origin',(43.9343466422804,-29.1391090475327,10.2712153818674));
#14918=CARTESIAN_POINT('Origin',(54.1100169333885,-29.1918263371442,16.0241349288012));
#14919=CARTESIAN_POINT('',(43.2105897820255,-29.1353594665302,13.7683795355509));
#14920=CARTESIAN_POINT('',(54.1100169333885,-29.1918263371442,16.0241349288012));
#14921=CARTESIAN_POINT('Origin',(65.615701622856,-29.2514340577761,16.0241349288013));
#14922=CARTESIAN_POINT('',(63.3599765010242,-29.2397477795133,26.9237083486812));
#14923=CARTESIAN_POINT('',(65.615701622856,-29.2514340577761,16.0241349288013));
#14924=CARTESIAN_POINT('Origin',(65.615701622856,-29.2514340577761,4.51829583493367));
#14925=CARTESIAN_POINT('',(76.5254900734074,-27.3079277677004,6.77405122818402));
#14926=CARTESIAN_POINT('Origin',(59.8628592781223,-29.2216301974602,10.2712153818675));
#14927=CARTESIAN_POINT('Origin',(59.8628592781223,-29.2216301974602,10.2712153818675));
#14928=CARTESIAN_POINT('',(49.3757286833316,-29.1672993194989,26.4565619725167));
#14929=CARTESIAN_POINT('',(40.6340675758492,-27.1219843890093,11.6103798100038));
#14930=CARTESIAN_POINT('Origin',(75.7913719139642,-29.3041513473877,10.2712153818676));
#14931=CARTESIAN_POINT('',(79.1020122795836,-29.3213028452213,8.93205095373109));
#14932=CARTESIAN_POINT('Origin',(59.852497978934,-31.2216033581499,10.2712153818675));
#14933=CARTESIAN_POINT('',(79.1020122795836,-29.3213028452213,11.6103798100041));
#14934=CARTESIAN_POINT('Origin',(75.7913719139642,-29.3041513473877,10.2712153818676));
#14935=CARTESIAN_POINT('',(76.5151287742191,-29.3079009283901,13.7683795355511));
#14936=CARTESIAN_POINT('Origin',(49.3653673841433,-31.1672724801886,26.4565619725167));
#14937=CARTESIAN_POINT('Origin',(43.9343466422804,-29.1391090475327,10.2712153818674));
#14938=CARTESIAN_POINT('Origin',(59.852497978934,-31.2216033581499,10.2712153818675));
#14939=CARTESIAN_POINT('',(58.5237128212487,-29.2146924558098,29.5106265696019));
#14940=CARTESIAN_POINT('',(61.2020057349957,-29.2285679391105,29.5106265696019));
#14941=CARTESIAN_POINT('Origin',(76.5151287742191,-29.3079009283901,13.7683795355511));
#14942=CARTESIAN_POINT('Origin',(59.8628592781222,-29.2216301974602,26.1999417757246));
#14943=CARTESIAN_POINT('Origin',(56.3657420552202,-29.203512615407,26.9237083486812));
#14944=CARTESIAN_POINT('',(56.3657420552202,-29.203512615407,26.9237083486812));
#14945=CARTESIAN_POINT('Origin',(59.8628592781222,-29.2216301974602,26.1999417757246));
#14946=CARTESIAN_POINT('Origin',(60.4952737116264,31.3552944186718,10.9076486000985));
#14947=CARTESIAN_POINT('',(63.7089655505882,24.3385512450769,10.9076486000985));
#14948=CARTESIAN_POINT('Origin',(60.4590091644674,24.3553883562578,10.9076486000985));
#14949=CARTESIAN_POINT('',(63.7452300977471,31.3384573074908,10.9076486000985));
#14950=CARTESIAN_POINT('Origin',(60.4590091644674,24.3553883562578,10.9076486000985));
#14951=CARTESIAN_POINT('Origin',(-7.91198623782532,68.9869424369609,-4.3483845181792));
#14952=CARTESIAN_POINT('',(-14.2275404398025,71.9853201958397,-6.42134015546901));
#14953=CARTESIAN_POINT('',(-11.4272239836456,67.0764737653227,-4.37816863605956));
#14954=CARTESIAN_POINT('',(-6.31961251428998,58.1230284235689,-0.651544717019207));
#14955=CARTESIAN_POINT('',(-10.7531240125255,73.9673470599028,-6.42134015546901));
#14956=CARTESIAN_POINT('',(-10.7531240125255,73.9673470599028,-6.42134015546901));
#14957=CARTESIAN_POINT('',(-7.95280755636865,69.0585006293858,-4.37816863605956));
#14958=CARTESIAN_POINT('',(-5.91480660468727,65.4859637916096,-2.89119901451922));
#14959=CARTESIAN_POINT('',(-7.25792427091328,69.4549060021985,-4.37816863605956));
#14960=CARTESIAN_POINT('Origin',(-10.7531240125255,73.9673470599028,-6.42134015546901));
#14961=CARTESIAN_POINT('',(-14.215036080981,71.9634005384982,-6.49114163426103));
#14962=CARTESIAN_POINT('',(-15.7963929252831,74.7354579191771,2.33626389736202));
#14963=CARTESIAN_POINT('',(-10.740619653704,73.9454274025613,-6.49114163426102));
#14964=CARTESIAN_POINT('',(-9.35085308279324,74.7382381481866,-6.49114163426102));
#14965=CARTESIAN_POINT('',(-11.8015715862393,75.8052351023396,-0.568725709105664));
#14966=CARTESIAN_POINT('Origin',(-6.35762387320397,69.4912231228288,-6.38127758494628));
#14967=CARTESIAN_POINT('',(-7.97110674479514,69.0905783988791,-4.19972552734154));
#14968=CARTESIAN_POINT('',(-8.53058361773344,70.0713197163976,1.25596956339966));
#14969=CARTESIAN_POINT('',(-9.10463510419424,68.4439421344785,-4.19972552734155));
#14970=CARTESIAN_POINT('',(-7.97110674479514,69.0905783988791,-4.19972552734155));
#14971=CARTESIAN_POINT('',(-9.99866075057845,70.0111345113953,4.51829583493367));
#14972=CARTESIAN_POINT('',(-9.66411197713258,69.424683451997,1.25596956339997));
#14973=CARTESIAN_POINT('',(-12.3395488184563,68.6757439117327,4.51829583493367));
#14974=CARTESIAN_POINT('',(-9.21257403390705,70.4595680893896,4.51829583493367));
#14975=CARTESIAN_POINT('',(-12.4062077552125,68.7925944494776,5.1683152577291));
#14976=CARTESIAN_POINT('Origin',(-6.01452211897691,65.6607612311317,10.2712153818675));
#14977=CARTESIAN_POINT('',(-12.812427323337,77.5772261092522,-3.28366026702695));
#14978=CARTESIAN_POINT('Origin',(-6.01452211897691,65.6607612311317,10.2712153818675));
#14979=CARTESIAN_POINT('',(-45.7768007646964,135.362497679568,64.0489268076654));
#14980=CARTESIAN_POINT('',(-30.696716721942,108.927693655038,33.2465493953143));
#14981=CARTESIAN_POINT('',(-40.1794771252935,125.550605845942,77.9275194093093));
#14982=CARTESIAN_POINT('Origin',(-42.6044856381988,129.801551968969,70.3744544174361));
#14983=CARTESIAN_POINT('',(-0.818008742105918,56.5514742842573,26.4565619725167));
#14984=CARTESIAN_POINT('',(-0.818008742105909,56.5514742842574,26.4565619725167));
#14985=CARTESIAN_POINT('',(3.51873533673011,48.94932966069,11.6103798100039));
#14986=CARTESIAN_POINT('Origin',(-6.01452211897691,65.6607612311317,10.2712153818675));
#14987=CARTESIAN_POINT('',(2.23689998448314,51.1963374513822,13.7683795355509));
#14988=CARTESIAN_POINT('Origin',(1.87826878675732,51.8250040690274,10.2712153818674));
#14989=CARTESIAN_POINT('',(1.1559262885992,53.0912425278624,14.2198694819955));
#14990=CARTESIAN_POINT('',(-4.24781318502916,62.5637888067815,16.4768476627218));
#14991=CARTESIAN_POINT('',(1.15592628859898,53.0912425278628,6.32256128173915));
#14992=CARTESIAN_POINT('Origin',(-6.01452211897691,65.6607612311317,10.2712153818681));
#14993=CARTESIAN_POINT('',(2.23689998448312,51.1963374513822,6.77405122818382));
#14994=CARTESIAN_POINT('',(-1.54740726940039,57.8300816892389,5.19346079763815));
#14995=CARTESIAN_POINT('',(3.51873533673009,48.94932966069,8.93205095373083));
#14996=CARTESIAN_POINT('Origin',(1.87826878675732,51.8250040690274,10.2712153818674));
#14997=CARTESIAN_POINT('',(-5.35095715105433,64.4975575092662,-8.96819580586696));
#14998=CARTESIAN_POINT('Origin',(-6.01452211897691,65.6607612311317,10.2712153818675));
#14999=CARTESIAN_POINT('',(-4.28165379383918,62.62311008506,-6.38127758494633));
#15000=CARTESIAN_POINT('Origin',(-6.01452211897695,65.6607612311318,-5.65751101198966));
#15001=CARTESIAN_POINT('',(-4.05793749315877,62.2309440633845,-4.1997255273416));
#15002=CARTESIAN_POINT('',(-2.93958964668808,60.2705235465697,6.70575627333956));
#15003=CARTESIAN_POINT('Origin',(-6.01452211897691,65.6607612311317,10.2712153818681));
#15004=CARTESIAN_POINT('',(-13.184970526553,78.2302799344009,14.2198694819957));
#15005=CARTESIAN_POINT('',(-14.2659442224369,80.1251850108812,13.7683795355511));
#15006=CARTESIAN_POINT('',(-10.4816369685534,73.4914407730245,15.3489699660968));
#15007=CARTESIAN_POINT('',(-15.5477795746839,82.3721928015734,11.6103798100041));
#15008=CARTESIAN_POINT('Origin',(-13.9073130247111,79.496518393236,10.2712153818675));
#15009=CARTESIAN_POINT('',(-15.5477795746839,82.3721928015734,8.93205095373109));
#15010=CARTESIAN_POINT('Origin',(-6.01452211897691,65.6607612311317,10.2712153818675));
#15011=CARTESIAN_POINT('',(-14.265944222437,80.1251850108812,6.77405122818402));
#15012=CARTESIAN_POINT('Origin',(-13.9073130247111,79.496518393236,10.2712153818675));
#15013=CARTESIAN_POINT('',(-13.1849705265528,78.2302799344006,6.32256128173931));
#15014=CARTESIAN_POINT('',(-7.78123105292466,68.7577336554819,4.06558310101308));
#15015=CARTESIAN_POINT('Origin',(-6.01452211897691,65.6607612311317,10.2712153818681));
#15016=CARTESIAN_POINT('',(-4.05793749315884,62.2309440633846,24.7421562910778));
#15017=CARTESIAN_POINT('',(-4.28165379383909,62.6231100850598,26.9237083486812));
#15018=CARTESIAN_POINT('',(-3.49846062022038,61.2502027458658,19.2864612003352));
#15019=CARTESIAN_POINT('',(-5.35095715105425,64.497557509266,29.5106265696019));
#15020=CARTESIAN_POINT('Origin',(-6.01452211897687,65.6607612311316,26.1999417757246));
#15021=CARTESIAN_POINT('',(-6.67808708689948,66.8239649529972,29.5106265696019));
#15022=CARTESIAN_POINT('Origin',(-6.01452211897691,65.6607612311317,10.2712153818675));
#15023=CARTESIAN_POINT('',(-7.74739044411465,68.6984123772034,26.9237083486812));
#15024=CARTESIAN_POINT('Origin',(-6.01452211897687,65.6607612311316,26.1999417757246));
#15025=CARTESIAN_POINT('',(-7.97110674479492,69.0905783988787,24.7421562910778));
#15026=CARTESIAN_POINT('',(-9.08945459126574,71.0509989156937,13.8366744903953));
#15027=CARTESIAN_POINT('Origin',(-6.01452211897691,65.6607612311317,10.2712153818681));
#15028=CARTESIAN_POINT('',(-43.2160253251594,130.873557385663,70.3930202460233));
#15029=CARTESIAN_POINT('Origin',(-42.3984392437333,129.440360609411,70.3930202460233));
#15030=CARTESIAN_POINT('',(-5.03472233702013,63.9432101123268,10.2712153818644));
#15031=CARTESIAN_POINT('Origin',(-6.0145221189769,65.6607612311317,10.2712153818644));
#15032=CARTESIAN_POINT('Origin',(-4.39052733443906,54.7414167209149,-0.0180724260680742));
#15033=CARTESIAN_POINT('',(-6.63832827405146,58.6817248224043,4.5182958349336));
#15034=CARTESIAN_POINT('',(-7.75607022111614,60.6410832209968,-6.38127758494633));
#15035=CARTESIAN_POINT('',(-6.63832827405145,58.6817248224043,4.5182958349336));
#15036=CARTESIAN_POINT('',(-8.8253735783313,62.515530645203,-8.96819580586697));
#15037=CARTESIAN_POINT('Origin',(-9.48893854625392,63.6787343670686,-5.65751101198966));
#15038=CARTESIAN_POINT('',(0.0443189094531427,46.9673027966268,8.93205095373082));
#15039=CARTESIAN_POINT('Origin',(-9.48893854625387,63.6787343670685,10.2712153818675));
#15040=CARTESIAN_POINT('',(-1.23751644279384,49.214310587319,6.77405122818382));
#15041=CARTESIAN_POINT('Origin',(-1.59614764051964,49.8429772049643,10.2712153818674));
#15042=CARTESIAN_POINT('',(-1.23751644279383,49.214310587319,6.77405122818382));
#15043=CARTESIAN_POINT('Origin',(-6.01452211897691,65.6607612311317,10.2712153818681));
#15044=CARTESIAN_POINT('',(0.0223979291998866,52.4446062634622,6.32256128173915));
#15045=CARTESIAN_POINT('',(1.15592628859898,53.0912425278628,6.32256128173915));
#15046=CARTESIAN_POINT('',(0.0223979292000864,52.4446062634618,14.2198694819955));
#15047=CARTESIAN_POINT('',(1.15592628859919,53.0912425278624,14.2198694819955));
#15048=CARTESIAN_POINT('Origin',(-7.14805047837602,65.0141249667311,10.2712153818681));
#15049=CARTESIAN_POINT('Origin',(-6.01452211897691,65.6607612311317,10.2712153818644));
#15050=CARTESIAN_POINT('',(-6.16825069641923,63.2965738479262,10.2712153818644));
#15051=CARTESIAN_POINT('',(-5.03472233702012,63.9432101123268,10.2712153818644));
#15052=CARTESIAN_POINT('Origin',(-7.14805047837601,65.0141249667311,10.2712153818644));
#15053=CARTESIAN_POINT('Origin',(-95.3653861025162,99.2246643107975,70.3930202460233));
#15054=CARTESIAN_POINT('',(-46.6904417524363,128.8915305216,70.3930202460233));
#15055=CARTESIAN_POINT('Origin',(-45.8728556710102,127.458333745348,70.3930202460233));
#15056=CARTESIAN_POINT('',(-96.1829721839423,100.657861087049,70.3930202460233));
#15057=CARTESIAN_POINT('Origin',(-95.3653861025162,99.2246643107975,70.3930202460233));
#15058=CARTESIAN_POINT('',(-96.1829721839423,100.657861087049,70.3930202460233));
#15059=CARTESIAN_POINT('Origin',(-95.3653861025162,99.2246643107975,70.3930202460233));
#15060=CARTESIAN_POINT('',(-92.7085557566653,102.639887951112,70.3930202460233));
#15061=CARTESIAN_POINT('',(-96.1829721839423,100.657861087049,70.3930202460233));
#15062=CARTESIAN_POINT('Origin',(-91.8909696752392,101.206691174861,70.3930202460233));
#15063=CARTESIAN_POINT('Origin',(-89.4453182055066,96.9195587469915,77.9189277949178));
#15064=CARTESIAN_POINT('',(-92.9197346327835,94.9375318829283,77.9189277949178));
#15065=CARTESIAN_POINT('',(-89.4453182055066,96.9195587469915,77.9189277949178));
#15066=CARTESIAN_POINT('',(-90.3139223123258,96.4240520309757,77.9189277949178));
#15067=CARTESIAN_POINT('',(-92.8770716015893,94.8627452394643,78.0502130710485));
#15068=CARTESIAN_POINT('',(-92.9197346327835,94.9375318829283,77.9189277949178));
#15069=CARTESIAN_POINT('',(-89.4026551743124,96.8447721035275,78.0502130710485));
#15070=CARTESIAN_POINT('',(-90.2712592811316,96.3492653875117,78.0502130710485));
#15071=CARTESIAN_POINT('',(-89.4453182055066,96.9195587469915,77.9189277949178));
#15072=CARTESIAN_POINT('Origin',(-69.6278928811977,66.2166509325325,53.9890634002359));
#15073=CARTESIAN_POINT('',(-69.6278928811962,66.2166509325298,53.9890634002339));
#15074=CARTESIAN_POINT('',(-71.3651010948347,65.2256375004982,53.9890634002339));
#15075=CARTESIAN_POINT('',(-72.233705201659,64.7301307844834,53.989063400236));
#15076=CARTESIAN_POINT('',(-71.3224380636405,65.1508508570343,54.1203486763646));
#15077=CARTESIAN_POINT('',(-71.3651010948347,65.2256375004982,53.9890634002339));
#15078=CARTESIAN_POINT('',(-69.585229850002,66.1418642890659,54.1203486763646));
#15079=CARTESIAN_POINT('',(-72.1910421704647,64.6553441410194,54.1203486763667));
#15080=CARTESIAN_POINT('',(-69.6278928811962,66.2166509325298,53.9890634002339));
#15081=CARTESIAN_POINT('Origin',(-61.4985985778619,51.9663124624588,43.2296289801437));
#15082=CARTESIAN_POINT('',(-61.4693883476855,51.9151080588205,43.3206087708438));
#15083=CARTESIAN_POINT('',(-55.1549687721757,40.8461747866975,35.0635687121467));
#15084=CARTESIAN_POINT('',(-61.4559355466677,51.8915258189949,43.3609142562744));
#15085=CARTESIAN_POINT('',(-50.5390845434698,32.7547082776376,28.9120410749177));
#15086=CARTESIAN_POINT('',(-61.4985985778619,51.9663124624588,43.2296289801437));
#15087=CARTESIAN_POINT('',(-61.4985985778619,51.9663124624588,43.2296289801437));
#15088=CARTESIAN_POINT('',(-62.9820547689577,54.5667537848952,38.6091746748019));
#15089=CARTESIAN_POINT('Origin',(-63.2358067915004,50.9752990304272,43.2296289801437));
#15090=CARTESIAN_POINT('',(-63.2358067915004,50.9752990304272,43.2296289801437));
#15091=CARTESIAN_POINT('',(-64.1044108983196,50.4797923144115,43.2296289801437));
#15092=CARTESIAN_POINT('',(-63.1931437603061,50.9005123869633,43.3609142562744));
#15093=CARTESIAN_POINT('',(-64.0617478671253,50.4050056709475,43.3609142562744));
#15094=CARTESIAN_POINT('',(-63.2358067915004,50.9752990304272,43.2296289801437));
#15095=CARTESIAN_POINT('Origin',(-52.3747762716793,23.8637881677219,24.2561122695088));
#15096=CARTESIAN_POINT('',(-48.9003598444023,25.8458150317849,24.2561122695087));
#15097=CARTESIAN_POINT('',(-52.3747762716793,23.8637881677217,24.2561122695087));
#15098=CARTESIAN_POINT('',(-47.1631516307639,26.8368284638166,24.2561122695088));
#15099=CARTESIAN_POINT('',(-48.8576968132081,25.771028388321,24.3873975456394));
#15100=CARTESIAN_POINT('',(-48.9003598444023,25.8458150317849,24.2561122695087));
#15101=CARTESIAN_POINT('',(-52.332113240485,23.7890015242578,24.3873975456394));
#15102=CARTESIAN_POINT('',(-47.1204885995696,26.7620418203527,24.3873975456395));
#15103=CARTESIAN_POINT('',(-52.3747762716793,23.8637881677217,24.2561122695087));
#15104=CARTESIAN_POINT('Origin',(-97.1855729020649,102.415381365006,83.7526806483793));
#15105=CARTESIAN_POINT('',(-75.6134920572501,64.600358058953,55.2011999793288));
#15106=CARTESIAN_POINT('',(-72.1390756299731,66.5823849230162,55.2011999793288));
#15107=CARTESIAN_POINT('',(-72.1390756299731,66.5823849230162,55.2011999793288));
#15108=CARTESIAN_POINT('Origin',(-59.1312729290898,35.7076654647355,10.9868870587199));
#15109=CARTESIAN_POINT('',(-98.5297015691747,104.771586927127,64.0511942380097));
#15110=CARTESIAN_POINT('Origin',(-95.3653861025162,99.2246643107975,70.3930202460233));
#15111=CARTESIAN_POINT('',(-65.8207405868391,47.4340435180458,-2.41994308153753));
#15112=CARTESIAN_POINT('',(-65.8207405868391,47.4340435180458,-2.41994308153752));
#15113=CARTESIAN_POINT('Origin',(-59.1312729290898,35.7076654647354,10.9868870587199));
#15114=CARTESIAN_POINT('Origin',(-16.2343686905189,75.5032124945943,78.4972323834124));
#15115=CARTESIAN_POINT('',(-29.4586479130329,98.6848624523596,48.7024418273332));
#15116=CARTESIAN_POINT('',(-33.0753390354488,105.024782095199,57.4055599471672));
#15117=CARTESIAN_POINT('Origin',(-16.2343686905189,75.5032124945943,78.4972323834124));
#15118=CARTESIAN_POINT('',(-75.4767619172619,72.4332198818724,48.7024418273332));
#15119=CARTESIAN_POINT('',(-29.4586479130329,98.6848624523596,48.7024418273332));
#15120=CARTESIAN_POINT('',(-79.0934530396778,78.7731395247114,57.4055599471672));
#15121=CARTESIAN_POINT('Origin',(-62.2524826947479,49.2515699241071,78.4972323834124));
#15122=CARTESIAN_POINT('',(-33.0753390354488,105.024782095199,57.4055599471672));
#15123=CARTESIAN_POINT('Origin',(-65.8207405868391,47.4340435180458,-2.41994308153753));
#15124=CARTESIAN_POINT('',(-95.0552851418978,106.75361379119,64.0511942380097));
#15125=CARTESIAN_POINT('',(-98.5297015691747,104.771586927127,64.0511942380097));
#15126=CARTESIAN_POINT('',(-62.3463241595621,49.416070382109,-2.41994308153753));
#15127=CARTESIAN_POINT('',(-62.3463241595621,49.416070382109,-2.41994308153753));
#15128=CARTESIAN_POINT('',(-60.6091159459237,50.4070838141405,-2.41994308153754));
#15129=CARTESIAN_POINT('Origin',(-95.3653861025162,99.2246643107975,70.3930202460233));
#15130=CARTESIAN_POINT('Origin',(-91.8909696752392,101.206691174861,70.3930202460233));
#15131=CARTESIAN_POINT('Origin',(-55.6568565018129,37.6896923287986,10.9868870587199));
#15132=CARTESIAN_POINT('Origin',(-55.6568565018129,37.6896923287986,10.9868870587199));
#15133=CARTESIAN_POINT('',(-77.5807866184056,76.1214937986367,62.116994043209));
#15134=CARTESIAN_POINT('',(-56.8921769858141,39.8551613546659,35.0635687121467));
#15135=CARTESIAN_POINT('',(-80.876669374796,81.8990487848019,51.8514561978232));
#15136=CARTESIAN_POINT('',(-66.6194292853311,56.9066583825246,32.690812119146));
#15137=CARTESIAN_POINT('',(-66.7997659666782,57.2227816094461,33.0168114108654));
#15138=CARTESIAN_POINT('',(-68.9142976782157,60.9294739090163,25.5430887082754));
#15139=CARTESIAN_POINT('',(-57.2753069789362,40.5267734130196,10.9076486000985));
#15140=CARTESIAN_POINT('Origin',(-55.6649101518849,37.7038100658571,10.9076486000985));
#15141=CARTESIAN_POINT('Origin',(-23.52478569937,88.2830315154751,23.5852102404368));
#15142=CARTESIAN_POINT('',(-20.6013152811022,83.1583009530119,32.690812119146));
#15143=CARTESIAN_POINT('',(-20.6013152811022,83.1583009530119,32.6908121191461));
#15144=CARTESIAN_POINT('',(-17.1886044859762,77.1759509338886,43.3202290044392));
#15145=CARTESIAN_POINT('',(-18.6260084229411,79.6956644361494,38.8432115846265));
#15146=CARTESIAN_POINT('',(-17.188482557095,77.1757371972761,43.3206087708438));
#15147=CARTESIAN_POINT('',(-18.7011489783672,79.8273829233508,38.6091746748019));
#15148=CARTESIAN_POINT('',(-17.188482557095,77.1757371972761,43.3206087708437));
#15149=CARTESIAN_POINT('Origin',(-32.3891534792695,103.821925357091,53.9999926740981));
#15150=CARTESIAN_POINT('',(-32.3891534792695,103.821925357091,53.9999926740981));
#15151=CARTESIAN_POINT('Origin',(-53.9196482881744,38.6807057608302,10.9868870587199));
#15152=CARTESIAN_POINT('Origin',(-4.39052733443902,54.7414167209148,20.5605031898029));
#15153=CARTESIAN_POINT('',(-17.7403606497139,78.143158146818,6.77405122818402));
#15154=CARTESIAN_POINT('',(-9.31705391329505,63.3774272540437,3.25589133049797));
#15155=CARTESIAN_POINT('',(-19.0221960019609,80.3901659375103,8.93205095373109));
#15156=CARTESIAN_POINT('Origin',(-17.3817294519881,77.5144915291728,10.2712153818675));
#15157=CARTESIAN_POINT('',(-19.0221960019609,80.3901659375102,11.6103798100041));
#15158=CARTESIAN_POINT('Origin',(-9.48893854625388,63.6787343670685,10.2712153818675));
#15159=CARTESIAN_POINT('',(-17.7403606497139,78.143158146818,13.7683795355511));
#15160=CARTESIAN_POINT('Origin',(-17.3817294519881,77.5144915291728,10.2712153818675));
#15161=CARTESIAN_POINT('',(-12.3395488184563,68.6757439117327,16.0241349288013));
#15162=CARTESIAN_POINT('',(-11.0056400797257,66.3374534887497,16.5812681757107));
#15163=CARTESIAN_POINT('',(-11.2218068713916,66.7163855131402,26.9237083486812));
#15164=CARTESIAN_POINT('',(-11.9532589795298,67.9985927659076,19.7910101648878));
#15165=CARTESIAN_POINT('',(-10.1525035141764,64.841938088934,29.5106265696019));
#15166=CARTESIAN_POINT('Origin',(-9.48893854625382,63.6787343670685,26.1999417757246));
#15167=CARTESIAN_POINT('',(-8.82537357833119,62.5155306452028,29.5106265696019));
#15168=CARTESIAN_POINT('Origin',(-9.48893854625388,63.6787343670685,10.2712153818675));
#15169=CARTESIAN_POINT('',(-7.75607022111604,60.6410832209966,26.9237083486812));
#15170=CARTESIAN_POINT('Origin',(-9.48893854625382,63.6787343670685,26.1999417757246));
#15171=CARTESIAN_POINT('',(-6.63832827405142,58.6817248224043,16.0241349288012));
#15172=CARTESIAN_POINT('',(-7.37408475769942,59.9714774789458,23.1988068946647));
#15173=CARTESIAN_POINT('',(-1.23751644279382,49.214310587319,13.7683795355509));
#15174=CARTESIAN_POINT('',(-5.78363604539956,57.1834824053432,15.6671558922067));
#15175=CARTESIAN_POINT('',(0.0443189094531604,46.9673027966268,11.6103798100038));
#15176=CARTESIAN_POINT('Origin',(-1.59614764051964,49.8429772049643,10.2712153818674));
#15177=CARTESIAN_POINT('',(-4.29242516938287,54.5694474201942,26.4565619725167));
#15178=CARTESIAN_POINT('Origin',(-9.48893854625387,63.6787343670685,10.2712153818675));
#15179=CARTESIAN_POINT('',(-3.66034456114151,53.4614345630249,25.6300228361539));
#15180=CARTESIAN_POINT('',(-31.5627945430578,102.373350105736,62.1166142768044));
#15181=CARTESIAN_POINT('',(-33.0001984800228,104.893063607997,57.6395968569917));
#15182=CARTESIAN_POINT('',(-43.6538935525704,123.568578981879,77.9275194093093));
#15183=CARTESIAN_POINT('',(-3.66034456114151,53.4614345630249,25.6300228361539));
#15184=CARTESIAN_POINT('',(-49.2512171919734,133.380470815504,64.0489268076654));
#15185=CARTESIAN_POINT('Origin',(-46.0789020654757,127.819525104906,70.3744544174361));
#15186=CARTESIAN_POINT('',(-16.286843750614,75.595199245189,-3.28366026702696));
#15187=CARTESIAN_POINT('',(-34.1863894810537,106.972410550561,33.2777117741025));
#15188=CARTESIAN_POINT('Origin',(-9.48893854625387,63.6787343670685,10.2712153818675));
#15189=CARTESIAN_POINT('Origin',(-18.7011489783672,79.8273829233508,38.6091746748019));
#15190=CARTESIAN_POINT('',(-3.66034456114151,53.4614345630249,25.6300228361539));
#15191=CARTESIAN_POINT('',(-31.5626726141767,102.373136369124,62.116994043209));
#15192=CARTESIAN_POINT('',(-33.0753390354488,105.024782095199,57.4055599471672));
#15193=CARTESIAN_POINT('',(-10.108312290557,64.7644725832596,34.0622361185197));
#15194=CARTESIAN_POINT('Origin',(-33.0753390354488,105.024782095199,57.4055599471672));
#15195=CARTESIAN_POINT('',(-31.5626726141767,102.373136369124,62.116994043209));
#15196=CARTESIAN_POINT('Origin',(-17.188482557095,77.1757371972761,43.3206087708438));
#15197=CARTESIAN_POINT('Origin',(-39.4775108536495,131.585376146626,70.3744544174361));
#15198=CARTESIAN_POINT('',(-42.6498259801473,137.146321857224,64.0489268076654));
#15199=CARTESIAN_POINT('',(-37.0525023407444,127.334430023599,77.9275194093093));
#15200=CARTESIAN_POINT('Origin',(-45.4540313359979,142.061985378481,69.7767590576555));
#15201=CARTESIAN_POINT('',(-13.1598689660647,77.3790234228459,-3.28366026702695));
#15202=CARTESIAN_POINT('Origin',(-6.01452211897691,65.6607612311317,10.2712153818681));
#15203=CARTESIAN_POINT('',(-14.3184988859521,77.5836436700003,14.2198694819957));
#15204=CARTESIAN_POINT('',(-13.184970526553,78.2302799344009,14.2198694819957));
#15205=CARTESIAN_POINT('',(-14.3184988859519,77.58364367,6.32256128173932));
#15206=CARTESIAN_POINT('',(-13.1849705265528,78.2302799344007,6.32256128173932));
#15207=CARTESIAN_POINT('Origin',(-7.14805047837602,65.0141249667311,10.2712153818681));
#15208=CARTESIAN_POINT('Origin',(-6.01452211897691,65.6607612311317,10.2712153818681));
#15209=CARTESIAN_POINT('',(-5.19146585255787,61.5843077989839,-4.19972552734159));
#15210=CARTESIAN_POINT('',(-4.05793749315876,62.2309440633845,-4.19972552734159));
#15211=CARTESIAN_POINT('Origin',(-7.14805047837602,65.0141249667311,10.2712153818681));
#15212=CARTESIAN_POINT('Origin',(-6.01452211897691,65.6607612311317,10.2712153818681));
#15213=CARTESIAN_POINT('',(-5.19146585255793,61.584307798984,24.7421562910778));
#15214=CARTESIAN_POINT('',(-4.05793749315883,62.2309440633846,24.7421562910778));
#15215=CARTESIAN_POINT('',(-9.10463510419402,68.443942134478,24.7421562910779));
#15216=CARTESIAN_POINT('',(-7.97110674479491,69.0905783988787,24.7421562910779));
#15217=CARTESIAN_POINT('Origin',(-7.14805047837602,65.0141249667311,10.2712153818681));
#15218=CARTESIAN_POINT('Origin',(-7.14805047837602,65.0141249667311,10.2712153818681));
#15219=CARTESIAN_POINT('',(-4.29744020617357,60.0171154220669,16.0241349288012));
#15220=CARTESIAN_POINT('',(-4.63198897961951,60.6035664814653,19.2864612003356));
#15221=CARTESIAN_POINT('',(-9.99866075057843,70.0111345113953,16.0241349288013));
#15222=CARTESIAN_POINT('',(-10.2229829506648,70.404362651293,13.8366744903956));
#15223=CARTESIAN_POINT('',(-11.6151653279525,72.8448045086238,15.3489699660968));
#15224=CARTESIAN_POINT('',(-8.91475941232381,68.1110973910814,4.06558310101309));
#15225=CARTESIAN_POINT('',(-4.29744020617361,60.0171154220669,4.5182958349336));
#15226=CARTESIAN_POINT('',(-4.07311800608717,59.623887282169,6.70575627333987));
#15227=CARTESIAN_POINT('',(-2.68093562879945,57.1834454248382,5.19346079763816));
#15228=CARTESIAN_POINT('',(-5.3813415444283,61.9171525423809,16.4768476627218));
#15229=CARTESIAN_POINT('Origin',(-1.77414527586373,61.4565624320928,4.5182958349336));
#15230=CARTESIAN_POINT('',(-4.62909543656687,62.4249073986537,-6.38127758494633));
#15231=CARTESIAN_POINT('',(-1.77414527586373,61.4565624320928,4.5182958349336));
#15232=CARTESIAN_POINT('Origin',(3.62666655539389,51.9891481970075,6.77405122818382));
#15233=CARTESIAN_POINT('',(3.62666655539389,51.9891481970075,6.77405122818382));
#15234=CARTESIAN_POINT('Origin',(-4.62475554806618,66.453571976757,-5.65751101198966));
#15235=CARTESIAN_POINT('',(-7.43560700742052,63.3083413908283,-8.96819580586697));
#15236=CARTESIAN_POINT('Origin',(-4.62475554806614,66.453571976757,10.2712153818675));
#15237=CARTESIAN_POINT('',(1.43408548036392,47.7601135422521,8.93205095373082));
#15238=CARTESIAN_POINT('Origin',(3.26803535766809,52.6178148146527,10.2712153818674));
#15239=CARTESIAN_POINT('Origin',(-1.77414527586369,61.4565624320927,16.0241349288012));
#15240=CARTESIAN_POINT('',(3.62666655539391,51.9891481970075,13.7683795355509));
#15241=CARTESIAN_POINT('',(-1.77414527586369,61.4565624320927,16.0241349288012));
#15242=CARTESIAN_POINT('Origin',(-7.47536582026854,71.4505815214211,16.0241349288013));
#15243=CARTESIAN_POINT('',(-6.35762387320388,69.4912231228287,26.9237083486812));
#15244=CARTESIAN_POINT('',(-7.47536582026854,71.4505815214211,16.0241349288013));
#15245=CARTESIAN_POINT('Origin',(-7.47536582026858,71.4505815214212,4.51829583493367));
#15246=CARTESIAN_POINT('',(-14.6133858651647,79.9269823244749,6.77405122818402));
#15247=CARTESIAN_POINT('Origin',(-4.62475554806614,66.453571976757,10.2712153818675));
#15248=CARTESIAN_POINT('Origin',(-4.62475554806614,66.453571976757,10.2712153818675));
#15249=CARTESIAN_POINT('',(0.571757828804853,57.3442850298826,26.4565619725167));
#15250=CARTESIAN_POINT('',(3.17129369400241,48.7511269742837,11.6103798100038));
#15251=CARTESIAN_POINT('Origin',(-12.5175464538004,80.2893291388612,10.2712153818675));
#15252=CARTESIAN_POINT('',(-14.1580130037732,83.1650035471987,8.93205095373109));
#15253=CARTESIAN_POINT('Origin',(-2.88754733442766,67.4445854087886,10.2712153818675));
#15254=CARTESIAN_POINT('',(-14.1580130037732,83.1650035471987,11.6103798100041));
#15255=CARTESIAN_POINT('Origin',(-12.5175464538004,80.2893291388612,10.2712153818675));
#15256=CARTESIAN_POINT('',(-12.8761776515262,80.9179957565064,13.7683795355511));
#15257=CARTESIAN_POINT('Origin',(2.30896604244333,58.3352984619142,26.4565619725167));
#15258=CARTESIAN_POINT('Origin',(3.26803535766809,52.6178148146527,10.2712153818674));
#15259=CARTESIAN_POINT('Origin',(-2.88754733442766,67.4445854087886,10.2712153818675));
#15260=CARTESIAN_POINT('',(-3.96119058014348,65.2903682548913,29.5106265696019));
#15261=CARTESIAN_POINT('',(-5.28832051598871,67.6167756986224,29.5106265696019));
#15262=CARTESIAN_POINT('Origin',(-12.8761776515262,80.9179957565064,13.7683795355511));
#15263=CARTESIAN_POINT('Origin',(-4.6247555480661,66.4535719767569,26.1999417757246));
#15264=CARTESIAN_POINT('Origin',(-2.89188722292832,63.4159208306851,26.9237083486812));
#15265=CARTESIAN_POINT('',(-2.89188722292832,63.4159208306851,26.9237083486812));
#15266=CARTESIAN_POINT('Origin',(-4.6247555480661,66.4535719767569,26.1999417757246));
#15267=CARTESIAN_POINT('Origin',(-57.4021183655233,36.7127966338255,10.9076486000985));
#15268=CARTESIAN_POINT('',(-52.93228644484,43.0043069930986,10.9076486000985));
#15269=CARTESIAN_POINT('Origin',(-51.3218896177887,40.1813436459361,10.9076486000985));
#15270=CARTESIAN_POINT('',(-59.0125151925747,39.535759980988,10.9076486000985));
#15271=CARTESIAN_POINT('Origin',(-51.3218896177887,40.1813436459361,10.9076486000985));
#15272=CARTESIAN_POINT('',(80.9671482403457,40.7704988213122,0.));
#15273=CARTESIAN_POINT('',(-75.7918618243927,49.7343578374638,0.));
#15274=CARTESIAN_POINT('',(-5.175286415953,-90.504856658776,0.));
#15275=CARTESIAN_POINT('',(-41.3902828861589,-128.584382006463,63.4911974380549));
#15276=CARTESIAN_POINT('',(6.56057416527363,-1.65857971693328,231.134566669358));
#15277=CARTESIAN_POINT('',(131.762947968767,28.9860497765102,63.5628932271011));
#15278=CARTESIAN_POINT('',(-49.3506311204072,133.449013447003,68.9719012715619));
#15279=CARTESIAN_POINT('Origin',(0.,0.,0.));
#15280=UNCERTAINTY_MEASURE_WITH_UNIT(LENGTH_MEASURE(0.01),#15300,
'DISTANCE_ACCURACY_VALUE',
'Maximum model space distance between geometric entities at asserted c
onnectivities');
#15281=UNCERTAINTY_MEASURE_WITH_UNIT(LENGTH_MEASURE(0.01),#15300,
'DISTANCE_ACCURACY_VALUE',
'Maximum model space distance between geometric entities at asserted c
onnectivities');
#15282=UNCERTAINTY_MEASURE_WITH_UNIT(LENGTH_MEASURE(0.01),#15300,
'DISTANCE_ACCURACY_VALUE',
'Maximum model space distance between geometric entities at asserted c
onnectivities');
#15283=UNCERTAINTY_MEASURE_WITH_UNIT(LENGTH_MEASURE(0.01),#15300,
'DISTANCE_ACCURACY_VALUE',
'Maximum model space distance between geometric entities at asserted c
onnectivities');
#15284=UNCERTAINTY_MEASURE_WITH_UNIT(LENGTH_MEASURE(0.01),#15300,
'DISTANCE_ACCURACY_VALUE',
'Maximum model space distance between geometric entities at asserted c
onnectivities');
#15285=UNCERTAINTY_MEASURE_WITH_UNIT(LENGTH_MEASURE(0.01),#15300,
'DISTANCE_ACCURACY_VALUE',
'Maximum model space distance between geometric entities at asserted c
onnectivities');
#15286=UNCERTAINTY_MEASURE_WITH_UNIT(LENGTH_MEASURE(0.01),#15300,
'DISTANCE_ACCURACY_VALUE',
'Maximum model space distance between geometric entities at asserted c
onnectivities');
#15287=UNCERTAINTY_MEASURE_WITH_UNIT(LENGTH_MEASURE(0.01),#15300,
'DISTANCE_ACCURACY_VALUE',
'Maximum model space distance between geometric entities at asserted c
onnectivities');
#15288=UNCERTAINTY_MEASURE_WITH_UNIT(LENGTH_MEASURE(0.01),#15300,
'DISTANCE_ACCURACY_VALUE',
'Maximum model space distance between geometric entities at asserted c
onnectivities');
#15289=UNCERTAINTY_MEASURE_WITH_UNIT(LENGTH_MEASURE(0.01),#15300,
'DISTANCE_ACCURACY_VALUE',
'Maximum model space distance between geometric entities at asserted c
onnectivities');
#15290=(
GEOMETRIC_REPRESENTATION_CONTEXT(3)
GLOBAL_UNCERTAINTY_ASSIGNED_CONTEXT((#15280))
GLOBAL_UNIT_ASSIGNED_CONTEXT((#15300,#15302,#15303))
REPRESENTATION_CONTEXT('','3D')
);
#15291=(
GEOMETRIC_REPRESENTATION_CONTEXT(3)
GLOBAL_UNCERTAINTY_ASSIGNED_CONTEXT((#15281))
GLOBAL_UNIT_ASSIGNED_CONTEXT((#15300,#15302,#15303))
REPRESENTATION_CONTEXT('','3D')
);
#15292=(
GEOMETRIC_REPRESENTATION_CONTEXT(3)
GLOBAL_UNCERTAINTY_ASSIGNED_CONTEXT((#15282))
GLOBAL_UNIT_ASSIGNED_CONTEXT((#15300,#15302,#15303))
REPRESENTATION_CONTEXT('','3D')
);
#15293=(
GEOMETRIC_REPRESENTATION_CONTEXT(3)
GLOBAL_UNCERTAINTY_ASSIGNED_CONTEXT((#15283))
GLOBAL_UNIT_ASSIGNED_CONTEXT((#15300,#15302,#15303))
REPRESENTATION_CONTEXT('','3D')
);
#15294=(
GEOMETRIC_REPRESENTATION_CONTEXT(3)
GLOBAL_UNCERTAINTY_ASSIGNED_CONTEXT((#15284))
GLOBAL_UNIT_ASSIGNED_CONTEXT((#15300,#15302,#15303))
REPRESENTATION_CONTEXT('','3D')
);
#15295=(
GEOMETRIC_REPRESENTATION_CONTEXT(3)
GLOBAL_UNCERTAINTY_ASSIGNED_CONTEXT((#15285))
GLOBAL_UNIT_ASSIGNED_CONTEXT((#15300,#15302,#15303))
REPRESENTATION_CONTEXT('','3D')
);
#15296=(
GEOMETRIC_REPRESENTATION_CONTEXT(3)
GLOBAL_UNCERTAINTY_ASSIGNED_CONTEXT((#15286))
GLOBAL_UNIT_ASSIGNED_CONTEXT((#15300,#15302,#15303))
REPRESENTATION_CONTEXT('','3D')
);
#15297=(
GEOMETRIC_REPRESENTATION_CONTEXT(3)
GLOBAL_UNCERTAINTY_ASSIGNED_CONTEXT((#15287))
GLOBAL_UNIT_ASSIGNED_CONTEXT((#15300,#15302,#15303))
REPRESENTATION_CONTEXT('','3D')
);
#15298=(
GEOMETRIC_REPRESENTATION_CONTEXT(3)
GLOBAL_UNCERTAINTY_ASSIGNED_CONTEXT((#15288))
GLOBAL_UNIT_ASSIGNED_CONTEXT((#15300,#15302,#15303))
REPRESENTATION_CONTEXT('','3D')
);
#15299=(
GEOMETRIC_REPRESENTATION_CONTEXT(3)
GLOBAL_UNCERTAINTY_ASSIGNED_CONTEXT((#15289))
GLOBAL_UNIT_ASSIGNED_CONTEXT((#15300,#15302,#15303))
REPRESENTATION_CONTEXT('','3D')
);
#15300=(
LENGTH_UNIT()
NAMED_UNIT(*)
SI_UNIT(.MILLI.,.METRE.)
);
#15301=(
LENGTH_UNIT()
NAMED_UNIT(*)
SI_UNIT($,.METRE.)
);
#15302=(
NAMED_UNIT(*)
PLANE_ANGLE_UNIT()
SI_UNIT($,.RADIAN.)
);
#15303=(
NAMED_UNIT(*)
SI_UNIT($,.STERADIAN.)
SOLID_ANGLE_UNIT()
);
#15304=SHAPE_DEFINITION_REPRESENTATION(#15313,#15338);
#15305=SHAPE_DEFINITION_REPRESENTATION(#15314,#15339);
#15306=SHAPE_DEFINITION_REPRESENTATION(#15315,#15340);
#15307=SHAPE_DEFINITION_REPRESENTATION(#15316,#15341);
#15308=SHAPE_DEFINITION_REPRESENTATION(#15317,#15342);
#15309=SHAPE_DEFINITION_REPRESENTATION(#15318,#15343);
#15310=SHAPE_DEFINITION_REPRESENTATION(#15319,#15344);
#15311=SHAPE_DEFINITION_REPRESENTATION(#15329,#15345);
#15312=SHAPE_DEFINITION_REPRESENTATION(#15330,#15346);
#15313=PRODUCT_DEFINITION_SHAPE('',$,#15348);
#15314=PRODUCT_DEFINITION_SHAPE('',$,#15349);
#15315=PRODUCT_DEFINITION_SHAPE('',$,#15350);
#15316=PRODUCT_DEFINITION_SHAPE('',$,#15351);
#15317=PRODUCT_DEFINITION_SHAPE('',$,#15352);
#15318=PRODUCT_DEFINITION_SHAPE('',$,#15353);
#15319=PRODUCT_DEFINITION_SHAPE('',$,#15354);
#15320=PRODUCT_DEFINITION_SHAPE($,$,#97);
#15321=PRODUCT_DEFINITION_SHAPE($,$,#98);
#15322=PRODUCT_DEFINITION_SHAPE($,$,#99);
#15323=PRODUCT_DEFINITION_SHAPE($,$,#100);
#15324=PRODUCT_DEFINITION_SHAPE($,$,#101);
#15325=PRODUCT_DEFINITION_SHAPE($,$,#102);
#15326=PRODUCT_DEFINITION_SHAPE($,$,#103);
#15327=PRODUCT_DEFINITION_SHAPE($,$,#104);
#15328=PRODUCT_DEFINITION_SHAPE($,$,#105);
#15329=PRODUCT_DEFINITION_SHAPE('',$,#15355);
#15330=PRODUCT_DEFINITION_SHAPE('',$,#15356);
#15331=PRODUCT_DEFINITION_SHAPE($,$,#106);
#15332=PRODUCT_DEFINITION_SHAPE($,$,#107);
#15333=PRODUCT_DEFINITION_SHAPE($,$,#108);
#15334=PRODUCT_DEFINITION_SHAPE($,$,#109);
#15335=PRODUCT_DEFINITION_SHAPE($,$,#110);
#15336=PRODUCT_DEFINITION_SHAPE($,$,#111);
#15337=PRODUCT_DEFINITION_SHAPE($,$,#112);
#15338=SHAPE_REPRESENTATION('',(#8886,#9776,#9777,#9778,#9779,#9780,#9781,
#9782),#15290);
#15339=SHAPE_REPRESENTATION('',(#8887,#9040,#9041,#9042),#15291);
#15340=SHAPE_REPRESENTATION('',(#8888,#9043,#9044,#9045),#15292);
#15341=SHAPE_REPRESENTATION('',(#8889,#9046,#9047,#9048),#15293);
#15342=SHAPE_REPRESENTATION('',(#8890),#15294);
#15343=SHAPE_REPRESENTATION('',(#8891),#15295);
#15344=SHAPE_REPRESENTATION('',(#8892),#15296);
#15345=SHAPE_REPRESENTATION('',(#9049),#15297);
#15346=SHAPE_REPRESENTATION('',(#9088),#15298);
#15347=PRODUCT_DEFINITION_CONTEXT('part definition',#15376,'design');
#15348=PRODUCT_DEFINITION('DELTA Copy','DELTA Copy v5',#15357,#15347);
#15349=PRODUCT_DEFINITION('mg992','mg992 v2',#15358,#15347);
#15350=PRODUCT_DEFINITION('mg992_1','mg992 v2',#15359,#15347);
#15351=PRODUCT_DEFINITION('mg992_2','mg992 v2',#15360,#15347);
#15352=PRODUCT_DEFINITION('Connector','Connector',#15361,#15347);
#15353=PRODUCT_DEFINITION('Servo Body','Servo Body',#15362,#15347);
#15354=PRODUCT_DEFINITION('Rubber Feet','Rubber Feet',#15363,#15347);
#15355=PRODUCT_DEFINITION('forefactor','forefactor v7',#15364,#15347);
#15356=PRODUCT_DEFINITION('h2','h2 v1',#15365,#15347);
#15357=PRODUCT_DEFINITION_FORMATION('',$,#15378);
#15358=PRODUCT_DEFINITION_FORMATION('',$,#15379);
#15359=PRODUCT_DEFINITION_FORMATION('',$,#15380);
#15360=PRODUCT_DEFINITION_FORMATION('',$,#15381);
#15361=PRODUCT_DEFINITION_FORMATION('',$,#15382);
#15362=PRODUCT_DEFINITION_FORMATION('',$,#15383);
#15363=PRODUCT_DEFINITION_FORMATION('',$,#15384);
#15364=PRODUCT_DEFINITION_FORMATION('',$,#15385);
#15365=PRODUCT_DEFINITION_FORMATION('',$,#15386);
#15366=PRODUCT_RELATED_PRODUCT_CATEGORY('DELTA Copy v5','DELTA Copy v5',
(#15378));
#15367=PRODUCT_RELATED_PRODUCT_CATEGORY('mg992 v2','mg992 v2',(#15379));
#15368=PRODUCT_RELATED_PRODUCT_CATEGORY('mg992 v2','mg992 v2',(#15380));
#15369=PRODUCT_RELATED_PRODUCT_CATEGORY('mg992 v2','mg992 v2',(#15381));
#15370=PRODUCT_RELATED_PRODUCT_CATEGORY('Connector','Connector',(#15382));
#15371=PRODUCT_RELATED_PRODUCT_CATEGORY('Servo Body','Servo Body',(#15383));
#15372=PRODUCT_RELATED_PRODUCT_CATEGORY('Rubber Feet','Rubber Feet',(#15384));
#15373=PRODUCT_RELATED_PRODUCT_CATEGORY('forefactor v7','forefactor v7',
(#15385));
#15374=PRODUCT_RELATED_PRODUCT_CATEGORY('h2 v1','h2 v1',(#15386));
#15375=APPLICATION_PROTOCOL_DEFINITION('international standard',
'automotive_design',2009,#15376);
#15376=APPLICATION_CONTEXT(
'Core Data for Automotive Mechanical Design Process');
#15377=PRODUCT_CONTEXT('part definition',#15376,'mechanical');
#15378=PRODUCT('DELTA Copy','DELTA Copy v5',$,(#15377));
#15379=PRODUCT('mg992','mg992 v2',$,(#15377));
#15380=PRODUCT('mg992_1','mg992 v2',$,(#15377));
#15381=PRODUCT('mg992_2','mg992 v2',$,(#15377));
#15382=PRODUCT('Connector','Connector',$,(#15377));
#15383=PRODUCT('Servo Body','Servo Body',$,(#15377));
#15384=PRODUCT('Rubber Feet','Rubber Feet',$,(#15377));
#15385=PRODUCT('forefactor','forefactor v7',$,(#15377));
#15386=PRODUCT('h2','h2 v1',$,(#15377));
#15387=PRESENTATION_STYLE_ASSIGNMENT((#15395));
#15388=PRESENTATION_STYLE_ASSIGNMENT((#15396));
#15389=PRESENTATION_STYLE_ASSIGNMENT((#15397));
#15390=PRESENTATION_STYLE_ASSIGNMENT((#15398));
#15391=PRESENTATION_STYLE_ASSIGNMENT((#15399));
#15392=PRESENTATION_STYLE_ASSIGNMENT((#15400));
#15393=PRESENTATION_STYLE_ASSIGNMENT((#15401));
#15394=PRESENTATION_STYLE_ASSIGNMENT((NULL_STYLE(.NULL.)));
#15395=SURFACE_STYLE_USAGE(.BOTH.,#15402);
#15396=SURFACE_STYLE_USAGE(.BOTH.,#15403);
#15397=SURFACE_STYLE_USAGE(.BOTH.,#15404);
#15398=SURFACE_STYLE_USAGE(.BOTH.,#15405);
#15399=SURFACE_STYLE_USAGE(.BOTH.,#15406);
#15400=SURFACE_STYLE_USAGE(.BOTH.,#15407);
#15401=SURFACE_STYLE_USAGE(.BOTH.,#15408);
#15402=SURFACE_SIDE_STYLE('',(#15409));
#15403=SURFACE_SIDE_STYLE('',(#15410));
#15404=SURFACE_SIDE_STYLE('',(#15411));
#15405=SURFACE_SIDE_STYLE('',(#15412));
#15406=SURFACE_SIDE_STYLE('',(#15413));
#15407=SURFACE_SIDE_STYLE('',(#15414));
#15408=SURFACE_SIDE_STYLE('',(#15415));
#15409=SURFACE_STYLE_FILL_AREA(#15416);
#15410=SURFACE_STYLE_FILL_AREA(#15417);
#15411=SURFACE_STYLE_FILL_AREA(#15418);
#15412=SURFACE_STYLE_FILL_AREA(#15419);
#15413=SURFACE_STYLE_FILL_AREA(#15420);
#15414=SURFACE_STYLE_FILL_AREA(#15421);
#15415=SURFACE_STYLE_FILL_AREA(#15422);
#15416=FILL_AREA_STYLE('Steel - Satin',(#15423));
#15417=FILL_AREA_STYLE('Paint - Metallic (Dark Grey)',(#15424));
#15418=FILL_AREA_STYLE('ABS (White)',(#15425));
#15419=FILL_AREA_STYLE('Powder Coat (Red)',(#15426));
#15420=FILL_AREA_STYLE('Paint - Metallic (Silver)',(#15427));
#15421=FILL_AREA_STYLE('Paint - Metallic (Red)',(#15428));
#15422=FILL_AREA_STYLE('Paint - Metallic (Yellow)',(#15429));
#15423=FILL_AREA_STYLE_COLOUR('Steel - Satin',#15430);
#15424=FILL_AREA_STYLE_COLOUR('Paint - Metallic (Dark Grey)',#15431);
#15425=FILL_AREA_STYLE_COLOUR('ABS (White)',#15432);
#15426=FILL_AREA_STYLE_COLOUR('Powder Coat (Red)',#15433);
#15427=FILL_AREA_STYLE_COLOUR('Paint - Metallic (Silver)',#15434);
#15428=FILL_AREA_STYLE_COLOUR('Paint - Metallic (Red)',#15435);
#15429=FILL_AREA_STYLE_COLOUR('Paint - Metallic (Yellow)',#15436);
#15430=COLOUR_RGB('Steel - Satin',0.627450980392157,0.627450980392157,0.627450980392157);
#15431=COLOUR_RGB('Paint - Metallic (Dark Grey)',0.349019607843137,0.349019607843137,
0.349019607843137);
#15432=COLOUR_RGB('ABS (White)',0.964705882352941,0.964705882352941,0.952941176470588);
#15433=COLOUR_RGB('Powder Coat (Red)',0.768627450980392,0.207843137254902,
0.152941176470588);
#15434=COLOUR_RGB('Paint - Metallic (Silver)',0.984313725490196,0.980392156862745,
0.96078431372549);
#15435=COLOUR_RGB('Paint - Metallic (Red)',0.768627450980392,0.207843137254902,
0.152941176470588);
#15436=COLOUR_RGB('Paint - Metallic (Yellow)',0.909803921568627,0.67843137254902,
0.137254901960784);
ENDSEC;
END-ISO-10303-21;
